{"type":"FeatureCollection","features":[{"type":"Feature","geometry":{"type":"Point","coordinates":[13.020341,63.56908]},"properties":{"id":"SE_STA_CAMERA_VViS_2353_K1","name":"Vassnäs","photo":"https://api.trafikinfo.trafikverket.se/v2/Images/data/road.infrastructure.camera/RoadConditionCamera_VViS_2353_K1.jpg","dir":null}},{"type":"Feature","geometry":{"type":"Point","coordinates":[15.857398,63.970113]},"properties":{"id":"SE_STA_CAMERA_VViS_2351_K1","name":"Lövberga","photo":"https://api.trafikinfo.trafikverket.se/v2/Images/data/road.infrastructure.camera/RoadConditionCamera_VViS_2351_K1.jpg","dir":null}},{"type":"Feature","geometry":{"type":"Point","coordinates":[14.292991,63.076104]},"properties":{"id":"SE_STA_CAMERA_VViS_2352_K1","name":"Månsåsen","photo":"https://api.trafikinfo.trafikverket.se/v2/Images/data/road.infrastructure.camera/RoadConditionCamera_VViS_2352_K1.jpg","dir":null}},{"type":"Feature","geometry":{"type":"Point","coordinates":[16.404083,63.846097]},"properties":{"id":"SE_STA_CAMERA_VViS_2356_K1","name":"Norr Backe","photo":"https://api.trafikinfo.trafikverket.se/v2/Images/data/road.infrastructure.camera/RoadConditionCamera_VViS_2356_K1.jpg","dir":null}},{"type":"Feature","geometry":{"type":"Point","coordinates":[13.858744,63.665689]},"properties":{"id":"SE_STA_CAMERA_VViS_2354_K1","name":"Rönnöfors","photo":"https://api.trafikinfo.trafikverket.se/v2/Images/data/road.infrastructure.camera/RoadConditionCamera_VViS_2354_K1.jpg","dir":null}},{"type":"Feature","geometry":{"type":"Point","coordinates":[13.789648,63.099008]},"properties":{"id":"SE_STA_CAMERA_VViS_2355_K1","name":"Bydalen","photo":"https://api.trafikinfo.trafikverket.se/v2/Images/data/road.infrastructure.camera/RoadConditionCamera_VViS_2355_K1.jpg","dir":null}},{"type":"Feature","geometry":{"type":"Point","coordinates":[12.087441,63.317796]},"properties":{"id":"SE_STA_CAMERA_VViS_2358_K1","name":"Storlien 2","photo":"https://api.trafikinfo.trafikverket.se/v2/Images/data/road.infrastructure.camera/RoadConditionCamera_VViS_2358_K1.jpg","dir":null}},{"type":"Feature","geometry":{"type":"Point","coordinates":[16.662548,63.011573]},"properties":{"id":"SE_STA_CAMERA_VViS_2359_K1","name":"Fors 2","photo":"https://api.trafikinfo.trafikverket.se/v2/Images/data/road.infrastructure.camera/RoadConditionCamera_VViS_2359_K1.jpg","dir":null}},{"type":"Feature","geometry":{"type":"Point","coordinates":[15.014788,63.858207]},"properties":{"id":"SE_STA_CAMERA_VViS_2366_K1","name":"Flykälen","photo":"https://api.trafikinfo.trafikverket.se/v2/Images/data/road.infrastructure.camera/RoadConditionCamera_VViS_2366_K1.jpg","dir":null}},{"type":"Feature","geometry":{"type":"Point","coordinates":[20.98782,64.845297]},"properties":{"id":"SE_STA_CAMERA_VViS_2401_K1","name":"Kåge","photo":"https://api.trafikinfo.trafikverket.se/v2/Images/data/road.infrastructure.camera/RoadConditionCamera_VViS_2401_K1.jpg","dir":null}},{"type":"Feature","geometry":{"type":"Point","coordinates":[21.279807,64.435946]},"properties":{"id":"SE_STA_CAMERA_VViS_2402_K1","name":"Hökmarksberget","photo":"https://api.trafikinfo.trafikverket.se/v2/Images/data/road.infrastructure.camera/RoadConditionCamera_VViS_2402_K1.jpg","dir":null}},{"type":"Feature","geometry":{"type":"Point","coordinates":[20.037451,63.995013]},"properties":{"id":"SE_STA_CAMERA_VViS_2404_K1","name":"Långviksvallen","photo":"https://api.trafikinfo.trafikverket.se/v2/Images/data/road.infrastructure.camera/RoadConditionCamera_VViS_2404_K1.jpg","dir":null}},{"type":"Feature","geometry":{"type":"Point","coordinates":[15.095133,66.010458]},"properties":{"id":"SE_STA_CAMERA_VViS_2406_K1","name":"Umasjö","photo":"https://api.trafikinfo.trafikverket.se/v2/Images/data/road.infrastructure.camera/RoadConditionCamera_VViS_2406_K1.jpg","dir":null}},{"type":"Feature","geometry":{"type":"Point","coordinates":[20.373672,64.896349]},"properties":{"id":"SE_STA_CAMERA_VViS_2407_K1","name":"Bastunäs","photo":"https://api.trafikinfo.trafikverket.se/v2/Images/data/road.infrastructure.camera/RoadConditionCamera_VViS_2407_K1.jpg","dir":null}},{"type":"Feature","geometry":{"type":"Point","coordinates":[18.168683,64.757112]},"properties":{"id":"SE_STA_CAMERA_VViS_2405_K1","name":"Kattisavan","photo":"https://api.trafikinfo.trafikverket.se/v2/Images/data/road.infrastructure.camera/RoadConditionCamera_VViS_2405_K1.jpg","dir":null}},{"type":"Feature","geometry":{"type":"Point","coordinates":[20.679189,64.807638]},"properties":{"id":"SE_STA_CAMERA_VViS_2408_K1","name":"Varuträsk","photo":"https://api.trafikinfo.trafikverket.se/v2/Images/data/road.infrastructure.camera/RoadConditionCamera_VViS_2408_K1.jpg","dir":null}},{"type":"Feature","geometry":{"type":"Point","coordinates":[21.052579,64.274489]},"properties":{"id":"SE_STA_CAMERA_VViS_2409_K1","name":"Ånäset","photo":"https://api.trafikinfo.trafikverket.se/v2/Images/data/road.infrastructure.camera/RoadConditionCamera_VViS_2409_K1.jpg","dir":null}},{"type":"Feature","geometry":{"type":"Point","coordinates":[20.708392,63.968648]},"properties":{"id":"SE_STA_CAMERA_VViS_2410_K1","name":"Sävträsk","photo":"https://api.trafikinfo.trafikverket.se/v2/Images/data/road.infrastructure.camera/RoadConditionCamera_VViS_2410_K1.jpg","dir":null}},{"type":"Feature","geometry":{"type":"Point","coordinates":[19.896983,63.902242]},"properties":{"id":"SE_STA_CAMERA_VViS_2411_K1","name":"Brattby","photo":"https://api.trafikinfo.trafikverket.se/v2/Images/data/road.infrastructure.camera/RoadConditionCamera_VViS_2411_K1.jpg","dir":null}},{"type":"Feature","geometry":{"type":"Point","coordinates":[19.67621,64.049666]},"properties":{"id":"SE_STA_CAMERA_VViS_2412_K1","name":"Älgmyran","photo":"https://api.trafikinfo.trafikverket.se/v2/Images/data/road.infrastructure.camera/RoadConditionCamera_VViS_2412_K1.jpg","dir":null}},{"type":"Feature","geometry":{"type":"Point","coordinates":[18.060648,64.424997]},"properties":{"id":"SE_STA_CAMERA_VViS_2413_K1","name":"Åttonträsk","photo":"https://api.trafikinfo.trafikverket.se/v2/Images/data/road.infrastructure.camera/RoadConditionCamera_VViS_2413_K1.jpg","dir":null}},{"type":"Feature","geometry":{"type":"Point","coordinates":[17.403307,64.734316]},"properties":{"id":"SE_STA_CAMERA_VViS_2414_K1","name":"Risträsk","photo":"https://api.trafikinfo.trafikverket.se/v2/Images/data/road.infrastructure.camera/RoadConditionCamera_VViS_2414_K1.jpg","dir":null}},{"type":"Feature","geometry":{"type":"Point","coordinates":[19.440115,63.571751]},"properties":{"id":"SE_STA_CAMERA_VViS_2415_K1","name":"Nordmaling","photo":"https://api.trafikinfo.trafikverket.se/v2/Images/data/road.infrastructure.camera/RoadConditionCamera_VViS_2415_K1.jpg","dir":null}},{"type":"Feature","geometry":{"type":"Point","coordinates":[20.060004,63.712482]},"properties":{"id":"SE_STA_CAMERA_VViS_2416_K1","name":"Stugunäs","photo":"https://api.trafikinfo.trafikverket.se/v2/Images/data/road.infrastructure.camera/RoadConditionCamera_VViS_2416_K1.jpg","dir":null}},{"type":"Feature","geometry":{"type":"Point","coordinates":[20.688278,64.491377]},"properties":{"id":"SE_STA_CAMERA_VViS_2418_K1","name":"Burträsk","photo":"https://api.trafikinfo.trafikverket.se/v2/Images/data/road.infrastructure.camera/RoadConditionCamera_VViS_2418_K1.jpg","dir":null}},{"type":"Feature","geometry":{"type":"Point","coordinates":[20.271787,64.887971]},"properties":{"id":"SE_STA_CAMERA_VViS_2419_K1","name":"Renström","photo":"https://api.trafikinfo.trafikverket.se/v2/Images/data/road.infrastructure.camera/RoadConditionCamera_VViS_2419_K1.jpg","dir":null}},{"type":"Feature","geometry":{"type":"Point","coordinates":[19.74409,64.972501]},"properties":{"id":"SE_STA_CAMERA_VViS_2420_K1","name":"Bjurträsk","photo":"https://api.trafikinfo.trafikverket.se/v2/Images/data/road.infrastructure.camera/RoadConditionCamera_VViS_2420_K1.jpg","dir":null}},{"type":"Feature","geometry":{"type":"Point","coordinates":[16.99109,64.874581]},"properties":{"id":"SE_STA_CAMERA_VViS_2422_K1","name":"Norrheden","photo":"https://api.trafikinfo.trafikverket.se/v2/Images/data/road.infrastructure.camera/RoadConditionCamera_VViS_2422_K1.jpg","dir":null}},{"type":"Feature","geometry":{"type":"Point","coordinates":[18.377344,64.07201]},"properties":{"id":"SE_STA_CAMERA_VViS_2423_K1","name":"Fredrika","photo":"https://api.trafikinfo.trafikverket.se/v2/Images/data/road.infrastructure.camera/RoadConditionCamera_VViS_2423_K1.jpg","dir":null}},{"type":"Feature","geometry":{"type":"Point","coordinates":[16.796434,64.435959]},"properties":{"id":"SE_STA_CAMERA_VViS_2424_K1","name":"Meselefors","photo":"https://api.trafikinfo.trafikverket.se/v2/Images/data/road.infrastructure.camera/RoadConditionCamera_VViS_2424_K1.jpg","dir":null}},{"type":"Feature","geometry":{"type":"Point","coordinates":[19.239517,64.682651]},"properties":{"id":"SE_STA_CAMERA_VViS_2425_K1","name":"Mårdsele","photo":"https://api.trafikinfo.trafikverket.se/v2/Images/data/road.infrastructure.camera/RoadConditionCamera_VViS_2425_K1.jpg","dir":null}},{"type":"Feature","geometry":{"type":"Point","coordinates":[20.228745,64.266216]},"properties":{"id":"SE_STA_CAMERA_VViS_2426_K1","name":"Botsmark","photo":"https://api.trafikinfo.trafikverket.se/v2/Images/data/road.infrastructure.camera/RoadConditionCamera_VViS_2426_K1.jpg","dir":null}},{"type":"Feature","geometry":{"type":"Point","coordinates":[15.900632,65.480668]},"properties":{"id":"SE_STA_CAMERA_VViS_2427_K1","name":"Forsmark 2","photo":"https://api.trafikinfo.trafikverket.se/v2/Images/data/road.infrastructure.camera/RoadConditionCamera_VViS_2427_K1.jpg","dir":null}},{"type":"Feature","geometry":{"type":"Point","coordinates":[19.05483,65.054769]},"properties":{"id":"SE_STA_CAMERA_VViS_2428_K1","name":"Rentjärn","photo":"https://api.trafikinfo.trafikverket.se/v2/Images/data/road.infrastructure.camera/RoadConditionCamera_VViS_2428_K1.jpg","dir":null}},{"type":"Feature","geometry":{"type":"Point","coordinates":[16.212234,65.956071]},"properties":{"id":"SE_STA_CAMERA_VViS_2429_K1","name":"Ammarnäs","photo":"https://api.trafikinfo.trafikverket.se/v2/Images/data/road.infrastructure.camera/RoadConditionCamera_VViS_2429_K1.jpg","dir":null}},{"type":"Feature","geometry":{"type":"Point","coordinates":[17.103909,65.520313]},"properties":{"id":"SE_STA_CAMERA_VViS_2430_K1","name":"Giltjaur","photo":"https://api.trafikinfo.trafikverket.se/v2/Images/data/road.infrastructure.camera/RoadConditionCamera_VViS_2430_K1.jpg","dir":null}},{"type":"Feature","geometry":{"type":"Point","coordinates":[14.814957,65.422273]},"properties":{"id":"SE_STA_CAMERA_VViS_2431_K1","name":"Gränssjö","photo":"https://api.trafikinfo.trafikverket.se/v2/Images/data/road.infrastructure.camera/RoadConditionCamera_VViS_2431_K1.jpg","dir":null}},{"type":"Feature","geometry":{"type":"Point","coordinates":[19.704087,65.244616]},"properties":{"id":"SE_STA_CAMERA_VViS_2432_K1","name":"Missenträsk","photo":"https://api.trafikinfo.trafikverket.se/v2/Images/data/road.infrastructure.camera/RoadConditionCamera_VViS_2432_K1.jpg","dir":null}},{"type":"Feature","geometry":{"type":"Point","coordinates":[19.035955,64.401634]},"properties":{"id":"SE_STA_CAMERA_VViS_2434_K1","name":"Lillsele","photo":"https://api.trafikinfo.trafikverket.se/v2/Images/data/road.infrastructure.camera/RoadConditionCamera_VViS_2434_K1.jpg","dir":null}},{"type":"Feature","geometry":{"type":"Point","coordinates":[15.378771,64.967759]},"properties":{"id":"SE_STA_CAMERA_VViS_2433_K1","name":"Saxnäs","photo":"https://api.trafikinfo.trafikverket.se/v2/Images/data/road.infrastructure.camera/RoadConditionCamera_VViS_2433_K1.jpg","dir":null}},{"type":"Feature","geometry":{"type":"Point","coordinates":[18.115175,65.246427]},"properties":{"id":"SE_STA_CAMERA_VViS_2435_K1","name":"Holmfors 2","photo":"https://api.trafikinfo.trafikverket.se/v2/Images/data/road.infrastructure.camera/RoadConditionCamera_VViS_2435_K1.jpg","dir":null}},{"type":"Feature","geometry":{"type":"Point","coordinates":[16.566529,65.355204]},"properties":{"id":"SE_STA_CAMERA_VViS_2436_K1","name":"Adolfslund","photo":"https://api.trafikinfo.trafikverket.se/v2/Images/data/road.infrastructure.camera/RoadConditionCamera_VViS_2436_K1.jpg","dir":null}},{"type":"Feature","geometry":{"type":"Point","coordinates":[19.967711,64.613681]},"properties":{"id":"SE_STA_CAMERA_VViS_2437_K1","name":"Åsträsk","photo":"https://api.trafikinfo.trafikverket.se/v2/Images/data/road.infrastructure.camera/RoadConditionCamera_VViS_2437_K1.jpg","dir":null}},{"type":"Feature","geometry":{"type":"Point","coordinates":[18.796597,64.824264]},"properties":{"id":"SE_STA_CAMERA_VViS_2438_K1","name":"Ruskträsk","photo":"https://api.trafikinfo.trafikverket.se/v2/Images/data/road.infrastructure.camera/RoadConditionCamera_VViS_2438_K1.jpg","dir":null}},{"type":"Feature","geometry":{"type":"Point","coordinates":[20.356829,63.711998]},"properties":{"id":"SE_STA_CAMERA_VViS_2440_K1","name":"Holmsund","photo":"https://api.trafikinfo.trafikverket.se/v2/Images/data/road.infrastructure.camera/RoadConditionCamera_VViS_2440_K1.jpg","dir":null}},{"type":"Feature","geometry":{"type":"Point","coordinates":[15.19119,64.821517]},"properties":{"id":"SE_STA_CAMERA_VViS_2439_K1","name":"Solberg2","photo":"https://api.trafikinfo.trafikverket.se/v2/Images/data/road.infrastructure.camera/RoadConditionCamera_VViS_2439_K1.jpg","dir":null}},{"type":"Feature","geometry":{"type":"Point","coordinates":[20.665898,65.136329]},"properties":{"id":"SE_STA_CAMERA_VViS_2441_K1","name":"Fällfors","photo":"https://api.trafikinfo.trafikverket.se/v2/Images/data/road.infrastructure.camera/RoadConditionCamera_VViS_2441_K1.jpg","dir":null}},{"type":"Feature","geometry":{"type":"Point","coordinates":[19.317642,63.934954]},"properties":{"id":"SE_STA_CAMERA_VViS_2442_K1","name":"Bjurholm","photo":"https://api.trafikinfo.trafikverket.se/v2/Images/data/road.infrastructure.camera/RoadConditionCamera_VViS_2442_K1.jpg","dir":null}},{"type":"Feature","geometry":{"type":"Point","coordinates":[19.594285,64.31308]},"properties":{"id":"SE_STA_CAMERA_VViS_2443_K1","name":"Hjuken/Hällnäs","photo":"https://api.trafikinfo.trafikverket.se/v2/Images/data/road.infrastructure.camera/RoadConditionCamera_VViS_2443_K1.jpg","dir":null}},{"type":"Feature","geometry":{"type":"Point","coordinates":[21.130179,64.651512]},"properties":{"id":"SE_STA_CAMERA_VViS_2444_K1","name":"Bureå","photo":"https://api.trafikinfo.trafikverket.se/v2/Images/data/road.infrastructure.camera/RoadConditionCamera_VViS_2444_K1.jpg","dir":null}},{"type":"Feature","geometry":{"type":"Point","coordinates":[17.641944,65.020581]},"properties":{"id":"SE_STA_CAMERA_VViS_2445_K1","name":"Gunnarn","photo":"https://api.trafikinfo.trafikverket.se/v2/Images/data/road.infrastructure.camera/RoadConditionCamera_VViS_2445_K1.jpg","dir":null}},{"type":"Feature","geometry":{"type":"Point","coordinates":[18.458654,65.436103]},"properties":{"id":"SE_STA_CAMERA_VViS_2446_K1","name":"Ljungby","photo":"https://api.trafikinfo.trafikverket.se/v2/Images/data/road.infrastructure.camera/RoadConditionCamera_VViS_2446_K1.jpg","dir":null}},{"type":"Feature","geometry":{"type":"Point","coordinates":[17.49862,64.198572]},"properties":{"id":"SE_STA_CAMERA_VViS_2447_K1","name":"Älgsjö","photo":"https://api.trafikinfo.trafikverket.se/v2/Images/data/road.infrastructure.camera/RoadConditionCamera_VViS_2447_K1.jpg","dir":null}},{"type":"Feature","geometry":{"type":"Point","coordinates":[18.846733,64.20992]},"properties":{"id":"SE_STA_CAMERA_VViS_2448_K1","name":"Skarda","photo":"https://api.trafikinfo.trafikverket.se/v2/Images/data/road.infrastructure.camera/RoadConditionCamera_VViS_2448_K1.jpg","dir":null}},{"type":"Feature","geometry":{"type":"Point","coordinates":[21.258041,64.507396]},"properties":{"id":"SE_STA_CAMERA_VViS_2450_K1","name":"Övre Bäck","photo":"https://api.trafikinfo.trafikverket.se/v2/Images/data/road.infrastructure.camera/RoadConditionCamera_VViS_2450_K1.jpg","dir":null}},{"type":"Feature","geometry":{"type":"Point","coordinates":[19.308946,63.772454]},"properties":{"id":"SE_STA_CAMERA_VViS_2449_K1","name":"Nyåker","photo":"https://api.trafikinfo.trafikverket.se/v2/Images/data/road.infrastructure.camera/RoadConditionCamera_VViS_2449_K1.jpg","dir":null}},{"type":"Feature","geometry":{"type":"Point","coordinates":[20.453394,63.871467]},"properties":{"id":"SE_STA_CAMERA_VViS_2451_K1","name":"Täfteböle","photo":"https://api.trafikinfo.trafikverket.se/v2/Images/data/road.infrastructure.camera/RoadConditionCamera_VViS_2451_K1.jpg","dir":null}},{"type":"Feature","geometry":{"type":"Point","coordinates":[15.884008,64.543424]},"properties":{"id":"SE_STA_CAMERA_VViS_2452_K1","name":"Bredsele","photo":"https://api.trafikinfo.trafikverket.se/v2/Images/data/road.infrastructure.camera/RoadConditionCamera_VViS_2452_K1.jpg","dir":null}},{"type":"Feature","geometry":{"type":"Point","coordinates":[17.634167,65.208357]},"properties":{"id":"SE_STA_CAMERA_VViS_2454_K1","name":"Lomselenäs","photo":"https://api.trafikinfo.trafikverket.se/v2/Images/data/road.infrastructure.camera/RoadConditionCamera_VViS_2454_K1.jpg","dir":null}},{"type":"Feature","geometry":{"type":"Point","coordinates":[14.804564,66.118381]},"properties":{"id":"SE_STA_CAMERA_VViS_2453_K1","name":"Kåtaviken","photo":"https://api.trafikinfo.trafikverket.se/v2/Images/data/road.infrastructure.camera/RoadConditionCamera_VViS_2453_K1.jpg","dir":null}},{"type":"Feature","geometry":{"type":"Point","coordinates":[19.922896,64.434651]},"properties":{"id":"SE_STA_CAMERA_VViS_2455_K1","name":"Storasävarträsk","photo":"https://api.trafikinfo.trafikverket.se/v2/Images/data/road.infrastructure.camera/RoadConditionCamera_VViS_2455_K1.jpg","dir":null}},{"type":"Feature","geometry":{"type":"Point","coordinates":[17.876,64.640894]},"properties":{"id":"SE_STA_CAMERA_VViS_2456_K1","name":"Vinliden","photo":"https://api.trafikinfo.trafikverket.se/v2/Images/data/road.infrastructure.camera/RoadConditionCamera_VViS_2456_K1.jpg","dir":null}},{"type":"Feature","geometry":{"type":"Point","coordinates":[20.149503,63.826203]},"properties":{"id":"SE_STA_CAMERA_VViS_2461_K1","name":"Umåker","photo":"https://api.trafikinfo.trafikverket.se/v2/Images/data/road.infrastructure.camera/RoadConditionCamera_VViS_2461_K1.jpg","dir":null}},{"type":"Feature","geometry":{"type":"Point","coordinates":[19.824629,63.615526]},"properties":{"id":"SE_STA_CAMERA_VViS_2457_K1","name":"Ängersjö2","photo":"https://api.trafikinfo.trafikverket.se/v2/Images/data/road.infrastructure.camera/RoadConditionCamera_VViS_2457_K1.jpg","dir":null}},{"type":"Feature","geometry":{"type":"Point","coordinates":[23.991191,65.809509]},"properties":{"id":"SE_STA_CAMERA_VViS_2501_K1","name":"Salmis","photo":"https://api.trafikinfo.trafikverket.se/v2/Images/data/road.infrastructure.camera/RoadConditionCamera_VViS_2501_K1.jpg","dir":null}},{"type":"Feature","geometry":{"type":"Point","coordinates":[23.436943,65.836873]},"properties":{"id":"SE_STA_CAMERA_VViS_2502_K1","name":"Sangiskvarn","photo":"https://api.trafikinfo.trafikverket.se/v2/Images/data/road.infrastructure.camera/RoadConditionCamera_VViS_2502_K1.jpg","dir":null}},{"type":"Feature","geometry":{"type":"Point","coordinates":[22.965268,65.88341]},"properties":{"id":"SE_STA_CAMERA_VViS_2503_K1","name":"Åkroken 2","photo":"https://api.trafikinfo.trafikverket.se/v2/Images/data/road.infrastructure.camera/RoadConditionCamera_VViS_2503_K1.jpg","dir":null}},{"type":"Feature","geometry":{"type":"Point","coordinates":[22.611607,65.901971]},"properties":{"id":"SE_STA_CAMERA_VViS_2504_K1","name":"Töre","photo":"https://api.trafikinfo.trafikverket.se/v2/Images/data/road.infrastructure.camera/RoadConditionCamera_VViS_2504_K1.jpg","dir":null}},{"type":"Feature","geometry":{"type":"Point","coordinates":[22.313327,65.849313]},"properties":{"id":"SE_STA_CAMERA_VViS_2505_K1","name":"Råneå","photo":"https://api.trafikinfo.trafikverket.se/v2/Images/data/road.infrastructure.camera/RoadConditionCamera_VViS_2505_K1.jpg","dir":null}},{"type":"Feature","geometry":{"type":"Point","coordinates":[21.83118,65.694582]},"properties":{"id":"SE_STA_CAMERA_VViS_2506_K1","name":"N Sunderbyn","photo":"https://api.trafikinfo.trafikverket.se/v2/Images/data/road.infrastructure.camera/RoadConditionCamera_VViS_2506_K1.jpg","dir":null}},{"type":"Feature","geometry":{"type":"Point","coordinates":[21.775136,65.513132]},"properties":{"id":"SE_STA_CAMERA_VViS_2507_K1","name":"Ersnäs","photo":"https://api.trafikinfo.trafikverket.se/v2/Images/data/road.infrastructure.camera/RoadConditionCamera_VViS_2507_K1.jpg","dir":null}},{"type":"Feature","geometry":{"type":"Point","coordinates":[21.498786,65.172071]},"properties":{"id":"SE_STA_CAMERA_VViS_2508_K1","name":"Jävrebyn","photo":"https://api.trafikinfo.trafikverket.se/v2/Images/data/road.infrastructure.camera/RoadConditionCamera_VViS_2508_K1.jpg","dir":null}},{"type":"Feature","geometry":{"type":"Point","coordinates":[21.763738,65.757605]},"properties":{"id":"SE_STA_CAMERA_VViS_2509_K1","name":"Sävastön","photo":"https://api.trafikinfo.trafikverket.se/v2/Images/data/road.infrastructure.camera/RoadConditionCamera_VViS_2509_K1.jpg","dir":null}},{"type":"Feature","geometry":{"type":"Point","coordinates":[21.450772,65.392058]},"properties":{"id":"SE_STA_CAMERA_VViS_2510_K1","name":"Bertnäs","photo":"https://api.trafikinfo.trafikverket.se/v2/Images/data/road.infrastructure.camera/RoadConditionCamera_VViS_2510_K1.jpg","dir":null}},{"type":"Feature","geometry":{"type":"Point","coordinates":[19.67459,66.505049]},"properties":{"id":"SE_STA_CAMERA_VViS_2512_K1","name":"Vajmat","photo":"https://api.trafikinfo.trafikverket.se/v2/Images/data/road.infrastructure.camera/RoadConditionCamera_VViS_2512_K1.jpg","dir":null}},{"type":"Feature","geometry":{"type":"Point","coordinates":[21.754681,68.043996]},"properties":{"id":"SE_STA_CAMERA_VViS_2513_K1","name":"Nedre Soppero","photo":"https://api.trafikinfo.trafikverket.se/v2/Images/data/road.infrastructure.camera/RoadConditionCamera_VViS_2513_K1.jpg","dir":null}},{"type":"Feature","geometry":{"type":"Point","coordinates":[18.53653,66.339676]},"properties":{"id":"SE_STA_CAMERA_VViS_2514_K1","name":"Lutton","photo":"https://api.trafikinfo.trafikverket.se/v2/Images/data/road.infrastructure.camera/RoadConditionCamera_VViS_2514_K1.jpg","dir":null}},{"type":"Feature","geometry":{"type":"Point","coordinates":[17.543724,65.85957]},"properties":{"id":"SE_STA_CAMERA_VViS_2515_K1","name":"Maskaur","photo":"https://api.trafikinfo.trafikverket.se/v2/Images/data/road.infrastructure.camera/RoadConditionCamera_VViS_2515_K1.jpg","dir":null}},{"type":"Feature","geometry":{"type":"Point","coordinates":[16.416724,66.485948]},"properties":{"id":"SE_STA_CAMERA_VViS_2516_K1","name":"Roparudden","photo":"https://api.trafikinfo.trafikverket.se/v2/Images/data/road.infrastructure.camera/RoadConditionCamera_VViS_2516_K1.jpg","dir":null}},{"type":"Feature","geometry":{"type":"Point","coordinates":[23.70939,66.199949]},"properties":{"id":"SE_STA_CAMERA_VViS_2525_K1","name":"Bäckesta","photo":"https://api.trafikinfo.trafikverket.se/v2/Images/data/road.infrastructure.camera/RoadConditionCamera_VViS_2525_K1.jpg","dir":null}},{"type":"Feature","geometry":{"type":"Point","coordinates":[19.820936,66.960279]},"properties":{"id":"SE_STA_CAMERA_VViS_2528_K1","name":"Porjus","photo":"https://api.trafikinfo.trafikverket.se/v2/Images/data/road.infrastructure.camera/RoadConditionCamera_VViS_2528_K1.jpg","dir":null}},{"type":"Feature","geometry":{"type":"Point","coordinates":[20.725939,66.364362]},"properties":{"id":"SE_STA_CAMERA_VViS_2529_K1","name":"Rimjokk","photo":"https://api.trafikinfo.trafikverket.se/v2/Images/data/road.infrastructure.camera/RoadConditionCamera_VViS_2529_K1.jpg","dir":null}},{"type":"Feature","geometry":{"type":"Point","coordinates":[20.738239,65.326552]},"properties":{"id":"SE_STA_CAMERA_VViS_2530_K1","name":"Önusberget","photo":"https://api.trafikinfo.trafikverket.se/v2/Images/data/road.infrastructure.camera/RoadConditionCamera_VViS_2530_K1.jpg","dir":null}},{"type":"Feature","geometry":{"type":"Point","coordinates":[22.631549,67.158091]},"properties":{"id":"SE_STA_CAMERA_VViS_2532_K1","name":"Tärendö","photo":"https://api.trafikinfo.trafikverket.se/v2/Images/data/road.infrastructure.camera/RoadConditionCamera_VViS_2532_K1.jpg","dir":null}},{"type":"Feature","geometry":{"type":"Point","coordinates":[22.148012,66.199457]},"properties":{"id":"SE_STA_CAMERA_VViS_2531_K1","name":"Långsel","photo":"https://api.trafikinfo.trafikverket.se/v2/Images/data/road.infrastructure.camera/RoadConditionCamera_VViS_2531_K1.jpg","dir":null}},{"type":"Feature","geometry":{"type":"Point","coordinates":[19.02748,67.86012]},"properties":{"id":"SE_STA_CAMERA_VViS_2533_K1","name":"Nikkaluokta","photo":"https://api.trafikinfo.trafikverket.se/v2/Images/data/road.infrastructure.camera/RoadConditionCamera_VViS_2533_K1.jpg","dir":null}},{"type":"Feature","geometry":{"type":"Point","coordinates":[18.269028,68.429481]},"properties":{"id":"SE_STA_CAMERA_VViS_2518_K1","name":"Vassijaure","photo":"https://api.trafikinfo.trafikverket.se/v2/Images/data/road.infrastructure.camera/RoadConditionCamera_VViS_2518_K1.jpg","dir":null}},{"type":"Feature","geometry":{"type":"Point","coordinates":[18.574982,68.434204]},"properties":{"id":"SE_STA_CAMERA_VViS_2517_K1","name":"Tornehamn","photo":"https://api.trafikinfo.trafikverket.se/v2/Images/data/road.infrastructure.camera/RoadConditionCamera_VViS_2517_K1.jpg","dir":null}},{"type":"Feature","geometry":{"type":"Point","coordinates":[18.116442,68.432618]},"properties":{"id":"SE_STA_CAMERA_VViS_2519_K1","name":"Riksgränsen","photo":"https://api.trafikinfo.trafikverket.se/v2/Images/data/road.infrastructure.camera/RoadConditionCamera_VViS_2519_K1.jpg","dir":null}},{"type":"Feature","geometry":{"type":"Point","coordinates":[19.78166,68.148244]},"properties":{"id":"SE_STA_CAMERA_VViS_2520_K2","name":"Bergfors","photo":"https://api.trafikinfo.trafikverket.se/v2/Images/data/road.infrastructure.camera/RoadConditionCamera_VViS_2520_K2.jpg","dir":null}},{"type":"Feature","geometry":{"type":"Point","coordinates":[21.874878,66.765037]},"properties":{"id":"SE_STA_CAMERA_VViS_2521_K1","name":"Skröven","photo":"https://api.trafikinfo.trafikverket.se/v2/Images/data/road.infrastructure.camera/RoadConditionCamera_VViS_2521_K1.jpg","dir":null}},{"type":"Feature","geometry":{"type":"Point","coordinates":[18.443752,65.584481]},"properties":{"id":"SE_STA_CAMERA_VViS_2522_K1","name":"Fiskträsk","photo":"https://api.trafikinfo.trafikverket.se/v2/Images/data/road.infrastructure.camera/RoadConditionCamera_VViS_2522_K1.jpg","dir":null}},{"type":"Feature","geometry":{"type":"Point","coordinates":[23.870316,66.75348]},"properties":{"id":"SE_STA_CAMERA_VViS_2523_K1","name":"Valkeakoski","photo":"https://api.trafikinfo.trafikverket.se/v2/Images/data/road.infrastructure.camera/RoadConditionCamera_VViS_2523_K1.jpg","dir":null}},{"type":"Feature","geometry":{"type":"Point","coordinates":[23.242539,67.773301]},"properties":{"id":"SE_STA_CAMERA_VViS_2526_K1","name":"Kitkiöjoki","photo":"https://api.trafikinfo.trafikverket.se/v2/Images/data/road.infrastructure.camera/RoadConditionCamera_VViS_2526_K1.jpg","dir":null}},{"type":"Feature","geometry":{"type":"Point","coordinates":[18.366816,67.474098]},"properties":{"id":"SE_STA_CAMERA_VViS_2534_K1","name":"Stora Sjöfallet","photo":"https://api.trafikinfo.trafikverket.se/v2/Images/data/road.infrastructure.camera/RoadConditionCamera_VViS_2534_K1.jpg","dir":null}},{"type":"Feature","geometry":{"type":"Point","coordinates":[19.312396,65.708712]},"properties":{"id":"SE_STA_CAMERA_VViS_2536_K1","name":"Rönnberg","photo":"https://api.trafikinfo.trafikverket.se/v2/Images/data/road.infrastructure.camera/RoadConditionCamera_VViS_2536_K1.jpg","dir":null}},{"type":"Feature","geometry":{"type":"Point","coordinates":[17.720845,66.951656]},"properties":{"id":"SE_STA_CAMERA_VViS_2535_K1","name":"Kvikkjokk","photo":"https://api.trafikinfo.trafikverket.se/v2/Images/data/road.infrastructure.camera/RoadConditionCamera_VViS_2535_K1.jpg","dir":null}},{"type":"Feature","geometry":{"type":"Point","coordinates":[21.354792,65.635383]},"properties":{"id":"SE_STA_CAMERA_VViS_2539_K1","name":"Klöverträsk","photo":"https://api.trafikinfo.trafikverket.se/v2/Images/data/road.infrastructure.camera/RoadConditionCamera_VViS_2539_K1.jpg","dir":null}},{"type":"Feature","geometry":{"type":"Point","coordinates":[22.899218,66.688812]},"properties":{"id":"SE_STA_CAMERA_VViS_2540_K1","name":"Limingojärvi","photo":"https://api.trafikinfo.trafikverket.se/v2/Images/data/road.infrastructure.camera/RoadConditionCamera_VViS_2540_K1.jpg","dir":null}},{"type":"Feature","geometry":{"type":"Point","coordinates":[22.051297,67.454088]},"properties":{"id":"SE_STA_CAMERA_VViS_2541_K1","name":"Masugnsbyn","photo":"https://api.trafikinfo.trafikverket.se/v2/Images/data/road.infrastructure.camera/RoadConditionCamera_VViS_2541_K1.jpg","dir":null}},{"type":"Feature","geometry":{"type":"Point","coordinates":[19.983543,66.152218]},"properties":{"id":"SE_STA_CAMERA_VViS_2543_K1","name":"Kåbdalis","photo":"https://api.trafikinfo.trafikverket.se/v2/Images/data/road.infrastructure.camera/RoadConditionCamera_VViS_2543_K1.jpg","dir":null}},{"type":"Feature","geometry":{"type":"Point","coordinates":[22.807533,66.168886]},"properties":{"id":"SE_STA_CAMERA_VViS_2542_K1","name":"Räktforsen","photo":"https://api.trafikinfo.trafikverket.se/v2/Images/data/road.infrastructure.camera/RoadConditionCamera_VViS_2542_K1.jpg","dir":null}},{"type":"Feature","geometry":{"type":"Point","coordinates":[19.958631,65.673009]},"properties":{"id":"SE_STA_CAMERA_VViS_2544_K1","name":"Lauker","photo":"https://api.trafikinfo.trafikverket.se/v2/Images/data/road.infrastructure.camera/RoadConditionCamera_VViS_2544_K1.jpg","dir":null}},{"type":"Feature","geometry":{"type":"Point","coordinates":[21.291147,65.931308]},"properties":{"id":"SE_STA_CAMERA_VViS_2547_K1","name":"Bredåker","photo":"https://api.trafikinfo.trafikverket.se/v2/Images/data/road.infrastructure.camera/RoadConditionCamera_VViS_2547_K1.jpg","dir":null}},{"type":"Feature","geometry":{"type":"Point","coordinates":[21.022378,66.76056]},"properties":{"id":"SE_STA_CAMERA_VViS_2545_K1","name":"Nattavaara by","photo":"https://api.trafikinfo.trafikverket.se/v2/Images/data/road.infrastructure.camera/RoadConditionCamera_VViS_2545_K1.jpg","dir":null}},{"type":"Feature","geometry":{"type":"Point","coordinates":[17.094086,66.32424]},"properties":{"id":"SE_STA_CAMERA_VViS_2548_K1","name":"Jäkkvik","photo":"https://api.trafikinfo.trafikverket.se/v2/Images/data/road.infrastructure.camera/RoadConditionCamera_VViS_2548_K1.jpg","dir":null}},{"type":"Feature","geometry":{"type":"Point","coordinates":[15.88304,66.759908]},"properties":{"id":"SE_STA_CAMERA_VViS_2549_K1","name":"Merkenäs V","photo":"https://api.trafikinfo.trafikverket.se/v2/Images/data/road.infrastructure.camera/RoadConditionCamera_VViS_2549_K1.jpg","dir":null}},{"type":"Feature","geometry":{"type":"Point","coordinates":[21.048672,67.276063]},"properties":{"id":"SE_STA_CAMERA_VViS_2550_K1","name":"Avvakko","photo":"https://api.trafikinfo.trafikverket.se/v2/Images/data/road.infrastructure.camera/RoadConditionCamera_VViS_2550_K1.jpg","dir":null}},{"type":"Feature","geometry":{"type":"Point","coordinates":[16.011305,66.731281]},"properties":{"id":"SE_STA_CAMERA_VViS_2551_K1","name":"Merkenäs Ö","photo":"https://api.trafikinfo.trafikverket.se/v2/Images/data/road.infrastructure.camera/RoadConditionCamera_VViS_2551_K1.jpg","dir":null}},{"type":"Feature","geometry":{"type":"Point","coordinates":[21.983505,66.015742]},"properties":{"id":"SE_STA_CAMERA_VViS_2553_K1","name":"Niemisel","photo":"https://api.trafikinfo.trafikverket.se/v2/Images/data/road.infrastructure.camera/RoadConditionCamera_VViS_2553_K1.jpg","dir":null}},{"type":"Feature","geometry":{"type":"Point","coordinates":[20.671072,65.785801]},"properties":{"id":"SE_STA_CAMERA_VViS_2552_K1","name":"Riddarhällan","photo":"https://api.trafikinfo.trafikverket.se/v2/Images/data/road.infrastructure.camera/RoadConditionCamera_VViS_2552_K1.jpg","dir":null}},{"type":"Feature","geometry":{"type":"Point","coordinates":[23.482172,67.441459]},"properties":{"id":"SE_STA_CAMERA_VViS_2555_K1","name":"Aareavaara","photo":"https://api.trafikinfo.trafikverket.se/v2/Images/data/road.infrastructure.camera/RoadConditionCamera_VViS_2555_K1.jpg","dir":null}},{"type":"Feature","geometry":{"type":"Point","coordinates":[18.367923,65.894127]},"properties":{"id":"SE_STA_CAMERA_VViS_2554_K1","name":"Allejaur","photo":"https://api.trafikinfo.trafikverket.se/v2/Images/data/road.infrastructure.camera/RoadConditionCamera_VViS_2554_K1.jpg","dir":null}},{"type":"Feature","geometry":{"type":"Point","coordinates":[21.193258,67.052146]},"properties":{"id":"SE_STA_CAMERA_VViS_2556_K1","name":"Leipojärvi","photo":"https://api.trafikinfo.trafikverket.se/v2/Images/data/road.infrastructure.camera/RoadConditionCamera_VViS_2556_K1.jpg","dir":null}},{"type":"Feature","geometry":{"type":"Point","coordinates":[23.624405,66.396593]},"properties":{"id":"SE_STA_CAMERA_VViS_2558_K1","name":"Övertorneå","photo":"https://api.trafikinfo.trafikverket.se/v2/Images/data/road.infrastructure.camera/RoadConditionCamera_VViS_2558_K1.jpg","dir":null}},{"type":"Feature","geometry":{"type":"Point","coordinates":[23.505808,66.027734]},"properties":{"id":"SE_STA_CAMERA_VViS_2559_K1","name":"Lappträsk","photo":"https://api.trafikinfo.trafikverket.se/v2/Images/data/road.infrastructure.camera/RoadConditionCamera_VViS_2559_K1.jpg","dir":null}},{"type":"Feature","geometry":{"type":"Point","coordinates":[22.482949,66.484963]},"properties":{"id":"SE_STA_CAMERA_VViS_2557_K1","name":"Lansån","photo":"https://api.trafikinfo.trafikverket.se/v2/Images/data/road.infrastructure.camera/RoadConditionCamera_VViS_2557_K1.jpg","dir":null}},{"type":"Feature","geometry":{"type":"Point","coordinates":[21.675671,67.66733]},"properties":{"id":"SE_STA_CAMERA_VViS_2561_K1","name":"Vittangi","photo":"https://api.trafikinfo.trafikverket.se/v2/Images/data/road.infrastructure.camera/RoadConditionCamera_VViS_2561_K1.jpg","dir":null}},{"type":"Feature","geometry":{"type":"Point","coordinates":[21.105768,67.611785]},"properties":{"id":"SE_STA_CAMERA_VViS_2560_K1","name":"Svappavaara","photo":"https://api.trafikinfo.trafikverket.se/v2/Images/data/road.infrastructure.camera/RoadConditionCamera_VViS_2560_K1.jpg","dir":null}},{"type":"Feature","geometry":{"type":"Point","coordinates":[23.311099,68.120113]},"properties":{"id":"SE_STA_CAMERA_VViS_2566_K1","name":"Kätkesuando","photo":"https://api.trafikinfo.trafikverket.se/v2/Images/data/road.infrastructure.camera/RoadConditionCamera_VViS_2566_K1.jpg","dir":null}},{"type":"Feature","geometry":{"type":"Point","coordinates":[21.875805,67.010176]},"properties":{"id":"SE_STA_CAMERA_VViS_2567_K1","name":"Ullati","photo":"https://api.trafikinfo.trafikverket.se/v2/Images/data/road.infrastructure.camera/RoadConditionCamera_VViS_2567_K1.jpg","dir":null}},{"type":"Feature","geometry":{"type":"Point","coordinates":[22.683007,66.764141]},"properties":{"id":"SE_STA_CAMERA_VViS_2568_K1","name":"Narken","photo":"https://api.trafikinfo.trafikverket.se/v2/Images/data/road.infrastructure.camera/RoadConditionCamera_VViS_2568_K1.jpg","dir":null}},{"type":"Feature","geometry":{"type":"Point","coordinates":[22.403165,67.424001]},"properties":{"id":"SE_STA_CAMERA_VViS_2569_K1","name":"Junosuando","photo":"https://api.trafikinfo.trafikverket.se/v2/Images/data/road.infrastructure.camera/RoadConditionCamera_VViS_2569_K1.jpg","dir":null}},{"type":"Feature","geometry":{"type":"Point","coordinates":[23.806903,65.746423]},"properties":{"id":"SE_STA_CAMERA_VViS_2575_K1","name":"Seskarö","photo":"https://api.trafikinfo.trafikverket.se/v2/Images/data/road.infrastructure.camera/RoadConditionCamera_VViS_2575_K1.jpg","dir":null}},{"type":"Feature","geometry":{"type":"Point","coordinates":[17.999995,67.999996]},"properties":{"id":"SE_STA_CAMERA_VViS_2579_K1","name":"Riksgränsen Kamera","photo":"https://api.trafikinfo.trafikverket.se/v2/Images/data/road.infrastructure.camera/RoadConditionCamera_VViS_2579_K1.jpg","dir":null}},{"type":"Feature","geometry":{"type":"Point","coordinates":[17.447466,59.053318]},"properties":{"id":"SE_STA_CAMERA_VViS_202_K1","name":"Mölnbo","photo":"https://api.trafikinfo.trafikverket.se/v2/Images/data/road.infrastructure.camera/RoadConditionCamera_VViS_202_K1.jpg","dir":null}},{"type":"Feature","geometry":{"type":"Point","coordinates":[17.843127,59.247446]},"properties":{"id":"SE_STA_CAMERA_VViS_201_K1","name":"Hallunda","photo":"https://api.trafikinfo.trafikverket.se/v2/Images/data/road.infrastructure.camera/RoadConditionCamera_VViS_201_K1.jpg","dir":null}},{"type":"Feature","geometry":{"type":"Point","coordinates":[20.293662,67.856543]},"properties":{"id":"SE_STA_CAMERA_VViS_2580_K1","name":"Kiruna","photo":"https://api.trafikinfo.trafikverket.se/v2/Images/data/road.infrastructure.camera/RoadConditionCamera_VViS_2580_K1.jpg","dir":null}},{"type":"Feature","geometry":{"type":"Point","coordinates":[17.642711,59.184366]},"properties":{"id":"SE_STA_CAMERA_VViS_203_K1","name":"Södertälje","photo":"https://api.trafikinfo.trafikverket.se/v2/Images/data/road.infrastructure.camera/RoadConditionCamera_VViS_203_K1.jpg","dir":null}},{"type":"Feature","geometry":{"type":"Point","coordinates":[17.806847,59.176781]},"properties":{"id":"SE_STA_CAMERA_VViS_208_K1","name":"Tumba","photo":"https://api.trafikinfo.trafikverket.se/v2/Images/data/road.infrastructure.camera/RoadConditionCamera_VViS_208_K1.jpg","dir":null}},{"type":"Feature","geometry":{"type":"Point","coordinates":[17.762566,59.212432]},"properties":{"id":"SE_STA_CAMERA_VViS_207_K1","name":"Salem","photo":"https://api.trafikinfo.trafikverket.se/v2/Images/data/road.infrastructure.camera/RoadConditionCamera_VViS_207_K1.jpg","dir":null}},{"type":"Feature","geometry":{"type":"Point","coordinates":[17.663542,59.199153]},"properties":{"id":"SE_STA_CAMERA_VViS_206_K1","name":"Moraberg","photo":"https://api.trafikinfo.trafikverket.se/v2/Images/data/road.infrastructure.camera/RoadConditionCamera_VViS_206_K1.jpg","dir":null}},{"type":"Feature","geometry":{"type":"Point","coordinates":[17.918229,59.209731]},"properties":{"id":"SE_STA_CAMERA_VViS_209_K1","name":"Tullinge","photo":"https://api.trafikinfo.trafikverket.se/v2/Images/data/road.infrastructure.camera/RoadConditionCamera_VViS_209_K1.jpg","dir":null}},{"type":"Feature","geometry":{"type":"Point","coordinates":[17.793425,59.095752]},"properties":{"id":"SE_STA_CAMERA_VViS_210_K1","name":"Grödinge","photo":"https://api.trafikinfo.trafikverket.se/v2/Images/data/road.infrastructure.camera/RoadConditionCamera_VViS_210_K1.jpg","dir":null}},{"type":"Feature","geometry":{"type":"Point","coordinates":[18.120754,59.239857]},"properties":{"id":"SE_STA_CAMERA_VViS_215_K1","name":"Farsta","photo":"https://api.trafikinfo.trafikverket.se/v2/Images/data/road.infrastructure.camera/RoadConditionCamera_VViS_215_K1.jpg","dir":null}},{"type":"Feature","geometry":{"type":"Point","coordinates":[18.393148,59.140789]},"properties":{"id":"SE_STA_CAMERA_VViS_214_K1","name":"Dalarö","photo":"https://api.trafikinfo.trafikverket.se/v2/Images/data/road.infrastructure.camera/RoadConditionCamera_VViS_214_K1.jpg","dir":null}},{"type":"Feature","geometry":{"type":"Point","coordinates":[18.166544,59.257919]},"properties":{"id":"SE_STA_CAMERA_VViS_216_K1","name":"Älta","photo":"https://api.trafikinfo.trafikverket.se/v2/Images/data/road.infrastructure.camera/RoadConditionCamera_VViS_216_K1.jpg","dir":null}},{"type":"Feature","geometry":{"type":"Point","coordinates":[18.314427,59.329243]},"properties":{"id":"SE_STA_CAMERA_VViS_218_K1","name":"Gustavsberg","photo":"https://api.trafikinfo.trafikverket.se/v2/Images/data/road.infrastructure.camera/RoadConditionCamera_VViS_218_K1.jpg","dir":null}},{"type":"Feature","geometry":{"type":"Point","coordinates":[18.223381,59.428497]},"properties":{"id":"SE_STA_CAMERA_VViS_219_K1","name":"Vaxholm","photo":"https://api.trafikinfo.trafikverket.se/v2/Images/data/road.infrastructure.camera/RoadConditionCamera_VViS_219_K1.jpg","dir":null}},{"type":"Feature","geometry":{"type":"Point","coordinates":[18.220752,59.495802]},"properties":{"id":"SE_STA_CAMERA_VViS_220_K1","name":"Åkersberga","photo":"https://api.trafikinfo.trafikverket.se/v2/Images/data/road.infrastructure.camera/RoadConditionCamera_VViS_220_K1.jpg","dir":null}},{"type":"Feature","geometry":{"type":"Point","coordinates":[18.643844,59.575119]},"properties":{"id":"SE_STA_CAMERA_VViS_221_K1","name":"Vätterhaga","photo":"https://api.trafikinfo.trafikverket.se/v2/Images/data/road.infrastructure.camera/RoadConditionCamera_VViS_221_K1.jpg","dir":null}},{"type":"Feature","geometry":{"type":"Point","coordinates":[18.164622,59.489212]},"properties":{"id":"SE_STA_CAMERA_VViS_223_K1","name":"Ullnasjön","photo":"https://api.trafikinfo.trafikverket.se/v2/Images/data/road.infrastructure.camera/RoadConditionCamera_VViS_223_K1.jpg","dir":null}},{"type":"Feature","geometry":{"type":"Point","coordinates":[18.04221,59.384367]},"properties":{"id":"SE_STA_CAMERA_VViS_222_K1","name":"Stocksund","photo":"https://api.trafikinfo.trafikverket.se/v2/Images/data/road.infrastructure.camera/RoadConditionCamera_VViS_222_K1.jpg","dir":null}},{"type":"Feature","geometry":{"type":"Point","coordinates":[18.340078,59.65588]},"properties":{"id":"SE_STA_CAMERA_VViS_224_K1","name":"Söderhall","photo":"https://api.trafikinfo.trafikverket.se/v2/Images/data/road.infrastructure.camera/RoadConditionCamera_VViS_224_K1.jpg","dir":null}},{"type":"Feature","geometry":{"type":"Point","coordinates":[17.893327,59.643357]},"properties":{"id":"SE_STA_CAMERA_VViS_227_K1","name":"Arlanda","photo":"https://api.trafikinfo.trafikverket.se/v2/Images/data/road.infrastructure.camera/RoadConditionCamera_VViS_227_K1.jpg","dir":null}},{"type":"Feature","geometry":{"type":"Point","coordinates":[17.917772,59.476142]},"properties":{"id":"SE_STA_CAMERA_VViS_226_K1","name":"Rotebro","photo":"https://api.trafikinfo.trafikverket.se/v2/Images/data/road.infrastructure.camera/RoadConditionCamera_VViS_226_K1.jpg","dir":null}},{"type":"Feature","geometry":{"type":"Point","coordinates":[18.046896,59.747581]},"properties":{"id":"SE_STA_CAMERA_VViS_229_K1","name":"Åby","photo":"https://api.trafikinfo.trafikverket.se/v2/Images/data/road.infrastructure.camera/RoadConditionCamera_VViS_229_K1.jpg","dir":null}},{"type":"Feature","geometry":{"type":"Point","coordinates":[17.745557,59.627739]},"properties":{"id":"SE_STA_CAMERA_VViS_231_K1","name":"Sigtuna","photo":"https://api.trafikinfo.trafikverket.se/v2/Images/data/road.infrastructure.camera/RoadConditionCamera_VViS_231_K1.jpg","dir":null}},{"type":"Feature","geometry":{"type":"Point","coordinates":[18.931071,59.719229]},"properties":{"id":"SE_STA_CAMERA_VViS_230_K1","name":"Rådmansö","photo":"https://api.trafikinfo.trafikverket.se/v2/Images/data/road.infrastructure.camera/RoadConditionCamera_VViS_230_K1.jpg","dir":null}},{"type":"Feature","geometry":{"type":"Point","coordinates":[17.864701,59.405873]},"properties":{"id":"SE_STA_CAMERA_VViS_232_K1","name":"Barkarby","photo":"https://api.trafikinfo.trafikverket.se/v2/Images/data/road.infrastructure.camera/RoadConditionCamera_VViS_232_K1.jpg","dir":null}},{"type":"Feature","geometry":{"type":"Point","coordinates":[17.571705,59.560804]},"properties":{"id":"SE_STA_CAMERA_VViS_234_K1","name":"Ö Bålsta","photo":"https://api.trafikinfo.trafikverket.se/v2/Images/data/road.infrastructure.camera/RoadConditionCamera_VViS_234_K1.jpg","dir":null}},{"type":"Feature","geometry":{"type":"Point","coordinates":[17.764779,59.483711]},"properties":{"id":"SE_STA_CAMERA_VViS_233_K1","name":"Kungsängen","photo":"https://api.trafikinfo.trafikverket.se/v2/Images/data/road.infrastructure.camera/RoadConditionCamera_VViS_233_K1.jpg","dir":null}},{"type":"Feature","geometry":{"type":"Point","coordinates":[18.020885,59.302882]},"properties":{"id":"SE_STA_CAMERA_VViS_236_K1","name":"Essingeleden, Västb.","photo":"https://api.trafikinfo.trafikverket.se/v2/Images/data/road.infrastructure.camera/RoadConditionCamera_VViS_236_K1.jpg","dir":null}},{"type":"Feature","geometry":{"type":"Point","coordinates":[18.011095,59.340994]},"properties":{"id":"SE_STA_CAMERA_VViS_237_K1","name":"Essingeleden, Karlb.","photo":"https://api.trafikinfo.trafikverket.se/v2/Images/data/road.infrastructure.camera/RoadConditionCamera_VViS_237_K1.jpg","dir":null}},{"type":"Feature","geometry":{"type":"Point","coordinates":[18.809474,59.989916]},"properties":{"id":"SE_STA_CAMERA_VViS_239_K1","name":"Väddö","photo":"https://api.trafikinfo.trafikverket.se/v2/Images/data/road.infrastructure.camera/RoadConditionCamera_VViS_239_K1.jpg","dir":null}},{"type":"Feature","geometry":{"type":"Point","coordinates":[17.854708,59.3024]},"properties":{"id":"SE_STA_CAMERA_VViS_240_K1","name":"Drottningholm","photo":"https://api.trafikinfo.trafikverket.se/v2/Images/data/road.infrastructure.camera/RoadConditionCamera_VViS_240_K1.jpg","dir":null}},{"type":"Feature","geometry":{"type":"Point","coordinates":[18.632762,59.892561]},"properties":{"id":"SE_STA_CAMERA_VViS_238_K1","name":"Sonö","photo":"https://api.trafikinfo.trafikverket.se/v2/Images/data/road.infrastructure.camera/RoadConditionCamera_VViS_238_K1.jpg","dir":null}},{"type":"Feature","geometry":{"type":"Point","coordinates":[17.75933,59.278021]},"properties":{"id":"SE_STA_CAMERA_VViS_241_K1","name":"Ekerö","photo":"https://api.trafikinfo.trafikverket.se/v2/Images/data/road.infrastructure.camera/RoadConditionCamera_VViS_241_K1.jpg","dir":null}},{"type":"Feature","geometry":{"type":"Point","coordinates":[18.019967,59.368574]},"properties":{"id":"SE_STA_CAMERA_VViS_243_K1","name":"Solna","photo":"https://api.trafikinfo.trafikverket.se/v2/Images/data/road.infrastructure.camera/RoadConditionCamera_VViS_243_K1.jpg","dir":null}},{"type":"Feature","geometry":{"type":"Point","coordinates":[18.479316,59.34467]},"properties":{"id":"SE_STA_CAMERA_VViS_242_K1","name":"Värmdö","photo":"https://api.trafikinfo.trafikverket.se/v2/Images/data/road.infrastructure.camera/RoadConditionCamera_VViS_242_K1.jpg","dir":null}},{"type":"Feature","geometry":{"type":"Point","coordinates":[17.595798,59.081726]},"properties":{"id":"SE_STA_CAMERA_VViS_244_K1","name":"Järna","photo":"https://api.trafikinfo.trafikverket.se/v2/Images/data/road.infrastructure.camera/RoadConditionCamera_VViS_244_K1.jpg","dir":null}},{"type":"Feature","geometry":{"type":"Point","coordinates":[18.231905,59.563386]},"properties":{"id":"SE_STA_CAMERA_VViS_245_K1","name":"Brottby","photo":"https://api.trafikinfo.trafikverket.se/v2/Images/data/road.infrastructure.camera/RoadConditionCamera_VViS_245_K1.jpg","dir":null}},{"type":"Feature","geometry":{"type":"Point","coordinates":[17.438942,59.193967]},"properties":{"id":"SE_STA_CAMERA_VViS_246_K1","name":"Turinge","photo":"https://api.trafikinfo.trafikverket.se/v2/Images/data/road.infrastructure.camera/RoadConditionCamera_VViS_246_K1.jpg","dir":null}},{"type":"Feature","geometry":{"type":"Point","coordinates":[18.14261,59.129898]},"properties":{"id":"SE_STA_CAMERA_VViS_247_K1","name":"Västerhaninge","photo":"https://api.trafikinfo.trafikverket.se/v2/Images/data/road.infrastructure.camera/RoadConditionCamera_VViS_247_K1.jpg","dir":null}},{"type":"Feature","geometry":{"type":"Point","coordinates":[17.923579,58.934322]},"properties":{"id":"SE_STA_CAMERA_VViS_248_K1","name":"Nynäshamn","photo":"https://api.trafikinfo.trafikverket.se/v2/Images/data/road.infrastructure.camera/RoadConditionCamera_VViS_248_K1.jpg","dir":null}},{"type":"Feature","geometry":{"type":"Point","coordinates":[18.002682,59.044148]},"properties":{"id":"SE_STA_CAMERA_VViS_249_K1","name":"Landfjärden","photo":"https://api.trafikinfo.trafikverket.se/v2/Images/data/road.infrastructure.camera/RoadConditionCamera_VViS_249_K1.jpg","dir":null}},{"type":"Feature","geometry":{"type":"Point","coordinates":[18.104534,59.356882]},"properties":{"id":"SE_STA_CAMERA_VViS_251_K1","name":"Lidingöbron","photo":"https://api.trafikinfo.trafikverket.se/v2/Images/data/road.infrastructure.camera/RoadConditionCamera_VViS_251_K1.jpg","dir":null}},{"type":"Feature","geometry":{"type":"Point","coordinates":[17.488436,59.817088]},"properties":{"id":"SE_STA_CAMERA_VViS_301_K1","name":"Skärfälten","photo":"https://api.trafikinfo.trafikverket.se/v2/Images/data/road.infrastructure.camera/RoadConditionCamera_VViS_301_K1.jpg","dir":null}},{"type":"Feature","geometry":{"type":"Point","coordinates":[18.488787,59.703074]},"properties":{"id":"SE_STA_CAMERA_VViS_257_K1","name":"Ledinge","photo":"https://api.trafikinfo.trafikverket.se/v2/Images/data/road.infrastructure.camera/RoadConditionCamera_VViS_257_K1.jpg","dir":null}},{"type":"Feature","geometry":{"type":"Point","coordinates":[17.284821,59.87777]},"properties":{"id":"SE_STA_CAMERA_VViS_302_K1","name":"Åland","photo":"https://api.trafikinfo.trafikverket.se/v2/Images/data/road.infrastructure.camera/RoadConditionCamera_VViS_302_K1.jpg","dir":null}},{"type":"Feature","geometry":{"type":"Point","coordinates":[17.567055,59.995479]},"properties":{"id":"SE_STA_CAMERA_VViS_303_K1","name":"Drälinge","photo":"https://api.trafikinfo.trafikverket.se/v2/Images/data/road.infrastructure.camera/RoadConditionCamera_VViS_303_K1.jpg","dir":null}},{"type":"Feature","geometry":{"type":"Point","coordinates":[18.053995,60.051413]},"properties":{"id":"SE_STA_CAMERA_VViS_306_K1","name":"Alunda","photo":"https://api.trafikinfo.trafikverket.se/v2/Images/data/road.infrastructure.camera/RoadConditionCamera_VViS_306_K1.jpg","dir":null}},{"type":"Feature","geometry":{"type":"Point","coordinates":[18.175412,59.880742]},"properties":{"id":"SE_STA_CAMERA_VViS_308_K1","name":"Glugga","photo":"https://api.trafikinfo.trafikverket.se/v2/Images/data/road.infrastructure.camera/RoadConditionCamera_VViS_308_K1.jpg","dir":null}},{"type":"Feature","geometry":{"type":"Point","coordinates":[17.410297,60.419997]},"properties":{"id":"SE_STA_CAMERA_VViS_305_K1","name":"Mehedeby","photo":"https://api.trafikinfo.trafikverket.se/v2/Images/data/road.infrastructure.camera/RoadConditionCamera_VViS_305_K1.jpg","dir":null}},{"type":"Feature","geometry":{"type":"Point","coordinates":[18.499407,60.038026]},"properties":{"id":"SE_STA_CAMERA_VViS_309_K1","name":"Sättra","photo":"https://api.trafikinfo.trafikverket.se/v2/Images/data/road.infrastructure.camera/RoadConditionCamera_VViS_309_K1.jpg","dir":null}},{"type":"Feature","geometry":{"type":"Point","coordinates":[17.754907,59.816079]},"properties":{"id":"SE_STA_CAMERA_VViS_313_K1","name":"Sävjaån","photo":"https://api.trafikinfo.trafikverket.se/v2/Images/data/road.infrastructure.camera/RoadConditionCamera_VViS_313_K1.jpg","dir":null}},{"type":"Feature","geometry":{"type":"Point","coordinates":[17.264339,59.661579]},"properties":{"id":"SE_STA_CAMERA_VViS_316_K1","name":"Litslena","photo":"https://api.trafikinfo.trafikverket.se/v2/Images/data/road.infrastructure.camera/RoadConditionCamera_VViS_316_K1.jpg","dir":null}},{"type":"Feature","geometry":{"type":"Point","coordinates":[17.381789,59.623088]},"properties":{"id":"SE_STA_CAMERA_VViS_317_K1","name":"Ekolsundsbron","photo":"https://api.trafikinfo.trafikverket.se/v2/Images/data/road.infrastructure.camera/RoadConditionCamera_VViS_317_K1.jpg","dir":null}},{"type":"Feature","geometry":{"type":"Point","coordinates":[17.833966,60.195101]},"properties":{"id":"SE_STA_CAMERA_VViS_320_K1","name":"Dannemora","photo":"https://api.trafikinfo.trafikverket.se/v2/Images/data/road.infrastructure.camera/RoadConditionCamera_VViS_320_K1.jpg","dir":null}},{"type":"Feature","geometry":{"type":"Point","coordinates":[16.895065,59.774276]},"properties":{"id":"SE_STA_CAMERA_VViS_319_K1","name":"Simtuna","photo":"https://api.trafikinfo.trafikverket.se/v2/Images/data/road.infrastructure.camera/RoadConditionCamera_VViS_319_K1.jpg","dir":null}},{"type":"Feature","geometry":{"type":"Point","coordinates":[17.739345,60.486044]},"properties":{"id":"SE_STA_CAMERA_VViS_311_K1","name":"Skärplinge","photo":"https://api.trafikinfo.trafikverket.se/v2/Images/data/road.infrastructure.camera/RoadConditionCamera_VViS_311_K1.jpg","dir":null}},{"type":"Feature","geometry":{"type":"Point","coordinates":[17.796017,59.761671]},"properties":{"id":"SE_STA_CAMERA_VViS_322_K1","name":"Dalbo","photo":"https://api.trafikinfo.trafikverket.se/v2/Images/data/road.infrastructure.camera/RoadConditionCamera_VViS_322_K1.jpg","dir":null}},{"type":"Feature","geometry":{"type":"Point","coordinates":[16.996394,59.585242]},"properties":{"id":"SE_STA_CAMERA_VViS_323_K1","name":"Svinnegarn","photo":"https://api.trafikinfo.trafikverket.se/v2/Images/data/road.infrastructure.camera/RoadConditionCamera_VViS_323_K1.jpg","dir":null}},{"type":"Feature","geometry":{"type":"Point","coordinates":[17.879577,60.401861]},"properties":{"id":"SE_STA_CAMERA_VViS_325_K1","name":"Lövstabruk","photo":"https://api.trafikinfo.trafikverket.se/v2/Images/data/road.infrastructure.camera/RoadConditionCamera_VViS_325_K1.jpg","dir":null}},{"type":"Feature","geometry":{"type":"Point","coordinates":[17.622248,60.049681]},"properties":{"id":"SE_STA_CAMERA_VViS_327_K1","name":"Björklinge","photo":"https://api.trafikinfo.trafikverket.se/v2/Images/data/road.infrastructure.camera/RoadConditionCamera_VViS_327_K1.jpg","dir":null}},{"type":"Feature","geometry":{"type":"Point","coordinates":[17.495517,60.215911]},"properties":{"id":"SE_STA_CAMERA_VViS_328_K1","name":"Nya Månkarbo","photo":"https://api.trafikinfo.trafikverket.se/v2/Images/data/road.infrastructure.camera/RoadConditionCamera_VViS_328_K1.jpg","dir":null}},{"type":"Feature","geometry":{"type":"Point","coordinates":[17.655817,59.948946]},"properties":{"id":"SE_STA_CAMERA_VViS_326_K1","name":"Uppsala","photo":"https://api.trafikinfo.trafikverket.se/v2/Images/data/road.infrastructure.camera/RoadConditionCamera_VViS_326_K1.jpg","dir":null}},{"type":"Feature","geometry":{"type":"Point","coordinates":[17.511349,60.32439]},"properties":{"id":"SE_STA_CAMERA_VViS_329_K1","name":"Tierp","photo":"https://api.trafikinfo.trafikverket.se/v2/Images/data/road.infrastructure.camera/RoadConditionCamera_VViS_329_K1.jpg","dir":null}},{"type":"Feature","geometry":{"type":"Point","coordinates":[17.149615,58.821907]},"properties":{"id":"SE_STA_CAMERA_VViS_403_K1","name":"Svärta","photo":"https://api.trafikinfo.trafikverket.se/v2/Images/data/road.infrastructure.camera/RoadConditionCamera_VViS_403_K1.jpg","dir":null}},{"type":"Feature","geometry":{"type":"Point","coordinates":[16.85329,58.757134]},"properties":{"id":"SE_STA_CAMERA_VViS_402_K1","name":"Enstaberga","photo":"https://api.trafikinfo.trafikverket.se/v2/Images/data/road.infrastructure.camera/RoadConditionCamera_VViS_402_K1.jpg","dir":null}},{"type":"Feature","geometry":{"type":"Point","coordinates":[16.858568,59.634813]},"properties":{"id":"SE_STA_CAMERA_VViS_330_K1","name":"Lillån","photo":"https://api.trafikinfo.trafikverket.se/v2/Images/data/road.infrastructure.camera/RoadConditionCamera_VViS_330_K1.jpg","dir":null}},{"type":"Feature","geometry":{"type":"Point","coordinates":[17.330136,58.908096]},"properties":{"id":"SE_STA_CAMERA_VViS_405_K1","name":"Brohagen","photo":"https://api.trafikinfo.trafikverket.se/v2/Images/data/road.infrastructure.camera/RoadConditionCamera_VViS_405_K1.jpg","dir":null}},{"type":"Feature","geometry":{"type":"Point","coordinates":[17.541016,59.006324]},"properties":{"id":"SE_STA_CAMERA_VViS_404_K1","name":"Lillsjön","photo":"https://api.trafikinfo.trafikverket.se/v2/Images/data/road.infrastructure.camera/RoadConditionCamera_VViS_404_K1.jpg","dir":null}},{"type":"Feature","geometry":{"type":"Point","coordinates":[16.753548,58.83006]},"properties":{"id":"SE_STA_CAMERA_VViS_406_K1","name":"Nykyrka","photo":"https://api.trafikinfo.trafikverket.se/v2/Images/data/road.infrastructure.camera/RoadConditionCamera_VViS_406_K1.jpg","dir":null}},{"type":"Feature","geometry":{"type":"Point","coordinates":[17.225607,59.055593]},"properties":{"id":"SE_STA_CAMERA_VViS_409_K1","name":"Grinda","photo":"https://api.trafikinfo.trafikverket.se/v2/Images/data/road.infrastructure.camera/RoadConditionCamera_VViS_409_K1.jpg","dir":null}},{"type":"Feature","geometry":{"type":"Point","coordinates":[16.558323,59.037378]},"properties":{"id":"SE_STA_CAMERA_VViS_411_K1","name":"Lidaviken","photo":"https://api.trafikinfo.trafikverket.se/v2/Images/data/road.infrastructure.camera/RoadConditionCamera_VViS_411_K1.jpg","dir":null}},{"type":"Feature","geometry":{"type":"Point","coordinates":[16.834368,59.08184]},"properties":{"id":"SE_STA_CAMERA_VViS_410_K1","name":"Sparreholm","photo":"https://api.trafikinfo.trafikverket.se/v2/Images/data/road.infrastructure.camera/RoadConditionCamera_VViS_410_K1.jpg","dir":null}},{"type":"Feature","geometry":{"type":"Point","coordinates":[16.536655,58.908329]},"properties":{"id":"SE_STA_CAMERA_VViS_412_K1","name":"Hål","photo":"https://api.trafikinfo.trafikverket.se/v2/Images/data/road.infrastructure.camera/RoadConditionCamera_VViS_412_K1.jpg","dir":null}},{"type":"Feature","geometry":{"type":"Point","coordinates":[16.197924,58.842608]},"properties":{"id":"SE_STA_CAMERA_VViS_413_K1","name":"Västeråsen","photo":"https://api.trafikinfo.trafikverket.se/v2/Images/data/road.infrastructure.camera/RoadConditionCamera_VViS_413_K1.jpg","dir":null}},{"type":"Feature","geometry":{"type":"Point","coordinates":[15.868286,59.067124]},"properties":{"id":"SE_STA_CAMERA_VViS_414_K1","name":"Hacksta","photo":"https://api.trafikinfo.trafikverket.se/v2/Images/data/road.infrastructure.camera/RoadConditionCamera_VViS_414_K1.jpg","dir":null}},{"type":"Feature","geometry":{"type":"Point","coordinates":[16.602956,59.241186]},"properties":{"id":"SE_STA_CAMERA_VViS_417_K1","name":"Slytan","photo":"https://api.trafikinfo.trafikverket.se/v2/Images/data/road.infrastructure.camera/RoadConditionCamera_VViS_417_K1.jpg","dir":null}},{"type":"Feature","geometry":{"type":"Point","coordinates":[16.371008,59.407622]},"properties":{"id":"SE_STA_CAMERA_VViS_418_K1","name":"Gröndal","photo":"https://api.trafikinfo.trafikverket.se/v2/Images/data/road.infrastructure.camera/RoadConditionCamera_VViS_418_K1.jpg","dir":null}},{"type":"Feature","geometry":{"type":"Point","coordinates":[16.823003,59.204721]},"properties":{"id":"SE_STA_CAMERA_VViS_420_K1","name":"Björndammen","photo":"https://api.trafikinfo.trafikverket.se/v2/Images/data/road.infrastructure.camera/RoadConditionCamera_VViS_420_K1.jpg","dir":null}},{"type":"Feature","geometry":{"type":"Point","coordinates":[17.176693,59.24178]},"properties":{"id":"SE_STA_CAMERA_VViS_421_K1","name":"Läggesta","photo":"https://api.trafikinfo.trafikverket.se/v2/Images/data/road.infrastructure.camera/RoadConditionCamera_VViS_421_K1.jpg","dir":null}},{"type":"Feature","geometry":{"type":"Point","coordinates":[16.852205,58.950006]},"properties":{"id":"SE_STA_CAMERA_VViS_424_K1","name":"Vallhalla","photo":"https://api.trafikinfo.trafikverket.se/v2/Images/data/road.infrastructure.camera/RoadConditionCamera_VViS_424_K1.jpg","dir":null}},{"type":"Feature","geometry":{"type":"Point","coordinates":[16.920774,59.360312]},"properties":{"id":"SE_STA_CAMERA_VViS_423_K1","name":"Härad","photo":"https://api.trafikinfo.trafikverket.se/v2/Images/data/road.infrastructure.camera/RoadConditionCamera_VViS_423_K1.jpg","dir":null}},{"type":"Feature","geometry":{"type":"Point","coordinates":[17.012256,59.448634]},"properties":{"id":"SE_STA_CAMERA_VViS_422_K1","name":"Björndalsviken","photo":"https://api.trafikinfo.trafikverket.se/v2/Images/data/road.infrastructure.camera/RoadConditionCamera_VViS_422_K1.jpg","dir":null}},{"type":"Feature","geometry":{"type":"Point","coordinates":[17.047977,58.690952]},"properties":{"id":"SE_STA_CAMERA_VViS_426_K1","name":"Oxelösund","photo":"https://api.trafikinfo.trafikverket.se/v2/Images/data/road.infrastructure.camera/RoadConditionCamera_VViS_426_K1.jpg","dir":null}},{"type":"Feature","geometry":{"type":"Point","coordinates":[16.221778,59.052286]},"properties":{"id":"SE_STA_CAMERA_VViS_427_K1","name":"Strängstorp","photo":"https://api.trafikinfo.trafikverket.se/v2/Images/data/road.infrastructure.camera/RoadConditionCamera_VViS_427_K1.jpg","dir":null}},{"type":"Feature","geometry":{"type":"Point","coordinates":[16.283784,58.677492]},"properties":{"id":"SE_STA_CAMERA_VViS_523_K1","name":"Kolmården","photo":"https://api.trafikinfo.trafikverket.se/v2/Images/data/road.infrastructure.camera/RoadConditionCamera_VViS_523_K1.jpg","dir":null}},{"type":"Feature","geometry":{"type":"Point","coordinates":[16.472534,58.742481]},"properties":{"id":"SE_STA_CAMERA_VViS_425_K1","name":"Nya Korsbäcken","photo":"https://api.trafikinfo.trafikverket.se/v2/Images/data/road.infrastructure.camera/RoadConditionCamera_VViS_425_K1.jpg","dir":null}},{"type":"Feature","geometry":{"type":"Point","coordinates":[16.786837,59.378869]},"properties":{"id":"SE_STA_CAMERA_VViS_429_K1","name":"Eskilstuna Ö","photo":"https://api.trafikinfo.trafikverket.se/v2/Images/data/road.infrastructure.camera/RoadConditionCamera_VViS_429_K1.jpg","dir":null}},{"type":"Feature","geometry":{"type":"Point","coordinates":[15.083425,58.248464]},"properties":{"id":"SE_STA_CAMERA_VViS_534_K1","name":"Öringe","photo":"https://api.trafikinfo.trafikverket.se/v2/Images/data/road.infrastructure.camera/RoadConditionCamera_VViS_534_K1.jpg","dir":null}},{"type":"Feature","geometry":{"type":"Point","coordinates":[15.692641,57.911478]},"properties":{"id":"SE_STA_CAMERA_VViS_535_K1","name":"Vadstugan","photo":"https://api.trafikinfo.trafikverket.se/v2/Images/data/road.infrastructure.camera/RoadConditionCamera_VViS_535_K1.jpg","dir":null}},{"type":"Feature","geometry":{"type":"Point","coordinates":[15.619172,58.239249]},"properties":{"id":"SE_STA_CAMERA_VViS_536_K1","name":"Brokind","photo":"https://api.trafikinfo.trafikverket.se/v2/Images/data/road.infrastructure.camera/RoadConditionCamera_VViS_536_K1.jpg","dir":null}},{"type":"Feature","geometry":{"type":"Point","coordinates":[15.811741,58.373494]},"properties":{"id":"SE_STA_CAMERA_VViS_539_K1","name":"Bankekind","photo":"https://api.trafikinfo.trafikverket.se/v2/Images/data/road.infrastructure.camera/RoadConditionCamera_VViS_539_K1.jpg","dir":null}},{"type":"Feature","geometry":{"type":"Point","coordinates":[14.948748,58.301114]},"properties":{"id":"SE_STA_CAMERA_VViS_537_K1","name":"Väderstad","photo":"https://api.trafikinfo.trafikverket.se/v2/Images/data/road.infrastructure.camera/RoadConditionCamera_VViS_537_K1.jpg","dir":null}},{"type":"Feature","geometry":{"type":"Point","coordinates":[15.518878,58.765491]},"properties":{"id":"SE_STA_CAMERA_VViS_540_K1","name":"Hällestad","photo":"https://api.trafikinfo.trafikverket.se/v2/Images/data/road.infrastructure.camera/RoadConditionCamera_VViS_540_K1.jpg","dir":null}},{"type":"Feature","geometry":{"type":"Point","coordinates":[16.512855,58.575397]},"properties":{"id":"SE_STA_CAMERA_VViS_542_K1","name":"Östra Husby","photo":"https://api.trafikinfo.trafikverket.se/v2/Images/data/road.infrastructure.camera/RoadConditionCamera_VViS_542_K1.jpg","dir":null}},{"type":"Feature","geometry":{"type":"Point","coordinates":[16.062821,58.162547]},"properties":{"id":"SE_STA_CAMERA_VViS_541_K1","name":"Gullebo","photo":"https://api.trafikinfo.trafikverket.se/v2/Images/data/road.infrastructure.camera/RoadConditionCamera_VViS_541_K1.jpg","dir":null}},{"type":"Feature","geometry":{"type":"Point","coordinates":[15.912162,58.694654]},"properties":{"id":"SE_STA_CAMERA_VViS_543_K1","name":"Finspång","photo":"https://api.trafikinfo.trafikverket.se/v2/Images/data/road.infrastructure.camera/RoadConditionCamera_VViS_543_K1.jpg","dir":null}},{"type":"Feature","geometry":{"type":"Point","coordinates":[16.164696,58.716277]},"properties":{"id":"SE_STA_CAMERA_VViS_524_K1","name":"Åby 2","photo":"https://api.trafikinfo.trafikverket.se/v2/Images/data/road.infrastructure.camera/RoadConditionCamera_VViS_524_K1.jpg","dir":null}},{"type":"Feature","geometry":{"type":"Point","coordinates":[15.61933,58.43383]},"properties":{"id":"SE_STA_CAMERA_VViS_527_K1","name":"Linköping","photo":"https://api.trafikinfo.trafikverket.se/v2/Images/data/road.infrastructure.camera/RoadConditionCamera_VViS_527_K1.jpg","dir":null}},{"type":"Feature","geometry":{"type":"Point","coordinates":[16.03046,58.531541]},"properties":{"id":"SE_STA_CAMERA_VViS_528_K1","name":"Lövstad","photo":"https://api.trafikinfo.trafikverket.se/v2/Images/data/road.infrastructure.camera/RoadConditionCamera_VViS_528_K1.jpg","dir":null}},{"type":"Feature","geometry":{"type":"Point","coordinates":[14.97674,58.438584]},"properties":{"id":"SE_STA_CAMERA_VViS_529_K1","name":"Vadstena","photo":"https://api.trafikinfo.trafikverket.se/v2/Images/data/road.infrastructure.camera/RoadConditionCamera_VViS_529_K1.jpg","dir":null}},{"type":"Feature","geometry":{"type":"Point","coordinates":[16.534576,58.141368]},"properties":{"id":"SE_STA_CAMERA_VViS_531_K1","name":"Valdemarsvik","photo":"https://api.trafikinfo.trafikverket.se/v2/Images/data/road.infrastructure.camera/RoadConditionCamera_VViS_531_K1.jpg","dir":null}},{"type":"Feature","geometry":{"type":"Point","coordinates":[16.365143,58.448816]},"properties":{"id":"SE_STA_CAMERA_VViS_532_K1","name":"Braberg","photo":"https://api.trafikinfo.trafikverket.se/v2/Images/data/road.infrastructure.camera/RoadConditionCamera_VViS_532_K1.jpg","dir":null}},{"type":"Feature","geometry":{"type":"Point","coordinates":[15.161642,57.798964]},"properties":{"id":"SE_STA_CAMERA_VViS_533_K1","name":"Rydsnäs","photo":"https://api.trafikinfo.trafikverket.se/v2/Images/data/road.infrastructure.camera/RoadConditionCamera_VViS_533_K1.jpg","dir":null}},{"type":"Feature","geometry":{"type":"Point","coordinates":[14.691916,58.231234]},"properties":{"id":"SE_STA_CAMERA_VViS_544_K1","name":"Ödeshög","photo":"https://api.trafikinfo.trafikverket.se/v2/Images/data/road.infrastructure.camera/RoadConditionCamera_VViS_544_K1.jpg","dir":null}},{"type":"Feature","geometry":{"type":"Point","coordinates":[15.332831,58.377232]},"properties":{"id":"SE_STA_CAMERA_VViS_546_K1","name":"Mantorp","photo":"https://api.trafikinfo.trafikverket.se/v2/Images/data/road.infrastructure.camera/RoadConditionCamera_VViS_546_K1.jpg","dir":null}},{"type":"Feature","geometry":{"type":"Point","coordinates":[14.988016,58.573934]},"properties":{"id":"SE_STA_CAMERA_VViS_547_K1","name":"Motala","photo":"https://api.trafikinfo.trafikverket.se/v2/Images/data/road.infrastructure.camera/RoadConditionCamera_VViS_547_K1.jpg","dir":null}},{"type":"Feature","geometry":{"type":"Point","coordinates":[15.357869,58.490961]},"properties":{"id":"SE_STA_CAMERA_VViS_548_K1","name":"Klockrike","photo":"https://api.trafikinfo.trafikverket.se/v2/Images/data/road.infrastructure.camera/RoadConditionCamera_VViS_548_K1.jpg","dir":null}},{"type":"Feature","geometry":{"type":"Point","coordinates":[16.897483,58.492001]},"properties":{"id":"SE_STA_CAMERA_VViS_550_K1","name":"Arkösund","photo":"https://api.trafikinfo.trafikverket.se/v2/Images/data/road.infrastructure.camera/RoadConditionCamera_VViS_550_K1.jpg","dir":null}},{"type":"Feature","geometry":{"type":"Point","coordinates":[16.479066,58.317472]},"properties":{"id":"SE_STA_CAMERA_VViS_549_K1","name":"Ringarum","photo":"https://api.trafikinfo.trafikverket.se/v2/Images/data/road.infrastructure.camera/RoadConditionCamera_VViS_549_K1.jpg","dir":null}},{"type":"Feature","geometry":{"type":"Point","coordinates":[16.013784,58.666509]},"properties":{"id":"SE_STA_CAMERA_VViS_552_K1","name":"Svärtinge","photo":"https://api.trafikinfo.trafikverket.se/v2/Images/data/road.infrastructure.camera/RoadConditionCamera_VViS_552_K1.jpg","dir":null}},{"type":"Feature","geometry":{"type":"Point","coordinates":[15.049798,58.468511]},"properties":{"id":"SE_STA_CAMERA_VViS_554_K1","name":"Fågelsta","photo":"https://api.trafikinfo.trafikverket.se/v2/Images/data/road.infrastructure.camera/RoadConditionCamera_VViS_554_K1.jpg","dir":null}},{"type":"Feature","geometry":{"type":"Point","coordinates":[15.282935,58.573031]},"properties":{"id":"SE_STA_CAMERA_VViS_553_K1","name":"Borensberg","photo":"https://api.trafikinfo.trafikverket.se/v2/Images/data/road.infrastructure.camera/RoadConditionCamera_VViS_553_K1.jpg","dir":null}},{"type":"Feature","geometry":{"type":"Point","coordinates":[14.441872,57.99484]},"properties":{"id":"SE_STA_CAMERA_VViS_601_K1","name":"Gyllene Uttern","photo":"https://api.trafikinfo.trafikverket.se/v2/Images/data/road.infrastructure.camera/RoadConditionCamera_VViS_601_K1.jpg","dir":null}},{"type":"Feature","geometry":{"type":"Point","coordinates":[14.159606,57.689153]},"properties":{"id":"SE_STA_CAMERA_VViS_605_K1","name":"Torsvik","photo":"https://api.trafikinfo.trafikverket.se/v2/Images/data/road.infrastructure.camera/RoadConditionCamera_VViS_605_K1.jpg","dir":null}},{"type":"Feature","geometry":{"type":"Point","coordinates":[14.341472,57.94626]},"properties":{"id":"SE_STA_CAMERA_VViS_602_K1","name":"Gunneryd","photo":"https://api.trafikinfo.trafikverket.se/v2/Images/data/road.infrastructure.camera/RoadConditionCamera_VViS_602_K1.jpg","dir":null}},{"type":"Feature","geometry":{"type":"Point","coordinates":[14.785556,57.388342]},"properties":{"id":"SE_STA_CAMERA_VViS_604_K1","name":"Hultagård","photo":"https://api.trafikinfo.trafikverket.se/v2/Images/data/road.infrastructure.camera/RoadConditionCamera_VViS_604_K1.jpg","dir":null}},{"type":"Feature","geometry":{"type":"Point","coordinates":[14.254985,57.756726]},"properties":{"id":"SE_STA_CAMERA_VViS_611_K1","name":"Järabacken","photo":"https://api.trafikinfo.trafikverket.se/v2/Images/data/road.infrastructure.camera/RoadConditionCamera_VViS_611_K1.jpg","dir":null}},{"type":"Feature","geometry":{"type":"Point","coordinates":[13.998704,57.757556]},"properties":{"id":"SE_STA_CAMERA_VViS_614_K1","name":"Knutshult","photo":"https://api.trafikinfo.trafikverket.se/v2/Images/data/road.infrastructure.camera/RoadConditionCamera_VViS_614_K1.jpg","dir":null}},{"type":"Feature","geometry":{"type":"Point","coordinates":[14.267254,57.5396]},"properties":{"id":"SE_STA_CAMERA_VViS_607_K1","name":"Hok","photo":"https://api.trafikinfo.trafikverket.se/v2/Images/data/road.infrastructure.camera/RoadConditionCamera_VViS_607_K1.jpg","dir":null}},{"type":"Feature","geometry":{"type":"Point","coordinates":[14.528845,58.068828]},"properties":{"id":"SE_STA_CAMERA_VViS_618_K1","name":"Brahehus","photo":"https://api.trafikinfo.trafikverket.se/v2/Images/data/road.infrastructure.camera/RoadConditionCamera_VViS_618_K1.jpg","dir":null}},{"type":"Feature","geometry":{"type":"Point","coordinates":[13.841105,57.672318]},"properties":{"id":"SE_STA_CAMERA_VViS_616_K1","name":"Röksberg","photo":"https://api.trafikinfo.trafikverket.se/v2/Images/data/road.infrastructure.camera/RoadConditionCamera_VViS_616_K1.jpg","dir":null}},{"type":"Feature","geometry":{"type":"Point","coordinates":[14.100156,57.829973]},"properties":{"id":"SE_STA_CAMERA_VViS_617_K1","name":"Månseryd","photo":"https://api.trafikinfo.trafikverket.se/v2/Images/data/road.infrastructure.camera/RoadConditionCamera_VViS_617_K1.jpg","dir":null}},{"type":"Feature","geometry":{"type":"Point","coordinates":[13.792885,57.334623]},"properties":{"id":"SE_STA_CAMERA_VViS_627_K1","name":"Marås","photo":"https://api.trafikinfo.trafikverket.se/v2/Images/data/road.infrastructure.camera/RoadConditionCamera_VViS_627_K1.jpg","dir":null}},{"type":"Feature","geometry":{"type":"Point","coordinates":[13.776234,57.168276]},"properties":{"id":"SE_STA_CAMERA_VViS_630_K1","name":"Bredaryd","photo":"https://api.trafikinfo.trafikverket.se/v2/Images/data/road.infrastructure.camera/RoadConditionCamera_VViS_630_K1.jpg","dir":null}},{"type":"Feature","geometry":{"type":"Point","coordinates":[14.062877,57.078669]},"properties":{"id":"SE_STA_CAMERA_VViS_632_K1","name":"Tånnö","photo":"https://api.trafikinfo.trafikverket.se/v2/Images/data/road.infrastructure.camera/RoadConditionCamera_VViS_632_K1.jpg","dir":null}},{"type":"Feature","geometry":{"type":"Point","coordinates":[14.077494,57.236029]},"properties":{"id":"SE_STA_CAMERA_VViS_633_K1","name":"Karlsbro","photo":"https://api.trafikinfo.trafikverket.se/v2/Images/data/road.infrastructure.camera/RoadConditionCamera_VViS_633_K1.jpg","dir":null}},{"type":"Feature","geometry":{"type":"Point","coordinates":[13.97445,57.184498]},"properties":{"id":"SE_STA_CAMERA_VViS_631_K1","name":"Bältarebo","photo":"https://api.trafikinfo.trafikverket.se/v2/Images/data/road.infrastructure.camera/RoadConditionCamera_VViS_631_K1.jpg","dir":null}},{"type":"Feature","geometry":{"type":"Point","coordinates":[14.2728,57.002003]},"properties":{"id":"SE_STA_CAMERA_VViS_634_K1","name":"Upplid","photo":"https://api.trafikinfo.trafikverket.se/v2/Images/data/road.infrastructure.camera/RoadConditionCamera_VViS_634_K1.jpg","dir":null}},{"type":"Feature","geometry":{"type":"Point","coordinates":[14.515488,57.213687]},"properties":{"id":"SE_STA_CAMERA_VViS_636_K1","name":"Björka","photo":"https://api.trafikinfo.trafikverket.se/v2/Images/data/road.infrastructure.camera/RoadConditionCamera_VViS_636_K1.jpg","dir":null}},{"type":"Feature","geometry":{"type":"Point","coordinates":[14.336342,57.32534]},"properties":{"id":"SE_STA_CAMERA_VViS_635_K1","name":"Nydala","photo":"https://api.trafikinfo.trafikverket.se/v2/Images/data/road.infrastructure.camera/RoadConditionCamera_VViS_635_K1.jpg","dir":null}},{"type":"Feature","geometry":{"type":"Point","coordinates":[14.754344,57.463562]},"properties":{"id":"SE_STA_CAMERA_VViS_639_K1","name":"N Sandsjö","photo":"https://api.trafikinfo.trafikverket.se/v2/Images/data/road.infrastructure.camera/RoadConditionCamera_VViS_639_K1.jpg","dir":null}},{"type":"Feature","geometry":{"type":"Point","coordinates":[14.652965,58.012118]},"properties":{"id":"SE_STA_CAMERA_VViS_640_K1","name":"Adelöv","photo":"https://api.trafikinfo.trafikverket.se/v2/Images/data/road.infrastructure.camera/RoadConditionCamera_VViS_640_K1.jpg","dir":null}},{"type":"Feature","geometry":{"type":"Point","coordinates":[15.064595,57.643968]},"properties":{"id":"SE_STA_CAMERA_VViS_642_K1","name":"Björnshult","photo":"https://api.trafikinfo.trafikverket.se/v2/Images/data/road.infrastructure.camera/RoadConditionCamera_VViS_642_K1.jpg","dir":null}},{"type":"Feature","geometry":{"type":"Point","coordinates":[14.732416,57.653816]},"properties":{"id":"SE_STA_CAMERA_VViS_641_K1","name":"Nässjö","photo":"https://api.trafikinfo.trafikverket.se/v2/Images/data/road.infrastructure.camera/RoadConditionCamera_VViS_641_K1.jpg","dir":null}},{"type":"Feature","geometry":{"type":"Point","coordinates":[15.002303,57.507772]},"properties":{"id":"SE_STA_CAMERA_VViS_643_K1","name":"Ekenäslid","photo":"https://api.trafikinfo.trafikverket.se/v2/Images/data/road.infrastructure.camera/RoadConditionCamera_VViS_643_K1.jpg","dir":null}},{"type":"Feature","geometry":{"type":"Point","coordinates":[15.131682,57.285816]},"properties":{"id":"SE_STA_CAMERA_VViS_644_K1","name":"Knixhult","photo":"https://api.trafikinfo.trafikverket.se/v2/Images/data/road.infrastructure.camera/RoadConditionCamera_VViS_644_K1.jpg","dir":null}},{"type":"Feature","geometry":{"type":"Point","coordinates":[14.520731,57.675352]},"properties":{"id":"SE_STA_CAMERA_VViS_645_K1","name":"Kullebo","photo":"https://api.trafikinfo.trafikverket.se/v2/Images/data/road.infrastructure.camera/RoadConditionCamera_VViS_645_K1.jpg","dir":null}},{"type":"Feature","geometry":{"type":"Point","coordinates":[14.098195,57.456022]},"properties":{"id":"SE_STA_CAMERA_VViS_646_K1","name":"Skillingaryd","photo":"https://api.trafikinfo.trafikverket.se/v2/Images/data/road.infrastructure.camera/RoadConditionCamera_VViS_646_K1.jpg","dir":null}},{"type":"Feature","geometry":{"type":"Point","coordinates":[13.663063,57.479326]},"properties":{"id":"SE_STA_CAMERA_VViS_647_K1","name":"Öreryd","photo":"https://api.trafikinfo.trafikverket.se/v2/Images/data/road.infrastructure.camera/RoadConditionCamera_VViS_647_K1.jpg","dir":null}},{"type":"Feature","geometry":{"type":"Point","coordinates":[14.107186,57.757423]},"properties":{"id":"SE_STA_CAMERA_VViS_651_K1","name":"Göteborgsbacken, övre","photo":"https://api.trafikinfo.trafikverket.se/v2/Images/data/road.infrastructure.camera/RoadConditionCamera_VViS_651_K1.jpg","dir":null}},{"type":"Feature","geometry":{"type":"Point","coordinates":[14.263845,57.790373]},"properties":{"id":"SE_STA_CAMERA_VViS_648_K1","name":"Huskvarna","photo":"https://api.trafikinfo.trafikverket.se/v2/Images/data/road.infrastructure.camera/RoadConditionCamera_VViS_648_K1.jpg","dir":null}},{"type":"Feature","geometry":{"type":"Point","coordinates":[14.951368,58.032648]},"properties":{"id":"SE_STA_CAMERA_VViS_649_K1","name":"Tranås","photo":"https://api.trafikinfo.trafikverket.se/v2/Images/data/road.infrastructure.camera/RoadConditionCamera_VViS_649_K1.jpg","dir":null}},{"type":"Feature","geometry":{"type":"Point","coordinates":[13.479002,57.259839]},"properties":{"id":"SE_STA_CAMERA_VViS_652_K1","name":"Gislaved","photo":"https://api.trafikinfo.trafikverket.se/v2/Images/data/road.infrastructure.camera/RoadConditionCamera_VViS_652_K1.jpg","dir":null}},{"type":"Feature","geometry":{"type":"Point","coordinates":[14.115731,57.750926]},"properties":{"id":"SE_STA_CAMERA_VViS_653_K1","name":"Göteborgsbacken, nedre","photo":"https://api.trafikinfo.trafikverket.se/v2/Images/data/road.infrastructure.camera/RoadConditionCamera_VViS_653_K1.jpg","dir":null}},{"type":"Feature","geometry":{"type":"Point","coordinates":[14.866897,57.847564]},"properties":{"id":"SE_STA_CAMERA_VViS_654_K1","name":"Blå grindar","photo":"https://api.trafikinfo.trafikverket.se/v2/Images/data/road.infrastructure.camera/RoadConditionCamera_VViS_654_K1.jpg","dir":null}},{"type":"Feature","geometry":{"type":"Point","coordinates":[14.678474,57.788509]},"properties":{"id":"SE_STA_CAMERA_VViS_655_K1","name":"Boafall","photo":"https://api.trafikinfo.trafikverket.se/v2/Images/data/road.infrastructure.camera/RoadConditionCamera_VViS_655_K1.jpg","dir":null}},{"type":"Feature","geometry":{"type":"Point","coordinates":[13.934794,57.873939]},"properties":{"id":"SE_STA_CAMERA_VViS_657_K1","name":"Håknarp2","photo":"https://api.trafikinfo.trafikverket.se/v2/Images/data/road.infrastructure.camera/RoadConditionCamera_VViS_657_K1.jpg","dir":null}},{"type":"Feature","geometry":{"type":"Point","coordinates":[13.714398,56.75617]},"properties":{"id":"SE_STA_CAMERA_VViS_702_K1","name":"Annerstad","photo":"https://api.trafikinfo.trafikverket.se/v2/Images/data/road.infrastructure.camera/RoadConditionCamera_VViS_702_K1.jpg","dir":null}},{"type":"Feature","geometry":{"type":"Point","coordinates":[13.995373,56.939316]},"properties":{"id":"SE_STA_CAMERA_VViS_703_K1","name":"Laganrasten","photo":"https://api.trafikinfo.trafikverket.se/v2/Images/data/road.infrastructure.camera/RoadConditionCamera_VViS_703_K1.jpg","dir":null}},{"type":"Feature","geometry":{"type":"Point","coordinates":[14.163544,56.872383]},"properties":{"id":"SE_STA_CAMERA_VViS_704_K1","name":"Ryssby","photo":"https://api.trafikinfo.trafikverket.se/v2/Images/data/road.infrastructure.camera/RoadConditionCamera_VViS_704_K1.jpg","dir":null}},{"type":"Feature","geometry":{"type":"Point","coordinates":[14.057098,56.551196]},"properties":{"id":"SE_STA_CAMERA_VViS_705_K1","name":"Brokhult","photo":"https://api.trafikinfo.trafikverket.se/v2/Images/data/road.infrastructure.camera/RoadConditionCamera_VViS_705_K1.jpg","dir":null}},{"type":"Feature","geometry":{"type":"Point","coordinates":[14.550033,56.517796]},"properties":{"id":"SE_STA_CAMERA_VViS_706_K1","name":"Häradsbäck","photo":"https://api.trafikinfo.trafikverket.se/v2/Images/data/road.infrastructure.camera/RoadConditionCamera_VViS_706_K1.jpg","dir":null}},{"type":"Feature","geometry":{"type":"Point","coordinates":[14.691683,56.825733]},"properties":{"id":"SE_STA_CAMERA_VViS_708_K1","name":"Nöbbele","photo":"https://api.trafikinfo.trafikverket.se/v2/Images/data/road.infrastructure.camera/RoadConditionCamera_VViS_708_K1.jpg","dir":null}},{"type":"Feature","geometry":{"type":"Point","coordinates":[14.712855,56.898184]},"properties":{"id":"SE_STA_CAMERA_VViS_709_K1","name":"Kvälleberg","photo":"https://api.trafikinfo.trafikverket.se/v2/Images/data/road.infrastructure.camera/RoadConditionCamera_VViS_709_K1.jpg","dir":null}},{"type":"Feature","geometry":{"type":"Point","coordinates":[14.882894,56.810894]},"properties":{"id":"SE_STA_CAMERA_VViS_712_K1","name":"Tegnaby","photo":"https://api.trafikinfo.trafikverket.se/v2/Images/data/road.infrastructure.camera/RoadConditionCamera_VViS_712_K1.jpg","dir":null}},{"type":"Feature","geometry":{"type":"Point","coordinates":[14.94066,56.956596]},"properties":{"id":"SE_STA_CAMERA_VViS_714_K1","name":"Kråkenäsryd","photo":"https://api.trafikinfo.trafikverket.se/v2/Images/data/road.infrastructure.camera/RoadConditionCamera_VViS_714_K1.jpg","dir":null}},{"type":"Feature","geometry":{"type":"Point","coordinates":[13.762987,56.615942]},"properties":{"id":"SE_STA_CAMERA_VViS_716_K1","name":"Sjöboda","photo":"https://api.trafikinfo.trafikverket.se/v2/Images/data/road.infrastructure.camera/RoadConditionCamera_VViS_716_K1.jpg","dir":null}},{"type":"Feature","geometry":{"type":"Point","coordinates":[14.434805,56.711933]},"properties":{"id":"SE_STA_CAMERA_VViS_707_K1","name":"Taglarmyren","photo":"https://api.trafikinfo.trafikverket.se/v2/Images/data/road.infrastructure.camera/RoadConditionCamera_VViS_707_K1.jpg","dir":null}},{"type":"Feature","geometry":{"type":"Point","coordinates":[14.955157,56.548412]},"properties":{"id":"SE_STA_CAMERA_VViS_717_K1","name":"Nya Tingsryd","photo":"https://api.trafikinfo.trafikverket.se/v2/Images/data/road.infrastructure.camera/RoadConditionCamera_VViS_717_K1.jpg","dir":null}},{"type":"Feature","geometry":{"type":"Point","coordinates":[15.138305,56.79012]},"properties":{"id":"SE_STA_CAMERA_VViS_718_K1","name":"Nya Hovmantorp","photo":"https://api.trafikinfo.trafikverket.se/v2/Images/data/road.infrastructure.camera/RoadConditionCamera_VViS_718_K1.jpg","dir":null}},{"type":"Feature","geometry":{"type":"Point","coordinates":[15.266698,56.553084]},"properties":{"id":"SE_STA_CAMERA_VViS_719_K1","name":"Rävemåla","photo":"https://api.trafikinfo.trafikverket.se/v2/Images/data/road.infrastructure.camera/RoadConditionCamera_VViS_719_K1.jpg","dir":null}},{"type":"Feature","geometry":{"type":"Point","coordinates":[14.546126,56.922538]},"properties":{"id":"SE_STA_CAMERA_VViS_720_K1","name":"Alvesta","photo":"https://api.trafikinfo.trafikverket.se/v2/Images/data/road.infrastructure.camera/RoadConditionCamera_VViS_720_K1.jpg","dir":null}},{"type":"Feature","geometry":{"type":"Point","coordinates":[14.90223,56.384688]},"properties":{"id":"SE_STA_CAMERA_VViS_721_K1","name":"G/K Länsgräns Väg 29","photo":"https://api.trafikinfo.trafikverket.se/v2/Images/data/road.infrastructure.camera/RoadConditionCamera_VViS_721_K1.jpg","dir":null}},{"type":"Feature","geometry":{"type":"Point","coordinates":[13.652899,56.505881]},"properties":{"id":"SE_STA_CAMERA_VViS_722_K1","name":"Markaryd","photo":"https://api.trafikinfo.trafikverket.se/v2/Images/data/road.infrastructure.camera/RoadConditionCamera_VViS_722_K1.jpg","dir":null}},{"type":"Feature","geometry":{"type":"Point","coordinates":[15.271447,57.004126]},"properties":{"id":"SE_STA_CAMERA_VViS_723_K1","name":"Lenhovda","photo":"https://api.trafikinfo.trafikverket.se/v2/Images/data/road.infrastructure.camera/RoadConditionCamera_VViS_723_K1.jpg","dir":null}},{"type":"Feature","geometry":{"type":"Point","coordinates":[16.618416,56.569342]},"properties":{"id":"SE_STA_CAMERA_VViS_802_K1","name":"Sandby","photo":"https://api.trafikinfo.trafikverket.se/v2/Images/data/road.infrastructure.camera/RoadConditionCamera_VViS_802_K1.jpg","dir":null}},{"type":"Feature","geometry":{"type":"Point","coordinates":[16.559514,56.760987]},"properties":{"id":"SE_STA_CAMERA_VViS_804_K1","name":"Rälla","photo":"https://api.trafikinfo.trafikverket.se/v2/Images/data/road.infrastructure.camera/RoadConditionCamera_VViS_804_K1.jpg","dir":null}},{"type":"Feature","geometry":{"type":"Point","coordinates":[17.015613,57.338779]},"properties":{"id":"SE_STA_CAMERA_VViS_805_K1","name":"Byxelkrok","photo":"https://api.trafikinfo.trafikverket.se/v2/Images/data/road.infrastructure.camera/RoadConditionCamera_VViS_805_K1.jpg","dir":null}},{"type":"Feature","geometry":{"type":"Point","coordinates":[16.215618,56.638264]},"properties":{"id":"SE_STA_CAMERA_VViS_806_K1","name":"Hossmo","photo":"https://api.trafikinfo.trafikverket.se/v2/Images/data/road.infrastructure.camera/RoadConditionCamera_VViS_806_K1.jpg","dir":null}},{"type":"Feature","geometry":{"type":"Point","coordinates":[15.6034,56.502241]},"properties":{"id":"SE_STA_CAMERA_VViS_809_K1","name":"Vissefjärda","photo":"https://api.trafikinfo.trafikverket.se/v2/Images/data/road.infrastructure.camera/RoadConditionCamera_VViS_809_K1.jpg","dir":null}},{"type":"Feature","geometry":{"type":"Point","coordinates":[14.639566,57.094554]},"properties":{"id":"SE_STA_CAMERA_VViS_710_K1","name":"Bredhult","photo":"https://api.trafikinfo.trafikverket.se/v2/Images/data/road.infrastructure.camera/RoadConditionCamera_VViS_710_K1.jpg","dir":null}},{"type":"Feature","geometry":{"type":"Point","coordinates":[16.150296,56.685264]},"properties":{"id":"SE_STA_CAMERA_VViS_811_K1","name":"Trekanten","photo":"https://api.trafikinfo.trafikverket.se/v2/Images/data/road.infrastructure.camera/RoadConditionCamera_VViS_811_K1.jpg","dir":null}},{"type":"Feature","geometry":{"type":"Point","coordinates":[15.519389,56.736838]},"properties":{"id":"SE_STA_CAMERA_VViS_812_K1","name":"Eriksmåla","photo":"https://api.trafikinfo.trafikverket.se/v2/Images/data/road.infrastructure.camera/RoadConditionCamera_VViS_812_K1.jpg","dir":null}},{"type":"Feature","geometry":{"type":"Point","coordinates":[16.083813,56.531422]},"properties":{"id":"SE_STA_CAMERA_VViS_807_K1","name":"Söderåkra","photo":"https://api.trafikinfo.trafikverket.se/v2/Images/data/road.infrastructure.camera/RoadConditionCamera_VViS_807_K1.jpg","dir":null}},{"type":"Feature","geometry":{"type":"Point","coordinates":[15.546201,56.907103]},"properties":{"id":"SE_STA_CAMERA_VViS_813_K1","name":"Målerås","photo":"https://api.trafikinfo.trafikverket.se/v2/Images/data/road.infrastructure.camera/RoadConditionCamera_VViS_813_K1.jpg","dir":null}},{"type":"Feature","geometry":{"type":"Point","coordinates":[16.339401,56.781516]},"properties":{"id":"SE_STA_CAMERA_VViS_814_K1","name":"Rockneby","photo":"https://api.trafikinfo.trafikverket.se/v2/Images/data/road.infrastructure.camera/RoadConditionCamera_VViS_814_K1.jpg","dir":null}},{"type":"Feature","geometry":{"type":"Point","coordinates":[15.929503,56.928208]},"properties":{"id":"SE_STA_CAMERA_VViS_815_K1","name":"Alsterbro","photo":"https://api.trafikinfo.trafikverket.se/v2/Images/data/road.infrastructure.camera/RoadConditionCamera_VViS_815_K1.jpg","dir":null}},{"type":"Feature","geometry":{"type":"Point","coordinates":[16.245427,57.042176]},"properties":{"id":"SE_STA_CAMERA_VViS_817_K1","name":"Värlebo","photo":"https://api.trafikinfo.trafikverket.se/v2/Images/data/road.infrastructure.camera/RoadConditionCamera_VViS_817_K1.jpg","dir":null}},{"type":"Feature","geometry":{"type":"Point","coordinates":[15.567392,57.294423]},"properties":{"id":"SE_STA_CAMERA_VViS_819_K1","name":"Virserum","photo":"https://api.trafikinfo.trafikverket.se/v2/Images/data/road.infrastructure.camera/RoadConditionCamera_VViS_819_K1.jpg","dir":null}},{"type":"Feature","geometry":{"type":"Point","coordinates":[16.081254,57.262002]},"properties":{"id":"SE_STA_CAMERA_VViS_821_K1","name":"Bockara","photo":"https://api.trafikinfo.trafikverket.se/v2/Images/data/road.infrastructure.camera/RoadConditionCamera_VViS_821_K1.jpg","dir":null}},{"type":"Feature","geometry":{"type":"Point","coordinates":[16.484951,57.125764]},"properties":{"id":"SE_STA_CAMERA_VViS_816_K1","name":"Påskallavik","photo":"https://api.trafikinfo.trafikverket.se/v2/Images/data/road.infrastructure.camera/RoadConditionCamera_VViS_816_K1.jpg","dir":null}},{"type":"Feature","geometry":{"type":"Point","coordinates":[16.458614,57.293506]},"properties":{"id":"SE_STA_CAMERA_VViS_822_K1","name":"Oskarshamn","photo":"https://api.trafikinfo.trafikverket.se/v2/Images/data/road.infrastructure.camera/RoadConditionCamera_VViS_822_K1.jpg","dir":null}},{"type":"Feature","geometry":{"type":"Point","coordinates":[16.473205,57.609818]},"properties":{"id":"SE_STA_CAMERA_VViS_823_K1","name":"Blankaholm","photo":"https://api.trafikinfo.trafikverket.se/v2/Images/data/road.infrastructure.camera/RoadConditionCamera_VViS_823_K1.jpg","dir":null}},{"type":"Feature","geometry":{"type":"Point","coordinates":[15.625155,57.635334]},"properties":{"id":"SE_STA_CAMERA_VViS_826_K1","name":"Mariannelund","photo":"https://api.trafikinfo.trafikverket.se/v2/Images/data/road.infrastructure.camera/RoadConditionCamera_VViS_826_K1.jpg","dir":null}},{"type":"Feature","geometry":{"type":"Point","coordinates":[15.825233,57.423228]},"properties":{"id":"SE_STA_CAMERA_VViS_827_K1","name":"Storgöl","photo":"https://api.trafikinfo.trafikverket.se/v2/Images/data/road.infrastructure.camera/RoadConditionCamera_VViS_827_K1.jpg","dir":null}},{"type":"Feature","geometry":{"type":"Point","coordinates":[16.203175,58.055187]},"properties":{"id":"SE_STA_CAMERA_VViS_828_K1","name":"Överum","photo":"https://api.trafikinfo.trafikverket.se/v2/Images/data/road.infrastructure.camera/RoadConditionCamera_VViS_828_K1.jpg","dir":null}},{"type":"Feature","geometry":{"type":"Point","coordinates":[16.495257,58.008137]},"properties":{"id":"SE_STA_CAMERA_VViS_829_K1","name":"Västra Ed","photo":"https://api.trafikinfo.trafikverket.se/v2/Images/data/road.infrastructure.camera/RoadConditionCamera_VViS_829_K1.jpg","dir":null}},{"type":"Feature","geometry":{"type":"Point","coordinates":[16.461014,56.66693]},"properties":{"id":"SE_STA_CAMERA_VViS_832_K1","name":"Ölandsbron låg","photo":"https://api.trafikinfo.trafikverket.se/v2/Images/data/road.infrastructure.camera/RoadConditionCamera_VViS_832_K1.jpg","dir":null}},{"type":"Feature","geometry":{"type":"Point","coordinates":[15.915628,56.726427]},"properties":{"id":"SE_STA_CAMERA_VViS_833_K1","name":"Nybro","photo":"https://api.trafikinfo.trafikverket.se/v2/Images/data/road.infrastructure.camera/RoadConditionCamera_VViS_833_K1.jpg","dir":null}},{"type":"Feature","geometry":{"type":"Point","coordinates":[15.836663,57.67282]},"properties":{"id":"SE_STA_CAMERA_VViS_834_K1","name":"Vimmerby","photo":"https://api.trafikinfo.trafikverket.se/v2/Images/data/road.infrastructure.camera/RoadConditionCamera_VViS_834_K1.jpg","dir":null}},{"type":"Feature","geometry":{"type":"Point","coordinates":[15.577064,57.40869]},"properties":{"id":"SE_STA_CAMERA_VViS_835_K1","name":"Järnforsen","photo":"https://api.trafikinfo.trafikverket.se/v2/Images/data/road.infrastructure.camera/RoadConditionCamera_VViS_835_K1.jpg","dir":null}},{"type":"Feature","geometry":{"type":"Point","coordinates":[16.502263,57.805548]},"properties":{"id":"SE_STA_CAMERA_VViS_836_K1","name":"Västervik","photo":"https://api.trafikinfo.trafikverket.se/v2/Images/data/road.infrastructure.camera/RoadConditionCamera_VViS_836_K1.jpg","dir":null}},{"type":"Feature","geometry":{"type":"Point","coordinates":[16.732205,56.88985]},"properties":{"id":"SE_STA_CAMERA_VViS_837_K1","name":"Borgholm","photo":"https://api.trafikinfo.trafikverket.se/v2/Images/data/road.infrastructure.camera/RoadConditionCamera_VViS_837_K1.jpg","dir":null}},{"type":"Feature","geometry":{"type":"Point","coordinates":[16.406562,56.320716]},"properties":{"id":"SE_STA_CAMERA_VViS_838_K1","name":"Albrunna","photo":"https://api.trafikinfo.trafikverket.se/v2/Images/data/road.infrastructure.camera/RoadConditionCamera_VViS_838_K1.jpg","dir":null}},{"type":"Feature","geometry":{"type":"Point","coordinates":[16.282287,57.696713]},"properties":{"id":"SE_STA_CAMERA_VViS_839_K1","name":"Ankarsrum","photo":"https://api.trafikinfo.trafikverket.se/v2/Images/data/road.infrastructure.camera/RoadConditionCamera_VViS_839_K1.jpg","dir":null}},{"type":"Feature","geometry":{"type":"Point","coordinates":[16.714166,57.907353]},"properties":{"id":"SE_STA_CAMERA_VViS_840_K1","name":"Loftahammar","photo":"https://api.trafikinfo.trafikverket.se/v2/Images/data/road.infrastructure.camera/RoadConditionCamera_VViS_840_K1.jpg","dir":null}},{"type":"Feature","geometry":{"type":"Point","coordinates":[18.820759,57.428396]},"properties":{"id":"SE_STA_CAMERA_VViS_904_K1","name":"Östergarn","photo":"https://api.trafikinfo.trafikverket.se/v2/Images/data/road.infrastructure.camera/RoadConditionCamera_VViS_904_K1.jpg","dir":null}},{"type":"Feature","geometry":{"type":"Point","coordinates":[18.280244,57.131301]},"properties":{"id":"SE_STA_CAMERA_VViS_905_K1","name":"Näs","photo":"https://api.trafikinfo.trafikverket.se/v2/Images/data/road.infrastructure.camera/RoadConditionCamera_VViS_905_K1.jpg","dir":null}},{"type":"Feature","geometry":{"type":"Point","coordinates":[15.607671,57.149773]},"properties":{"id":"SE_STA_CAMERA_VViS_818_K1","name":"Fagerhult","photo":"https://api.trafikinfo.trafikverket.se/v2/Images/data/road.infrastructure.camera/RoadConditionCamera_VViS_818_K1.jpg","dir":null}},{"type":"Feature","geometry":{"type":"Point","coordinates":[18.379716,57.332102]},"properties":{"id":"SE_STA_CAMERA_VViS_906_K1","name":"Lojsta","photo":"https://api.trafikinfo.trafikverket.se/v2/Images/data/road.infrastructure.camera/RoadConditionCamera_VViS_906_K1.jpg","dir":null}},{"type":"Feature","geometry":{"type":"Point","coordinates":[18.539152,57.633878]},"properties":{"id":"SE_STA_CAMERA_VViS_907_K1","name":"Krampebro","photo":"https://api.trafikinfo.trafikverket.se/v2/Images/data/road.infrastructure.camera/RoadConditionCamera_VViS_907_K1.jpg","dir":null}},{"type":"Feature","geometry":{"type":"Point","coordinates":[18.916745,57.833168]},"properties":{"id":"SE_STA_CAMERA_VViS_909_K1","name":"Rute","photo":"https://api.trafikinfo.trafikverket.se/v2/Images/data/road.infrastructure.camera/RoadConditionCamera_VViS_909_K1.jpg","dir":null}},{"type":"Feature","geometry":{"type":"Point","coordinates":[18.274514,57.623289]},"properties":{"id":"SE_STA_CAMERA_VViS_910_K1","name":"Hamnbacken Visby","photo":"https://api.trafikinfo.trafikverket.se/v2/Images/data/road.infrastructure.camera/RoadConditionCamera_VViS_910_K1.jpg","dir":null}},{"type":"Feature","geometry":{"type":"Point","coordinates":[18.467148,57.760623]},"properties":{"id":"SE_STA_CAMERA_VViS_911_K1","name":"Martebo","photo":"https://api.trafikinfo.trafikverket.se/v2/Images/data/road.infrastructure.camera/RoadConditionCamera_VViS_911_K1.jpg","dir":null}},{"type":"Feature","geometry":{"type":"Point","coordinates":[18.616163,57.327095]},"properties":{"id":"SE_STA_CAMERA_VViS_913_K1","name":"Alskog","photo":"https://api.trafikinfo.trafikverket.se/v2/Images/data/road.infrastructure.camera/RoadConditionCamera_VViS_913_K1.jpg","dir":null}},{"type":"Feature","geometry":{"type":"Point","coordinates":[18.746507,57.589129]},"properties":{"id":"SE_STA_CAMERA_VViS_912_K1","name":"Botvaldevik","photo":"https://api.trafikinfo.trafikverket.se/v2/Images/data/road.infrastructure.camera/RoadConditionCamera_VViS_912_K1.jpg","dir":null}},{"type":"Feature","geometry":{"type":"Point","coordinates":[19.236903,57.957605]},"properties":{"id":"SE_STA_CAMERA_VViS_914_K1","name":"Sudersand","photo":"https://api.trafikinfo.trafikverket.se/v2/Images/data/road.infrastructure.camera/RoadConditionCamera_VViS_914_K1.jpg","dir":null}},{"type":"Feature","geometry":{"type":"Point","coordinates":[18.425202,57.543907]},"properties":{"id":"SE_STA_CAMERA_VViS_903_K1","name":"Roma","photo":"https://api.trafikinfo.trafikverket.se/v2/Images/data/road.infrastructure.camera/RoadConditionCamera_VViS_903_K1.jpg","dir":null}},{"type":"Feature","geometry":{"type":"Point","coordinates":[15.922656,56.235954]},"properties":{"id":"SE_STA_CAMERA_VViS_1001_K1","name":"Törnåkra","photo":"https://api.trafikinfo.trafikverket.se/v2/Images/data/road.infrastructure.camera/RoadConditionCamera_VViS_1001_K1.jpg","dir":null}},{"type":"Feature","geometry":{"type":"Point","coordinates":[14.528677,56.2582]},"properties":{"id":"SE_STA_CAMERA_VViS_1012_K1","name":"Olofström","photo":"https://api.trafikinfo.trafikverket.se/v2/Images/data/road.infrastructure.camera/RoadConditionCamera_VViS_1012_K1.jpg","dir":null}},{"type":"Feature","geometry":{"type":"Point","coordinates":[15.076466,56.405341]},"properties":{"id":"SE_STA_CAMERA_VViS_1007_K1","name":"Bokön","photo":"https://api.trafikinfo.trafikverket.se/v2/Images/data/road.infrastructure.camera/RoadConditionCamera_VViS_1007_K1.jpg","dir":null}},{"type":"Feature","geometry":{"type":"Point","coordinates":[14.399567,56.39047]},"properties":{"id":"SE_STA_CAMERA_VViS_1017_K1","name":"Hunshult","photo":"https://api.trafikinfo.trafikverket.se/v2/Images/data/road.infrastructure.camera/RoadConditionCamera_VViS_1017_K1.jpg","dir":null}},{"type":"Feature","geometry":{"type":"Point","coordinates":[14.904551,56.18801]},"properties":{"id":"SE_STA_CAMERA_VViS_1019_K1","name":"Karlshamn","photo":"https://api.trafikinfo.trafikverket.se/v2/Images/data/road.infrastructure.camera/RoadConditionCamera_VViS_1019_K1.jpg","dir":null}},{"type":"Feature","geometry":{"type":"Point","coordinates":[14.551709,56.064824]},"properties":{"id":"SE_STA_CAMERA_VViS_1018_K1","name":"Sissebäck","photo":"https://api.trafikinfo.trafikverket.se/v2/Images/data/road.infrastructure.camera/RoadConditionCamera_VViS_1018_K1.jpg","dir":null}},{"type":"Feature","geometry":{"type":"Point","coordinates":[15.581323,56.304542]},"properties":{"id":"SE_STA_CAMERA_VViS_1021_K1","name":"Norr Rödeby","photo":"https://api.trafikinfo.trafikverket.se/v2/Images/data/road.infrastructure.camera/RoadConditionCamera_VViS_1021_K1.jpg","dir":null}},{"type":"Feature","geometry":{"type":"Point","coordinates":[15.372399,56.433456]},"properties":{"id":"SE_STA_CAMERA_VViS_1022_K1","name":"Eringsboda","photo":"https://api.trafikinfo.trafikverket.se/v2/Images/data/road.infrastructure.camera/RoadConditionCamera_VViS_1022_K1.jpg","dir":null}},{"type":"Feature","geometry":{"type":"Point","coordinates":[15.742803,56.137414]},"properties":{"id":"SE_STA_CAMERA_VViS_1024_K1","name":"Möcklösund","photo":"https://api.trafikinfo.trafikverket.se/v2/Images/data/road.infrastructure.camera/RoadConditionCamera_VViS_1024_K1.jpg","dir":null}},{"type":"Feature","geometry":{"type":"Point","coordinates":[15.113048,56.217007]},"properties":{"id":"SE_STA_CAMERA_VViS_1026_K1","name":"Bräkne-Hoby","photo":"https://api.trafikinfo.trafikverket.se/v2/Images/data/road.infrastructure.camera/RoadConditionCamera_VViS_1026_K1.jpg","dir":null}},{"type":"Feature","geometry":{"type":"Point","coordinates":[13.3512,56.134234]},"properties":{"id":"SE_STA_CAMERA_VViS_1101_K1","name":"Perstorp","photo":"https://api.trafikinfo.trafikverket.se/v2/Images/data/road.infrastructure.camera/RoadConditionCamera_VViS_1101_K1.jpg","dir":null}},{"type":"Feature","geometry":{"type":"Point","coordinates":[14.732239,56.177523]},"properties":{"id":"SE_STA_CAMERA_VViS_1023_K1","name":"Mörrum","photo":"https://api.trafikinfo.trafikverket.se/v2/Images/data/road.infrastructure.camera/RoadConditionCamera_VViS_1023_K1.jpg","dir":null}},{"type":"Feature","geometry":{"type":"Point","coordinates":[15.173767,56.322658]},"properties":{"id":"SE_STA_CAMERA_VViS_1020_K1","name":"Backaryd","photo":"https://api.trafikinfo.trafikverket.se/v2/Images/data/road.infrastructure.camera/RoadConditionCamera_VViS_1020_K1.jpg","dir":null}},{"type":"Feature","geometry":{"type":"Point","coordinates":[11.978332,57.861987]},"properties":{"id":"SE_STA_CAMERA_VViS_1402_K1","name":"Kungälv","photo":"https://api.trafikinfo.trafikverket.se/v2/Images/data/road.infrastructure.camera/RoadConditionCamera_VViS_1402_K1.jpg","dir":null}},{"type":"Feature","geometry":{"type":"Point","coordinates":[11.841192,57.979096]},"properties":{"id":"SE_STA_CAMERA_VViS_1403_K1","name":"Jörlanda","photo":"https://api.trafikinfo.trafikverket.se/v2/Images/data/road.infrastructure.camera/RoadConditionCamera_VViS_1403_K1.jpg","dir":null}},{"type":"Feature","geometry":{"type":"Point","coordinates":[11.975311,58.152824]},"properties":{"id":"SE_STA_CAMERA_VViS_1404_K1","name":"Huveröd","photo":"https://api.trafikinfo.trafikverket.se/v2/Images/data/road.infrastructure.camera/RoadConditionCamera_VViS_1404_K1.jpg","dir":null}},{"type":"Feature","geometry":{"type":"Point","coordinates":[11.689343,58.191198]},"properties":{"id":"SE_STA_CAMERA_VViS_1406_K1","name":"Kalseröd","photo":"https://api.trafikinfo.trafikverket.se/v2/Images/data/road.infrastructure.camera/RoadConditionCamera_VViS_1406_K1.jpg","dir":null}},{"type":"Feature","geometry":{"type":"Point","coordinates":[12.392903,57.696768]},"properties":{"id":"SE_STA_CAMERA_VViS_1418_K1","name":"Rya","photo":"https://api.trafikinfo.trafikverket.se/v2/Images/data/road.infrastructure.camera/RoadConditionCamera_VViS_1418_K1.jpg","dir":null}},{"type":"Feature","geometry":{"type":"Point","coordinates":[12.134523,57.740088]},"properties":{"id":"SE_STA_CAMERA_VViS_1413_K1","name":"Skulltorpsmotet","photo":"https://api.trafikinfo.trafikverket.se/v2/Images/data/road.infrastructure.camera/RoadConditionCamera_VViS_1413_K1.jpg","dir":null}},{"type":"Feature","geometry":{"type":"Point","coordinates":[11.780933,58.059269]},"properties":{"id":"SE_STA_CAMERA_VViS_1407_K1","name":"Tjörnbron","photo":"https://api.trafikinfo.trafikverket.se/v2/Images/data/road.infrastructure.camera/RoadConditionCamera_VViS_1407_K1.jpg","dir":null}},{"type":"Feature","geometry":{"type":"Point","coordinates":[11.998542,57.799734]},"properties":{"id":"SE_STA_CAMERA_VViS_1421_K1","name":"Angered","photo":"https://api.trafikinfo.trafikverket.se/v2/Images/data/road.infrastructure.camera/RoadConditionCamera_VViS_1421_K1.jpg","dir":null}},{"type":"Feature","geometry":{"type":"Point","coordinates":[11.279814,58.412949]},"properties":{"id":"SE_STA_CAMERA_VViS_1422_K1","name":"Soten","photo":"https://api.trafikinfo.trafikverket.se/v2/Images/data/road.infrastructure.camera/RoadConditionCamera_VViS_1422_K1.jpg","dir":null}},{"type":"Feature","geometry":{"type":"Point","coordinates":[11.498255,58.159729]},"properties":{"id":"SE_STA_CAMERA_VViS_1426_K1","name":"Månsemyr","photo":"https://api.trafikinfo.trafikverket.se/v2/Images/data/road.infrastructure.camera/RoadConditionCamera_VViS_1426_K1.jpg","dir":null}},{"type":"Feature","geometry":{"type":"Point","coordinates":[11.481818,58.311824]},"properties":{"id":"SE_STA_CAMERA_VViS_1424_K1","name":"Bua","photo":"https://api.trafikinfo.trafikverket.se/v2/Images/data/road.infrastructure.camera/RoadConditionCamera_VViS_1424_K1.jpg","dir":null}},{"type":"Feature","geometry":{"type":"Point","coordinates":[11.681192,58.014631]},"properties":{"id":"SE_STA_CAMERA_VViS_1427_K1","name":"Gunneby","photo":"https://api.trafikinfo.trafikverket.se/v2/Images/data/road.infrastructure.camera/RoadConditionCamera_VViS_1427_K1.jpg","dir":null}},{"type":"Feature","geometry":{"type":"Point","coordinates":[11.59826,58.804328]},"properties":{"id":"SE_STA_CAMERA_VViS_1428_K1","name":"Sladdåsen","photo":"https://api.trafikinfo.trafikverket.se/v2/Images/data/road.infrastructure.camera/RoadConditionCamera_VViS_1428_K1.jpg","dir":null}},{"type":"Feature","geometry":{"type":"Point","coordinates":[11.883757,58.2789]},"properties":{"id":"SE_STA_CAMERA_VViS_1429_K1","name":"Forshällaån","photo":"https://api.trafikinfo.trafikverket.se/v2/Images/data/road.infrastructure.camera/RoadConditionCamera_VViS_1429_K1.jpg","dir":null}},{"type":"Feature","geometry":{"type":"Point","coordinates":[11.839048,58.327557]},"properties":{"id":"SE_STA_CAMERA_VViS_1431_K1","name":"Uddevallabron","photo":"https://api.trafikinfo.trafikverket.se/v2/Images/data/road.infrastructure.camera/RoadConditionCamera_VViS_1431_K1.jpg","dir":null}},{"type":"Feature","geometry":{"type":"Point","coordinates":[11.563994,58.29175]},"properties":{"id":"SE_STA_CAMERA_VViS_1432_K1","name":"Bokenäs","photo":"https://api.trafikinfo.trafikverket.se/v2/Images/data/road.infrastructure.camera/RoadConditionCamera_VViS_1432_K1.jpg","dir":null}},{"type":"Feature","geometry":{"type":"Point","coordinates":[12.020854,57.650948]},"properties":{"id":"SE_STA_CAMERA_VViS_1433_K1","name":"Åbro","photo":"https://api.trafikinfo.trafikverket.se/v2/Images/data/road.infrastructure.camera/RoadConditionCamera_VViS_1433_K1.jpg","dir":null}},{"type":"Feature","geometry":{"type":"Point","coordinates":[11.239275,59.020179]},"properties":{"id":"SE_STA_CAMERA_VViS_1436_K1","name":"Hogdalsmotet","photo":"https://api.trafikinfo.trafikverket.se/v2/Images/data/road.infrastructure.camera/RoadConditionCamera_VViS_1436_K1.jpg","dir":null}},{"type":"Feature","geometry":{"type":"Point","coordinates":[11.476455,58.564702]},"properties":{"id":"SE_STA_CAMERA_VViS_1437_K1","name":"Grindmotet","photo":"https://api.trafikinfo.trafikverket.se/v2/Images/data/road.infrastructure.camera/RoadConditionCamera_VViS_1437_K1.jpg","dir":null}},{"type":"Feature","geometry":{"type":"Point","coordinates":[12.076776,58.330949]},"properties":{"id":"SE_STA_CAMERA_VViS_1438_K1","name":"Skottekasen","photo":"https://api.trafikinfo.trafikverket.se/v2/Images/data/road.infrastructure.camera/RoadConditionCamera_VViS_1438_K1.jpg","dir":null}},{"type":"Feature","geometry":{"type":"Point","coordinates":[11.252252,59.092922]},"properties":{"id":"SE_STA_CAMERA_VViS_1439_K1","name":"Svinesundsbron","photo":"https://api.trafikinfo.trafikverket.se/v2/Images/data/road.infrastructure.camera/RoadConditionCamera_VViS_1439_K1.jpg","dir":null}},{"type":"Feature","geometry":{"type":"Point","coordinates":[12.371462,57.670704]},"properties":{"id":"SE_STA_CAMERA_VViS_1430_K1","name":"Huvdaby","photo":"https://api.trafikinfo.trafikverket.se/v2/Images/data/road.infrastructure.camera/RoadConditionCamera_VViS_1430_K1.jpg","dir":null}},{"type":"Feature","geometry":{"type":"Point","coordinates":[11.926938,57.697882]},"properties":{"id":"SE_STA_CAMERA_VViS_1440_K1","name":"Fiskhamnsmotet","photo":"https://api.trafikinfo.trafikverket.se/v2/Images/data/road.infrastructure.camera/RoadConditionCamera_VViS_1440_K1.jpg","dir":null}},{"type":"Feature","geometry":{"type":"Point","coordinates":[11.879232,58.114647]},"properties":{"id":"SE_STA_CAMERA_VViS_1425_K1","name":"Ödsmål","photo":"https://api.trafikinfo.trafikverket.se/v2/Images/data/road.infrastructure.camera/RoadConditionCamera_VViS_1425_K1.jpg","dir":null}},{"type":"Feature","geometry":{"type":"Point","coordinates":[11.275276,58.876397]},"properties":{"id":"SE_STA_CAMERA_VViS_1441_K1","name":"Sältermotet","photo":"https://api.trafikinfo.trafikverket.se/v2/Images/data/road.infrastructure.camera/RoadConditionCamera_VViS_1441_K1.jpg","dir":null}},{"type":"Feature","geometry":{"type":"Point","coordinates":[11.941283,57.646018]},"properties":{"id":"SE_STA_CAMERA_VViS_1442_K1","name":"Järnbrottsmotet","photo":"https://api.trafikinfo.trafikverket.se/v2/Images/data/road.infrastructure.camera/RoadConditionCamera_VViS_1442_K1.jpg","dir":null}},{"type":"Feature","geometry":{"type":"Point","coordinates":[11.661639,58.457109]},"properties":{"id":"SE_STA_CAMERA_VViS_1443_K1","name":"Bergsäter","photo":"https://api.trafikinfo.trafikverket.se/v2/Images/data/road.infrastructure.camera/RoadConditionCamera_VViS_1443_K1.jpg","dir":null}},{"type":"Feature","geometry":{"type":"Point","coordinates":[13.471796,57.387716]},"properties":{"id":"SE_STA_CAMERA_VViS_1501_K1","name":"Grönhult","photo":"https://api.trafikinfo.trafikverket.se/v2/Images/data/road.infrastructure.camera/RoadConditionCamera_VViS_1501_K1.jpg","dir":null}},{"type":"Feature","geometry":{"type":"Point","coordinates":[13.141182,57.608347]},"properties":{"id":"SE_STA_CAMERA_VViS_1502_K1","name":"Kila","photo":"https://api.trafikinfo.trafikverket.se/v2/Images/data/road.infrastructure.camera/RoadConditionCamera_VViS_1502_K1.jpg","dir":null}},{"type":"Feature","geometry":{"type":"Point","coordinates":[12.592331,57.508033]},"properties":{"id":"SE_STA_CAMERA_VViS_1503_K1","name":"Skeneskog","photo":"https://api.trafikinfo.trafikverket.se/v2/Images/data/road.infrastructure.camera/RoadConditionCamera_VViS_1503_K1.jpg","dir":null}},{"type":"Feature","geometry":{"type":"Point","coordinates":[12.470495,57.585241]},"properties":{"id":"SE_STA_CAMERA_VViS_1504_K1","name":"Björlanda","photo":"https://api.trafikinfo.trafikverket.se/v2/Images/data/road.infrastructure.camera/RoadConditionCamera_VViS_1504_K1.jpg","dir":null}},{"type":"Feature","geometry":{"type":"Point","coordinates":[12.541851,57.66438]},"properties":{"id":"SE_STA_CAMERA_VViS_1506_K1","name":"Kulla","photo":"https://api.trafikinfo.trafikverket.se/v2/Images/data/road.infrastructure.camera/RoadConditionCamera_VViS_1506_K1.jpg","dir":null}},{"type":"Feature","geometry":{"type":"Point","coordinates":[12.696229,57.677333]},"properties":{"id":"SE_STA_CAMERA_VViS_1507_K1","name":"Råddeby","photo":"https://api.trafikinfo.trafikverket.se/v2/Images/data/road.infrastructure.camera/RoadConditionCamera_VViS_1507_K1.jpg","dir":null}},{"type":"Feature","geometry":{"type":"Point","coordinates":[12.885305,57.712478]},"properties":{"id":"SE_STA_CAMERA_VViS_1508_K1","name":"Viared","photo":"https://api.trafikinfo.trafikverket.se/v2/Images/data/road.infrastructure.camera/RoadConditionCamera_VViS_1508_K1.jpg","dir":null}},{"type":"Feature","geometry":{"type":"Point","coordinates":[13.50452,57.801459]},"properties":{"id":"SE_STA_CAMERA_VViS_1512_K1","name":"Duvered","photo":"https://api.trafikinfo.trafikverket.se/v2/Images/data/road.infrastructure.camera/RoadConditionCamera_VViS_1512_K1.jpg","dir":null}},{"type":"Feature","geometry":{"type":"Point","coordinates":[12.847876,57.756998]},"properties":{"id":"SE_STA_CAMERA_VViS_1509_K1","name":"Götsered","photo":"https://api.trafikinfo.trafikverket.se/v2/Images/data/road.infrastructure.camera/RoadConditionCamera_VViS_1509_K1.jpg","dir":null}},{"type":"Feature","geometry":{"type":"Point","coordinates":[13.676834,57.776047]},"properties":{"id":"SE_STA_CAMERA_VViS_1513_K1","name":"Strängsered","photo":"https://api.trafikinfo.trafikverket.se/v2/Images/data/road.infrastructure.camera/RoadConditionCamera_VViS_1513_K1.jpg","dir":null}},{"type":"Feature","geometry":{"type":"Point","coordinates":[12.194138,57.742169]},"properties":{"id":"SE_STA_CAMERA_VViS_1514_K1","name":"Jeriko","photo":"https://api.trafikinfo.trafikverket.se/v2/Images/data/road.infrastructure.camera/RoadConditionCamera_VViS_1514_K1.jpg","dir":null}},{"type":"Feature","geometry":{"type":"Point","coordinates":[12.451014,57.83962]},"properties":{"id":"SE_STA_CAMERA_VViS_1516_K1","name":"Lillhem","photo":"https://api.trafikinfo.trafikverket.se/v2/Images/data/road.infrastructure.camera/RoadConditionCamera_VViS_1516_K1.jpg","dir":null}},{"type":"Feature","geometry":{"type":"Point","coordinates":[12.784882,58.028098]},"properties":{"id":"SE_STA_CAMERA_VViS_1518_K1","name":"Vårgårda","photo":"https://api.trafikinfo.trafikverket.se/v2/Images/data/road.infrastructure.camera/RoadConditionCamera_VViS_1518_K1.jpg","dir":null}},{"type":"Feature","geometry":{"type":"Point","coordinates":[12.013579,57.824517]},"properties":{"id":"SE_STA_CAMERA_VViS_1520_K1","name":"Surte","photo":"https://api.trafikinfo.trafikverket.se/v2/Images/data/road.infrastructure.camera/RoadConditionCamera_VViS_1520_K1.jpg","dir":null}},{"type":"Feature","geometry":{"type":"Point","coordinates":[12.132219,57.964508]},"properties":{"id":"SE_STA_CAMERA_VViS_1522_K1","name":"Kattleberg","photo":"https://api.trafikinfo.trafikverket.se/v2/Images/data/road.infrastructure.camera/RoadConditionCamera_VViS_1522_K1.jpg","dir":null}},{"type":"Feature","geometry":{"type":"Point","coordinates":[12.154057,58.199762]},"properties":{"id":"SE_STA_CAMERA_VViS_1523_K1","name":"Torpabron","photo":"https://api.trafikinfo.trafikverket.se/v2/Images/data/road.infrastructure.camera/RoadConditionCamera_VViS_1523_K1.jpg","dir":null}},{"type":"Feature","geometry":{"type":"Point","coordinates":[12.235603,58.238138]},"properties":{"id":"SE_STA_CAMERA_VViS_1524_K1","name":"Raddetorp","photo":"https://api.trafikinfo.trafikverket.se/v2/Images/data/road.infrastructure.camera/RoadConditionCamera_VViS_1524_K1.jpg","dir":null}},{"type":"Feature","geometry":{"type":"Point","coordinates":[12.478965,58.364182]},"properties":{"id":"SE_STA_CAMERA_VViS_1527_K1","name":"Lilleskog","photo":"https://api.trafikinfo.trafikverket.se/v2/Images/data/road.infrastructure.camera/RoadConditionCamera_VViS_1527_K1.jpg","dir":null}},{"type":"Feature","geometry":{"type":"Point","coordinates":[12.279868,58.446407]},"properties":{"id":"SE_STA_CAMERA_VViS_1529_K1","name":"Gömman","photo":"https://api.trafikinfo.trafikverket.se/v2/Images/data/road.infrastructure.camera/RoadConditionCamera_VViS_1529_K1.jpg","dir":null}},{"type":"Feature","geometry":{"type":"Point","coordinates":[12.412983,58.600677]},"properties":{"id":"SE_STA_CAMERA_VViS_1530_K1","name":"Bergarud","photo":"https://api.trafikinfo.trafikverket.se/v2/Images/data/road.infrastructure.camera/RoadConditionCamera_VViS_1530_K1.jpg","dir":null}},{"type":"Feature","geometry":{"type":"Point","coordinates":[12.328177,57.886454]},"properties":{"id":"SE_STA_CAMERA_VViS_1515_K1","name":"Björboholm","photo":"https://api.trafikinfo.trafikverket.se/v2/Images/data/road.infrastructure.camera/RoadConditionCamera_VViS_1515_K1.jpg","dir":null}},{"type":"Feature","geometry":{"type":"Point","coordinates":[12.676933,59.053056]},"properties":{"id":"SE_STA_CAMERA_VViS_1532_K1","name":"Åmål","photo":"https://api.trafikinfo.trafikverket.se/v2/Images/data/road.infrastructure.camera/RoadConditionCamera_VViS_1532_K1.jpg","dir":null}},{"type":"Feature","geometry":{"type":"Point","coordinates":[11.991116,58.508469]},"properties":{"id":"SE_STA_CAMERA_VViS_1534_K1","name":"Ellenö","photo":"https://api.trafikinfo.trafikverket.se/v2/Images/data/road.infrastructure.camera/RoadConditionCamera_VViS_1534_K1.jpg","dir":null}},{"type":"Feature","geometry":{"type":"Point","coordinates":[11.866208,58.875717]},"properties":{"id":"SE_STA_CAMERA_VViS_1536_K1","name":"Skattebacka","photo":"https://api.trafikinfo.trafikverket.se/v2/Images/data/road.infrastructure.camera/RoadConditionCamera_VViS_1536_K1.jpg","dir":null}},{"type":"Feature","geometry":{"type":"Point","coordinates":[12.506812,58.780011]},"properties":{"id":"SE_STA_CAMERA_VViS_1531_K1","name":"Köpmannebro","photo":"https://api.trafikinfo.trafikverket.se/v2/Images/data/road.infrastructure.camera/RoadConditionCamera_VViS_1531_K1.jpg","dir":null}},{"type":"Feature","geometry":{"type":"Point","coordinates":[12.525588,58.303687]},"properties":{"id":"SE_STA_CAMERA_VViS_1539_K1","name":"Vittene","photo":"https://api.trafikinfo.trafikverket.se/v2/Images/data/road.infrastructure.camera/RoadConditionCamera_VViS_1539_K1.jpg","dir":null}},{"type":"Feature","geometry":{"type":"Point","coordinates":[12.489938,59.053352]},"properties":{"id":"SE_STA_CAMERA_VViS_1537_K1","name":"Edsleskog","photo":"https://api.trafikinfo.trafikverket.se/v2/Images/data/road.infrastructure.camera/RoadConditionCamera_VViS_1537_K1.jpg","dir":null}},{"type":"Feature","geometry":{"type":"Point","coordinates":[12.847928,57.941101]},"properties":{"id":"SE_STA_CAMERA_VViS_1540_K1","name":"Ljurhalla","photo":"https://api.trafikinfo.trafikverket.se/v2/Images/data/road.infrastructure.camera/RoadConditionCamera_VViS_1540_K1.jpg","dir":null}},{"type":"Feature","geometry":{"type":"Point","coordinates":[12.966333,57.489081]},"properties":{"id":"SE_STA_CAMERA_VViS_1541_K1","name":"Reaskäl","photo":"https://api.trafikinfo.trafikverket.se/v2/Images/data/road.infrastructure.camera/RoadConditionCamera_VViS_1541_K1.jpg","dir":null}},{"type":"Feature","geometry":{"type":"Point","coordinates":[13.026969,57.419116]},"properties":{"id":"SE_STA_CAMERA_VViS_1543_K1","name":"Tommared","photo":"https://api.trafikinfo.trafikverket.se/v2/Images/data/road.infrastructure.camera/RoadConditionCamera_VViS_1543_K1.jpg","dir":null}},{"type":"Feature","geometry":{"type":"Point","coordinates":[13.193356,57.946437]},"properties":{"id":"SE_STA_CAMERA_VViS_1542_K1","name":"Od","photo":"https://api.trafikinfo.trafikverket.se/v2/Images/data/road.infrastructure.camera/RoadConditionCamera_VViS_1542_K1.jpg","dir":null}},{"type":"Feature","geometry":{"type":"Point","coordinates":[13.519463,57.954543]},"properties":{"id":"SE_STA_CAMERA_VViS_1544_K1","name":"Humla","photo":"https://api.trafikinfo.trafikverket.se/v2/Images/data/road.infrastructure.camera/RoadConditionCamera_VViS_1544_K1.jpg","dir":null}},{"type":"Feature","geometry":{"type":"Point","coordinates":[12.814653,57.37576]},"properties":{"id":"SE_STA_CAMERA_VViS_1546_K1","name":"Öxabäck","photo":"https://api.trafikinfo.trafikverket.se/v2/Images/data/road.infrastructure.camera/RoadConditionCamera_VViS_1546_K1.jpg","dir":null}},{"type":"Feature","geometry":{"type":"Point","coordinates":[13.430954,57.673386]},"properties":{"id":"SE_STA_CAMERA_VViS_1545_K1","name":"Gällstad","photo":"https://api.trafikinfo.trafikverket.se/v2/Images/data/road.infrastructure.camera/RoadConditionCamera_VViS_1545_K1.jpg","dir":null}},{"type":"Feature","geometry":{"type":"Point","coordinates":[12.181707,58.787198]},"properties":{"id":"SE_STA_CAMERA_VViS_1553_K1","name":"Bäckefors","photo":"https://api.trafikinfo.trafikverket.se/v2/Images/data/road.infrastructure.camera/RoadConditionCamera_VViS_1553_K1.jpg","dir":null}},{"type":"Feature","geometry":{"type":"Point","coordinates":[12.107026,59.196026]},"properties":{"id":"SE_STA_CAMERA_VViS_1552_K1","name":"Gustavsfors","photo":"https://api.trafikinfo.trafikverket.se/v2/Images/data/road.infrastructure.camera/RoadConditionCamera_VViS_1552_K1.jpg","dir":null}},{"type":"Feature","geometry":{"type":"Point","coordinates":[12.553222,57.905692]},"properties":{"id":"SE_STA_CAMERA_VViS_1554_K1","name":"Alingsås","photo":"https://api.trafikinfo.trafikverket.se/v2/Images/data/road.infrastructure.camera/RoadConditionCamera_VViS_1554_K1.jpg","dir":null}},{"type":"Feature","geometry":{"type":"Point","coordinates":[12.742342,57.512856]},"properties":{"id":"SE_STA_CAMERA_VViS_1555_K1","name":"Gullberg","photo":"https://api.trafikinfo.trafikverket.se/v2/Images/data/road.infrastructure.camera/RoadConditionCamera_VViS_1555_K1.jpg","dir":null}},{"type":"Feature","geometry":{"type":"Point","coordinates":[13.061489,57.743376]},"properties":{"id":"SE_STA_CAMERA_VViS_1558_K1","name":"Sörbo2","photo":"https://api.trafikinfo.trafikverket.se/v2/Images/data/road.infrastructure.camera/RoadConditionCamera_VViS_1558_K1.jpg","dir":null}},{"type":"Feature","geometry":{"type":"Point","coordinates":[13.34506,57.81732]},"properties":{"id":"SE_STA_CAMERA_VViS_1559_K1","name":"Röstesjön","photo":"https://api.trafikinfo.trafikverket.se/v2/Images/data/road.infrastructure.camera/RoadConditionCamera_VViS_1559_K1.jpg","dir":null}},{"type":"Feature","geometry":{"type":"Point","coordinates":[12.445347,58.137068]},"properties":{"id":"SE_STA_CAMERA_VViS_1556_K1","name":"Lagmansered","photo":"https://api.trafikinfo.trafikverket.se/v2/Images/data/road.infrastructure.camera/RoadConditionCamera_VViS_1556_K1.jpg","dir":null}},{"type":"Feature","geometry":{"type":"Point","coordinates":[13.070885,58.296123]},"properties":{"id":"SE_STA_CAMERA_VViS_1602_K1","name":"Dönstorp","photo":"https://api.trafikinfo.trafikverket.se/v2/Images/data/road.infrastructure.camera/RoadConditionCamera_VViS_1602_K1.jpg","dir":null}},{"type":"Feature","geometry":{"type":"Point","coordinates":[12.461813,57.355354]},"properties":{"id":"SE_STA_CAMERA_VViS_1560_K1","name":"Horred V","photo":"https://api.trafikinfo.trafikverket.se/v2/Images/data/road.infrastructure.camera/RoadConditionCamera_VViS_1560_K1.jpg","dir":null}},{"type":"Feature","geometry":{"type":"Point","coordinates":[13.462487,58.404188]},"properties":{"id":"SE_STA_CAMERA_VViS_1603_K1","name":"Skaraberg","photo":"https://api.trafikinfo.trafikverket.se/v2/Images/data/road.infrastructure.camera/RoadConditionCamera_VViS_1603_K1.jpg","dir":null}},{"type":"Feature","geometry":{"type":"Point","coordinates":[12.790713,58.319117]},"properties":{"id":"SE_STA_CAMERA_VViS_1604_K1","name":"Gunnarstorp","photo":"https://api.trafikinfo.trafikverket.se/v2/Images/data/road.infrastructure.camera/RoadConditionCamera_VViS_1604_K1.jpg","dir":null}},{"type":"Feature","geometry":{"type":"Point","coordinates":[12.890796,58.429642]},"properties":{"id":"SE_STA_CAMERA_VViS_1605_K1","name":"Lavad","photo":"https://api.trafikinfo.trafikverket.se/v2/Images/data/road.infrastructure.camera/RoadConditionCamera_VViS_1605_K1.jpg","dir":null}},{"type":"Feature","geometry":{"type":"Point","coordinates":[13.245265,58.447014]},"properties":{"id":"SE_STA_CAMERA_VViS_1606_K1","name":"Vinninga","photo":"https://api.trafikinfo.trafikverket.se/v2/Images/data/road.infrastructure.camera/RoadConditionCamera_VViS_1606_K1.jpg","dir":null}},{"type":"Feature","geometry":{"type":"Point","coordinates":[13.808506,58.552442]},"properties":{"id":"SE_STA_CAMERA_VViS_1607_K1","name":"Låstad","photo":"https://api.trafikinfo.trafikverket.se/v2/Images/data/road.infrastructure.camera/RoadConditionCamera_VViS_1607_K1.jpg","dir":null}},{"type":"Feature","geometry":{"type":"Point","coordinates":[14.09947,58.804859]},"properties":{"id":"SE_STA_CAMERA_VViS_1609_K1","name":"Lyrestad","photo":"https://api.trafikinfo.trafikverket.se/v2/Images/data/road.infrastructure.camera/RoadConditionCamera_VViS_1609_K1.jpg","dir":null}},{"type":"Feature","geometry":{"type":"Point","coordinates":[13.648415,58.608937]},"properties":{"id":"SE_STA_CAMERA_VViS_1608_K1","name":"Motorp","photo":"https://api.trafikinfo.trafikverket.se/v2/Images/data/road.infrastructure.camera/RoadConditionCamera_VViS_1608_K1.jpg","dir":null}},{"type":"Feature","geometry":{"type":"Point","coordinates":[14.317767,58.892973]},"properties":{"id":"SE_STA_CAMERA_VViS_1610_K1","name":"Vallsjön","photo":"https://api.trafikinfo.trafikverket.se/v2/Images/data/road.infrastructure.camera/RoadConditionCamera_VViS_1610_K1.jpg","dir":null}},{"type":"Feature","geometry":{"type":"Point","coordinates":[14.304066,58.46764]},"properties":{"id":"SE_STA_CAMERA_VViS_1612_K1","name":"Fagersanna","photo":"https://api.trafikinfo.trafikverket.se/v2/Images/data/road.infrastructure.camera/RoadConditionCamera_VViS_1612_K1.jpg","dir":null}},{"type":"Feature","geometry":{"type":"Point","coordinates":[14.144507,58.016821]},"properties":{"id":"SE_STA_CAMERA_VViS_1614_K1","name":"Baskarp","photo":"https://api.trafikinfo.trafikverket.se/v2/Images/data/road.infrastructure.camera/RoadConditionCamera_VViS_1614_K1.jpg","dir":null}},{"type":"Feature","geometry":{"type":"Point","coordinates":[14.696218,58.697032]},"properties":{"id":"SE_STA_CAMERA_VViS_1613_K1","name":"Igelbäcken","photo":"https://api.trafikinfo.trafikverket.se/v2/Images/data/road.infrastructure.camera/RoadConditionCamera_VViS_1613_K1.jpg","dir":null}},{"type":"Feature","geometry":{"type":"Point","coordinates":[13.835077,58.036239]},"properties":{"id":"SE_STA_CAMERA_VViS_1615_K1","name":"Slättäng","photo":"https://api.trafikinfo.trafikverket.se/v2/Images/data/road.infrastructure.camera/RoadConditionCamera_VViS_1615_K1.jpg","dir":null}},{"type":"Feature","geometry":{"type":"Point","coordinates":[13.784508,58.079548]},"properties":{"id":"SE_STA_CAMERA_VViS_1616_K1","name":"Kymbo","photo":"https://api.trafikinfo.trafikverket.se/v2/Images/data/road.infrastructure.camera/RoadConditionCamera_VViS_1616_K1.jpg","dir":null}},{"type":"Feature","geometry":{"type":"Point","coordinates":[13.581895,58.157898]},"properties":{"id":"SE_STA_CAMERA_VViS_1617_K1","name":"Falköping","photo":"https://api.trafikinfo.trafikverket.se/v2/Images/data/road.infrastructure.camera/RoadConditionCamera_VViS_1617_K1.jpg","dir":null}},{"type":"Feature","geometry":{"type":"Point","coordinates":[13.453258,58.16376]},"properties":{"id":"SE_STA_CAMERA_VViS_1620_K1","name":"Marka","photo":"https://api.trafikinfo.trafikverket.se/v2/Images/data/road.infrastructure.camera/RoadConditionCamera_VViS_1620_K1.jpg","dir":null}},{"type":"Feature","geometry":{"type":"Point","coordinates":[13.46387,58.308239]},"properties":{"id":"SE_STA_CAMERA_VViS_1619_K1","name":"Bjärklunda","photo":"https://api.trafikinfo.trafikverket.se/v2/Images/data/road.infrastructure.camera/RoadConditionCamera_VViS_1619_K1.jpg","dir":null}},{"type":"Feature","geometry":{"type":"Point","coordinates":[13.794361,58.294507]},"properties":{"id":"SE_STA_CAMERA_VViS_1618_K1","name":"Borgunda","photo":"https://api.trafikinfo.trafikverket.se/v2/Images/data/road.infrastructure.camera/RoadConditionCamera_VViS_1618_K1.jpg","dir":null}},{"type":"Feature","geometry":{"type":"Point","coordinates":[13.748924,58.387947]},"properties":{"id":"SE_STA_CAMERA_VViS_1622_K1","name":"Stensbordet","photo":"https://api.trafikinfo.trafikverket.se/v2/Images/data/road.infrastructure.camera/RoadConditionCamera_VViS_1622_K1.jpg","dir":null}},{"type":"Feature","geometry":{"type":"Point","coordinates":[14.123018,58.345893]},"properties":{"id":"SE_STA_CAMERA_VViS_1623_K1","name":"Habolstorp","photo":"https://api.trafikinfo.trafikverket.se/v2/Images/data/road.infrastructure.camera/RoadConditionCamera_VViS_1623_K1.jpg","dir":null}},{"type":"Feature","geometry":{"type":"Point","coordinates":[14.011067,58.613243]},"properties":{"id":"SE_STA_CAMERA_VViS_1629_K1","name":"Moholm","photo":"https://api.trafikinfo.trafikverket.se/v2/Images/data/road.infrastructure.camera/RoadConditionCamera_VViS_1629_K1.jpg","dir":null}},{"type":"Feature","geometry":{"type":"Point","coordinates":[14.094424,58.988356]},"properties":{"id":"SE_STA_CAMERA_VViS_1630_K1","name":"Gullspång","photo":"https://api.trafikinfo.trafikverket.se/v2/Images/data/road.infrastructure.camera/RoadConditionCamera_VViS_1630_K1.jpg","dir":null}},{"type":"Feature","geometry":{"type":"Point","coordinates":[13.407784,58.510893]},"properties":{"id":"SE_STA_CAMERA_VViS_1628_K1","name":"Skälvum","photo":"https://api.trafikinfo.trafikverket.se/v2/Images/data/road.infrastructure.camera/RoadConditionCamera_VViS_1628_K1.jpg","dir":null}},{"type":"Feature","geometry":{"type":"Point","coordinates":[13.978703,58.062767]},"properties":{"id":"SE_STA_CAMERA_VViS_1634_K1","name":"Härja","photo":"https://api.trafikinfo.trafikverket.se/v2/Images/data/road.infrastructure.camera/RoadConditionCamera_VViS_1634_K1.jpg","dir":null}},{"type":"Feature","geometry":{"type":"Point","coordinates":[13.119774,58.569073]},"properties":{"id":"SE_STA_CAMERA_VViS_1633_K1","name":"Tolsjö","photo":"https://api.trafikinfo.trafikverket.se/v2/Images/data/road.infrastructure.camera/RoadConditionCamera_VViS_1633_K1.jpg","dir":null}},{"type":"Feature","geometry":{"type":"Point","coordinates":[14.338075,58.682684]},"properties":{"id":"SE_STA_CAMERA_VViS_1631_K1","name":"Grindstugan","photo":"https://api.trafikinfo.trafikverket.se/v2/Images/data/road.infrastructure.camera/RoadConditionCamera_VViS_1631_K1.jpg","dir":null}},{"type":"Feature","geometry":{"type":"Point","coordinates":[13.985146,59.374423]},"properties":{"id":"SE_STA_CAMERA_VViS_1701_K1","name":"Ölme","photo":"https://api.trafikinfo.trafikverket.se/v2/Images/data/road.infrastructure.camera/RoadConditionCamera_VViS_1701_K1.jpg","dir":null}},{"type":"Feature","geometry":{"type":"Point","coordinates":[13.846795,58.78122]},"properties":{"id":"SE_STA_CAMERA_VViS_1635_K1","name":"Torsöbron V","photo":"https://api.trafikinfo.trafikverket.se/v2/Images/data/road.infrastructure.camera/RoadConditionCamera_VViS_1635_K1.jpg","dir":null}},{"type":"Feature","geometry":{"type":"Point","coordinates":[12.864246,58.14418]},"properties":{"id":"SE_STA_CAMERA_VViS_1636_K1","name":"Lekåsa","photo":"https://api.trafikinfo.trafikverket.se/v2/Images/data/road.infrastructure.camera/RoadConditionCamera_VViS_1636_K1.jpg","dir":null}},{"type":"Feature","geometry":{"type":"Point","coordinates":[13.269036,59.390958]},"properties":{"id":"SE_STA_CAMERA_VViS_1702_K1","name":"Mon","photo":"https://api.trafikinfo.trafikverket.se/v2/Images/data/road.infrastructure.camera/RoadConditionCamera_VViS_1702_K1.jpg","dir":null}},{"type":"Feature","geometry":{"type":"Point","coordinates":[12.995416,59.255352]},"properties":{"id":"SE_STA_CAMERA_VViS_1703_K1","name":"Valnäs","photo":"https://api.trafikinfo.trafikverket.se/v2/Images/data/road.infrastructure.camera/RoadConditionCamera_VViS_1703_K1.jpg","dir":null}},{"type":"Feature","geometry":{"type":"Point","coordinates":[12.463996,59.285682]},"properties":{"id":"SE_STA_CAMERA_VViS_1704_K1","name":"Norane","photo":"https://api.trafikinfo.trafikverket.se/v2/Images/data/road.infrastructure.camera/RoadConditionCamera_VViS_1704_K1.jpg","dir":null}},{"type":"Feature","geometry":{"type":"Point","coordinates":[13.807408,59.6105]},"properties":{"id":"SE_STA_CAMERA_VViS_1707_K1","name":"Högåsen","photo":"https://api.trafikinfo.trafikverket.se/v2/Images/data/road.infrastructure.camera/RoadConditionCamera_VViS_1707_K1.jpg","dir":null}},{"type":"Feature","geometry":{"type":"Point","coordinates":[13.462938,59.541959]},"properties":{"id":"SE_STA_CAMERA_VViS_1708_K1","name":"Forshaga","photo":"https://api.trafikinfo.trafikverket.se/v2/Images/data/road.infrastructure.camera/RoadConditionCamera_VViS_1708_K1.jpg","dir":null}},{"type":"Feature","geometry":{"type":"Point","coordinates":[12.901754,59.6663]},"properties":{"id":"SE_STA_CAMERA_VViS_1709_K1","name":"Slorud","photo":"https://api.trafikinfo.trafikverket.se/v2/Images/data/road.infrastructure.camera/RoadConditionCamera_VViS_1709_K1.jpg","dir":null}},{"type":"Feature","geometry":{"type":"Point","coordinates":[13.562977,59.905139]},"properties":{"id":"SE_STA_CAMERA_VViS_1710_K1","name":"Höje","photo":"https://api.trafikinfo.trafikverket.se/v2/Images/data/road.infrastructure.camera/RoadConditionCamera_VViS_1710_K1.jpg","dir":null}},{"type":"Feature","geometry":{"type":"Point","coordinates":[14.071692,59.685101]},"properties":{"id":"SE_STA_CAMERA_VViS_1713_K1","name":"Bolhyttan","photo":"https://api.trafikinfo.trafikverket.se/v2/Images/data/road.infrastructure.camera/RoadConditionCamera_VViS_1713_K1.jpg","dir":null}},{"type":"Feature","geometry":{"type":"Point","coordinates":[14.292014,59.309778]},"properties":{"id":"SE_STA_CAMERA_VViS_1712_K1","name":"Ristjärn","photo":"https://api.trafikinfo.trafikverket.se/v2/Images/data/road.infrastructure.camera/RoadConditionCamera_VViS_1712_K1.jpg","dir":null}},{"type":"Feature","geometry":{"type":"Point","coordinates":[14.175717,60.112959]},"properties":{"id":"SE_STA_CAMERA_VViS_1714_K1","name":"Lönnhöjden","photo":"https://api.trafikinfo.trafikverket.se/v2/Images/data/road.infrastructure.camera/RoadConditionCamera_VViS_1714_K1.jpg","dir":null}},{"type":"Feature","geometry":{"type":"Point","coordinates":[12.274602,59.910771]},"properties":{"id":"SE_STA_CAMERA_VViS_1716_K1","name":"Eda","photo":"https://api.trafikinfo.trafikverket.se/v2/Images/data/road.infrastructure.camera/RoadConditionCamera_VViS_1716_K1.jpg","dir":null}},{"type":"Feature","geometry":{"type":"Point","coordinates":[13.171753,60.353745]},"properties":{"id":"SE_STA_CAMERA_VViS_1715_K1","name":"Ruskåsen","photo":"https://api.trafikinfo.trafikverket.se/v2/Images/data/road.infrastructure.camera/RoadConditionCamera_VViS_1715_K1.jpg","dir":null}},{"type":"Feature","geometry":{"type":"Point","coordinates":[12.622673,60.020178]},"properties":{"id":"SE_STA_CAMERA_VViS_1717_K1","name":"Bogen","photo":"https://api.trafikinfo.trafikverket.se/v2/Images/data/road.infrastructure.camera/RoadConditionCamera_VViS_1717_K1.jpg","dir":null}},{"type":"Feature","geometry":{"type":"Point","coordinates":[12.507966,61.021763]},"properties":{"id":"SE_STA_CAMERA_VViS_1719_K1","name":"Storberget","photo":"https://api.trafikinfo.trafikverket.se/v2/Images/data/road.infrastructure.camera/RoadConditionCamera_VViS_1719_K1.jpg","dir":null}},{"type":"Feature","geometry":{"type":"Point","coordinates":[13.257433,60.423446]},"properties":{"id":"SE_STA_CAMERA_VViS_1720_K1","name":"Stöllet","photo":"https://api.trafikinfo.trafikverket.se/v2/Images/data/road.infrastructure.camera/RoadConditionCamera_VViS_1720_K1.jpg","dir":null}},{"type":"Feature","geometry":{"type":"Point","coordinates":[12.772323,60.757019]},"properties":{"id":"SE_STA_CAMERA_VViS_1721_K1","name":"Brattmon","photo":"https://api.trafikinfo.trafikverket.se/v2/Images/data/road.infrastructure.camera/RoadConditionCamera_VViS_1721_K1.jpg","dir":null}},{"type":"Feature","geometry":{"type":"Point","coordinates":[14.182816,59.199116]},"properties":{"id":"SE_STA_CAMERA_VViS_1722_K1","name":"Stormon","photo":"https://api.trafikinfo.trafikverket.se/v2/Images/data/road.infrastructure.camera/RoadConditionCamera_VViS_1722_K1.jpg","dir":null}},{"type":"Feature","geometry":{"type":"Point","coordinates":[14.196333,59.68604]},"properties":{"id":"SE_STA_CAMERA_VViS_1723_K1","name":"Stensta","photo":"https://api.trafikinfo.trafikverket.se/v2/Images/data/road.infrastructure.camera/RoadConditionCamera_VViS_1723_K1.jpg","dir":null}},{"type":"Feature","geometry":{"type":"Point","coordinates":[13.9089,60.021893]},"properties":{"id":"SE_STA_CAMERA_VViS_1724_K1","name":"Gumhöjden","photo":"https://api.trafikinfo.trafikverket.se/v2/Images/data/road.infrastructure.camera/RoadConditionCamera_VViS_1724_K1.jpg","dir":null}},{"type":"Feature","geometry":{"type":"Point","coordinates":[13.252581,60.206618]},"properties":{"id":"SE_STA_CAMERA_VViS_1725_K1","name":"Knappåsen","photo":"https://api.trafikinfo.trafikverket.se/v2/Images/data/road.infrastructure.camera/RoadConditionCamera_VViS_1725_K1.jpg","dir":null}},{"type":"Feature","geometry":{"type":"Point","coordinates":[13.0968,59.992607]},"properties":{"id":"SE_STA_CAMERA_VViS_1727_K1","name":"Stöpafors","photo":"https://api.trafikinfo.trafikverket.se/v2/Images/data/road.infrastructure.camera/RoadConditionCamera_VViS_1727_K1.jpg","dir":null}},{"type":"Feature","geometry":{"type":"Point","coordinates":[12.614805,60.385102]},"properties":{"id":"SE_STA_CAMERA_VViS_1726_K1","name":"Röjdåfors","photo":"https://api.trafikinfo.trafikverket.se/v2/Images/data/road.infrastructure.camera/RoadConditionCamera_VViS_1726_K1.jpg","dir":null}},{"type":"Feature","geometry":{"type":"Point","coordinates":[13.402636,59.867342]},"properties":{"id":"SE_STA_CAMERA_VViS_1729_K1","name":"Annefors","photo":"https://api.trafikinfo.trafikverket.se/v2/Images/data/road.infrastructure.camera/RoadConditionCamera_VViS_1729_K1.jpg","dir":null}},{"type":"Feature","geometry":{"type":"Point","coordinates":[12.788246,59.405792]},"properties":{"id":"SE_STA_CAMERA_VViS_1730_K1","name":"Stömne","photo":"https://api.trafikinfo.trafikverket.se/v2/Images/data/road.infrastructure.camera/RoadConditionCamera_VViS_1730_K1.jpg","dir":null}},{"type":"Feature","geometry":{"type":"Point","coordinates":[12.236268,59.57759]},"properties":{"id":"SE_STA_CAMERA_VViS_1728_K1","name":"Mörtnäs","photo":"https://api.trafikinfo.trafikverket.se/v2/Images/data/road.infrastructure.camera/RoadConditionCamera_VViS_1728_K1.jpg","dir":null}},{"type":"Feature","geometry":{"type":"Point","coordinates":[13.596195,59.399828]},"properties":{"id":"SE_STA_CAMERA_VViS_1731_K1","name":"Alster","photo":"https://api.trafikinfo.trafikverket.se/v2/Images/data/road.infrastructure.camera/RoadConditionCamera_VViS_1731_K1.jpg","dir":null}},{"type":"Feature","geometry":{"type":"Point","coordinates":[13.395377,60.28845]},"properties":{"id":"SE_STA_CAMERA_VViS_1732_K1","name":"Fastnäs","photo":"https://api.trafikinfo.trafikverket.se/v2/Images/data/road.infrastructure.camera/RoadConditionCamera_VViS_1732_K1.jpg","dir":null}},{"type":"Feature","geometry":{"type":"Point","coordinates":[12.171684,59.387798]},"properties":{"id":"SE_STA_CAMERA_VViS_1733_K1","name":"Årjäng","photo":"https://api.trafikinfo.trafikverket.se/v2/Images/data/road.infrastructure.camera/RoadConditionCamera_VViS_1733_K1.jpg","dir":null}},{"type":"Feature","geometry":{"type":"Point","coordinates":[14.235335,59.441067]},"properties":{"id":"SE_STA_CAMERA_VViS_1734_K1","name":"Nässundet","photo":"https://api.trafikinfo.trafikverket.se/v2/Images/data/road.infrastructure.camera/RoadConditionCamera_VViS_1734_K1.jpg","dir":null}},{"type":"Feature","geometry":{"type":"Point","coordinates":[13.705382,59.812022]},"properties":{"id":"SE_STA_CAMERA_VViS_1735_K1","name":"Mångstorp","photo":"https://api.trafikinfo.trafikverket.se/v2/Images/data/road.infrastructure.camera/RoadConditionCamera_VViS_1735_K1.jpg","dir":null}},{"type":"Feature","geometry":{"type":"Point","coordinates":[12.608723,60.208561]},"properties":{"id":"SE_STA_CAMERA_VViS_1736_K1","name":"Vittjärn","photo":"https://api.trafikinfo.trafikverket.se/v2/Images/data/road.infrastructure.camera/RoadConditionCamera_VViS_1736_K1.jpg","dir":null}},{"type":"Feature","geometry":{"type":"Point","coordinates":[12.704078,60.654461]},"properties":{"id":"SE_STA_CAMERA_VViS_1737_K1","name":"Kindsjön","photo":"https://api.trafikinfo.trafikverket.se/v2/Images/data/road.infrastructure.camera/RoadConditionCamera_VViS_1737_K1.jpg","dir":null}},{"type":"Feature","geometry":{"type":"Point","coordinates":[12.553932,59.709702]},"properties":{"id":"SE_STA_CAMERA_VViS_1739_K1","name":"Speked","photo":"https://api.trafikinfo.trafikverket.se/v2/Images/data/road.infrastructure.camera/RoadConditionCamera_VViS_1739_K1.jpg","dir":null}},{"type":"Feature","geometry":{"type":"Point","coordinates":[13.133669,59.725708]},"properties":{"id":"SE_STA_CAMERA_VViS_1738_K1","name":"S Berga","photo":"https://api.trafikinfo.trafikverket.se/v2/Images/data/road.infrastructure.camera/RoadConditionCamera_VViS_1738_K1.jpg","dir":null}},{"type":"Feature","geometry":{"type":"Point","coordinates":[13.011388,60.24733]},"properties":{"id":"SE_STA_CAMERA_VViS_1740_K1","name":"Vadje","photo":"https://api.trafikinfo.trafikverket.se/v2/Images/data/road.infrastructure.camera/RoadConditionCamera_VViS_1740_K1.jpg","dir":null}},{"type":"Feature","geometry":{"type":"Point","coordinates":[11.815825,59.506566]},"properties":{"id":"SE_STA_CAMERA_VViS_1745_K1","name":"Töcksfors","photo":"https://api.trafikinfo.trafikverket.se/v2/Images/data/road.infrastructure.camera/RoadConditionCamera_VViS_1745_K1.jpg","dir":null}},{"type":"Feature","geometry":{"type":"Point","coordinates":[14.331294,59.785172]},"properties":{"id":"SE_STA_CAMERA_VViS_1741_K1","name":"Pickarbo","photo":"https://api.trafikinfo.trafikverket.se/v2/Images/data/road.infrastructure.camera/RoadConditionCamera_VViS_1741_K1.jpg","dir":null}},{"type":"Feature","geometry":{"type":"Point","coordinates":[15.236289,59.130254]},"properties":{"id":"SE_STA_CAMERA_VViS_1803_K1","name":"Kvarntorp","photo":"https://api.trafikinfo.trafikverket.se/v2/Images/data/road.infrastructure.camera/RoadConditionCamera_VViS_1803_K1.jpg","dir":null}},{"type":"Feature","geometry":{"type":"Point","coordinates":[15.484331,59.460934]},"properties":{"id":"SE_STA_CAMERA_VViS_1804_K1","name":"Sverkesta","photo":"https://api.trafikinfo.trafikverket.se/v2/Images/data/road.infrastructure.camera/RoadConditionCamera_VViS_1804_K1.jpg","dir":null}},{"type":"Feature","geometry":{"type":"Point","coordinates":[14.927338,58.839448]},"properties":{"id":"SE_STA_CAMERA_VViS_1802_K1","name":"Lilla Hammarsund","photo":"https://api.trafikinfo.trafikverket.se/v2/Images/data/road.infrastructure.camera/RoadConditionCamera_VViS_1802_K1.jpg","dir":null}},{"type":"Feature","geometry":{"type":"Point","coordinates":[15.018087,59.89607]},"properties":{"id":"SE_STA_CAMERA_VViS_1806_K1","name":"Kopparberg","photo":"https://api.trafikinfo.trafikverket.se/v2/Images/data/road.infrastructure.camera/RoadConditionCamera_VViS_1806_K1.jpg","dir":null}},{"type":"Feature","geometry":{"type":"Point","coordinates":[14.39915,59.321093]},"properties":{"id":"SE_STA_CAMERA_VViS_1805_K1","name":"Linnebäck","photo":"https://api.trafikinfo.trafikverket.se/v2/Images/data/road.infrastructure.camera/RoadConditionCamera_VViS_1805_K1.jpg","dir":null}},{"type":"Feature","geometry":{"type":"Point","coordinates":[15.412067,59.230038]},"properties":{"id":"SE_STA_CAMERA_VViS_1807_K1","name":"Resta","photo":"https://api.trafikinfo.trafikverket.se/v2/Images/data/road.infrastructure.camera/RoadConditionCamera_VViS_1807_K1.jpg","dir":null}},{"type":"Feature","geometry":{"type":"Point","coordinates":[15.125046,59.192653]},"properties":{"id":"SE_STA_CAMERA_VViS_1808_K1","name":"Mosås","photo":"https://api.trafikinfo.trafikverket.se/v2/Images/data/road.infrastructure.camera/RoadConditionCamera_VViS_1808_K1.jpg","dir":null}},{"type":"Feature","geometry":{"type":"Point","coordinates":[15.008607,59.243496]},"properties":{"id":"SE_STA_CAMERA_VViS_1809_K1","name":"Lanna","photo":"https://api.trafikinfo.trafikverket.se/v2/Images/data/road.infrastructure.camera/RoadConditionCamera_VViS_1809_K1.jpg","dir":null}},{"type":"Feature","geometry":{"type":"Point","coordinates":[15.036742,59.015307]},"properties":{"id":"SE_STA_CAMERA_VViS_1814_K1","name":"Kassmyra 2","photo":"https://api.trafikinfo.trafikverket.se/v2/Images/data/road.infrastructure.camera/RoadConditionCamera_VViS_1814_K1.jpg","dir":null}},{"type":"Feature","geometry":{"type":"Point","coordinates":[14.464987,59.193363]},"properties":{"id":"SE_STA_CAMERA_VViS_1817_K1","name":"Luten","photo":"https://api.trafikinfo.trafikverket.se/v2/Images/data/road.infrastructure.camera/RoadConditionCamera_VViS_1817_K1.jpg","dir":null}},{"type":"Feature","geometry":{"type":"Point","coordinates":[14.811048,59.259353]},"properties":{"id":"SE_STA_CAMERA_VViS_1818_K1","name":"Lekhyttan","photo":"https://api.trafikinfo.trafikverket.se/v2/Images/data/road.infrastructure.camera/RoadConditionCamera_VViS_1818_K1.jpg","dir":null}},{"type":"Feature","geometry":{"type":"Point","coordinates":[15.133708,59.456096]},"properties":{"id":"SE_STA_CAMERA_VViS_1819_K1","name":"Skärmarboda","photo":"https://api.trafikinfo.trafikverket.se/v2/Images/data/road.infrastructure.camera/RoadConditionCamera_VViS_1819_K1.jpg","dir":null}},{"type":"Feature","geometry":{"type":"Point","coordinates":[14.469177,58.947748]},"properties":{"id":"SE_STA_CAMERA_VViS_1821_K1","name":"Herrefallet","photo":"https://api.trafikinfo.trafikverket.se/v2/Images/data/road.infrastructure.camera/RoadConditionCamera_VViS_1821_K1.jpg","dir":null}},{"type":"Feature","geometry":{"type":"Point","coordinates":[15.137167,59.643458]},"properties":{"id":"SE_STA_CAMERA_VViS_1820_K1","name":"Hellabacken","photo":"https://api.trafikinfo.trafikverket.se/v2/Images/data/road.infrastructure.camera/RoadConditionCamera_VViS_1820_K1.jpg","dir":null}},{"type":"Feature","geometry":{"type":"Point","coordinates":[14.993378,58.769049]},"properties":{"id":"SE_STA_CAMERA_VViS_1822_K1","name":"Brattebro","photo":"https://api.trafikinfo.trafikverket.se/v2/Images/data/road.infrastructure.camera/RoadConditionCamera_VViS_1822_K1.jpg","dir":null}},{"type":"Feature","geometry":{"type":"Point","coordinates":[15.41173,58.865378]},"properties":{"id":"SE_STA_CAMERA_VViS_1823_K1","name":"Emma","photo":"https://api.trafikinfo.trafikverket.se/v2/Images/data/road.infrastructure.camera/RoadConditionCamera_VViS_1823_K1.jpg","dir":null}},{"type":"Feature","geometry":{"type":"Point","coordinates":[15.472183,59.760809]},"properties":{"id":"SE_STA_CAMERA_VViS_1825_K1","name":"Hägernäs","photo":"https://api.trafikinfo.trafikverket.se/v2/Images/data/road.infrastructure.camera/RoadConditionCamera_VViS_1825_K1.jpg","dir":null}},{"type":"Feature","geometry":{"type":"Point","coordinates":[14.978613,60.025417]},"properties":{"id":"SE_STA_CAMERA_VViS_1826_K1","name":"Basttjärn","photo":"https://api.trafikinfo.trafikverket.se/v2/Images/data/road.infrastructure.camera/RoadConditionCamera_VViS_1826_K1.jpg","dir":null}},{"type":"Feature","geometry":{"type":"Point","coordinates":[14.655402,59.816754]},"properties":{"id":"SE_STA_CAMERA_VViS_1827_K1","name":"Sirsjön","photo":"https://api.trafikinfo.trafikverket.se/v2/Images/data/road.infrastructure.camera/RoadConditionCamera_VViS_1827_K1.jpg","dir":null}},{"type":"Feature","geometry":{"type":"Point","coordinates":[14.713155,59.427733]},"properties":{"id":"SE_STA_CAMERA_VViS_1828_K1","name":"Älvsnabben","photo":"https://api.trafikinfo.trafikverket.se/v2/Images/data/road.infrastructure.camera/RoadConditionCamera_VViS_1828_K1.jpg","dir":null}},{"type":"Feature","geometry":{"type":"Point","coordinates":[14.596203,59.317578]},"properties":{"id":"SE_STA_CAMERA_VViS_1830_K1","name":"Immetorp","photo":"https://api.trafikinfo.trafikverket.se/v2/Images/data/road.infrastructure.camera/RoadConditionCamera_VViS_1830_K1.jpg","dir":null}},{"type":"Feature","geometry":{"type":"Point","coordinates":[15.987375,59.406866]},"properties":{"id":"SE_STA_CAMERA_VViS_1901_K1","name":"Reutersberg","photo":"https://api.trafikinfo.trafikverket.se/v2/Images/data/road.infrastructure.camera/RoadConditionCamera_VViS_1901_K1.jpg","dir":null}},{"type":"Feature","geometry":{"type":"Point","coordinates":[14.659809,59.602769]},"properties":{"id":"SE_STA_CAMERA_VViS_1829_K1","name":"Lohällen","photo":"https://api.trafikinfo.trafikverket.se/v2/Images/data/road.infrastructure.camera/RoadConditionCamera_VViS_1829_K1.jpg","dir":null}},{"type":"Feature","geometry":{"type":"Point","coordinates":[16.305429,59.483349]},"properties":{"id":"SE_STA_CAMERA_VViS_1903_K1","name":"Mellansundet","photo":"https://api.trafikinfo.trafikverket.se/v2/Images/data/road.infrastructure.camera/RoadConditionCamera_VViS_1903_K1.jpg","dir":null}},{"type":"Feature","geometry":{"type":"Point","coordinates":[16.198848,59.631907]},"properties":{"id":"SE_STA_CAMERA_VViS_1905_K1","name":"Hallstahammar","photo":"https://api.trafikinfo.trafikverket.se/v2/Images/data/road.infrastructure.camera/RoadConditionCamera_VViS_1905_K1.jpg","dir":null}},{"type":"Feature","geometry":{"type":"Point","coordinates":[16.050014,59.556418]},"properties":{"id":"SE_STA_CAMERA_VViS_1904_K1","name":"Sörberga","photo":"https://api.trafikinfo.trafikverket.se/v2/Images/data/road.infrastructure.camera/RoadConditionCamera_VViS_1904_K1.jpg","dir":null}},{"type":"Feature","geometry":{"type":"Point","coordinates":[15.771191,59.670996]},"properties":{"id":"SE_STA_CAMERA_VViS_1908_K1","name":"Bernshammar","photo":"https://api.trafikinfo.trafikverket.se/v2/Images/data/road.infrastructure.camera/RoadConditionCamera_VViS_1908_K1.jpg","dir":null}},{"type":"Feature","geometry":{"type":"Point","coordinates":[16.238548,59.719316]},"properties":{"id":"SE_STA_CAMERA_VViS_1909_K1","name":"Surahammar","photo":"https://api.trafikinfo.trafikverket.se/v2/Images/data/road.infrastructure.camera/RoadConditionCamera_VViS_1909_K1.jpg","dir":null}},{"type":"Feature","geometry":{"type":"Point","coordinates":[15.578592,59.845117]},"properties":{"id":"SE_STA_CAMERA_VViS_1911_K1","name":"Riddarhyttan","photo":"https://api.trafikinfo.trafikverket.se/v2/Images/data/road.infrastructure.camera/RoadConditionCamera_VViS_1911_K1.jpg","dir":null}},{"type":"Feature","geometry":{"type":"Point","coordinates":[16.562235,59.772141]},"properties":{"id":"SE_STA_CAMERA_VViS_1910_K1","name":"Tomta","photo":"https://api.trafikinfo.trafikverket.se/v2/Images/data/road.infrastructure.camera/RoadConditionCamera_VViS_1910_K1.jpg","dir":null}},{"type":"Feature","geometry":{"type":"Point","coordinates":[15.951627,59.918391]},"properties":{"id":"SE_STA_CAMERA_VViS_1912_K1","name":"Åmänningen","photo":"https://api.trafikinfo.trafikverket.se/v2/Images/data/road.infrastructure.camera/RoadConditionCamera_VViS_1912_K1.jpg","dir":null}},{"type":"Feature","geometry":{"type":"Point","coordinates":[15.915469,60.067236]},"properties":{"id":"SE_STA_CAMERA_VViS_1915_K1","name":"Norberg","photo":"https://api.trafikinfo.trafikverket.se/v2/Images/data/road.infrastructure.camera/RoadConditionCamera_VViS_1915_K1.jpg","dir":null}},{"type":"Feature","geometry":{"type":"Point","coordinates":[16.632889,59.860781]},"properties":{"id":"SE_STA_CAMERA_VViS_1913_K1","name":"Kumla","photo":"https://api.trafikinfo.trafikverket.se/v2/Images/data/road.infrastructure.camera/RoadConditionCamera_VViS_1913_K1.jpg","dir":null}},{"type":"Feature","geometry":{"type":"Point","coordinates":[16.958923,60.240631]},"properties":{"id":"SE_STA_CAMERA_VViS_1917_K1","name":"Kerstinbo","photo":"https://api.trafikinfo.trafikverket.se/v2/Images/data/road.infrastructure.camera/RoadConditionCamera_VViS_1917_K1.jpg","dir":null}},{"type":"Feature","geometry":{"type":"Point","coordinates":[16.364953,60.020156]},"properties":{"id":"SE_STA_CAMERA_VViS_1916_K1","name":"Jordbron","photo":"https://api.trafikinfo.trafikverket.se/v2/Images/data/road.infrastructure.camera/RoadConditionCamera_VViS_1916_K1.jpg","dir":null}},{"type":"Feature","geometry":{"type":"Point","coordinates":[17.203289,60.144989]},"properties":{"id":"SE_STA_CAMERA_VViS_1918_K1","name":"Lindsbro","photo":"https://api.trafikinfo.trafikverket.se/v2/Images/data/road.infrastructure.camera/RoadConditionCamera_VViS_1918_K1.jpg","dir":null}},{"type":"Feature","geometry":{"type":"Point","coordinates":[15.657413,59.381348]},"properties":{"id":"SE_STA_CAMERA_VViS_1921_K1","name":"Urvalla","photo":"https://api.trafikinfo.trafikverket.se/v2/Images/data/road.infrastructure.camera/RoadConditionCamera_VViS_1921_K1.jpg","dir":null}},{"type":"Feature","geometry":{"type":"Point","coordinates":[16.825815,59.937223]},"properties":{"id":"SE_STA_CAMERA_VViS_1922_K1","name":"Heby","photo":"https://api.trafikinfo.trafikverket.se/v2/Images/data/road.infrastructure.camera/RoadConditionCamera_VViS_1922_K1.jpg","dir":null}},{"type":"Feature","geometry":{"type":"Point","coordinates":[16.661866,59.620209]},"properties":{"id":"SE_STA_CAMERA_VViS_1923_K1","name":"Irsta","photo":"https://api.trafikinfo.trafikverket.se/v2/Images/data/road.infrastructure.camera/RoadConditionCamera_VViS_1923_K1.jpg","dir":null}},{"type":"Feature","geometry":{"type":"Point","coordinates":[16.511212,59.617183]},"properties":{"id":"SE_STA_CAMERA_VViS_1924_K1","name":"Vallbymotet","photo":"https://api.trafikinfo.trafikverket.se/v2/Images/data/road.infrastructure.camera/RoadConditionCamera_VViS_1924_K1.jpg","dir":null}},{"type":"Feature","geometry":{"type":"Point","coordinates":[16.171688,59.417637]},"properties":{"id":"SE_STA_CAMERA_VViS_1925_K1","name":"Höksta","photo":"https://api.trafikinfo.trafikverket.se/v2/Images/data/road.infrastructure.camera/RoadConditionCamera_VViS_1925_K1.jpg","dir":null}},{"type":"Feature","geometry":{"type":"Point","coordinates":[15.658899,60.384644]},"properties":{"id":"SE_STA_CAMERA_VViS_2001_K1","name":"Solvarbo","photo":"https://api.trafikinfo.trafikverket.se/v2/Images/data/road.infrastructure.camera/RoadConditionCamera_VViS_2001_K1.jpg","dir":null}},{"type":"Feature","geometry":{"type":"Point","coordinates":[16.359204,60.25084]},"properties":{"id":"SE_STA_CAMERA_VViS_2003_K1","name":"Morshyttan","photo":"https://api.trafikinfo.trafikverket.se/v2/Images/data/road.infrastructure.camera/RoadConditionCamera_VViS_2003_K1.jpg","dir":null}},{"type":"Feature","geometry":{"type":"Point","coordinates":[15.973453,60.568713]},"properties":{"id":"SE_STA_CAMERA_VViS_2004_K1","name":"Ryggen","photo":"https://api.trafikinfo.trafikverket.se/v2/Images/data/road.infrastructure.camera/RoadConditionCamera_VViS_2004_K1.jpg","dir":null}},{"type":"Feature","geometry":{"type":"Point","coordinates":[15.567666,60.546657]},"properties":{"id":"SE_STA_CAMERA_VViS_2005_K1","name":"Karlsvik","photo":"https://api.trafikinfo.trafikverket.se/v2/Images/data/road.infrastructure.camera/RoadConditionCamera_VViS_2005_K1.jpg","dir":null}},{"type":"Feature","geometry":{"type":"Point","coordinates":[15.069475,60.827179]},"properties":{"id":"SE_STA_CAMERA_VViS_2006_K1","name":"Kullsbjörken","photo":"https://api.trafikinfo.trafikverket.se/v2/Images/data/road.infrastructure.camera/RoadConditionCamera_VViS_2006_K1.jpg","dir":null}},{"type":"Feature","geometry":{"type":"Point","coordinates":[13.495687,60.516062]},"properties":{"id":"SE_STA_CAMERA_VViS_2009_K1","name":"Lisskogsåsen","photo":"https://api.trafikinfo.trafikverket.se/v2/Images/data/road.infrastructure.camera/RoadConditionCamera_VViS_2009_K1.jpg","dir":null}},{"type":"Feature","geometry":{"type":"Point","coordinates":[14.798055,61.387699]},"properties":{"id":"SE_STA_CAMERA_VViS_2007_K1","name":"Koppången","photo":"https://api.trafikinfo.trafikverket.se/v2/Images/data/road.infrastructure.camera/RoadConditionCamera_VViS_2007_K1.jpg","dir":null}},{"type":"Feature","geometry":{"type":"Point","coordinates":[13.955741,60.50087]},"properties":{"id":"SE_STA_CAMERA_VViS_2010_K1","name":"Nötberget","photo":"https://api.trafikinfo.trafikverket.se/v2/Images/data/road.infrastructure.camera/RoadConditionCamera_VViS_2010_K1.jpg","dir":null}},{"type":"Feature","geometry":{"type":"Point","coordinates":[15.122889,60.12292]},"properties":{"id":"SE_STA_CAMERA_VViS_2011_K1","name":"Skeppmora","photo":"https://api.trafikinfo.trafikverket.se/v2/Images/data/road.infrastructure.camera/RoadConditionCamera_VViS_2011_K1.jpg","dir":null}},{"type":"Feature","geometry":{"type":"Point","coordinates":[15.318202,60.328996]},"properties":{"id":"SE_STA_CAMERA_VViS_2012_K1","name":"Myggsjön","photo":"https://api.trafikinfo.trafikverket.se/v2/Images/data/road.infrastructure.camera/RoadConditionCamera_VViS_2012_K1.jpg","dir":null}},{"type":"Feature","geometry":{"type":"Point","coordinates":[13.113982,61.158317]},"properties":{"id":"SE_STA_CAMERA_VViS_2015_K1","name":"Högfjällshotellet","photo":"https://api.trafikinfo.trafikverket.se/v2/Images/data/road.infrastructure.camera/RoadConditionCamera_VViS_2015_K1.jpg","dir":null}},{"type":"Feature","geometry":{"type":"Point","coordinates":[14.835057,60.921752]},"properties":{"id":"SE_STA_CAMERA_VViS_2016_K1","name":"Garsås","photo":"https://api.trafikinfo.trafikverket.se/v2/Images/data/road.infrastructure.camera/RoadConditionCamera_VViS_2016_K1.jpg","dir":null}},{"type":"Feature","geometry":{"type":"Point","coordinates":[14.281511,61.106792]},"properties":{"id":"SE_STA_CAMERA_VViS_2020_K1","name":"Spjutmosjön","photo":"https://api.trafikinfo.trafikverket.se/v2/Images/data/road.infrastructure.camera/RoadConditionCamera_VViS_2020_K1.jpg","dir":null}},{"type":"Feature","geometry":{"type":"Point","coordinates":[15.314872,60.53019]},"properties":{"id":"SE_STA_CAMERA_VViS_2025_K1","name":"Gagnbro","photo":"https://api.trafikinfo.trafikverket.se/v2/Images/data/road.infrastructure.camera/RoadConditionCamera_VViS_2025_K1.jpg","dir":null}},{"type":"Feature","geometry":{"type":"Point","coordinates":[13.477498,61.419664]},"properties":{"id":"SE_STA_CAMERA_VViS_2021_K1","name":"Bunkris","photo":"https://api.trafikinfo.trafikverket.se/v2/Images/data/road.infrastructure.camera/RoadConditionCamera_VViS_2021_K1.jpg","dir":null}},{"type":"Feature","geometry":{"type":"Point","coordinates":[14.199781,60.326583]},"properties":{"id":"SE_STA_CAMERA_VViS_2026_K1","name":"Kroktorp","photo":"https://api.trafikinfo.trafikverket.se/v2/Images/data/road.infrastructure.camera/RoadConditionCamera_VViS_2026_K1.jpg","dir":null}},{"type":"Feature","geometry":{"type":"Point","coordinates":[13.432572,60.798712]},"properties":{"id":"SE_STA_CAMERA_VViS_2027_K1","name":"Limskogen","photo":"https://api.trafikinfo.trafikverket.se/v2/Images/data/road.infrastructure.camera/RoadConditionCamera_VViS_2027_K1.jpg","dir":null}},{"type":"Feature","geometry":{"type":"Point","coordinates":[14.674084,60.466936]},"properties":{"id":"SE_STA_CAMERA_VViS_2029_K1","name":"Fänforsen","photo":"https://api.trafikinfo.trafikverket.se/v2/Images/data/road.infrastructure.camera/RoadConditionCamera_VViS_2029_K1.jpg","dir":null}},{"type":"Feature","geometry":{"type":"Point","coordinates":[13.619977,61.078761]},"properties":{"id":"SE_STA_CAMERA_VViS_2028_K1","name":"Mångsbodarna","photo":"https://api.trafikinfo.trafikverket.se/v2/Images/data/road.infrastructure.camera/RoadConditionCamera_VViS_2028_K1.jpg","dir":null}},{"type":"Feature","geometry":{"type":"Point","coordinates":[15.460642,60.713693]},"properties":{"id":"SE_STA_CAMERA_VViS_2030_K1","name":"Smälingen","photo":"https://api.trafikinfo.trafikverket.se/v2/Images/data/road.infrastructure.camera/RoadConditionCamera_VViS_2030_K1.jpg","dir":null}},{"type":"Feature","geometry":{"type":"Point","coordinates":[15.666479,59.996638]},"properties":{"id":"SE_STA_CAMERA_VViS_2031_K1","name":"Viksberg","photo":"https://api.trafikinfo.trafikverket.se/v2/Images/data/road.infrastructure.camera/RoadConditionCamera_VViS_2031_K1.jpg","dir":null}},{"type":"Feature","geometry":{"type":"Point","coordinates":[15.135069,61.166629]},"properties":{"id":"SE_STA_CAMERA_VViS_2032_K1","name":"Furudal","photo":"https://api.trafikinfo.trafikverket.se/v2/Images/data/road.infrastructure.camera/RoadConditionCamera_VViS_2032_K1.jpg","dir":null}},{"type":"Feature","geometry":{"type":"Point","coordinates":[12.287578,61.840263]},"properties":{"id":"SE_STA_CAMERA_VViS_2033_K1","name":"Storbo/Idre","photo":"https://api.trafikinfo.trafikverket.se/v2/Images/data/road.infrastructure.camera/RoadConditionCamera_VViS_2033_K1.jpg","dir":null}},{"type":"Feature","geometry":{"type":"Point","coordinates":[13.073007,61.384923]},"properties":{"id":"SE_STA_CAMERA_VViS_2037_K1","name":"Sörsjön","photo":"https://api.trafikinfo.trafikverket.se/v2/Images/data/road.infrastructure.camera/RoadConditionCamera_VViS_2037_K1.jpg","dir":null}},{"type":"Feature","geometry":{"type":"Point","coordinates":[14.847208,61.494863]},"properties":{"id":"SE_STA_CAMERA_VViS_2035_K1","name":"Noppikoski","photo":"https://api.trafikinfo.trafikverket.se/v2/Images/data/road.infrastructure.camera/RoadConditionCamera_VViS_2035_K1.jpg","dir":null}},{"type":"Feature","geometry":{"type":"Point","coordinates":[16.085316,60.848889]},"properties":{"id":"SE_STA_CAMERA_VViS_2036_K1","name":"Vintjärn","photo":"https://api.trafikinfo.trafikverket.se/v2/Images/data/road.infrastructure.camera/RoadConditionCamera_VViS_2036_K1.jpg","dir":null}},{"type":"Feature","geometry":{"type":"Point","coordinates":[14.522623,60.160198]},"properties":{"id":"SE_STA_CAMERA_VViS_2039_K1","name":"Ulriksberg","photo":"https://api.trafikinfo.trafikverket.se/v2/Images/data/road.infrastructure.camera/RoadConditionCamera_VViS_2039_K1.jpg","dir":null}},{"type":"Feature","geometry":{"type":"Point","coordinates":[14.572362,61.009653]},"properties":{"id":"SE_STA_CAMERA_VViS_2040_K1","name":"Mora","photo":"https://api.trafikinfo.trafikverket.se/v2/Images/data/road.infrastructure.camera/RoadConditionCamera_VViS_2040_K1.jpg","dir":null}},{"type":"Feature","geometry":{"type":"Point","coordinates":[14.610048,60.603742]},"properties":{"id":"SE_STA_CAMERA_VViS_2041_K1","name":"Älgberget","photo":"https://api.trafikinfo.trafikverket.se/v2/Images/data/road.infrastructure.camera/RoadConditionCamera_VViS_2041_K1.jpg","dir":null}},{"type":"Feature","geometry":{"type":"Point","coordinates":[15.252621,60.823377]},"properties":{"id":"SE_STA_CAMERA_VViS_2043_K1","name":"Mårtanberg","photo":"https://api.trafikinfo.trafikverket.se/v2/Images/data/road.infrastructure.camera/RoadConditionCamera_VViS_2043_K1.jpg","dir":null}},{"type":"Feature","geometry":{"type":"Point","coordinates":[14.334173,60.859782]},"properties":{"id":"SE_STA_CAMERA_VViS_2042_K1","name":"Gruvorna","photo":"https://api.trafikinfo.trafikverket.se/v2/Images/data/road.infrastructure.camera/RoadConditionCamera_VViS_2042_K1.jpg","dir":null}},{"type":"Feature","geometry":{"type":"Point","coordinates":[16.028263,60.240939]},"properties":{"id":"SE_STA_CAMERA_VViS_2044_K1","name":"Grådö V","photo":"https://api.trafikinfo.trafikverket.se/v2/Images/data/road.infrastructure.camera/RoadConditionCamera_VViS_2044_K1.jpg","dir":null}},{"type":"Feature","geometry":{"type":"Point","coordinates":[16.916617,60.29538]},"properties":{"id":"SE_STA_CAMERA_VViS_2101_K1","name":"Gysinge","photo":"https://api.trafikinfo.trafikverket.se/v2/Images/data/road.infrastructure.camera/RoadConditionCamera_VViS_2101_K1.jpg","dir":null}},{"type":"Feature","geometry":{"type":"Point","coordinates":[16.904225,60.625796]},"properties":{"id":"SE_STA_CAMERA_VViS_2102_K1","name":"Forsbacka","photo":"https://api.trafikinfo.trafikverket.se/v2/Images/data/road.infrastructure.camera/RoadConditionCamera_VViS_2102_K1.jpg","dir":null}},{"type":"Feature","geometry":{"type":"Point","coordinates":[17.095278,61.764641]},"properties":{"id":"SE_STA_CAMERA_VViS_2104_K1","name":"Skogsta","photo":"https://api.trafikinfo.trafikverket.se/v2/Images/data/road.infrastructure.camera/RoadConditionCamera_VViS_2104_K1.jpg","dir":null}},{"type":"Feature","geometry":{"type":"Point","coordinates":[16.986755,61.0053]},"properties":{"id":"SE_STA_CAMERA_VViS_2106_K1","name":"Högbacka","photo":"https://api.trafikinfo.trafikverket.se/v2/Images/data/road.infrastructure.camera/RoadConditionCamera_VViS_2106_K1.jpg","dir":null}},{"type":"Feature","geometry":{"type":"Point","coordinates":[16.320309,60.557906]},"properties":{"id":"SE_STA_CAMERA_VViS_2105_K1","name":"Hoforsbacken","photo":"https://api.trafikinfo.trafikverket.se/v2/Images/data/road.infrastructure.camera/RoadConditionCamera_VViS_2105_K1.jpg","dir":null}},{"type":"Feature","geometry":{"type":"Point","coordinates":[16.770112,61.192489]},"properties":{"id":"SE_STA_CAMERA_VViS_2107_K1","name":"Hamnäs","photo":"https://api.trafikinfo.trafikverket.se/v2/Images/data/road.infrastructure.camera/RoadConditionCamera_VViS_2107_K1.jpg","dir":null}},{"type":"Feature","geometry":{"type":"Point","coordinates":[17.031935,61.232343]},"properties":{"id":"SE_STA_CAMERA_VViS_2108_K1","name":"Ljusne","photo":"https://api.trafikinfo.trafikverket.se/v2/Images/data/road.infrastructure.camera/RoadConditionCamera_VViS_2108_K1.jpg","dir":null}},{"type":"Feature","geometry":{"type":"Point","coordinates":[17.054738,61.616821]},"properties":{"id":"SE_STA_CAMERA_VViS_2111_K1","name":"Njutånger","photo":"https://api.trafikinfo.trafikverket.se/v2/Images/data/road.infrastructure.camera/RoadConditionCamera_VViS_2111_K1.jpg","dir":null}},{"type":"Feature","geometry":{"type":"Point","coordinates":[17.072964,61.706241]},"properties":{"id":"SE_STA_CAMERA_VViS_2112_K1","name":"Vibodlångsjön","photo":"https://api.trafikinfo.trafikverket.se/v2/Images/data/road.infrastructure.camera/RoadConditionCamera_VViS_2112_K1.jpg","dir":null}},{"type":"Feature","geometry":{"type":"Point","coordinates":[17.185164,61.900379]},"properties":{"id":"SE_STA_CAMERA_VViS_2113_K1","name":"Hammarbacken","photo":"https://api.trafikinfo.trafikverket.se/v2/Images/data/road.infrastructure.camera/RoadConditionCamera_VViS_2113_K1.jpg","dir":null}},{"type":"Feature","geometry":{"type":"Point","coordinates":[16.788662,61.758008]},"properties":{"id":"SE_STA_CAMERA_VViS_2116_K1","name":"Djupdal","photo":"https://api.trafikinfo.trafikverket.se/v2/Images/data/road.infrastructure.camera/RoadConditionCamera_VViS_2116_K1.jpg","dir":null}},{"type":"Feature","geometry":{"type":"Point","coordinates":[17.241172,61.972382]},"properties":{"id":"SE_STA_CAMERA_VViS_2114_K1","name":"Jättendal","photo":"https://api.trafikinfo.trafikverket.se/v2/Images/data/road.infrastructure.camera/RoadConditionCamera_VViS_2114_K1.jpg","dir":null}},{"type":"Feature","geometry":{"type":"Point","coordinates":[17.277531,62.077801]},"properties":{"id":"SE_STA_CAMERA_VViS_2115_K1","name":"Gryttjesjön","photo":"https://api.trafikinfo.trafikverket.se/v2/Images/data/road.infrastructure.camera/RoadConditionCamera_VViS_2115_K1.jpg","dir":null}},{"type":"Feature","geometry":{"type":"Point","coordinates":[16.176987,61.13231]},"properties":{"id":"SE_STA_CAMERA_VViS_2117_K1","name":"Gruvberget","photo":"https://api.trafikinfo.trafikverket.se/v2/Images/data/road.infrastructure.camera/RoadConditionCamera_VViS_2117_K1.jpg","dir":null}},{"type":"Feature","geometry":{"type":"Point","coordinates":[16.193476,61.81609]},"properties":{"id":"SE_STA_CAMERA_VViS_2118_K1","name":"Snäre","photo":"https://api.trafikinfo.trafikverket.se/v2/Images/data/road.infrastructure.camera/RoadConditionCamera_VViS_2118_K1.jpg","dir":null}},{"type":"Feature","geometry":{"type":"Point","coordinates":[16.160643,61.753293]},"properties":{"id":"SE_STA_CAMERA_VViS_2120_K1","name":"Edevågen","photo":"https://api.trafikinfo.trafikverket.se/v2/Images/data/road.infrastructure.camera/RoadConditionCamera_VViS_2120_K1.jpg","dir":null}},{"type":"Feature","geometry":{"type":"Point","coordinates":[17.029639,60.89522]},"properties":{"id":"SE_STA_CAMERA_VViS_2123_K1","name":"Hagsta","photo":"https://api.trafikinfo.trafikverket.se/v2/Images/data/road.infrastructure.camera/RoadConditionCamera_VViS_2123_K1.jpg","dir":null}},{"type":"Feature","geometry":{"type":"Point","coordinates":[16.317453,61.575686]},"properties":{"id":"SE_STA_CAMERA_VViS_2121_K1","name":"Simeå","photo":"https://api.trafikinfo.trafikverket.se/v2/Images/data/road.infrastructure.camera/RoadConditionCamera_VViS_2121_K1.jpg","dir":null}},{"type":"Feature","geometry":{"type":"Point","coordinates":[16.512948,61.350802]},"properties":{"id":"SE_STA_CAMERA_VViS_2122_K1","name":"Rengsjö","photo":"https://api.trafikinfo.trafikverket.se/v2/Images/data/road.infrastructure.camera/RoadConditionCamera_VViS_2122_K1.jpg","dir":null}},{"type":"Feature","geometry":{"type":"Point","coordinates":[14.735687,61.697523]},"properties":{"id":"SE_STA_CAMERA_VViS_2126_K1","name":"Tandsjöborg","photo":"https://api.trafikinfo.trafikverket.se/v2/Images/data/road.infrastructure.camera/RoadConditionCamera_VViS_2126_K1.jpg","dir":null}},{"type":"Feature","geometry":{"type":"Point","coordinates":[15.542474,61.335488]},"properties":{"id":"SE_STA_CAMERA_VViS_2125_K1","name":"Finnstuga","photo":"https://api.trafikinfo.trafikverket.se/v2/Images/data/road.infrastructure.camera/RoadConditionCamera_VViS_2125_K1.jpg","dir":null}},{"type":"Feature","geometry":{"type":"Point","coordinates":[15.210309,61.854173]},"properties":{"id":"SE_STA_CAMERA_VViS_2127_K1","name":"Johannesberg","photo":"https://api.trafikinfo.trafikverket.se/v2/Images/data/road.infrastructure.camera/RoadConditionCamera_VViS_2127_K1.jpg","dir":null}},{"type":"Feature","geometry":{"type":"Point","coordinates":[15.671132,62.263217]},"properties":{"id":"SE_STA_CAMERA_VViS_2128_K1","name":"Norrhög","photo":"https://api.trafikinfo.trafikverket.se/v2/Images/data/road.infrastructure.camera/RoadConditionCamera_VViS_2128_K1.jpg","dir":null}},{"type":"Feature","geometry":{"type":"Point","coordinates":[16.56565,62.073924]},"properties":{"id":"SE_STA_CAMERA_VViS_2129_K1","name":"Furuberg","photo":"https://api.trafikinfo.trafikverket.se/v2/Images/data/road.infrastructure.camera/RoadConditionCamera_VViS_2129_K1.jpg","dir":null}},{"type":"Feature","geometry":{"type":"Point","coordinates":[16.748338,60.761069]},"properties":{"id":"SE_STA_CAMERA_VViS_2130_K1","name":"Ockelbo","photo":"https://api.trafikinfo.trafikverket.se/v2/Images/data/road.infrastructure.camera/RoadConditionCamera_VViS_2130_K1.jpg","dir":null}},{"type":"Feature","geometry":{"type":"Point","coordinates":[17.307487,60.504762]},"properties":{"id":"SE_STA_CAMERA_VViS_2131_K1","name":"Hyttön","photo":"https://api.trafikinfo.trafikverket.se/v2/Images/data/road.infrastructure.camera/RoadConditionCamera_VViS_2131_K1.jpg","dir":null}},{"type":"Feature","geometry":{"type":"Point","coordinates":[16.024064,61.819019]},"properties":{"id":"SE_STA_CAMERA_VViS_2134_K1","name":"Ljusdal","photo":"https://api.trafikinfo.trafikverket.se/v2/Images/data/road.infrastructure.camera/RoadConditionCamera_VViS_2134_K1.jpg","dir":null}},{"type":"Feature","geometry":{"type":"Point","coordinates":[17.081215,60.744561]},"properties":{"id":"SE_STA_CAMERA_VViS_2132_K1","name":"Testeboån","photo":"https://api.trafikinfo.trafikverket.se/v2/Images/data/road.infrastructure.camera/RoadConditionCamera_VViS_2132_K1.jpg","dir":null}},{"type":"Feature","geometry":{"type":"Point","coordinates":[16.537419,60.578834]},"properties":{"id":"SE_STA_CAMERA_VViS_2135_K1","name":"Storvik","photo":"https://api.trafikinfo.trafikverket.se/v2/Images/data/road.infrastructure.camera/RoadConditionCamera_VViS_2135_K1.jpg","dir":null}},{"type":"Feature","geometry":{"type":"Point","coordinates":[16.033586,61.337874]},"properties":{"id":"SE_STA_CAMERA_VViS_2136_K1","name":"Alfta","photo":"https://api.trafikinfo.trafikverket.se/v2/Images/data/road.infrastructure.camera/RoadConditionCamera_VViS_2136_K1.jpg","dir":null}},{"type":"Feature","geometry":{"type":"Point","coordinates":[16.982086,61.515108]},"properties":{"id":"SE_STA_CAMERA_VViS_2137_K1","name":"Enånger","photo":"https://api.trafikinfo.trafikverket.se/v2/Images/data/road.infrastructure.camera/RoadConditionCamera_VViS_2137_K1.jpg","dir":null}},{"type":"Feature","geometry":{"type":"Point","coordinates":[17.091418,60.673512]},"properties":{"id":"SE_STA_CAMERA_VViS_2138_K1","name":"Gävle","photo":"https://api.trafikinfo.trafikverket.se/v2/Images/data/road.infrastructure.camera/RoadConditionCamera_VViS_2138_K1.jpg","dir":null}},{"type":"Feature","geometry":{"type":"Point","coordinates":[15.796292,61.071161]},"properties":{"id":"SE_STA_CAMERA_VViS_2139_K1","name":"Södra Flät","photo":"https://api.trafikinfo.trafikverket.se/v2/Images/data/road.infrastructure.camera/RoadConditionCamera_VViS_2139_K1.jpg","dir":null}},{"type":"Feature","geometry":{"type":"Point","coordinates":[17.03914,61.681892]},"properties":{"id":"SE_STA_CAMERA_VViS_2140_K1","name":"Stor Yan","photo":"https://api.trafikinfo.trafikverket.se/v2/Images/data/road.infrastructure.camera/RoadConditionCamera_VViS_2140_K1.jpg","dir":null}},{"type":"Feature","geometry":{"type":"Point","coordinates":[15.314802,61.982333]},"properties":{"id":"SE_STA_CAMERA_VViS_2141_K1","name":"Kårböle 2","photo":"https://api.trafikinfo.trafikverket.se/v2/Images/data/road.infrastructure.camera/RoadConditionCamera_VViS_2141_K1.jpg","dir":null}},{"type":"Feature","geometry":{"type":"Point","coordinates":[17.369619,62.195337]},"properties":{"id":"SE_STA_CAMERA_VViS_2201_K1","name":"Armsjön","photo":"https://api.trafikinfo.trafikverket.se/v2/Images/data/road.infrastructure.camera/RoadConditionCamera_VViS_2201_K1.jpg","dir":null}},{"type":"Feature","geometry":{"type":"Point","coordinates":[17.34482,62.430643]},"properties":{"id":"SE_STA_CAMERA_VViS_2202_K1","name":"Råsta","photo":"https://api.trafikinfo.trafikverket.se/v2/Images/data/road.infrastructure.camera/RoadConditionCamera_VViS_2202_K1.jpg","dir":null}},{"type":"Feature","geometry":{"type":"Point","coordinates":[17.709536,62.561619]},"properties":{"id":"SE_STA_CAMERA_VViS_2204_K1","name":"Högsnäs","photo":"https://api.trafikinfo.trafikverket.se/v2/Images/data/road.infrastructure.camera/RoadConditionCamera_VViS_2204_K1.jpg","dir":null}},{"type":"Feature","geometry":{"type":"Point","coordinates":[18.387512,63.115163]},"properties":{"id":"SE_STA_CAMERA_VViS_2208_K1","name":"Skuleberget","photo":"https://api.trafikinfo.trafikverket.se/v2/Images/data/road.infrastructure.camera/RoadConditionCamera_VViS_2208_K1.jpg","dir":null}},{"type":"Feature","geometry":{"type":"Point","coordinates":[18.290634,63.011776]},"properties":{"id":"SE_STA_CAMERA_VViS_2207_K1","name":"Sjöland","photo":"https://api.trafikinfo.trafikverket.se/v2/Images/data/road.infrastructure.camera/RoadConditionCamera_VViS_2207_K1.jpg","dir":null}},{"type":"Feature","geometry":{"type":"Point","coordinates":[19.117914,63.343387]},"properties":{"id":"SE_STA_CAMERA_VViS_2210_K1","name":"Husum","photo":"https://api.trafikinfo.trafikverket.se/v2/Images/data/road.infrastructure.camera/RoadConditionCamera_VViS_2210_K1.jpg","dir":null}},{"type":"Feature","geometry":{"type":"Point","coordinates":[17.047454,62.362757]},"properties":{"id":"SE_STA_CAMERA_VViS_2213_K1","name":"Vattjom","photo":"https://api.trafikinfo.trafikverket.se/v2/Images/data/road.infrastructure.camera/RoadConditionCamera_VViS_2213_K1.jpg","dir":null}},{"type":"Feature","geometry":{"type":"Point","coordinates":[16.876477,62.376157]},"properties":{"id":"SE_STA_CAMERA_VViS_2212_K1","name":"Nedansjö","photo":"https://api.trafikinfo.trafikverket.se/v2/Images/data/road.infrastructure.camera/RoadConditionCamera_VViS_2212_K1.jpg","dir":null}},{"type":"Feature","geometry":{"type":"Point","coordinates":[17.313696,62.470909]},"properties":{"id":"SE_STA_CAMERA_VViS_2216_K1","name":"Timrå","photo":"https://api.trafikinfo.trafikverket.se/v2/Images/data/road.infrastructure.camera/RoadConditionCamera_VViS_2216_K1.jpg","dir":null}},{"type":"Feature","geometry":{"type":"Point","coordinates":[18.439269,63.176081]},"properties":{"id":"SE_STA_CAMERA_VViS_2217_K1","name":"Spjute/Bjästa","photo":"https://api.trafikinfo.trafikverket.se/v2/Images/data/road.infrastructure.camera/RoadConditionCamera_VViS_2217_K1.jpg","dir":null}},{"type":"Feature","geometry":{"type":"Point","coordinates":[18.672417,63.295404]},"properties":{"id":"SE_STA_CAMERA_VViS_2218_K1","name":"Örnsköldsvik","photo":"https://api.trafikinfo.trafikverket.se/v2/Images/data/road.infrastructure.camera/RoadConditionCamera_VViS_2218_K1.jpg","dir":null}},{"type":"Feature","geometry":{"type":"Point","coordinates":[17.670104,63.032374]},"properties":{"id":"SE_STA_CAMERA_VViS_2219_K1","name":"Okenberget","photo":"https://api.trafikinfo.trafikverket.se/v2/Images/data/road.infrastructure.camera/RoadConditionCamera_VViS_2219_K1.jpg","dir":null}},{"type":"Feature","geometry":{"type":"Point","coordinates":[16.863078,63.486172]},"properties":{"id":"SE_STA_CAMERA_VViS_2220_K1","name":"Holafors/Näsåker","photo":"https://api.trafikinfo.trafikverket.se/v2/Images/data/road.infrastructure.camera/RoadConditionCamera_VViS_2220_K1.jpg","dir":null}},{"type":"Feature","geometry":{"type":"Point","coordinates":[17.453016,62.516459]},"properties":{"id":"SE_STA_CAMERA_VViS_2221_K1","name":"Deltavägen","photo":"https://api.trafikinfo.trafikverket.se/v2/Images/data/road.infrastructure.camera/RoadConditionCamera_VViS_2221_K1.jpg","dir":null}},{"type":"Feature","geometry":{"type":"Point","coordinates":[16.739143,62.762837]},"properties":{"id":"SE_STA_CAMERA_VViS_2222_K1","name":"Sillre","photo":"https://api.trafikinfo.trafikverket.se/v2/Images/data/road.infrastructure.camera/RoadConditionCamera_VViS_2222_K1.jpg","dir":null}},{"type":"Feature","geometry":{"type":"Point","coordinates":[17.97233,63.270986]},"properties":{"id":"SE_STA_CAMERA_VViS_2223_K1","name":"Gålsjö","photo":"https://api.trafikinfo.trafikverket.se/v2/Images/data/road.infrastructure.camera/RoadConditionCamera_VViS_2223_K1.jpg","dir":null}},{"type":"Feature","geometry":{"type":"Point","coordinates":[17.213936,63.88879]},"properties":{"id":"SE_STA_CAMERA_VViS_2224_K1","name":"Hällbydammen","photo":"https://api.trafikinfo.trafikverket.se/v2/Images/data/road.infrastructure.camera/RoadConditionCamera_VViS_2224_K1.jpg","dir":null}},{"type":"Feature","geometry":{"type":"Point","coordinates":[15.489491,62.486812]},"properties":{"id":"SE_STA_CAMERA_VViS_2225_K1","name":"Alby","photo":"https://api.trafikinfo.trafikverket.se/v2/Images/data/road.infrastructure.camera/RoadConditionCamera_VViS_2225_K1.jpg","dir":null}},{"type":"Feature","geometry":{"type":"Point","coordinates":[15.851314,62.555253]},"properties":{"id":"SE_STA_CAMERA_VViS_2226_K1","name":"Tälje","photo":"https://api.trafikinfo.trafikverket.se/v2/Images/data/road.infrastructure.camera/RoadConditionCamera_VViS_2226_K1.jpg","dir":null}},{"type":"Feature","geometry":{"type":"Point","coordinates":[17.232141,62.935299]},"properties":{"id":"SE_STA_CAMERA_VViS_2228_K1","name":"Åkroken","photo":"https://api.trafikinfo.trafikverket.se/v2/Images/data/road.infrastructure.camera/RoadConditionCamera_VViS_2228_K1.jpg","dir":null}},{"type":"Feature","geometry":{"type":"Point","coordinates":[17.013593,63.119538]},"properties":{"id":"SE_STA_CAMERA_VViS_2227_K1","name":"Graninge","photo":"https://api.trafikinfo.trafikverket.se/v2/Images/data/road.infrastructure.camera/RoadConditionCamera_VViS_2227_K1.jpg","dir":null}},{"type":"Feature","geometry":{"type":"Point","coordinates":[17.681261,63.770176]},"properties":{"id":"SE_STA_CAMERA_VViS_2229_K1","name":"Solberg","photo":"https://api.trafikinfo.trafikverket.se/v2/Images/data/road.infrastructure.camera/RoadConditionCamera_VViS_2229_K1.jpg","dir":null}},{"type":"Feature","geometry":{"type":"Point","coordinates":[17.691833,63.15141]},"properties":{"id":"SE_STA_CAMERA_VViS_2233_K1","name":"Grillom","photo":"https://api.trafikinfo.trafikverket.se/v2/Images/data/road.infrastructure.camera/RoadConditionCamera_VViS_2233_K1.jpg","dir":null}},{"type":"Feature","geometry":{"type":"Point","coordinates":[16.173655,63.594512]},"properties":{"id":"SE_STA_CAMERA_VViS_2230_K1","name":"Flyn","photo":"https://api.trafikinfo.trafikverket.se/v2/Images/data/road.infrastructure.camera/RoadConditionCamera_VViS_2230_K1.jpg","dir":null}},{"type":"Feature","geometry":{"type":"Point","coordinates":[16.709396,63.287521]},"properties":{"id":"SE_STA_CAMERA_VViS_2231_K1","name":"Ärtrik","photo":"https://api.trafikinfo.trafikverket.se/v2/Images/data/road.infrastructure.camera/RoadConditionCamera_VViS_2231_K1.jpg","dir":null}},{"type":"Feature","geometry":{"type":"Point","coordinates":[19.016856,63.590449]},"properties":{"id":"SE_STA_CAMERA_VViS_2234_K1","name":"Långvattnet","photo":"https://api.trafikinfo.trafikverket.se/v2/Images/data/road.infrastructure.camera/RoadConditionCamera_VViS_2234_K1.jpg","dir":null}},{"type":"Feature","geometry":{"type":"Point","coordinates":[17.846976,62.685913]},"properties":{"id":"SE_STA_CAMERA_VViS_2237_K1","name":"Älandsbro","photo":"https://api.trafikinfo.trafikverket.se/v2/Images/data/road.infrastructure.camera/RoadConditionCamera_VViS_2237_K1.jpg","dir":null}},{"type":"Feature","geometry":{"type":"Point","coordinates":[17.938243,62.797749]},"properties":{"id":"SE_STA_CAMERA_VViS_2235_K1","name":"Högakusten","photo":"https://api.trafikinfo.trafikverket.se/v2/Images/data/road.infrastructure.camera/RoadConditionCamera_VViS_2235_K1.jpg","dir":null}},{"type":"Feature","geometry":{"type":"Point","coordinates":[18.254192,63.417736]},"properties":{"id":"SE_STA_CAMERA_VViS_2239_K1","name":"Mellansel","photo":"https://api.trafikinfo.trafikverket.se/v2/Images/data/road.infrastructure.camera/RoadConditionCamera_VViS_2239_K1.jpg","dir":null}},{"type":"Feature","geometry":{"type":"Point","coordinates":[18.097509,62.9271]},"properties":{"id":"SE_STA_CAMERA_VViS_2238_K1","name":"Gallsäter","photo":"https://api.trafikinfo.trafikverket.se/v2/Images/data/road.infrastructure.camera/RoadConditionCamera_VViS_2238_K1.jpg","dir":null}},{"type":"Feature","geometry":{"type":"Point","coordinates":[19.05551,63.32863]},"properties":{"id":"SE_STA_CAMERA_VViS_2240_K1","name":"Kasa","photo":"https://api.trafikinfo.trafikverket.se/v2/Images/data/road.infrastructure.camera/RoadConditionCamera_VViS_2240_K1.jpg","dir":null}},{"type":"Feature","geometry":{"type":"Point","coordinates":[16.366738,62.473404]},"properties":{"id":"SE_STA_CAMERA_VViS_2241_K1","name":"Torpshammar","photo":"https://api.trafikinfo.trafikverket.se/v2/Images/data/road.infrastructure.camera/RoadConditionCamera_VViS_2241_K1.jpg","dir":null}},{"type":"Feature","geometry":{"type":"Point","coordinates":[16.878304,63.440017]},"properties":{"id":"SE_STA_CAMERA_VViS_2243_K1","name":"Nämforsen","photo":"https://api.trafikinfo.trafikverket.se/v2/Images/data/road.infrastructure.camera/RoadConditionCamera_VViS_2243_K1.jpg","dir":null}},{"type":"Feature","geometry":{"type":"Point","coordinates":[18.445954,62.876428]},"properties":{"id":"SE_STA_CAMERA_VViS_2242_K1","name":"Bönhamn","photo":"https://api.trafikinfo.trafikverket.se/v2/Images/data/road.infrastructure.camera/RoadConditionCamera_VViS_2242_K1.jpg","dir":null}},{"type":"Feature","geometry":{"type":"Point","coordinates":[17.340957,62.388653]},"properties":{"id":"SE_STA_CAMERA_VViS_2244_K1","name":"Sundsvall 2","photo":"https://api.trafikinfo.trafikverket.se/v2/Images/data/road.infrastructure.camera/RoadConditionCamera_VViS_2244_K1.jpg","dir":null}},{"type":"Feature","geometry":{"type":"Point","coordinates":[17.344807,62.276476]},"properties":{"id":"SE_STA_CAMERA_VViS_2245_K1","name":"Ljungan","photo":"https://api.trafikinfo.trafikverket.se/v2/Images/data/road.infrastructure.camera/RoadConditionCamera_VViS_2245_K1.jpg","dir":null}},{"type":"Feature","geometry":{"type":"Point","coordinates":[17.517688,63.099028]},"properties":{"id":"SE_STA_CAMERA_VViS_2251_K1","name":"Gammbodarna","photo":"https://api.trafikinfo.trafikverket.se/v2/Images/data/road.infrastructure.camera/RoadConditionCamera_VViS_2251_K1.jpg","dir":null}},{"type":"Feature","geometry":{"type":"Point","coordinates":[14.992719,62.429452]},"properties":{"id":"SE_STA_CAMERA_VViS_2246_K1","name":"Ytterturingen 2","photo":"https://api.trafikinfo.trafikverket.se/v2/Images/data/road.infrastructure.camera/RoadConditionCamera_VViS_2246_K1.jpg","dir":null}},{"type":"Feature","geometry":{"type":"Point","coordinates":[12.701692,63.366468]},"properties":{"id":"SE_STA_CAMERA_VViS_2313_K1","name":"Gevsjön","photo":"https://api.trafikinfo.trafikverket.se/v2/Images/data/road.infrastructure.camera/RoadConditionCamera_VViS_2313_K1.jpg","dir":null}},{"type":"Feature","geometry":{"type":"Point","coordinates":[12.385326,63.267831]},"properties":{"id":"SE_STA_CAMERA_VViS_2312_K1","name":"Handöl","photo":"https://api.trafikinfo.trafikverket.se/v2/Images/data/road.infrastructure.camera/RoadConditionCamera_VViS_2312_K1.jpg","dir":null}},{"type":"Feature","geometry":{"type":"Point","coordinates":[12.234918,62.570376]},"properties":{"id":"SE_STA_CAMERA_VViS_2316_K1","name":"Fjällnäs","photo":"https://api.trafikinfo.trafikverket.se/v2/Images/data/road.infrastructure.camera/RoadConditionCamera_VViS_2316_K1.jpg","dir":null}},{"type":"Feature","geometry":{"type":"Point","coordinates":[13.87663,63.305473]},"properties":{"id":"SE_STA_CAMERA_VViS_2317_K1","name":"Mattmar","photo":"https://api.trafikinfo.trafikverket.se/v2/Images/data/road.infrastructure.camera/RoadConditionCamera_VViS_2317_K1.jpg","dir":null}},{"type":"Feature","geometry":{"type":"Point","coordinates":[15.993265,63.148608]},"properties":{"id":"SE_STA_CAMERA_VViS_2320_K1","name":"Stadsberget","photo":"https://api.trafikinfo.trafikverket.se/v2/Images/data/road.infrastructure.camera/RoadConditionCamera_VViS_2320_K1.jpg","dir":null}},{"type":"Feature","geometry":{"type":"Point","coordinates":[15.001129,63.61424]},"properties":{"id":"SE_STA_CAMERA_VViS_2318_K1","name":"Raftsjöhöjden","photo":"https://api.trafikinfo.trafikverket.se/v2/Images/data/road.infrastructure.camera/RoadConditionCamera_VViS_2318_K1.jpg","dir":null}},{"type":"Feature","geometry":{"type":"Point","coordinates":[14.44999,62.513246]},"properties":{"id":"SE_STA_CAMERA_VViS_2323_K1","name":"Rätan","photo":"https://api.trafikinfo.trafikverket.se/v2/Images/data/road.infrastructure.camera/RoadConditionCamera_VViS_2323_K1.jpg","dir":null}},{"type":"Feature","geometry":{"type":"Point","coordinates":[12.727603,62.727918]},"properties":{"id":"SE_STA_CAMERA_VViS_2321_K1","name":"Flatruet","photo":"https://api.trafikinfo.trafikverket.se/v2/Images/data/road.infrastructure.camera/RoadConditionCamera_VViS_2321_K1.jpg","dir":null}},{"type":"Feature","geometry":{"type":"Point","coordinates":[14.937556,63.018186]},"properties":{"id":"SE_STA_CAMERA_VViS_2325_K1","name":"Österböle","photo":"https://api.trafikinfo.trafikverket.se/v2/Images/data/road.infrastructure.camera/RoadConditionCamera_VViS_2325_K1.jpg","dir":null}},{"type":"Feature","geometry":{"type":"Point","coordinates":[15.492678,63.745152]},"properties":{"id":"SE_STA_CAMERA_VViS_2324_K1","name":"Hallviken","photo":"https://api.trafikinfo.trafikverket.se/v2/Images/data/road.infrastructure.camera/RoadConditionCamera_VViS_2324_K1.jpg","dir":null}},{"type":"Feature","geometry":{"type":"Point","coordinates":[14.853139,63.26642]},"properties":{"id":"SE_STA_CAMERA_VViS_2327_K1","name":"Mosjön 2","photo":"https://api.trafikinfo.trafikverket.se/v2/Images/data/road.infrastructure.camera/RoadConditionCamera_VViS_2327_K1.jpg","dir":null}},{"type":"Feature","geometry":{"type":"Point","coordinates":[12.939037,62.174688]},"properties":{"id":"SE_STA_CAMERA_VViS_2322_K1","name":"Sörvattnet","photo":"https://api.trafikinfo.trafikverket.se/v2/Images/data/road.infrastructure.camera/RoadConditionCamera_VViS_2322_K1.jpg","dir":null}},{"type":"Feature","geometry":{"type":"Point","coordinates":[14.57243,62.983008]},"properties":{"id":"SE_STA_CAMERA_VViS_2328_K1","name":"Näs/Fåker","photo":"https://api.trafikinfo.trafikverket.se/v2/Images/data/road.infrastructure.camera/RoadConditionCamera_VViS_2328_K1.jpg","dir":null}},{"type":"Feature","geometry":{"type":"Point","coordinates":[14.952213,61.999263]},"properties":{"id":"SE_STA_CAMERA_VViS_2331_K1","name":"Vänsjö","photo":"https://api.trafikinfo.trafikverket.se/v2/Images/data/road.infrastructure.camera/RoadConditionCamera_VViS_2331_K1.jpg","dir":null}},{"type":"Feature","geometry":{"type":"Point","coordinates":[14.03972,64.77191]},"properties":{"id":"SE_STA_CAMERA_VViS_2332_K1","name":"Blåsjöfjället","photo":"https://api.trafikinfo.trafikverket.se/v2/Images/data/road.infrastructure.camera/RoadConditionCamera_VViS_2332_K1.jpg","dir":null}},{"type":"Feature","geometry":{"type":"Point","coordinates":[14.389365,62.683756]},"properties":{"id":"SE_STA_CAMERA_VViS_2329_K1","name":"Brånan","photo":"https://api.trafikinfo.trafikverket.se/v2/Images/data/road.infrastructure.camera/RoadConditionCamera_VViS_2329_K1.jpg","dir":null}},{"type":"Feature","geometry":{"type":"Point","coordinates":[13.873078,62.195702]},"properties":{"id":"SE_STA_CAMERA_VViS_2335_K1","name":"Ransjö","photo":"https://api.trafikinfo.trafikverket.se/v2/Images/data/road.infrastructure.camera/RoadConditionCamera_VViS_2335_K1.jpg","dir":null}},{"type":"Feature","geometry":{"type":"Point","coordinates":[16.730115,63.040991]},"properties":{"id":"SE_STA_CAMERA_VViS_2334_K1","name":"Fångsjöbacken","photo":"https://api.trafikinfo.trafikverket.se/v2/Images/data/road.infrastructure.camera/RoadConditionCamera_VViS_2334_K1.jpg","dir":null}},{"type":"Feature","geometry":{"type":"Point","coordinates":[14.666942,64.362808]},"properties":{"id":"SE_STA_CAMERA_VViS_2333_K1","name":"Fågelberget","photo":"https://api.trafikinfo.trafikverket.se/v2/Images/data/road.infrastructure.camera/RoadConditionCamera_VViS_2333_K1.jpg","dir":null}},{"type":"Feature","geometry":{"type":"Point","coordinates":[13.160635,63.373739]},"properties":{"id":"SE_STA_CAMERA_VViS_2338_K1","name":"Åre","photo":"https://api.trafikinfo.trafikverket.se/v2/Images/data/road.infrastructure.camera/RoadConditionCamera_VViS_2338_K1.jpg","dir":null}},{"type":"Feature","geometry":{"type":"Point","coordinates":[14.14529,64.065403]},"properties":{"id":"SE_STA_CAMERA_VViS_2336_K1","name":"Valsjöbyn","photo":"https://api.trafikinfo.trafikverket.se/v2/Images/data/road.infrastructure.camera/RoadConditionCamera_VViS_2336_K1.jpg","dir":null}},{"type":"Feature","geometry":{"type":"Point","coordinates":[16.277261,64.165343]},"properties":{"id":"SE_STA_CAMERA_VViS_2339_K1","name":"Rörström","photo":"https://api.trafikinfo.trafikverket.se/v2/Images/data/road.infrastructure.camera/RoadConditionCamera_VViS_2339_K1.jpg","dir":null}},{"type":"Feature","geometry":{"type":"Point","coordinates":[14.071634,62.47962]},"properties":{"id":"SE_STA_CAMERA_VViS_2341_K1","name":"Vemdalsskalet","photo":"https://api.trafikinfo.trafikverket.se/v2/Images/data/road.infrastructure.camera/RoadConditionCamera_VViS_2341_K1.jpg","dir":null}},{"type":"Feature","geometry":{"type":"Point","coordinates":[15.165709,63.193451]},"properties":{"id":"SE_STA_CAMERA_VViS_2342_K1","name":"Lillsjöhögen","photo":"https://api.trafikinfo.trafikverket.se/v2/Images/data/road.infrastructure.camera/RoadConditionCamera_VViS_2342_K1.jpg","dir":null}},{"type":"Feature","geometry":{"type":"Point","coordinates":[13.214644,63.261928]},"properties":{"id":"SE_STA_CAMERA_VViS_2343_K1","name":"Trillevallen","photo":"https://api.trafikinfo.trafikverket.se/v2/Images/data/road.infrastructure.camera/RoadConditionCamera_VViS_2343_K1.jpg","dir":null}},{"type":"Feature","geometry":{"type":"Point","coordinates":[12.402395,63.523723]},"properties":{"id":"SE_STA_CAMERA_VViS_2345_K1","name":"Medstugan","photo":"https://api.trafikinfo.trafikverket.se/v2/Images/data/road.infrastructure.camera/RoadConditionCamera_VViS_2345_K1.jpg","dir":null}},{"type":"Feature","geometry":{"type":"Point","coordinates":[15.123591,63.434461]},"properties":{"id":"SE_STA_CAMERA_VViS_2346_K1","name":"Ollsta","photo":"https://api.trafikinfo.trafikverket.se/v2/Images/data/road.infrastructure.camera/RoadConditionCamera_VViS_2346_K1.jpg","dir":null}},{"type":"Feature","geometry":{"type":"Point","coordinates":[12.954,62.400707]},"properties":{"id":"SE_STA_CAMERA_VViS_2347_K1","name":"Lossendammen","photo":"https://api.trafikinfo.trafikverket.se/v2/Images/data/road.infrastructure.camera/RoadConditionCamera_VViS_2347_K1.jpg","dir":null}},{"type":"Feature","geometry":{"type":"Point","coordinates":[15.679171,62.925431]},"properties":{"id":"SE_STA_CAMERA_VViS_2349_K1","name":"Nyhem","photo":"https://api.trafikinfo.trafikverket.se/v2/Images/data/road.infrastructure.camera/RoadConditionCamera_VViS_2349_K1.jpg","dir":null}},{"type":"Feature","geometry":{"type":"Point","coordinates":[14.817142,62.259566]},"properties":{"id":"SE_STA_CAMERA_VViS_2348_K1","name":"Överhogdal","photo":"https://api.trafikinfo.trafikverket.se/v2/Images/data/road.infrastructure.camera/RoadConditionCamera_VViS_2348_K1.jpg","dir":null}},{"type":"Feature","geometry":{"type":"Point","coordinates":[14.72437,63.165978]},"properties":{"id":"SE_STA_CAMERA_VViS_2350_K1","name":"Torvalla","photo":"https://api.trafikinfo.trafikverket.se/v2/Images/data/road.infrastructure.camera/RoadConditionCamera_VViS_2350_K1.jpg","dir":null}},{"type":"Feature","geometry":{"type":"Point","coordinates":[15.581553,56.213238]},"properties":{"id":"SE_STA_CAMERA_VViS_1004_K1","name":"Rosenholm K.krona","photo":"https://api.trafikinfo.trafikverket.se/v2/Images/data/road.infrastructure.camera/RoadConditionCamera_VViS_1004_K1.jpg","dir":null}},{"type":"Feature","geometry":{"type":"Point","coordinates":[12.943543,56.404013]},"properties":{"id":"SE_STA_CAMERA_VViS_1103_K1","name":"Hallandsåsen","photo":"https://api.trafikinfo.trafikverket.se/v2/Images/data/road.infrastructure.camera/RoadConditionCamera_VViS_1103_K1.jpg","dir":null}},{"type":"Feature","geometry":{"type":"Point","coordinates":[15.21282,56.221754]},"properties":{"id":"SE_STA_CAMERA_VViS_1005_K1","name":"Galtsjön","photo":"https://api.trafikinfo.trafikverket.se/v2/Images/data/road.infrastructure.camera/RoadConditionCamera_VViS_1005_K1.jpg","dir":null}},{"type":"Feature","geometry":{"type":"Point","coordinates":[12.954471,56.439871]},"properties":{"id":"SE_STA_CAMERA_VViS_1104_K1","name":"Ö Karup","photo":"https://api.trafikinfo.trafikverket.se/v2/Images/data/road.infrastructure.camera/RoadConditionCamera_VViS_1104_K1.jpg","dir":null}},{"type":"Feature","geometry":{"type":"Point","coordinates":[13.023237,56.181409]},"properties":{"id":"SE_STA_CAMERA_VViS_1106_K1","name":"Ö Ljungby","photo":"https://api.trafikinfo.trafikverket.se/v2/Images/data/road.infrastructure.camera/RoadConditionCamera_VViS_1106_K1.jpg","dir":null}},{"type":"Feature","geometry":{"type":"Point","coordinates":[14.102752,56.023902]},"properties":{"id":"SE_STA_CAMERA_VViS_1111_K1","name":"Kristianstad","photo":"https://api.trafikinfo.trafikverket.se/v2/Images/data/road.infrastructure.camera/RoadConditionCamera_VViS_1111_K1.jpg","dir":null}},{"type":"Feature","geometry":{"type":"Point","coordinates":[13.763644,56.08563]},"properties":{"id":"SE_STA_CAMERA_VViS_1113_K1","name":"Hässleholm S","photo":"https://api.trafikinfo.trafikverket.se/v2/Images/data/road.infrastructure.camera/RoadConditionCamera_VViS_1113_K1.jpg","dir":null}},{"type":"Feature","geometry":{"type":"Point","coordinates":[13.687934,56.314592]},"properties":{"id":"SE_STA_CAMERA_VViS_1112_K1","name":"Bjärnum","photo":"https://api.trafikinfo.trafikverket.se/v2/Images/data/road.infrastructure.camera/RoadConditionCamera_VViS_1112_K1.jpg","dir":null}},{"type":"Feature","geometry":{"type":"Point","coordinates":[13.940195,56.25934]},"properties":{"id":"SE_STA_CAMERA_VViS_1114_K1","name":"Hästveda","photo":"https://api.trafikinfo.trafikverket.se/v2/Images/data/road.infrastructure.camera/RoadConditionCamera_VViS_1114_K1.jpg","dir":null}},{"type":"Feature","geometry":{"type":"Point","coordinates":[14.122536,56.500014]},"properties":{"id":"SE_STA_CAMERA_VViS_1115_K1","name":"Killeberg","photo":"https://api.trafikinfo.trafikverket.se/v2/Images/data/road.infrastructure.camera/RoadConditionCamera_VViS_1115_K1.jpg","dir":null}},{"type":"Feature","geometry":{"type":"Point","coordinates":[13.926958,55.9565]},"properties":{"id":"SE_STA_CAMERA_VViS_1118_K1","name":"Skättilljunga","photo":"https://api.trafikinfo.trafikverket.se/v2/Images/data/road.infrastructure.camera/RoadConditionCamera_VViS_1118_K1.jpg","dir":null}},{"type":"Feature","geometry":{"type":"Point","coordinates":[14.093297,55.723006]},"properties":{"id":"SE_STA_CAMERA_VViS_1117_K1","name":"Brösarp","photo":"https://api.trafikinfo.trafikverket.se/v2/Images/data/road.infrastructure.camera/RoadConditionCamera_VViS_1117_K1.jpg","dir":null}},{"type":"Feature","geometry":{"type":"Point","coordinates":[14.229885,55.638664]},"properties":{"id":"SE_STA_CAMERA_VViS_1121_K1","name":"Rörum","photo":"https://api.trafikinfo.trafikverket.se/v2/Images/data/road.infrastructure.camera/RoadConditionCamera_VViS_1121_K1.jpg","dir":null}},{"type":"Feature","geometry":{"type":"Point","coordinates":[14.120363,55.495311]},"properties":{"id":"SE_STA_CAMERA_VViS_1122_K1","name":"Hammenhög V","photo":"https://api.trafikinfo.trafikverket.se/v2/Images/data/road.infrastructure.camera/RoadConditionCamera_VViS_1122_K1.jpg","dir":null}},{"type":"Feature","geometry":{"type":"Point","coordinates":[13.149902,56.228572]},"properties":{"id":"SE_STA_CAMERA_VViS_1123_K1","name":"Eket","photo":"https://api.trafikinfo.trafikverket.se/v2/Images/data/road.infrastructure.camera/RoadConditionCamera_VViS_1123_K1.jpg","dir":null}},{"type":"Feature","geometry":{"type":"Point","coordinates":[13.510205,56.38603]},"properties":{"id":"SE_STA_CAMERA_VViS_1125_K1","name":"Skånes-Fagerhult","photo":"https://api.trafikinfo.trafikverket.se/v2/Images/data/road.infrastructure.camera/RoadConditionCamera_VViS_1125_K1.jpg","dir":null}},{"type":"Feature","geometry":{"type":"Point","coordinates":[14.269965,55.913381]},"properties":{"id":"SE_STA_CAMERA_VViS_1127_K1","name":"Åhus","photo":"https://api.trafikinfo.trafikverket.se/v2/Images/data/road.infrastructure.camera/RoadConditionCamera_VViS_1127_K1.jpg","dir":null}},{"type":"Feature","geometry":{"type":"Point","coordinates":[14.249526,56.368162]},"properties":{"id":"SE_STA_CAMERA_VViS_1126_K1","name":"Lönsboda","photo":"https://api.trafikinfo.trafikverket.se/v2/Images/data/road.infrastructure.camera/RoadConditionCamera_VViS_1126_K1.jpg","dir":null}},{"type":"Feature","geometry":{"type":"Point","coordinates":[14.255549,55.447899]},"properties":{"id":"SE_STA_CAMERA_VViS_1130_K1","name":"Örnahusen","photo":"https://api.trafikinfo.trafikverket.se/v2/Images/data/road.infrastructure.camera/RoadConditionCamera_VViS_1130_K1.jpg","dir":null}},{"type":"Feature","geometry":{"type":"Point","coordinates":[12.892705,56.182542]},"properties":{"id":"SE_STA_CAMERA_VViS_1128_K1","name":"Åstorp","photo":"https://api.trafikinfo.trafikverket.se/v2/Images/data/road.infrastructure.camera/RoadConditionCamera_VViS_1128_K1.jpg","dir":null}},{"type":"Feature","geometry":{"type":"Point","coordinates":[14.326176,56.18188]},"properties":{"id":"SE_STA_CAMERA_VViS_1129_K1","name":"Vånga","photo":"https://api.trafikinfo.trafikverket.se/v2/Images/data/road.infrastructure.camera/RoadConditionCamera_VViS_1129_K1.jpg","dir":null}},{"type":"Feature","geometry":{"type":"Point","coordinates":[13.875365,56.430833]},"properties":{"id":"SE_STA_CAMERA_VViS_1131_K1","name":"Visseltofta","photo":"https://api.trafikinfo.trafikverket.se/v2/Images/data/road.infrastructure.camera/RoadConditionCamera_VViS_1131_K1.jpg","dir":null}},{"type":"Feature","geometry":{"type":"Point","coordinates":[13.560012,56.220627]},"properties":{"id":"SE_STA_CAMERA_VViS_1139_K1","name":"Källstorp","photo":"https://api.trafikinfo.trafikverket.se/v2/Images/data/road.infrastructure.camera/RoadConditionCamera_VViS_1139_K1.jpg","dir":null}},{"type":"Feature","geometry":{"type":"Point","coordinates":[13.827716,55.925763]},"properties":{"id":"SE_STA_CAMERA_VViS_1132_K1","name":"Linderöd","photo":"https://api.trafikinfo.trafikverket.se/v2/Images/data/road.infrastructure.camera/RoadConditionCamera_VViS_1132_K1.jpg","dir":null}},{"type":"Feature","geometry":{"type":"Point","coordinates":[12.722201,56.433703]},"properties":{"id":"SE_STA_CAMERA_VViS_1144_K1","name":"Hov","photo":"https://api.trafikinfo.trafikverket.se/v2/Images/data/road.infrastructure.camera/RoadConditionCamera_VViS_1144_K1.jpg","dir":null}},{"type":"Feature","geometry":{"type":"Point","coordinates":[13.406384,55.65469]},"properties":{"id":"SE_STA_CAMERA_VViS_1200_K1","name":"Knivsåsen","photo":"https://api.trafikinfo.trafikverket.se/v2/Images/data/road.infrastructure.camera/RoadConditionCamera_VViS_1200_K1.jpg","dir":null}},{"type":"Feature","geometry":{"type":"Point","coordinates":[14.073163,56.223389]},"properties":{"id":"SE_STA_CAMERA_VViS_1146_K1","name":"Anilla","photo":"https://api.trafikinfo.trafikverket.se/v2/Images/data/road.infrastructure.camera/RoadConditionCamera_VViS_1146_K1.jpg","dir":null}},{"type":"Feature","geometry":{"type":"Point","coordinates":[13.355379,55.33904]},"properties":{"id":"SE_STA_CAMERA_VViS_1202_K1","name":"Smygehamn","photo":"https://api.trafikinfo.trafikverket.se/v2/Images/data/road.infrastructure.camera/RoadConditionCamera_VViS_1202_K1.jpg","dir":null}},{"type":"Feature","geometry":{"type":"Point","coordinates":[13.084814,55.558807]},"properties":{"id":"SE_STA_CAMERA_VViS_1203_K1","name":"Oxie","photo":"https://api.trafikinfo.trafikverket.se/v2/Images/data/road.infrastructure.camera/RoadConditionCamera_VViS_1203_K1.jpg","dir":null}},{"type":"Feature","geometry":{"type":"Point","coordinates":[13.325868,55.508424]},"properties":{"id":"SE_STA_CAMERA_VViS_1204_K1","name":"Svedala Ö","photo":"https://api.trafikinfo.trafikverket.se/v2/Images/data/road.infrastructure.camera/RoadConditionCamera_VViS_1204_K1.jpg","dir":null}},{"type":"Feature","geometry":{"type":"Point","coordinates":[13.914512,55.56067]},"properties":{"id":"SE_STA_CAMERA_VViS_1207_K1","name":"Tomelilla","photo":"https://api.trafikinfo.trafikverket.se/v2/Images/data/road.infrastructure.camera/RoadConditionCamera_VViS_1207_K1.jpg","dir":null}},{"type":"Feature","geometry":{"type":"Point","coordinates":[13.668344,55.47412]},"properties":{"id":"SE_STA_CAMERA_VViS_1206_K1","name":"Rynge","photo":"https://api.trafikinfo.trafikverket.se/v2/Images/data/road.infrastructure.camera/RoadConditionCamera_VViS_1206_K1.jpg","dir":null}},{"type":"Feature","geometry":{"type":"Point","coordinates":[13.224202,55.718072]},"properties":{"id":"SE_STA_CAMERA_VViS_1209_K1","name":"Lund N","photo":"https://api.trafikinfo.trafikverket.se/v2/Images/data/road.infrastructure.camera/RoadConditionCamera_VViS_1209_K1.jpg","dir":null}},{"type":"Feature","geometry":{"type":"Point","coordinates":[13.106794,55.641472]},"properties":{"id":"SE_STA_CAMERA_VViS_1210_K1","name":"Malmö Ö","photo":"https://api.trafikinfo.trafikverket.se/v2/Images/data/road.infrastructure.camera/RoadConditionCamera_VViS_1210_K1.jpg","dir":null}},{"type":"Feature","geometry":{"type":"Point","coordinates":[13.015435,55.749261]},"properties":{"id":"SE_STA_CAMERA_VViS_1211_K1","name":"Löddeköpinge","photo":"https://api.trafikinfo.trafikverket.se/v2/Images/data/road.infrastructure.camera/RoadConditionCamera_VViS_1211_K1.jpg","dir":null}},{"type":"Feature","geometry":{"type":"Point","coordinates":[13.131008,55.7912]},"properties":{"id":"SE_STA_CAMERA_VViS_1212_K1","name":"Kävlinge","photo":"https://api.trafikinfo.trafikverket.se/v2/Images/data/road.infrastructure.camera/RoadConditionCamera_VViS_1212_K1.jpg","dir":null}},{"type":"Feature","geometry":{"type":"Point","coordinates":[13.304393,55.767716]},"properties":{"id":"SE_STA_CAMERA_VViS_1213_K1","name":"Gårdstånga","photo":"https://api.trafikinfo.trafikverket.se/v2/Images/data/road.infrastructure.camera/RoadConditionCamera_VViS_1213_K1.jpg","dir":null}},{"type":"Feature","geometry":{"type":"Point","coordinates":[13.642393,55.855827]},"properties":{"id":"SE_STA_CAMERA_VViS_1215_K1","name":"Hörby","photo":"https://api.trafikinfo.trafikverket.se/v2/Images/data/road.infrastructure.camera/RoadConditionCamera_VViS_1215_K1.jpg","dir":null}},{"type":"Feature","geometry":{"type":"Point","coordinates":[13.727858,55.900501]},"properties":{"id":"SE_STA_CAMERA_VViS_1214_K1","name":"Hörby N","photo":"https://api.trafikinfo.trafikverket.se/v2/Images/data/road.infrastructure.camera/RoadConditionCamera_VViS_1214_K1.jpg","dir":null}},{"type":"Feature","geometry":{"type":"Point","coordinates":[13.60991,55.985564]},"properties":{"id":"SE_STA_CAMERA_VViS_1216_K1","name":"Tjörnarp","photo":"https://api.trafikinfo.trafikverket.se/v2/Images/data/road.infrastructure.camera/RoadConditionCamera_VViS_1216_K1.jpg","dir":null}},{"type":"Feature","geometry":{"type":"Point","coordinates":[13.282436,55.995563]},"properties":{"id":"SE_STA_CAMERA_VViS_1217_K1","name":"Röstånga","photo":"https://api.trafikinfo.trafikverket.se/v2/Images/data/road.infrastructure.camera/RoadConditionCamera_VViS_1217_K1.jpg","dir":null}},{"type":"Feature","geometry":{"type":"Point","coordinates":[12.948809,55.999423]},"properties":{"id":"SE_STA_CAMERA_VViS_1218_K1","name":"Ekeby","photo":"https://api.trafikinfo.trafikverket.se/v2/Images/data/road.infrastructure.camera/RoadConditionCamera_VViS_1218_K1.jpg","dir":null}},{"type":"Feature","geometry":{"type":"Point","coordinates":[12.888501,55.85769]},"properties":{"id":"SE_STA_CAMERA_VViS_1219_K1","name":"Landskrona S","photo":"https://api.trafikinfo.trafikverket.se/v2/Images/data/road.infrastructure.camera/RoadConditionCamera_VViS_1219_K1.jpg","dir":null}},{"type":"Feature","geometry":{"type":"Point","coordinates":[12.785234,56.087473]},"properties":{"id":"SE_STA_CAMERA_VViS_1222_K1","name":"Helsingborg N","photo":"https://api.trafikinfo.trafikverket.se/v2/Images/data/road.infrastructure.camera/RoadConditionCamera_VViS_1222_K1.jpg","dir":null}},{"type":"Feature","geometry":{"type":"Point","coordinates":[12.820874,55.936176]},"properties":{"id":"SE_STA_CAMERA_VViS_1220_K1","name":"Glumslöv","photo":"https://api.trafikinfo.trafikverket.se/v2/Images/data/road.infrastructure.camera/RoadConditionCamera_VViS_1220_K1.jpg","dir":null}},{"type":"Feature","geometry":{"type":"Point","coordinates":[12.562632,56.18271]},"properties":{"id":"SE_STA_CAMERA_VViS_1224_K1","name":"Höganäs S","photo":"https://api.trafikinfo.trafikverket.se/v2/Images/data/road.infrastructure.camera/RoadConditionCamera_VViS_1224_K1.jpg","dir":null}},{"type":"Feature","geometry":{"type":"Point","coordinates":[13.500026,55.584669]},"properties":{"id":"SE_STA_CAMERA_VViS_1226_K1","name":"Dörröd","photo":"https://api.trafikinfo.trafikverket.se/v2/Images/data/road.infrastructure.camera/RoadConditionCamera_VViS_1226_K1.jpg","dir":null}},{"type":"Feature","geometry":{"type":"Point","coordinates":[13.675151,55.779523]},"properties":{"id":"SE_STA_CAMERA_VViS_1225_K1","name":"Östraby","photo":"https://api.trafikinfo.trafikverket.se/v2/Images/data/road.infrastructure.camera/RoadConditionCamera_VViS_1225_K1.jpg","dir":null}},{"type":"Feature","geometry":{"type":"Point","coordinates":[13.331553,55.900918]},"properties":{"id":"SE_STA_CAMERA_VViS_1232_K1","name":"Eslöv N","photo":"https://api.trafikinfo.trafikverket.se/v2/Images/data/road.infrastructure.camera/RoadConditionCamera_VViS_1232_K1.jpg","dir":null}},{"type":"Feature","geometry":{"type":"Point","coordinates":[13.007015,55.454532]},"properties":{"id":"SE_STA_CAMERA_VViS_1234_K1","name":"Vellinge","photo":"https://api.trafikinfo.trafikverket.se/v2/Images/data/road.infrastructure.camera/RoadConditionCamera_VViS_1234_K1.jpg","dir":null}},{"type":"Feature","geometry":{"type":"Point","coordinates":[13.108405,55.929272]},"properties":{"id":"SE_STA_CAMERA_VViS_1233_K1","name":"Svalöv","photo":"https://api.trafikinfo.trafikverket.se/v2/Images/data/road.infrastructure.camera/RoadConditionCamera_VViS_1233_K1.jpg","dir":null}},{"type":"Feature","geometry":{"type":"Point","coordinates":[13.773085,55.613388]},"properties":{"id":"SE_STA_CAMERA_VViS_1235_K1","name":"Sjöbo VSK","photo":"https://api.trafikinfo.trafikverket.se/v2/Images/data/road.infrastructure.camera/RoadConditionCamera_VViS_1235_K1.jpg","dir":null}},{"type":"Feature","geometry":{"type":"Point","coordinates":[11.967581,57.550598]},"properties":{"id":"SE_STA_CAMERA_VViS_1302_K1","name":"Kullavik","photo":"https://api.trafikinfo.trafikverket.se/v2/Images/data/road.infrastructure.camera/RoadConditionCamera_VViS_1302_K1.jpg","dir":null}},{"type":"Feature","geometry":{"type":"Point","coordinates":[12.215554,57.284032]},"properties":{"id":"SE_STA_CAMERA_VViS_1305_K1","name":"Stråvalla","photo":"https://api.trafikinfo.trafikverket.se/v2/Images/data/road.infrastructure.camera/RoadConditionCamera_VViS_1305_K1.jpg","dir":null}},{"type":"Feature","geometry":{"type":"Point","coordinates":[13.076055,55.390073]},"properties":{"id":"SE_STA_CAMERA_VViS_1237_K1","name":"Maglarp","photo":"https://api.trafikinfo.trafikverket.se/v2/Images/data/road.infrastructure.camera/RoadConditionCamera_VViS_1237_K1.jpg","dir":null}},{"type":"Feature","geometry":{"type":"Point","coordinates":[12.321418,57.24271]},"properties":{"id":"SE_STA_CAMERA_VViS_1306_K1","name":"Derome","photo":"https://api.trafikinfo.trafikverket.se/v2/Images/data/road.infrastructure.camera/RoadConditionCamera_VViS_1306_K1.jpg","dir":null}},{"type":"Feature","geometry":{"type":"Point","coordinates":[12.289028,57.071452]},"properties":{"id":"SE_STA_CAMERA_VViS_1307_K1","name":"Nygård","photo":"https://api.trafikinfo.trafikverket.se/v2/Images/data/road.infrastructure.camera/RoadConditionCamera_VViS_1307_K1.jpg","dir":null}},{"type":"Feature","geometry":{"type":"Point","coordinates":[12.590423,57.152183]},"properties":{"id":"SE_STA_CAMERA_VViS_1308_K1","name":"Svarten","photo":"https://api.trafikinfo.trafikverket.se/v2/Images/data/road.infrastructure.camera/RoadConditionCamera_VViS_1308_K1.jpg","dir":null}},{"type":"Feature","geometry":{"type":"Point","coordinates":[12.793885,56.950576]},"properties":{"id":"SE_STA_CAMERA_VViS_1311_K1","name":"Mossjön","photo":"https://api.trafikinfo.trafikverket.se/v2/Images/data/road.infrastructure.camera/RoadConditionCamera_VViS_1311_K1.jpg","dir":null}},{"type":"Feature","geometry":{"type":"Point","coordinates":[13.371875,57.096718]},"properties":{"id":"SE_STA_CAMERA_VViS_1315_K1","name":"Bökhult","photo":"https://api.trafikinfo.trafikverket.se/v2/Images/data/road.infrastructure.camera/RoadConditionCamera_VViS_1315_K1.jpg","dir":null}},{"type":"Feature","geometry":{"type":"Point","coordinates":[12.702019,56.724336]},"properties":{"id":"SE_STA_CAMERA_VViS_1314_K1","name":"Brotorpet","photo":"https://api.trafikinfo.trafikverket.se/v2/Images/data/road.infrastructure.camera/RoadConditionCamera_VViS_1314_K1.jpg","dir":null}},{"type":"Feature","geometry":{"type":"Point","coordinates":[12.96606,56.523824]},"properties":{"id":"SE_STA_CAMERA_VViS_1320_K1","name":"Hökafältet","photo":"https://api.trafikinfo.trafikverket.se/v2/Images/data/road.infrastructure.camera/RoadConditionCamera_VViS_1320_K1.jpg","dir":null}},{"type":"Feature","geometry":{"type":"Point","coordinates":[12.952166,56.775813]},"properties":{"id":"SE_STA_CAMERA_VViS_1317_K1","name":"Fjellgime","photo":"https://api.trafikinfo.trafikverket.se/v2/Images/data/road.infrastructure.camera/RoadConditionCamera_VViS_1317_K1.jpg","dir":null}},{"type":"Feature","geometry":{"type":"Point","coordinates":[12.882749,56.724124]},"properties":{"id":"SE_STA_CAMERA_VViS_1318_K1","name":"Vrangelsro","photo":"https://api.trafikinfo.trafikverket.se/v2/Images/data/road.infrastructure.camera/RoadConditionCamera_VViS_1318_K1.jpg","dir":null}},{"type":"Feature","geometry":{"type":"Point","coordinates":[13.380656,56.496188]},"properties":{"id":"SE_STA_CAMERA_VViS_1321_K1","name":"Putsered","photo":"https://api.trafikinfo.trafikverket.se/v2/Images/data/road.infrastructure.camera/RoadConditionCamera_VViS_1321_K1.jpg","dir":null}},{"type":"Feature","geometry":{"type":"Point","coordinates":[13.151107,56.389938]},"properties":{"id":"SE_STA_CAMERA_VViS_1322_K1","name":"Klämman","photo":"https://api.trafikinfo.trafikverket.se/v2/Images/data/road.infrastructure.camera/RoadConditionCamera_VViS_1322_K1.jpg","dir":null}},{"type":"Feature","geometry":{"type":"Point","coordinates":[13.065512,56.922878]},"properties":{"id":"SE_STA_CAMERA_VViS_1323_K1","name":"Hinnakullsberg","photo":"https://api.trafikinfo.trafikverket.se/v2/Images/data/road.infrastructure.camera/RoadConditionCamera_VViS_1323_K1.jpg","dir":null}},{"type":"Feature","geometry":{"type":"Point","coordinates":[12.385587,57.028541]},"properties":{"id":"SE_STA_CAMERA_VViS_1327_K1","name":"Kärragärde","photo":"https://api.trafikinfo.trafikverket.se/v2/Images/data/road.infrastructure.camera/RoadConditionCamera_VViS_1327_K1.jpg","dir":null}},{"type":"Feature","geometry":{"type":"Point","coordinates":[13.446766,57.001163]},"properties":{"id":"SE_STA_CAMERA_VViS_1330_K1","name":"Gräshult","photo":"https://api.trafikinfo.trafikverket.se/v2/Images/data/road.infrastructure.camera/RoadConditionCamera_VViS_1330_K1.jpg","dir":null}},{"type":"Feature","geometry":{"type":"Point","coordinates":[12.08143,57.459954]},"properties":{"id":"SE_STA_CAMERA_VViS_1328_K1","name":"Kungsbacka","photo":"https://api.trafikinfo.trafikverket.se/v2/Images/data/road.infrastructure.camera/RoadConditionCamera_VViS_1328_K1.jpg","dir":null}},{"type":"Feature","geometry":{"type":"Point","coordinates":[13.326619,56.720659]},"properties":{"id":"SE_STA_CAMERA_VViS_1331_K1","name":"Härsängen","photo":"https://api.trafikinfo.trafikverket.se/v2/Images/data/road.infrastructure.camera/RoadConditionCamera_VViS_1331_K1.jpg","dir":null}},{"type":"Feature","geometry":{"type":"Point","coordinates":[12.939351,57.119951]},"properties":{"id":"SE_STA_CAMERA_VViS_1332_K1","name":"Ätran","photo":"https://api.trafikinfo.trafikverket.se/v2/Images/data/road.infrastructure.camera/RoadConditionCamera_VViS_1332_K1.jpg","dir":null}},{"type":"Feature","geometry":{"type":"Point","coordinates":[13.146165,56.719371]},"properties":{"id":"SE_STA_CAMERA_VViS_1334_K1","name":"Simlångsdalen","photo":"https://api.trafikinfo.trafikverket.se/v2/Images/data/road.infrastructure.camera/RoadConditionCamera_VViS_1334_K1.jpg","dir":null}},{"type":"Feature","geometry":{"type":"Point","coordinates":[12.655125,57.068794]},"properties":{"id":"SE_STA_CAMERA_VViS_1333_K1","name":"Köinge","photo":"https://api.trafikinfo.trafikverket.se/v2/Images/data/road.infrastructure.camera/RoadConditionCamera_VViS_1333_K1.jpg","dir":null}},{"type":"Feature","geometry":{"type":"Point","coordinates":[12.663025,56.862376]},"properties":{"id":"SE_STA_CAMERA_VViS_1335_K1","name":"Broen","photo":"https://api.trafikinfo.trafikverket.se/v2/Images/data/road.infrastructure.camera/RoadConditionCamera_VViS_1335_K1.jpg","dir":null}},{"type":"Feature","geometry":{"type":"Point","coordinates":[12.984795,56.589828]},"properties":{"id":"SE_STA_CAMERA_VViS_1337_K1","name":"Fladje","photo":"https://api.trafikinfo.trafikverket.se/v2/Images/data/road.infrastructure.camera/RoadConditionCamera_VViS_1337_K1.jpg","dir":null}},{"type":"Feature","geometry":{"type":"Point","coordinates":[12.805143,56.778767]},"properties":{"id":"SE_STA_CAMERA_VViS_1336_K1","name":"Lynghög","photo":"https://api.trafikinfo.trafikverket.se/v2/Images/data/road.infrastructure.camera/RoadConditionCamera_VViS_1336_K1.jpg","dir":null}},{"type":"Feature","geometry":{"type":"Point","coordinates":[11.979518,57.407578]},"properties":{"id":"SE_STA_CAMERA_VViS_1338_K1","name":"Mariedal","photo":"https://api.trafikinfo.trafikverket.se/v2/Images/data/road.infrastructure.camera/RoadConditionCamera_VViS_1338_K1.jpg","dir":null}},{"type":"Feature","geometry":{"type":"Point","coordinates":[12.190593,57.387588]},"properties":{"id":"SE_STA_CAMERA_VViS_1339_K1","name":"Torpa","photo":"https://api.trafikinfo.trafikverket.se/v2/Images/data/road.infrastructure.camera/RoadConditionCamera_VViS_1339_K1.jpg","dir":null}},{"type":"Feature","geometry":{"type":"Point","coordinates":[12.249224,57.200894]},"properties":{"id":"SE_STA_CAMERA_VViS_1340_K1","name":"Torild","photo":"https://api.trafikinfo.trafikverket.se/v2/Images/data/road.infrastructure.camera/RoadConditionCamera_VViS_1340_K1.jpg","dir":null}},{"type":"Feature","geometry":{"type":"Point","coordinates":[12.877921,57.275377]},"properties":{"id":"SE_STA_CAMERA_VViS_1341_K1","name":"Ingasjön","photo":"https://api.trafikinfo.trafikverket.se/v2/Images/data/road.infrastructure.camera/RoadConditionCamera_VViS_1341_K1.jpg","dir":null}},{"type":"Feature","geometry":{"type":"Point","coordinates":[12.903827,56.640224]},"properties":{"id":"SE_STA_CAMERA_VViS_1342_K1","name":"Halmstad","photo":"https://api.trafikinfo.trafikverket.se/v2/Images/data/road.infrastructure.camera/RoadConditionCamera_VViS_1342_K1.jpg","dir":null}},{"type":"Feature","geometry":{"type":"Point","coordinates":[12.05344,57.551742]},"properties":{"id":"SE_STA_CAMERA_VViS_1401_K1","name":"Sandsjöbacka","photo":"https://api.trafikinfo.trafikverket.se/v2/Images/data/road.infrastructure.camera/RoadConditionCamera_VViS_1401_K1.jpg","dir":null}},{"type":"Feature","geometry":{"type":"Point","coordinates":[14.039565,61.843197]},"properties":{"id":"SE_STA_CAMERA_VViS_2365_K1","name":"Lillhärdal","photo":"https://api.trafikinfo.trafikverket.se/v2/Images/data/road.infrastructure.camera/RoadConditionCamera_VViS_2365_K1.jpg","dir":null}},{"type":"Feature","geometry":{"type":"Point","coordinates":[17.452387,60.602352]},"properties":{"id":"SE_STA_CAMERA_VViS_310_K1","name":"Överboda","photo":"https://api.trafikinfo.trafikverket.se/v2/Images/data/road.infrastructure.camera/RoadConditionCamera_VViS_310_K1.jpg","dir":null}}],"generated_at":"2026-09-04T02:10:35.432Z"}