{"type":"FeatureCollection","features":[{"type":"Feature","geometry":{"type":"Point","coordinates":[23.483977044,65.853986692]},"properties":{"name":"Sangis västra infarten","road":"E4","bearing":242}},{"type":"Feature","geometry":{"type":"Point","coordinates":[13.01798223,56.701843472]},"properties":{"name":"Marbäck","road":"25","bearing":240}},{"type":"Feature","geometry":{"type":"Point","coordinates":[13.063921325,56.707463316]},"properties":{"name":"Skärkered V","road":"25","bearing":283}},{"type":"Feature","geometry":{"type":"Point","coordinates":[13.067072108,56.707826752]},"properties":{"name":"Skärkered Ö","road":"25","bearing":100}},{"type":"Feature","geometry":{"type":"Point","coordinates":[18.441837925,57.523011335]},"properties":{"name":"Roma norrgående körfält","road":"143","bearing":162}},{"type":"Feature","geometry":{"type":"Point","coordinates":[18.442174345,57.521617751]},"properties":{"name":"Roma södergående körfält","road":"143","bearing":350}},{"type":"Feature","geometry":{"type":"Point","coordinates":[14.130328856,59.298893764]},"properties":{"name":"Drevsta norrgående","road":"26","bearing":234}},{"type":"Feature","geometry":{"type":"Point","coordinates":[14.131865733,59.299909855]},"properties":{"name":"Drevsta södergående","road":"26","bearing":61}},{"type":"Feature","geometry":{"type":"Point","coordinates":[17.018680396,59.478564109]},"properties":{"name":"Aspö handel","road":"55","bearing":20}},{"type":"Feature","geometry":{"type":"Point","coordinates":[17.012280925,59.448750483]},"properties":{"name":"Björndalsviken","road":"55","bearing":349}},{"type":"Feature","geometry":{"type":"Point","coordinates":[17.025861566,59.427467014]},"properties":{"name":"Björkedal","road":"55","bearing":195}},{"type":"Feature","geometry":{"type":"Point","coordinates":[17.011890404,59.492942252]},"properties":{"name":"Säby","road":"55","bearing":344}},{"type":"Feature","geometry":{"type":"Point","coordinates":[17.012070088,59.492993382]},"properties":{"name":"Säby","road":"55","bearing":174}},{"type":"Feature","geometry":{"type":"Point","coordinates":[17.018893151,59.478578788]},"properties":{"name":"Aspö handel","road":"55","bearing":222}},{"type":"Feature","geometry":{"type":"Point","coordinates":[15.445158464,59.153953965]},"properties":{"name":"Tybble","road":"52","bearing":269}},{"type":"Feature","geometry":{"type":"Point","coordinates":[15.431850074,59.152328499]},"properties":{"name":"Askersby","road":"52","bearing":73}},{"type":"Feature","geometry":{"type":"Point","coordinates":[15.402092809,59.144808503]},"properties":{"name":"Norrbyås","road":"52","bearing":220}},{"type":"Feature","geometry":{"type":"Point","coordinates":[15.525210629,59.154589002]},"properties":{"name":"Odensbacken","road":"52","bearing":106}},{"type":"Feature","geometry":{"type":"Point","coordinates":[15.482884774,59.153639614]},"properties":{"name":"Askersby östra","road":"52","bearing":277}},{"type":"Feature","geometry":{"type":"Point","coordinates":[14.730914554,56.856979598]},"properties":{"name":"St Hammaren V","road":"23","bearing":10}},{"type":"Feature","geometry":{"type":"Point","coordinates":[14.490742783,56.733412015]},"properties":{"name":"Gottåsa Västra","road":"23","bearing":84}},{"type":"Feature","geometry":{"type":"Point","coordinates":[15.231460908,56.78161819]},"properties":{"name":"Hyllsjön","road":"25","bearing":114}},{"type":"Feature","geometry":{"type":"Point","coordinates":[15.183272229,56.786729223]},"properties":{"name":"Kårlanda","road":"25","bearing":111}},{"type":"Feature","geometry":{"type":"Point","coordinates":[15.20432298,56.780982815]},"properties":{"name":"Kvarnsjörås","road":"25","bearing":284}},{"type":"Feature","geometry":{"type":"Point","coordinates":[13.577249115,55.927285213]},"properties":{"name":"Sövröd","road":"13","bearing":298}},{"type":"Feature","geometry":{"type":"Point","coordinates":[13.631961346,55.877160842]},"properties":{"name":"Fulltofta","road":"13","bearing":182}},{"type":"Feature","geometry":{"type":"Point","coordinates":[14.859910076,56.84285287]},"properties":{"name":"Skir","road":"27","bearing":164}},{"type":"Feature","geometry":{"type":"Point","coordinates":[14.88607771,56.808732258]},"properties":{"name":"Tegneby","road":"27","bearing":151}},{"type":"Feature","geometry":{"type":"Point","coordinates":[14.878794485,56.822470556]},"properties":{"name":"Bramstorp","road":"27","bearing":348}},{"type":"Feature","geometry":{"type":"Point","coordinates":[14.90952455,56.777155458]},"properties":{"name":"Torsjö Norra","road":"27","bearing":165}},{"type":"Feature","geometry":{"type":"Point","coordinates":[14.89874844,56.786472372]},"properties":{"name":"Hillekullen","road":"27","bearing":347}},{"type":"Feature","geometry":{"type":"Point","coordinates":[14.917858702,56.759894308]},"properties":{"name":"Torsjö södra","road":"27","bearing":351}},{"type":"Feature","geometry":{"type":"Point","coordinates":[12.921780383,55.405604171]},"properties":{"name":"Ljunghusen","road":"100","bearing":79}},{"type":"Feature","geometry":{"type":"Point","coordinates":[12.932368344,55.409145147]},"properties":{"name":"Ljunghusen","road":"100","bearing":57}},{"type":"Feature","geometry":{"type":"Point","coordinates":[14.130264186,56.096143163]},"properties":{"name":"Torsebro öster","road":"118","bearing":153}},{"type":"Feature","geometry":{"type":"Point","coordinates":[14.162271289,56.068618184]},"properties":{"name":"Näsby fält","road":"118","bearing":164}},{"type":"Feature","geometry":{"type":"Point","coordinates":[13.777362741,57.168152449]},"properties":{"name":"Furekull","road":"27","bearing":111}},{"type":"Feature","geometry":{"type":"Point","coordinates":[13.807398383,57.166509896]},"properties":{"name":"Forsheda Väst","road":"27","bearing":279}},{"type":"Feature","geometry":{"type":"Point","coordinates":[13.837759068,57.166013132]},"properties":{"name":"Forshedakorset 1","road":"27","bearing":140}},{"type":"Feature","geometry":{"type":"Point","coordinates":[13.275104869,55.682229604]},"properties":{"name":"Hardeberga","road":"102","bearing":301}},{"type":"Feature","geometry":{"type":"Point","coordinates":[13.286275541,55.678854228]},"properties":{"name":"Bjällerup","road":"102","bearing":125}},{"type":"Feature","geometry":{"type":"Point","coordinates":[13.307183546,55.671649333]},"properties":{"name":"Beragården","road":"102","bearing":133}},{"type":"Feature","geometry":{"type":"Point","coordinates":[13.145294286,59.711699585]},"properties":{"name":"Svensbyåsarna","road":"E45","bearing":164}},{"type":"Feature","geometry":{"type":"Point","coordinates":[13.124724625,59.806643137]},"properties":{"name":"Stamfrändemonumentet","road":"E45","bearing":213}},{"type":"Feature","geometry":{"type":"Point","coordinates":[13.126189714,59.838028745]},"properties":{"name":"Sunne N","road":"E45","bearing":351}},{"type":"Feature","geometry":{"type":"Point","coordinates":[13.155874663,59.607899857]},"properties":{"name":"Bodetta","road":"E45","bearing":164}},{"type":"Feature","geometry":{"type":"Point","coordinates":[13.154650891,59.66252038]},"properties":{"name":"Bäckebron","road":"E45","bearing":190}},{"type":"Feature","geometry":{"type":"Point","coordinates":[13.154318409,59.614300125]},"properties":{"name":"Bodetta","road":"E45","bearing":15}},{"type":"Feature","geometry":{"type":"Point","coordinates":[13.131487575,59.735800094]},"properties":{"name":"Bergakorset","road":"E45","bearing":351}},{"type":"Feature","geometry":{"type":"Point","coordinates":[13.148878377,59.67126836]},"properties":{"name":"Elofsrud","road":"E45","bearing":328}},{"type":"Feature","geometry":{"type":"Point","coordinates":[13.128004851,59.836213293]},"properties":{"name":"Sunne S","road":"E45","bearing":166}},{"type":"Feature","geometry":{"type":"Point","coordinates":[13.123642166,59.804966048]},"properties":{"name":"Stamfrändemonumentet","road":"E45","bearing":21}},{"type":"Feature","geometry":{"type":"Point","coordinates":[12.369854626,58.565440449]},"properties":{"name":"Östebyn Norr","road":"E45","bearing":223}},{"type":"Feature","geometry":{"type":"Point","coordinates":[12.337985199,58.545752153]},"properties":{"name":"Smedserud","road":"E45","bearing":44}},{"type":"Feature","geometry":{"type":"Point","coordinates":[12.340344083,58.547059038]},"properties":{"name":"Smedserud","road":"E45","bearing":228}},{"type":"Feature","geometry":{"type":"Point","coordinates":[12.280416317,58.498115305]},"properties":{"name":"Frändefors","road":"E45","bearing":195}},{"type":"Feature","geometry":{"type":"Point","coordinates":[12.371319346,58.566548704]},"properties":{"name":"Östebyn Söder","road":"E45","bearing":43}},{"type":"Feature","geometry":{"type":"Point","coordinates":[13.571473032,58.561208085]},"properties":{"name":"Boamarken","road":"E20","bearing":60}},{"type":"Feature","geometry":{"type":"Point","coordinates":[13.6276872,58.592325047]},"properties":{"name":"Lilla Moholm","road":"E20","bearing":223}},{"type":"Feature","geometry":{"type":"Point","coordinates":[13.893607616,58.727757489]},"properties":{"name":"Säbykrogen","road":"E20","bearing":77}},{"type":"Feature","geometry":{"type":"Point","coordinates":[13.633212273,58.596237347]},"properties":{"name":"Lilla Moholm","road":"E20","bearing":36}},{"type":"Feature","geometry":{"type":"Point","coordinates":[11.643719581,58.332375871]},"properties":{"name":"Äskebacka","road":"161","bearing":38}},{"type":"Feature","geometry":{"type":"Point","coordinates":[11.658396205,58.341272385]},"properties":{"name":"Kamperöd","road":"161","bearing":59}},{"type":"Feature","geometry":{"type":"Point","coordinates":[16.188336472,61.334373623]},"properties":{"name":"Runemo, Söräng","road":"50","bearing":272}},{"type":"Feature","geometry":{"type":"Point","coordinates":[16.347969877,61.344753865]},"properties":{"name":"Säversta","road":"50","bearing":85}},{"type":"Feature","geometry":{"type":"Point","coordinates":[15.151787459,59.801555853]},"properties":{"name":"Löa","road":"50","bearing":341}},{"type":"Feature","geometry":{"type":"Point","coordinates":[15.134436009,59.727968965]},"properties":{"name":"Ingelshyttan","road":"50","bearing":15}},{"type":"Feature","geometry":{"type":"Point","coordinates":[16.380145265,61.453451363]},"properties":{"name":"Koldemo","road":"83","bearing":149}},{"type":"Feature","geometry":{"type":"Point","coordinates":[16.357616602,61.506103958]},"properties":{"name":"Vallsta","road":"83","bearing":10}},{"type":"Feature","geometry":{"type":"Point","coordinates":[16.626269818,61.211299728]},"properties":{"name":"Lilltjära","road":"83","bearing":252}},{"type":"Feature","geometry":{"type":"Point","coordinates":[16.55158668,61.251154858]},"properties":{"name":"Kilafors Norrfly","road":"83","bearing":185}},{"type":"Feature","geometry":{"type":"Point","coordinates":[16.84563945,61.165815512]},"properties":{"name":"Stråtjära S","road":"83","bearing":90}},{"type":"Feature","geometry":{"type":"Point","coordinates":[16.840775295,61.165612344]},"properties":{"name":"Stråtjära N","road":"83","bearing":265}},{"type":"Feature","geometry":{"type":"Point","coordinates":[13.847812649,57.930913503]},"properties":{"name":"Gålleryd 1","road":"26","bearing":324}},{"type":"Feature","geometry":{"type":"Point","coordinates":[13.845327604,57.933100754]},"properties":{"name":"Gålleryd 2","road":"26","bearing":157}},{"type":"Feature","geometry":{"type":"Point","coordinates":[13.831594622,57.966454665]},"properties":{"name":"Broholm 1","road":"26","bearing":183}},{"type":"Feature","geometry":{"type":"Point","coordinates":[13.831909592,57.969763272]},"properties":{"name":"Broholm 2","road":"26","bearing":11}},{"type":"Feature","geometry":{"type":"Point","coordinates":[13.83492916,57.979339797]},"properties":{"name":"Tidan 1","road":"26","bearing":348}},{"type":"Feature","geometry":{"type":"Point","coordinates":[13.831768641,57.9818889]},"properties":{"name":"Tidan 2","road":"26","bearing":153}},{"type":"Feature","geometry":{"type":"Point","coordinates":[17.860434057,62.659914494]},"properties":{"name":"Saltvik","road":"E4","bearing":135}},{"type":"Feature","geometry":{"type":"Point","coordinates":[17.848161884,62.665526807]},"properties":{"name":"Norrstig","road":"E4","bearing":304}},{"type":"Feature","geometry":{"type":"Point","coordinates":[17.869663378,62.707223736]},"properties":{"name":"Sandbacken","road":"E4","bearing":60}},{"type":"Feature","geometry":{"type":"Point","coordinates":[15.019643615,62.970593632]},"properties":{"name":"Svedje","road":"E14","bearing":171}},{"type":"Feature","geometry":{"type":"Point","coordinates":[14.951965934,63.012591228]},"properties":{"name":"Åkern","road":"E14","bearing":150}},{"type":"Feature","geometry":{"type":"Point","coordinates":[14.855239992,63.057634971]},"properties":{"name":"Haxäng","road":"E14","bearing":160}},{"type":"Feature","geometry":{"type":"Point","coordinates":[14.941664727,63.018107146]},"properties":{"name":"Österböle","road":"E14","bearing":275}},{"type":"Feature","geometry":{"type":"Point","coordinates":[17.325192631,63.155995989]},"properties":{"name":"Sollefteå","road":"90","bearing":130}},{"type":"Feature","geometry":{"type":"Point","coordinates":[17.860535208,62.816470774]},"properties":{"name":"Ramvik","road":"90","bearing":132}},{"type":"Feature","geometry":{"type":"Point","coordinates":[17.774999777,62.948731458]},"properties":{"name":"Ödskurvorna","road":"90","bearing":320}},{"type":"Feature","geometry":{"type":"Point","coordinates":[17.798194466,62.909338085]},"properties":{"name":"Fiskja","road":"90","bearing":306}},{"type":"Feature","geometry":{"type":"Point","coordinates":[17.098125924,62.368422445]},"properties":{"name":"Berg","road":"E14","bearing":57}},{"type":"Feature","geometry":{"type":"Point","coordinates":[17.095782487,62.367532861]},"properties":{"name":"Berg","road":"E14","bearing":237}},{"type":"Feature","geometry":{"type":"Point","coordinates":[17.033856025,63.169923445]},"properties":{"name":"Örbäck","road":"87","bearing":208}},{"type":"Feature","geometry":{"type":"Point","coordinates":[17.03376686,63.170068377]},"properties":{"name":"Örbäck","road":"87","bearing":34}},{"type":"Feature","geometry":{"type":"Point","coordinates":[18.034521789,59.543887339]},"properties":{"name":"Gullbron","road":"268","bearing":270}},{"type":"Feature","geometry":{"type":"Point","coordinates":[18.012939604,59.542598125]},"properties":{"name":"Berga","road":"268","bearing":84}},{"type":"Feature","geometry":{"type":"Point","coordinates":[18.012716464,59.542477463]},"properties":{"name":"Sursta","road":"268","bearing":280}},{"type":"Feature","geometry":{"type":"Point","coordinates":[18.039919579,59.543887787]},"properties":{"name":"Lindönäs","road":"268","bearing":93}},{"type":"Feature","geometry":{"type":"Point","coordinates":[16.628486687,59.868631385]},"properties":{"name":"Fräbrunn","road":"70","bearing":0}},{"type":"Feature","geometry":{"type":"Point","coordinates":[16.722260367,59.830318097]},"properties":{"name":"Vigelshus","road":"70","bearing":346}},{"type":"Feature","geometry":{"type":"Point","coordinates":[16.722440511,59.830351666]},"properties":{"name":"Vigelshus","road":"70","bearing":159}},{"type":"Feature","geometry":{"type":"Point","coordinates":[16.854233987,59.77865753]},"properties":{"name":"Bärby","road":"70","bearing":320}},{"type":"Feature","geometry":{"type":"Point","coordinates":[16.789652583,59.808150289]},"properties":{"name":"Skarpbo","road":"70","bearing":338}},{"type":"Feature","geometry":{"type":"Point","coordinates":[17.243784349,59.660854139]},"properties":{"name":"Skolsta","road":"55","bearing":112}},{"type":"Feature","geometry":{"type":"Point","coordinates":[17.193847687,59.655752326]},"properties":{"name":"Blåhäll","road":"55","bearing":94}},{"type":"Feature","geometry":{"type":"Point","coordinates":[17.167672424,59.652558555]},"properties":{"name":"Erikslund","road":"55","bearing":76}},{"type":"Feature","geometry":{"type":"Point","coordinates":[17.190607881,59.655339376]},"properties":{"name":"Blåhäll","road":"55","bearing":277}},{"type":"Feature","geometry":{"type":"Point","coordinates":[17.225612835,59.65990617]},"properties":{"name":"Vällinge","road":"55","bearing":265}},{"type":"Feature","geometry":{"type":"Point","coordinates":[17.386894061,59.766093172]},"properties":{"name":"Säva","road":"55","bearing":217}},{"type":"Feature","geometry":{"type":"Point","coordinates":[17.38847233,59.767492859]},"properties":{"name":"Säva","road":"55","bearing":42}},{"type":"Feature","geometry":{"type":"Point","coordinates":[17.363462651,59.755610913]},"properties":{"name":"Snebo","road":"55","bearing":220}},{"type":"Feature","geometry":{"type":"Point","coordinates":[17.519331895,59.836209891]},"properties":{"name":"Kristineberg","road":"55","bearing":31}},{"type":"Feature","geometry":{"type":"Point","coordinates":[18.390540307,59.514702546]},"properties":{"name":"Skeppsdalsvägen","road":"276","bearing":215}},{"type":"Feature","geometry":{"type":"Point","coordinates":[18.390499997,59.514829418]},"properties":{"name":"Visättravägen","road":"276","bearing":53}},{"type":"Feature","geometry":{"type":"Point","coordinates":[18.432000974,59.529195975]},"properties":{"name":"Åkers Åsättra","road":"276","bearing":223}},{"type":"Feature","geometry":{"type":"Point","coordinates":[18.317567975,59.485326744]},"properties":{"name":"Björkhaga","road":"276","bearing":221}},{"type":"Feature","geometry":{"type":"Point","coordinates":[18.319476689,59.486770135]},"properties":{"name":"Hacksta","road":"276","bearing":47}},{"type":"Feature","geometry":{"type":"Point","coordinates":[18.348471331,59.501191756]},"properties":{"name":"Solberga","road":"276","bearing":235}},{"type":"Feature","geometry":{"type":"Point","coordinates":[18.562524101,59.559975969]},"properties":{"name":"Roslags Kulla","road":"276","bearing":60}},{"type":"Feature","geometry":{"type":"Point","coordinates":[18.109753483,59.160489643]},"properties":{"name":"Lillsjövägen","road":"259","bearing":305}},{"type":"Feature","geometry":{"type":"Point","coordinates":[15.374674849,56.199617543]},"properties":{"name":"Björketorp västra","road":"E22","bearing":288}},{"type":"Feature","geometry":{"type":"Point","coordinates":[15.848208274,56.196090445]},"properties":{"name":"Jämjö östra","road":"E22","bearing":39}},{"type":"Feature","geometry":{"type":"Point","coordinates":[13.699109771,55.652795015]},"properties":{"name":"Södra Åsum södra","road":"13","bearing":242}},{"type":"Feature","geometry":{"type":"Point","coordinates":[13.662999807,55.823315894]},"properties":{"name":"He","road":"13","bearing":341}},{"type":"Feature","geometry":{"type":"Point","coordinates":[13.700342392,55.653967308]},"properties":{"name":"Södra Åsum norra","road":"13","bearing":42}},{"type":"Feature","geometry":{"type":"Point","coordinates":[13.707825492,55.731220061]},"properties":{"name":"Bjärsjölagård","road":"13","bearing":178}},{"type":"Feature","geometry":{"type":"Point","coordinates":[13.796491898,55.503807719]},"properties":{"name":"Sövestad norr","road":"13","bearing":353}},{"type":"Feature","geometry":{"type":"Point","coordinates":[13.796854626,55.469582054]},"properties":{"name":"Bussjö","road":"13","bearing":8}},{"type":"Feature","geometry":{"type":"Point","coordinates":[15.047235751,59.870381896]},"properties":{"name":"Kopparberg","road":"50","bearing":313}},{"type":"Feature","geometry":{"type":"Point","coordinates":[13.088452137,55.874466877]},"properties":{"name":"Teckomatorp","road":"17","bearing":99}},{"type":"Feature","geometry":{"type":"Point","coordinates":[13.071848189,55.876301827]},"properties":{"name":"Svalöv","road":"17","bearing":275}},{"type":"Feature","geometry":{"type":"Point","coordinates":[13.968279771,55.928853504]},"properties":{"name":"Tollarp","road":"1980","bearing":112}},{"type":"Feature","geometry":{"type":"Point","coordinates":[13.969117119,55.928662831]},"properties":{"name":"Tollarp","road":"1980","bearing":276}},{"type":"Feature","geometry":{"type":"Point","coordinates":[13.90458862,55.940946445]},"properties":{"name":"Sätaröd","road":"1980","bearing":139}},{"type":"Feature","geometry":{"type":"Point","coordinates":[13.74697782,56.197943623]},"properties":{"name":"Vankiva","road":"117","bearing":168}},{"type":"Feature","geometry":{"type":"Point","coordinates":[13.432328169,56.253769606]},"properties":{"name":"Djurabygget","road":"24","bearing":260}},{"type":"Feature","geometry":{"type":"Point","coordinates":[14.090247871,55.841064464]},"properties":{"name":"Degeberga N","road":"19","bearing":19}},{"type":"Feature","geometry":{"type":"Point","coordinates":[14.140524569,55.77273101]},"properties":{"name":"Maglehem","road":"19","bearing":356}},{"type":"Feature","geometry":{"type":"Point","coordinates":[14.091950934,55.828973437]},"properties":{"name":"Degeberga S","road":"19","bearing":132}},{"type":"Feature","geometry":{"type":"Point","coordinates":[13.511119864,55.833981273]},"properties":{"name":"Finnhult","road":"17","bearing":300}},{"type":"Feature","geometry":{"type":"Point","coordinates":[13.515011582,55.832419765]},"properties":{"name":"Finnhult","road":"17","bearing":130}},{"type":"Feature","geometry":{"type":"Point","coordinates":[13.679187966,58.124016654]},"properties":{"name":"Rännefalan","road":"47","bearing":148}},{"type":"Feature","geometry":{"type":"Point","coordinates":[13.635827736,58.140367287]},"properties":{"name":"Leaby","road":"47","bearing":140}},{"type":"Feature","geometry":{"type":"Point","coordinates":[13.67759726,58.124790664]},"properties":{"name":"Rännefalan","road":"47","bearing":318}},{"type":"Feature","geometry":{"type":"Point","coordinates":[13.633907114,58.140840793]},"properties":{"name":"Leaby","road":"47","bearing":327}},{"type":"Feature","geometry":{"type":"Point","coordinates":[13.341942384,57.52132432]},"properties":{"name":"Rosenlund","road":"27","bearing":192}},{"type":"Feature","geometry":{"type":"Point","coordinates":[13.34307715,57.501825237]},"properties":{"name":"Moakorset","road":"27","bearing":150}},{"type":"Feature","geometry":{"type":"Point","coordinates":[13.218857889,57.581874025]},"properties":{"name":"Tingarör","road":"27","bearing":347}},{"type":"Feature","geometry":{"type":"Point","coordinates":[13.218379365,57.582424316]},"properties":{"name":"Tingarör","road":"27","bearing":163}},{"type":"Feature","geometry":{"type":"Point","coordinates":[13.339195432,57.535465465]},"properties":{"name":"Limmared","road":"27","bearing":169}},{"type":"Feature","geometry":{"type":"Point","coordinates":[14.069351187,58.41496339]},"properties":{"name":"Piggatorp","road":"49","bearing":86}},{"type":"Feature","geometry":{"type":"Point","coordinates":[14.06815937,58.414721198]},"properties":{"name":"Piggatorp","road":"49","bearing":265}},{"type":"Feature","geometry":{"type":"Point","coordinates":[14.016109899,58.409661523]},"properties":{"name":"Hallebacken","road":"49","bearing":93}},{"type":"Feature","geometry":{"type":"Point","coordinates":[14.013724871,58.409265942]},"properties":{"name":"Hallebacken","road":"49","bearing":273}},{"type":"Feature","geometry":{"type":"Point","coordinates":[14.161466242,58.432664733]},"properties":{"name":"Gärekorset","road":"49","bearing":80}},{"type":"Feature","geometry":{"type":"Point","coordinates":[14.159829918,58.432339655]},"properties":{"name":"Gärekorset","road":"49","bearing":247}},{"type":"Feature","geometry":{"type":"Point","coordinates":[11.879239714,57.786056475]},"properties":{"name":"Solberg","road":"563","bearing":249}},{"type":"Feature","geometry":{"type":"Point","coordinates":[13.954623706,58.475830903]},"properties":{"name":"Ulvängen","road":"200","bearing":17}},{"type":"Feature","geometry":{"type":"Point","coordinates":[13.954710063,58.474654957]},"properties":{"name":"Ulvängen","road":"200","bearing":186}},{"type":"Feature","geometry":{"type":"Point","coordinates":[13.932595212,58.437179138]},"properties":{"name":"Säterkullen","road":"200","bearing":44}},{"type":"Feature","geometry":{"type":"Point","coordinates":[12.677138003,58.355335712]},"properties":{"name":"Skattegården","road":"44","bearing":265}},{"type":"Feature","geometry":{"type":"Point","coordinates":[12.753626215,58.384742214]},"properties":{"name":"St Boberg","road":"44","bearing":235}},{"type":"Feature","geometry":{"type":"Point","coordinates":[14.248925975,58.334550181]},"properties":{"name":"Nygården","road":"194","bearing":314}},{"type":"Feature","geometry":{"type":"Point","coordinates":[14.229160965,58.339516447]},"properties":{"name":"Backafall","road":"194","bearing":124}},{"type":"Feature","geometry":{"type":"Point","coordinates":[14.251787914,58.333273547]},"properties":{"name":"Nygården","road":"194","bearing":148}},{"type":"Feature","geometry":{"type":"Point","coordinates":[12.967782037,55.887209445]},"properties":{"name":"Asmundtorp","road":"110","bearing":165}},{"type":"Feature","geometry":{"type":"Point","coordinates":[12.955382203,55.927158919]},"properties":{"name":"Tågarp Norra","road":"110","bearing":2}},{"type":"Feature","geometry":{"type":"Point","coordinates":[12.955355814,55.924012968]},"properties":{"name":"Tågarp Södra","road":"110","bearing":190}},{"type":"Feature","geometry":{"type":"Point","coordinates":[12.944044727,55.962891928]},"properties":{"name":"Kingelstad Norra","road":"110","bearing":4}},{"type":"Feature","geometry":{"type":"Point","coordinates":[12.947860554,55.948315458]},"properties":{"name":"Kingelstad Södra","road":"110","bearing":171}},{"type":"Feature","geometry":{"type":"Point","coordinates":[12.938205432,55.97537638]},"properties":{"name":"Tjutebro","road":"110","bearing":175}},{"type":"Feature","geometry":{"type":"Point","coordinates":[14.293867716,58.883845432]},"properties":{"name":"Bahult","road":"E20","bearing":71}},{"type":"Feature","geometry":{"type":"Point","coordinates":[14.289272281,58.882913153]},"properties":{"name":"Bahult","road":"E20","bearing":238}},{"type":"Feature","geometry":{"type":"Point","coordinates":[19.883094545,63.913478059]},"properties":{"name":"Brattbybacken","road":"E12","bearing":143}},{"type":"Feature","geometry":{"type":"Point","coordinates":[20.053776642,63.878464067]},"properties":{"name":"Brännland Kassjökorset","road":"E12","bearing":301}},{"type":"Feature","geometry":{"type":"Point","coordinates":[19.859711766,63.921641203]},"properties":{"name":"Brattby","road":"E12","bearing":262}},{"type":"Feature","geometry":{"type":"Point","coordinates":[21.131517807,64.303206128]},"properties":{"name":"Grimsmark","road":"E4","bearing":231}},{"type":"Feature","geometry":{"type":"Point","coordinates":[21.046673262,64.269295032]},"properties":{"name":"Ånäset","road":"E4","bearing":176}},{"type":"Feature","geometry":{"type":"Point","coordinates":[21.182142932,64.613621212]},"properties":{"name":"Bureå","road":"E4","bearing":145}},{"type":"Feature","geometry":{"type":"Point","coordinates":[21.178361686,64.619679232]},"properties":{"name":"Bureå","road":"E4","bearing":356}},{"type":"Feature","geometry":{"type":"Point","coordinates":[21.263173648,64.500809209]},"properties":{"name":"Övre bäck","road":"E4","bearing":144}},{"type":"Feature","geometry":{"type":"Point","coordinates":[21.257574738,64.514739262]},"properties":{"name":"Övre bäck","road":"E4","bearing":4}},{"type":"Feature","geometry":{"type":"Point","coordinates":[21.255771806,64.539838371]},"properties":{"name":"Ljusvattnet","road":"E4","bearing":161}},{"type":"Feature","geometry":{"type":"Point","coordinates":[21.249192493,64.547090089]},"properties":{"name":"Ljusvattnet","road":"E4","bearing":338}},{"type":"Feature","geometry":{"type":"Point","coordinates":[21.292511124,64.465225308]},"properties":{"name":"Bjuröklubb","road":"E4","bearing":5}},{"type":"Feature","geometry":{"type":"Point","coordinates":[21.292882598,64.465659739]},"properties":{"name":"Bjuröklubb","road":"E4","bearing":183}},{"type":"Feature","geometry":{"type":"Point","coordinates":[21.302846281,64.373199069]},"properties":{"name":"Lövånger","road":"E4","bearing":18}},{"type":"Feature","geometry":{"type":"Point","coordinates":[21.298196785,64.389172017]},"properties":{"name":"Mångbyn","road":"E4","bearing":358}},{"type":"Feature","geometry":{"type":"Point","coordinates":[21.297790249,64.391567564]},"properties":{"name":"Mångbyn","road":"E4","bearing":171}},{"type":"Feature","geometry":{"type":"Point","coordinates":[21.270059261,64.335706346]},"properties":{"name":"Lövsele","road":"E4","bearing":221}},{"type":"Feature","geometry":{"type":"Point","coordinates":[19.325904782,64.24364085]},"properties":{"name":"Granö S","road":"E12","bearing":131}},{"type":"Feature","geometry":{"type":"Point","coordinates":[19.347439693,64.23409195]},"properties":{"name":"Norrfors Smedjan","road":"E12","bearing":321}},{"type":"Feature","geometry":{"type":"Point","coordinates":[19.362702628,64.225581314]},"properties":{"name":"Tegsnäset","road":"E12","bearing":308}},{"type":"Feature","geometry":{"type":"Point","coordinates":[19.362867667,64.225711227]},"properties":{"name":"Tegsnäset","road":"E12","bearing":126}},{"type":"Feature","geometry":{"type":"Point","coordinates":[19.373612545,64.221451782]},"properties":{"name":"Tegsnäset Söder","road":"E12","bearing":130}},{"type":"Feature","geometry":{"type":"Point","coordinates":[19.546564943,64.127569413]},"properties":{"name":"Hälsingfors Norr","road":"E12","bearing":306}},{"type":"Feature","geometry":{"type":"Point","coordinates":[19.563979466,64.119336175]},"properties":{"name":"Hälsingfors Söder","road":"E12","bearing":142}},{"type":"Feature","geometry":{"type":"Point","coordinates":[19.579477469,64.112887391]},"properties":{"name":"Kvarntorp Norr","road":"E12","bearing":297}},{"type":"Feature","geometry":{"type":"Point","coordinates":[19.588008098,64.108122535]},"properties":{"name":"Kvarntorp Söder","road":"E12","bearing":146}},{"type":"Feature","geometry":{"type":"Point","coordinates":[16.108659578,59.251536088]},"properties":{"name":"Norrsundet","road":"56","bearing":38}},{"type":"Feature","geometry":{"type":"Point","coordinates":[14.039474284,56.039321085]},"properties":{"name":"Kungsborg","road":"21","bearing":303}},{"type":"Feature","geometry":{"type":"Point","coordinates":[14.040243471,56.039371997]},"properties":{"name":"Kungsborg","road":"21","bearing":114}},{"type":"Feature","geometry":{"type":"Point","coordinates":[16.983845624,58.765477253]},"properties":{"name":"Oppeby","road":"52","bearing":109}},{"type":"Feature","geometry":{"type":"Point","coordinates":[16.940579106,59.254445342]},"properties":{"name":"Länna Bruk","road":"55","bearing":10}},{"type":"Feature","geometry":{"type":"Point","coordinates":[16.423418093,60.570038682]},"properties":{"name":"Igeltjärnsvägen","road":"E16","bearing":100}},{"type":"Feature","geometry":{"type":"Point","coordinates":[16.417626986,60.569875742]},"properties":{"name":"Bergviksvägen","road":"E16","bearing":267}},{"type":"Feature","geometry":{"type":"Point","coordinates":[16.382276003,60.564112833]},"properties":{"name":"Barkhyttevägen","road":"E16","bearing":254}},{"type":"Feature","geometry":{"type":"Point","coordinates":[16.370040272,60.564229866]},"properties":{"name":"Bäcken","road":"E16","bearing":100}},{"type":"Feature","geometry":{"type":"Point","coordinates":[16.19456855,58.965517141]},"properties":{"name":"Djulö","road":"555","bearing":224}},{"type":"Feature","geometry":{"type":"Point","coordinates":[15.959221516,60.318365084]},"properties":{"name":"Österby","road":"69","bearing":154}},{"type":"Feature","geometry":{"type":"Point","coordinates":[15.948594647,60.330850926]},"properties":{"name":"Mälby","road":"69","bearing":331}},{"type":"Feature","geometry":{"type":"Point","coordinates":[15.939704272,60.352338921]},"properties":{"name":"Nordansjö","road":"69","bearing":345}},{"type":"Feature","geometry":{"type":"Point","coordinates":[15.927478229,60.364061982]},"properties":{"name":"Norshyttan","road":"69","bearing":153}},{"type":"Feature","geometry":{"type":"Point","coordinates":[15.920642547,60.369811337]},"properties":{"name":"Djupdalen","road":"69","bearing":336}},{"type":"Feature","geometry":{"type":"Point","coordinates":[15.897204468,60.39182703]},"properties":{"name":"Fäggeby","road":"69","bearing":146}},{"type":"Feature","geometry":{"type":"Point","coordinates":[16.68133985,61.350844234]},"properties":{"name":"Glössbo","road":"50","bearing":84}},{"type":"Feature","geometry":{"type":"Point","coordinates":[16.721843258,61.344356752]},"properties":{"name":"Överbo västra","road":"50","bearing":315}},{"type":"Feature","geometry":{"type":"Point","coordinates":[16.44656258,61.351938128]},"properties":{"name":"Bollnäs Rehnstedtska gården","road":"50","bearing":111}},{"type":"Feature","geometry":{"type":"Point","coordinates":[16.572083495,61.352088871]},"properties":{"name":"Västerböle","road":"50","bearing":270}},{"type":"Feature","geometry":{"type":"Point","coordinates":[16.619868719,61.3496691]},"properties":{"name":"Berga","road":"50","bearing":272}},{"type":"Feature","geometry":{"type":"Point","coordinates":[15.089807367,60.588586361]},"properties":{"name":"Hansgårdarna","road":"70","bearing":319}},{"type":"Feature","geometry":{"type":"Point","coordinates":[15.147192707,60.555647266]},"properties":{"name":"Täktberget","road":"E16","bearing":301}},{"type":"Feature","geometry":{"type":"Point","coordinates":[15.109679235,60.581361823]},"properties":{"name":"Gröntuv","road":"70","bearing":115}},{"type":"Feature","geometry":{"type":"Point","coordinates":[15.03448475,60.71198397]},"properties":{"name":"Rastplats Leksand södergående","road":"70","bearing":314}},{"type":"Feature","geometry":{"type":"Point","coordinates":[15.098351705,60.841005182]},"properties":{"name":"Utby","road":"70","bearing":43}},{"type":"Feature","geometry":{"type":"Point","coordinates":[15.03826159,60.914036417]},"properties":{"name":"Hjortgården","road":"70","bearing":87}},{"type":"Feature","geometry":{"type":"Point","coordinates":[15.072713973,60.828344369]},"properties":{"name":"Kullsbjörken","road":"70","bearing":230}},{"type":"Feature","geometry":{"type":"Point","coordinates":[15.022290393,60.77797669]},"properties":{"name":"Leksboda","road":"70","bearing":196}},{"type":"Feature","geometry":{"type":"Point","coordinates":[13.955318518,60.501000945]},"properties":{"name":"Nötberget N","road":"E16","bearing":339}},{"type":"Feature","geometry":{"type":"Point","coordinates":[13.558352723,60.734219455]},"properties":{"name":"Malungsfors","road":"66","bearing":123}},{"type":"Feature","geometry":{"type":"Point","coordinates":[13.975400992,60.490570012]},"properties":{"name":"Nötberget S","road":"E16","bearing":109}},{"type":"Feature","geometry":{"type":"Point","coordinates":[13.359694813,60.938262461]},"properties":{"name":"Lima","road":"66","bearing":357}},{"type":"Feature","geometry":{"type":"Point","coordinates":[15.526644649,60.093366751]},"properties":{"name":"Perhindersbo","road":"66","bearing":130}},{"type":"Feature","geometry":{"type":"Point","coordinates":[15.483938169,60.112610779]},"properties":{"name":"Vanbo","road":"66","bearing":319}},{"type":"Feature","geometry":{"type":"Point","coordinates":[15.54224498,60.07987963]},"properties":{"name":"Mårtsbo","road":"66","bearing":170}},{"type":"Feature","geometry":{"type":"Point","coordinates":[15.475158382,60.120050469]},"properties":{"name":"Vanhäll","road":"66","bearing":157}},{"type":"Feature","geometry":{"type":"Point","coordinates":[15.415245024,60.129105406]},"properties":{"name":"Flatenberg","road":"66","bearing":280}},{"type":"Feature","geometry":{"type":"Point","coordinates":[15.245371973,60.155451751]},"properties":{"name":"Harnäs","road":"66","bearing":280}},{"type":"Feature","geometry":{"type":"Point","coordinates":[15.32875466,60.14106613]},"properties":{"name":"Ö Lernbo","road":"66","bearing":74}},{"type":"Feature","geometry":{"type":"Point","coordinates":[15.365098823,60.140315473]},"properties":{"name":"Östermoren","road":"66","bearing":276}},{"type":"Feature","geometry":{"type":"Point","coordinates":[15.384331293,60.139057862]},"properties":{"name":"Östermoren","road":"66","bearing":109}},{"type":"Feature","geometry":{"type":"Point","coordinates":[14.96625555,58.691673501]},"properties":{"name":"Nydalen","road":"50","bearing":185}},{"type":"Feature","geometry":{"type":"Point","coordinates":[16.833476782,62.384146617]},"properties":{"name":"Nedansjö","road":"E14","bearing":88}},{"type":"Feature","geometry":{"type":"Point","coordinates":[16.558946839,62.417943663]},"properties":{"name":"Kälsta","road":"E14","bearing":273}},{"type":"Feature","geometry":{"type":"Point","coordinates":[17.110378975,59.896858102]},"properties":{"name":"Björnlund","road":"72","bearing":105}},{"type":"Feature","geometry":{"type":"Point","coordinates":[15.845508123,58.34136235]},"properties":{"name":"Övre Fillinge","road":"35","bearing":158}},{"type":"Feature","geometry":{"type":"Point","coordinates":[15.834659611,58.352876605]},"properties":{"name":"Hagalund","road":"35","bearing":326}},{"type":"Feature","geometry":{"type":"Point","coordinates":[15.87684628,58.311447827]},"properties":{"name":"Grebovallen V","road":"35","bearing":330}},{"type":"Feature","geometry":{"type":"Point","coordinates":[15.876264799,58.312089539]},"properties":{"name":"Grebovallen Ö","road":"35","bearing":160}},{"type":"Feature","geometry":{"type":"Point","coordinates":[15.893447605,58.293647182]},"properties":{"name":"Rödsten","road":"35","bearing":345}},{"type":"Feature","geometry":{"type":"Point","coordinates":[16.615053779,59.08499891]},"properties":{"name":"Anskarsgården","road":"55","bearing":248}},{"type":"Feature","geometry":{"type":"Point","coordinates":[18.17943011,59.150048421]},"properties":{"name":"Svensro norra","road":"227","bearing":353}},{"type":"Feature","geometry":{"type":"Point","coordinates":[18.185085295,59.140877795]},"properties":{"name":"Alby södra","road":"227","bearing":333}},{"type":"Feature","geometry":{"type":"Point","coordinates":[18.193024602,59.130167802]},"properties":{"name":"Sanda östgående","road":"227","bearing":334}},{"type":"Feature","geometry":{"type":"Point","coordinates":[18.037289241,59.109976074]},"properties":{"name":"Kvarnvägen","road":"257","bearing":315}},{"type":"Feature","geometry":{"type":"Point","coordinates":[18.02719095,59.114939023]},"properties":{"name":"Trädgårdsstugan","road":"257","bearing":142}},{"type":"Feature","geometry":{"type":"Point","coordinates":[17.875354355,58.982508601]},"properties":{"name":"Vansta norrgående","road":"225","bearing":138}},{"type":"Feature","geometry":{"type":"Point","coordinates":[17.827235856,58.987324916]},"properties":{"name":"Berga","road":"225","bearing":63}},{"type":"Feature","geometry":{"type":"Point","coordinates":[17.87620457,58.982058379]},"properties":{"name":"Vansta sydgående","road":"225","bearing":310}},{"type":"Feature","geometry":{"type":"Point","coordinates":[17.800398933,59.029853543]},"properties":{"name":"Tyrved","road":"225","bearing":29}},{"type":"Feature","geometry":{"type":"Point","coordinates":[17.802914209,59.052604716]},"properties":{"name":"Sköndal","road":"225","bearing":30}},{"type":"Feature","geometry":{"type":"Point","coordinates":[17.8055715,59.007771606]},"properties":{"name":"Spångbro sydgående","road":"225","bearing":0}},{"type":"Feature","geometry":{"type":"Point","coordinates":[17.805891218,59.008061205]},"properties":{"name":"Spångbro norrgående","road":"225","bearing":195}},{"type":"Feature","geometry":{"type":"Point","coordinates":[17.805511543,59.056861615]},"properties":{"name":"Charlottenborg","road":"225","bearing":199}},{"type":"Feature","geometry":{"type":"Point","coordinates":[17.803422856,59.06397851]},"properties":{"name":"Frölunda","road":"225","bearing":281}},{"type":"Feature","geometry":{"type":"Point","coordinates":[18.224182182,59.559119607]},"properties":{"name":"Karby","road":"268","bearing":265}},{"type":"Feature","geometry":{"type":"Point","coordinates":[18.233722542,59.560187189]},"properties":{"name":"Brottby","road":"978","bearing":78}},{"type":"Feature","geometry":{"type":"Point","coordinates":[17.638699587,59.561778885]},"properties":{"name":"Sätra Norr","road":"269","bearing":192}},{"type":"Feature","geometry":{"type":"Point","coordinates":[17.630713335,59.581939097]},"properties":{"name":"Kevan","road":"269","bearing":175}},{"type":"Feature","geometry":{"type":"Point","coordinates":[16.47729183,57.722445514]},"properties":{"name":"Daddhorvan","road":"E22","bearing":94}},{"type":"Feature","geometry":{"type":"Point","coordinates":[16.476177965,57.72230578]},"properties":{"name":"Daddhorvan","road":"E22","bearing":270}},{"type":"Feature","geometry":{"type":"Point","coordinates":[16.517503039,57.726803295]},"properties":{"name":"Verkebäck","road":"E22","bearing":56}},{"type":"Feature","geometry":{"type":"Point","coordinates":[16.515810603,57.726086894]},"properties":{"name":"Verkebäck","road":"E22","bearing":254}},{"type":"Feature","geometry":{"type":"Point","coordinates":[16.454430401,57.722207069]},"properties":{"name":"Hyttan 1","road":"E22","bearing":81}},{"type":"Feature","geometry":{"type":"Point","coordinates":[16.447871524,57.709327751]},"properties":{"name":"Gladhammar","road":"E22","bearing":210}},{"type":"Feature","geometry":{"type":"Point","coordinates":[16.453721429,57.721694156]},"properties":{"name":"Hyttan","road":"E22","bearing":225}},{"type":"Feature","geometry":{"type":"Point","coordinates":[16.448286149,57.710463938]},"properties":{"name":"Gladhammar","road":"E22","bearing":26}},{"type":"Feature","geometry":{"type":"Point","coordinates":[16.069077989,56.375877841]},"properties":{"name":"Bergkvara S","road":"E22","bearing":187}},{"type":"Feature","geometry":{"type":"Point","coordinates":[16.04807573,56.335148427]},"properties":{"name":"Grisbäck","road":"E22","bearing":202}},{"type":"Feature","geometry":{"type":"Point","coordinates":[16.043710822,56.331088095]},"properties":{"name":"Grisbäck","road":"E22","bearing":34}},{"type":"Feature","geometry":{"type":"Point","coordinates":[16.066430904,56.392990076]},"properties":{"name":"Bergkvara C","road":"E22","bearing":11}},{"type":"Feature","geometry":{"type":"Point","coordinates":[16.066747651,56.390992688]},"properties":{"name":"Bergkvara C","road":"E22","bearing":192}},{"type":"Feature","geometry":{"type":"Point","coordinates":[15.754253435,57.800057566]},"properties":{"name":"Gullringen","road":"23","bearing":12}},{"type":"Feature","geometry":{"type":"Point","coordinates":[15.782424201,57.726461865]},"properties":{"name":"Södra Vi","road":"23","bearing":145}},{"type":"Feature","geometry":{"type":"Point","coordinates":[15.843792696,57.610178928]},"properties":{"name":"Kvillehult","road":"23","bearing":12}},{"type":"Feature","geometry":{"type":"Point","coordinates":[15.844071691,57.610662148]},"properties":{"name":"Kvillehult","road":"23","bearing":179}},{"type":"Feature","geometry":{"type":"Point","coordinates":[15.848018654,57.592561853]},"properties":{"name":"Storebro N","road":"23","bearing":175}},{"type":"Feature","geometry":{"type":"Point","coordinates":[15.841626129,57.515664319]},"properties":{"name":"Nedsjöholm","road":"23","bearing":202}},{"type":"Feature","geometry":{"type":"Point","coordinates":[16.704731677,56.877747123]},"properties":{"name":"Köpingsvik","road":"136","bearing":268}},{"type":"Feature","geometry":{"type":"Point","coordinates":[16.691215063,56.878964163]},"properties":{"name":"Köpingsvik","road":"136","bearing":108}},{"type":"Feature","geometry":{"type":"Point","coordinates":[16.651352976,56.860736441]},"properties":{"name":"Räpplingevägen","road":"136","bearing":203}},{"type":"Feature","geometry":{"type":"Point","coordinates":[16.552430133,56.75343853]},"properties":{"name":"Stora Rör","road":"136","bearing":40}},{"type":"Feature","geometry":{"type":"Point","coordinates":[16.522208386,56.68841723]},"properties":{"name":"Algutsrum","road":"136","bearing":183}},{"type":"Feature","geometry":{"type":"Point","coordinates":[16.860324758,61.293213279]},"properties":{"name":"Mokorset västra","road":"50","bearing":289}},{"type":"Feature","geometry":{"type":"Point","coordinates":[16.863786507,61.292725769]},"properties":{"name":"Mokorset östra","road":"50","bearing":110}},{"type":"Feature","geometry":{"type":"Point","coordinates":[17.762568863,59.62903509]},"properties":{"name":"Til","road":"263","bearing":290}},{"type":"Feature","geometry":{"type":"Point","coordinates":[17.835800528,59.622501684]},"properties":{"name":"Idrottsplatsen","road":"263","bearing":142}},{"type":"Feature","geometry":{"type":"Point","coordinates":[21.01673774,67.65205645]},"properties":{"name":"Svappavaara","road":"E10","bearing":330}},{"type":"Feature","geometry":{"type":"Point","coordinates":[20.484862825,67.838639077]},"properties":{"name":"Jukkasjärvi","road":"E10","bearing":271}},{"type":"Feature","geometry":{"type":"Point","coordinates":[21.067932808,67.63508231]},"properties":{"name":"Svappavaara","road":"E10","bearing":141}},{"type":"Feature","geometry":{"type":"Point","coordinates":[22.706474262,66.069153891]},"properties":{"name":"Morjärv N","road":"E10","bearing":5}},{"type":"Feature","geometry":{"type":"Point","coordinates":[22.702632393,66.062667253]},"properties":{"name":"Morjärv S","road":"E10","bearing":166}},{"type":"Feature","geometry":{"type":"Point","coordinates":[14.964535693,58.686437068]},"properties":{"name":"Stavsjön","road":"50","bearing":26}},{"type":"Feature","geometry":{"type":"Point","coordinates":[14.956051654,58.643280189]},"properties":{"name":"Stenbacka","road":"50","bearing":344}},{"type":"Feature","geometry":{"type":"Point","coordinates":[14.95896929,58.652747273]},"properties":{"name":"Nubbekullen","road":"50","bearing":223}},{"type":"Feature","geometry":{"type":"Point","coordinates":[15.015760803,58.177273964]},"properties":{"name":"Karlslund","road":"32","bearing":57}},{"type":"Feature","geometry":{"type":"Point","coordinates":[15.003705222,58.165715291]},"properties":{"name":"Fredriksberg","road":"32","bearing":228}},{"type":"Feature","geometry":{"type":"Point","coordinates":[16.061533221,58.572596205]},"properties":{"name":"Tallebo Ö","road":"1153","bearing":305}},{"type":"Feature","geometry":{"type":"Point","coordinates":[16.060434049,58.573207069]},"properties":{"name":"Tallebo V","road":"1153","bearing":145}},{"type":"Feature","geometry":{"type":"Point","coordinates":[15.966795412,58.582693821]},"properties":{"name":"Väsby V","road":"1153","bearing":123}},{"type":"Feature","geometry":{"type":"Point","coordinates":[15.966300203,58.58282329]},"properties":{"name":"Väsby Ö","road":"1153","bearing":302}},{"type":"Feature","geometry":{"type":"Point","coordinates":[15.942594506,58.581993335]},"properties":{"name":"Kullerstad Ö","road":"1153","bearing":268}},{"type":"Feature","geometry":{"type":"Point","coordinates":[15.940612934,58.581855159]},"properties":{"name":"Kullerstad V","road":"1153","bearing":66}},{"type":"Feature","geometry":{"type":"Point","coordinates":[14.934506295,58.464696361]},"properties":{"name":"Tegellöka","road":"919","bearing":66}},{"type":"Feature","geometry":{"type":"Point","coordinates":[14.975666216,58.48129939]},"properties":{"name":"Sandby","road":"919","bearing":50}},{"type":"Feature","geometry":{"type":"Point","coordinates":[14.951906255,58.475499696]},"properties":{"name":"Medhamra","road":"919","bearing":231}},{"type":"Feature","geometry":{"type":"Point","coordinates":[15.00821807,58.498078618]},"properties":{"name":"Norrliden","road":"919","bearing":64}},{"type":"Feature","geometry":{"type":"Point","coordinates":[14.98736032,58.484651126]},"properties":{"name":"Skeppstad","road":"919","bearing":240}},{"type":"Feature","geometry":{"type":"Point","coordinates":[14.834149629,58.42446781]},"properties":{"name":"Kastad","road":"919","bearing":226}},{"type":"Feature","geometry":{"type":"Point","coordinates":[14.692886288,58.341612708]},"properties":{"name":"Vävergården","road":"919","bearing":225}},{"type":"Feature","geometry":{"type":"Point","coordinates":[14.748736377,58.380732543]},"properties":{"name":"Rogslösa","road":"919","bearing":46}},{"type":"Feature","geometry":{"type":"Point","coordinates":[14.678131765,58.313059707]},"properties":{"name":"Dagsmosse","road":"919","bearing":211}},{"type":"Feature","geometry":{"type":"Point","coordinates":[14.689499044,58.334419229]},"properties":{"name":"Skogslund","road":"919","bearing":6}},{"type":"Feature","geometry":{"type":"Point","coordinates":[14.670537445,58.301983922]},"properties":{"name":"Alvastra","road":"919","bearing":21}},{"type":"Feature","geometry":{"type":"Point","coordinates":[14.782793958,58.392704335]},"properties":{"name":"Valla Skattegård","road":"919","bearing":254}},{"type":"Feature","geometry":{"type":"Point","coordinates":[16.348094756,58.579080789]},"properties":{"name":"Skälsund","road":"209","bearing":278}},{"type":"Feature","geometry":{"type":"Point","coordinates":[16.542083029,58.580313094]},"properties":{"name":"Glädingstad","road":"209","bearing":281}},{"type":"Feature","geometry":{"type":"Point","coordinates":[16.321496369,58.581108564]},"properties":{"name":"Dagsberg","road":"209","bearing":88}},{"type":"Feature","geometry":{"type":"Point","coordinates":[13.311693549,58.504688556]},"properties":{"name":"Källby östra","road":"44","bearing":55}},{"type":"Feature","geometry":{"type":"Point","coordinates":[13.485518869,58.535000226]},"properties":{"name":"Götene Arla","road":"44","bearing":267}},{"type":"Feature","geometry":{"type":"Point","coordinates":[13.401846658,58.509705421]},"properties":{"name":"Skälvum","road":"44","bearing":266}},{"type":"Feature","geometry":{"type":"Point","coordinates":[13.505320192,58.537118577]},"properties":{"name":"Götene Prästgårdsängen","road":"44","bearing":86}},{"type":"Feature","geometry":{"type":"Point","coordinates":[15.430390549,58.517314154]},"properties":{"name":"Ljung","road":"34","bearing":120}},{"type":"Feature","geometry":{"type":"Point","coordinates":[15.390907088,58.532663904]},"properties":{"name":"Säbyholm","road":"34","bearing":297}},{"type":"Feature","geometry":{"type":"Point","coordinates":[15.339110595,58.534400798]},"properties":{"name":"Sörbybro","road":"34","bearing":118}},{"type":"Feature","geometry":{"type":"Point","coordinates":[13.169318692,55.414045423]},"properties":{"name":"Västra Vemmerlöv","road":"108","bearing":28}},{"type":"Feature","geometry":{"type":"Point","coordinates":[13.167146403,55.410462846]},"properties":{"name":"Västra Vemmerlöv","road":"108","bearing":212}},{"type":"Feature","geometry":{"type":"Point","coordinates":[13.151822313,55.387808429]},"properties":{"name":"Trelleborg","road":"108","bearing":8}},{"type":"Feature","geometry":{"type":"Point","coordinates":[13.249226411,55.5090152]},"properties":{"name":"Svedala","road":"108","bearing":16}},{"type":"Feature","geometry":{"type":"Point","coordinates":[13.248868293,55.504597377]},"properties":{"name":"Svedala","road":"108","bearing":212}},{"type":"Feature","geometry":{"type":"Point","coordinates":[13.187605783,55.432840812]},"properties":{"name":"Haglösa","road":"108","bearing":357}},{"type":"Feature","geometry":{"type":"Point","coordinates":[13.187708199,55.429570923]},"properties":{"name":"Haglösa","road":"108","bearing":203}},{"type":"Feature","geometry":{"type":"Point","coordinates":[15.037293564,57.41871952]},"properties":{"name":"Östanå","road":"127","bearing":63}},{"type":"Feature","geometry":{"type":"Point","coordinates":[14.658456473,57.396209032]},"properties":{"name":"Sävsjö väst","road":"127","bearing":280}},{"type":"Feature","geometry":{"type":"Point","coordinates":[14.680392896,57.39546711]},"properties":{"name":"Sävsjö öst","road":"127","bearing":121}},{"type":"Feature","geometry":{"type":"Point","coordinates":[14.825785174,57.394278874]},"properties":{"name":"Åhult 1","road":"127","bearing":274}},{"type":"Feature","geometry":{"type":"Point","coordinates":[14.828330247,57.394390163]},"properties":{"name":"Åhult 2","road":"127","bearing":107}},{"type":"Feature","geometry":{"type":"Point","coordinates":[14.89265273,57.399958944]},"properties":{"name":"Nävelsjö","road":"127","bearing":270}},{"type":"Feature","geometry":{"type":"Point","coordinates":[14.986917358,57.409175545]},"properties":{"name":"Flishult","road":"127","bearing":260}},{"type":"Feature","geometry":{"type":"Point","coordinates":[15.003245999,57.412625614]},"properties":{"name":"Hultaby","road":"127","bearing":94}},{"type":"Feature","geometry":{"type":"Point","coordinates":[13.586986527,57.387856965]},"properties":{"name":"Norlida 2","road":"26","bearing":30}},{"type":"Feature","geometry":{"type":"Point","coordinates":[13.582754797,58.167896532]},"properties":{"name":"Falköpings flygplats","road":"46","bearing":229}},{"type":"Feature","geometry":{"type":"Point","coordinates":[13.584553448,58.169263952]},"properties":{"name":"Falköpings flygplats","road":"46","bearing":38}},{"type":"Feature","geometry":{"type":"Point","coordinates":[13.612449694,58.198540403]},"properties":{"name":"Källegården","road":"46","bearing":235}},{"type":"Feature","geometry":{"type":"Point","coordinates":[13.648573839,58.223999085]},"properties":{"name":"Valtorp Syd","road":"46","bearing":57}},{"type":"Feature","geometry":{"type":"Point","coordinates":[13.656152696,58.227546425]},"properties":{"name":"Valtorp Norr","road":"46","bearing":230}},{"type":"Feature","geometry":{"type":"Point","coordinates":[13.710014788,58.262191163]},"properties":{"name":"Stenstorp Syd","road":"46","bearing":220}},{"type":"Feature","geometry":{"type":"Point","coordinates":[13.730772648,58.268453296]},"properties":{"name":"Stenstorp","road":"46","bearing":77}},{"type":"Feature","geometry":{"type":"Point","coordinates":[12.93819511,56.75002633]},"properties":{"name":"Spånstad","road":"26","bearing":48}},{"type":"Feature","geometry":{"type":"Point","coordinates":[12.949591859,56.769597405]},"properties":{"name":"Österby","road":"26","bearing":208}},{"type":"Feature","geometry":{"type":"Point","coordinates":[12.952164241,56.775849081]},"properties":{"name":"Fjällgime","road":"26","bearing":31}},{"type":"Feature","geometry":{"type":"Point","coordinates":[12.909109714,56.726842567]},"properties":{"name":"Älvasjö","road":"26","bearing":209}},{"type":"Feature","geometry":{"type":"Point","coordinates":[12.908891428,56.726946739]},"properties":{"name":"Älvasjö","road":"26","bearing":27}},{"type":"Feature","geometry":{"type":"Point","coordinates":[12.93414129,56.747299301]},"properties":{"name":"Spånstad","road":"26","bearing":220}},{"type":"Feature","geometry":{"type":"Point","coordinates":[12.509862113,58.299867936]},"properties":{"name":"Vittene","road":"44","bearing":227}},{"type":"Feature","geometry":{"type":"Point","coordinates":[12.564620958,58.317168166]},"properties":{"name":"Skaven","road":"44","bearing":39}},{"type":"Feature","geometry":{"type":"Point","coordinates":[11.976794012,57.505608853]},"properties":{"name":"Guntoftavägen","road":"158","bearing":159}},{"type":"Feature","geometry":{"type":"Point","coordinates":[11.976022543,57.505851007]},"properties":{"name":"Guntoftavägen","road":"158","bearing":342}},{"type":"Feature","geometry":{"type":"Point","coordinates":[11.989281101,57.493692928]},"properties":{"name":"Hamra Golfbana","road":"158","bearing":151}},{"type":"Feature","geometry":{"type":"Point","coordinates":[12.015773692,57.48488552]},"properties":{"name":"Hönsaryd","road":"158","bearing":65}},{"type":"Feature","geometry":{"type":"Point","coordinates":[11.988227143,57.494126141]},"properties":{"name":"Hamra Golfbana","road":"158","bearing":332}},{"type":"Feature","geometry":{"type":"Point","coordinates":[12.028764904,57.486846195]},"properties":{"name":"Ysby gata","road":"158","bearing":281}},{"type":"Feature","geometry":{"type":"Point","coordinates":[12.776836273,56.205235701]},"properties":{"name":"Tånga V","road":"112","bearing":295}},{"type":"Feature","geometry":{"type":"Point","coordinates":[12.707273309,56.209339674]},"properties":{"name":"Farhult","road":"112","bearing":298}},{"type":"Feature","geometry":{"type":"Point","coordinates":[12.679502402,56.215238597]},"properties":{"name":"Jonstorp Ö","road":"112","bearing":105}},{"type":"Feature","geometry":{"type":"Point","coordinates":[12.678245248,56.215223985]},"properties":{"name":"Jonstorp V","road":"112","bearing":275}},{"type":"Feature","geometry":{"type":"Point","coordinates":[12.635575409,56.208564477]},"properties":{"name":"Ornakärr Ö","road":"112","bearing":78}},{"type":"Feature","geometry":{"type":"Point","coordinates":[12.631832322,56.207809779]},"properties":{"name":"Ornakärr V","road":"112","bearing":264}},{"type":"Feature","geometry":{"type":"Point","coordinates":[13.271490658,55.536149037]},"properties":{"name":"Bökeberg","road":"108","bearing":212}},{"type":"Feature","geometry":{"type":"Point","coordinates":[13.27141588,55.536408608]},"properties":{"name":"Bökeberg","road":"108","bearing":25}},{"type":"Feature","geometry":{"type":"Point","coordinates":[13.246206267,55.627412923]},"properties":{"name":"Pepparkärr","road":"108","bearing":142}},{"type":"Feature","geometry":{"type":"Point","coordinates":[13.246540593,55.627040248]},"properties":{"name":"Torreberga","road":"108","bearing":316}},{"type":"Feature","geometry":{"type":"Point","coordinates":[11.726723502,58.063665578]},"properties":{"name":"Väg Kihls By","road":"160","bearing":73}},{"type":"Feature","geometry":{"type":"Point","coordinates":[12.395791913,57.136537269]},"properties":{"name":"Harabäckens golfbana","road":"153","bearing":236}},{"type":"Feature","geometry":{"type":"Point","coordinates":[12.346145584,57.13528045]},"properties":{"name":"Hunnestadsvägen","road":"153","bearing":284}},{"type":"Feature","geometry":{"type":"Point","coordinates":[12.344663251,57.135437793]},"properties":{"name":"Hunnestadsvägen","road":"153","bearing":105}},{"type":"Feature","geometry":{"type":"Point","coordinates":[13.834637642,55.584558939]},"properties":{"name":"Röddinge","road":"11","bearing":140}},{"type":"Feature","geometry":{"type":"Point","coordinates":[13.952244552,55.547698945]},"properties":{"name":"Tomelilla","road":"11","bearing":268}},{"type":"Feature","geometry":{"type":"Point","coordinates":[13.773183916,55.613263657]},"properties":{"name":"Anklam","road":"11","bearing":303}},{"type":"Feature","geometry":{"type":"Point","coordinates":[14.114232455,55.558286326]},"properties":{"name":"Smedstorp","road":"11","bearing":98}},{"type":"Feature","geometry":{"type":"Point","coordinates":[13.831574708,55.586192239]},"properties":{"name":"Röddinge","road":"11","bearing":316}},{"type":"Feature","geometry":{"type":"Point","coordinates":[13.961841494,55.548014262]},"properties":{"name":"Tomelilla","road":"11","bearing":103}},{"type":"Feature","geometry":{"type":"Point","coordinates":[14.045245358,55.543453563]},"properties":{"name":"Lunnarp","road":"11","bearing":80}},{"type":"Feature","geometry":{"type":"Point","coordinates":[14.111660796,55.557728555]},"properties":{"name":"Smedstorp","road":"11","bearing":261}},{"type":"Feature","geometry":{"type":"Point","coordinates":[14.041839911,55.543373066]},"properties":{"name":"Lunnarp","road":"11","bearing":292}},{"type":"Feature","geometry":{"type":"Point","coordinates":[13.718689653,56.051367994]},"properties":{"name":"Norra Mellby","road":"23","bearing":225}},{"type":"Feature","geometry":{"type":"Point","coordinates":[13.742222625,56.071288714]},"properties":{"name":"Sandåkra","road":"23","bearing":29}},{"type":"Feature","geometry":{"type":"Point","coordinates":[13.036471316,56.232089046]},"properties":{"name":"Össjö norr","road":"13","bearing":347}},{"type":"Feature","geometry":{"type":"Point","coordinates":[13.03864909,56.210627581]},"properties":{"name":"Källna norr","road":"13","bearing":342}},{"type":"Feature","geometry":{"type":"Point","coordinates":[13.036040117,56.223805518]},"properties":{"name":"Össjö söder","road":"13","bearing":190}},{"type":"Feature","geometry":{"type":"Point","coordinates":[13.102939843,56.151852049]},"properties":{"name":"Gråmanstorp norr","road":"13","bearing":327}},{"type":"Feature","geometry":{"type":"Point","coordinates":[13.041395025,56.207058476]},"properties":{"name":"Källna söder","road":"13","bearing":161}},{"type":"Feature","geometry":{"type":"Point","coordinates":[13.105552061,56.150463262]},"properties":{"name":"Gråmanstorp söder","road":"13","bearing":148}},{"type":"Feature","geometry":{"type":"Point","coordinates":[11.696402335,58.282820252]},"properties":{"name":"Gåre Torg","road":"160","bearing":46}},{"type":"Feature","geometry":{"type":"Point","coordinates":[13.988944124,58.828308245]},"properties":{"name":"Sjötorp s infart","road":"26","bearing":199}},{"type":"Feature","geometry":{"type":"Point","coordinates":[12.530658427,57.549992999]},"properties":{"name":"Hyssna handel","road":"156","bearing":332}},{"type":"Feature","geometry":{"type":"Point","coordinates":[12.53442509,57.545456699]},"properties":{"name":"Nybygget","road":"156","bearing":183}},{"type":"Feature","geometry":{"type":"Point","coordinates":[11.729372098,57.898156592]},"properties":{"name":"Tjuvkil västgående","road":"168","bearing":123}},{"type":"Feature","geometry":{"type":"Point","coordinates":[11.709094547,58.027265825]},"properties":{"name":"Svanvik nordgående","road":"169","bearing":249}},{"type":"Feature","geometry":{"type":"Point","coordinates":[11.743494711,58.043584402]},"properties":{"name":"Häggvall nordgående","road":"169","bearing":208}},{"type":"Feature","geometry":{"type":"Point","coordinates":[11.7157823,58.029533032]},"properties":{"name":"Svanvik sydgående","road":"169","bearing":86}},{"type":"Feature","geometry":{"type":"Point","coordinates":[11.74471784,58.045044859]},"properties":{"name":"Häggvall sydgående","road":"169","bearing":49}},{"type":"Feature","geometry":{"type":"Point","coordinates":[17.250843087,62.017620843]},"properties":{"name":"Öst i änget","road":"E4","bearing":13}},{"type":"Feature","geometry":{"type":"Point","coordinates":[17.185324528,61.908234463]},"properties":{"name":"Vattrång Södra","road":"E4","bearing":193}},{"type":"Feature","geometry":{"type":"Point","coordinates":[17.188729373,61.91137737]},"properties":{"name":"Vattrång Norra","road":"E4","bearing":50}},{"type":"Feature","geometry":{"type":"Point","coordinates":[18.669900248,59.783981736]},"properties":{"name":"Norra Nånö","road":"76","bearing":167}},{"type":"Feature","geometry":{"type":"Point","coordinates":[18.660021064,59.794540369]},"properties":{"name":"Haggård","road":"76","bearing":336}},{"type":"Feature","geometry":{"type":"Point","coordinates":[18.649507821,59.810284159]},"properties":{"name":"Flemmingsberg","road":"76","bearing":172}},{"type":"Feature","geometry":{"type":"Point","coordinates":[18.472427972,59.737239351]},"properties":{"name":"Björkboda","road":"77","bearing":95}},{"type":"Feature","geometry":{"type":"Point","coordinates":[18.477588114,59.736869038]},"properties":{"name":"Karlshäll","road":"77","bearing":272}},{"type":"Feature","geometry":{"type":"Point","coordinates":[17.721851814,59.349738797]},"properties":{"name":"Svartsjö-Djurgård","road":"800","bearing":181}},{"type":"Feature","geometry":{"type":"Point","coordinates":[20.81849364,67.693229187]},"properties":{"name":"Mertainen, norrgående","road":"E10","bearing":108}},{"type":"Feature","geometry":{"type":"Point","coordinates":[20.804100578,67.695103476]},"properties":{"name":"Mertainen, södergående","road":"E10","bearing":284}},{"type":"Feature","geometry":{"type":"Point","coordinates":[18.204108044,59.218201574]},"properties":{"name":"Kumla","road":"260","bearing":160}},{"type":"Feature","geometry":{"type":"Point","coordinates":[18.169671711,59.182972625]},"properties":{"name":"Vendelsömalm","road":"260","bearing":23}},{"type":"Feature","geometry":{"type":"Point","coordinates":[18.18624408,59.139609135]},"properties":{"name":"Alby","road":"227","bearing":160}},{"type":"Feature","geometry":{"type":"Point","coordinates":[18.449597506,59.859317674]},"properties":{"name":"Sättralund","road":"280","bearing":18}},{"type":"Feature","geometry":{"type":"Point","coordinates":[18.374820547,59.708896047]},"properties":{"name":"Risby","road":"280","bearing":0}},{"type":"Feature","geometry":{"type":"Point","coordinates":[18.359000385,59.67601326]},"properties":{"name":"Solgården","road":"280","bearing":35}},{"type":"Feature","geometry":{"type":"Point","coordinates":[18.340816838,59.658126032]},"properties":{"name":"Kristinelund","road":"280","bearing":186}},{"type":"Feature","geometry":{"type":"Point","coordinates":[18.058605811,59.536056519]},"properties":{"name":"Björkby","road":"268","bearing":314}},{"type":"Feature","geometry":{"type":"Point","coordinates":[18.058775288,59.536169374]},"properties":{"name":"Åbyholm","road":"268","bearing":135}},{"type":"Feature","geometry":{"type":"Point","coordinates":[15.037526603,57.418674537]},"properties":{"name":"Östanå östgående","road":"127","bearing":241}},{"type":"Feature","geometry":{"type":"Point","coordinates":[13.642952338,56.205705605]},"properties":{"name":"Bosabygget","road":"24","bearing":284}},{"type":"Feature","geometry":{"type":"Point","coordinates":[13.623811981,56.206725129]},"properties":{"name":"Vedema","road":"24","bearing":77}},{"type":"Feature","geometry":{"type":"Point","coordinates":[13.55991358,56.220680235]},"properties":{"name":"Källstorp","road":"24","bearing":303}},{"type":"Feature","geometry":{"type":"Point","coordinates":[13.359091664,56.260539119]},"properties":{"name":"Bälinge södra","road":"24","bearing":323}},{"type":"Feature","geometry":{"type":"Point","coordinates":[13.358816187,56.260939835]},"properties":{"name":"Bälinge norra","road":"24","bearing":146}},{"type":"Feature","geometry":{"type":"Point","coordinates":[13.713433813,56.236533311]},"properties":{"name":"Mala norra","road":"117","bearing":4}},{"type":"Feature","geometry":{"type":"Point","coordinates":[13.713684773,56.236266356]},"properties":{"name":"Mala","road":"117","bearing":182}},{"type":"Feature","geometry":{"type":"Point","coordinates":[13.657675007,56.362797574]},"properties":{"name":"Havraljunga Södra","road":"117","bearing":23}},{"type":"Feature","geometry":{"type":"Point","coordinates":[13.660920881,56.366714356]},"properties":{"name":"Havraljunga","road":"117","bearing":207}},{"type":"Feature","geometry":{"type":"Point","coordinates":[13.798522001,55.464691838]},"properties":{"name":"Bromma","road":"13","bearing":180}},{"type":"Feature","geometry":{"type":"Point","coordinates":[13.702243178,55.61043073]},"properties":{"name":"Spjälla söder","road":"13","bearing":0}},{"type":"Feature","geometry":{"type":"Point","coordinates":[13.704663345,55.615515627]},"properties":{"name":"Spjälla","road":"13","bearing":202}},{"type":"Feature","geometry":{"type":"Point","coordinates":[13.717463215,55.696149125]},"properties":{"name":"Araskoga","road":"13","bearing":188}},{"type":"Feature","geometry":{"type":"Point","coordinates":[13.703693031,55.7362627]},"properties":{"name":"Rönås","road":"13","bearing":345}},{"type":"Feature","geometry":{"type":"Point","coordinates":[13.674668276,55.778241985]},"properties":{"name":"Västerstad","road":"13","bearing":18}},{"type":"Feature","geometry":{"type":"Point","coordinates":[13.677120884,55.783031061]},"properties":{"name":"Västerstad norra","road":"13","bearing":196}},{"type":"Feature","geometry":{"type":"Point","coordinates":[12.951921408,55.420825863]},"properties":{"name":"Höllviken östra","road":"100","bearing":21}},{"type":"Feature","geometry":{"type":"Point","coordinates":[12.890922778,55.405156679]},"properties":{"name":"Skanör-Hölls naturreservat","road":"100","bearing":93}},{"type":"Feature","geometry":{"type":"Point","coordinates":[13.175611113,55.873291449]},"properties":{"name":"Sibbarp","road":"17","bearing":123}},{"type":"Feature","geometry":{"type":"Point","coordinates":[13.180128227,55.871381231]},"properties":{"name":"Sibbarp östra","road":"17","bearing":312}},{"type":"Feature","geometry":{"type":"Point","coordinates":[13.249462759,55.860434684]},"properties":{"name":"Gullarp västra","road":"17","bearing":287}},{"type":"Feature","geometry":{"type":"Point","coordinates":[13.25726723,55.859215435]},"properties":{"name":"Gullarp","road":"17","bearing":119}},{"type":"Feature","geometry":{"type":"Point","coordinates":[13.317937876,56.287753446]},"properties":{"name":"Örkelljunga","road":"24","bearing":95}},{"type":"Feature","geometry":{"type":"Point","coordinates":[13.276788009,56.309257321]},"properties":{"name":"Lemmeshult","road":"24","bearing":348}},{"type":"Feature","geometry":{"type":"Point","coordinates":[13.275553536,56.339873532]},"properties":{"name":"Björkhagen","road":"24","bearing":149}},{"type":"Feature","geometry":{"type":"Point","coordinates":[13.897048134,55.436314802]},"properties":{"name":"Soldattorpet","road":"9","bearing":270}},{"type":"Feature","geometry":{"type":"Point","coordinates":[13.876049637,55.434389344]},"properties":{"name":"Ystad Sandskogen","road":"9","bearing":76}},{"type":"Feature","geometry":{"type":"Point","coordinates":[13.305975877,55.866051466]},"properties":{"name":"Stabbarp södra","road":"113","bearing":27}},{"type":"Feature","geometry":{"type":"Point","coordinates":[13.308417737,55.868700152]},"properties":{"name":"Stabbarp","road":"113","bearing":207}},{"type":"Feature","geometry":{"type":"Point","coordinates":[13.343441117,55.906461561]},"properties":{"name":"Lavröd","road":"113","bearing":237}},{"type":"Feature","geometry":{"type":"Point","coordinates":[13.345497382,55.907387855]},"properties":{"name":"Lavröd Norra","road":"113","bearing":66}},{"type":"Feature","geometry":{"type":"Point","coordinates":[12.123194223,57.373060178]},"properties":{"name":"Flamsnäs norrgående","road":"939","bearing":217}},{"type":"Feature","geometry":{"type":"Point","coordinates":[12.12590978,57.374713055]},"properties":{"name":"Flamsnäs södergående","road":"939","bearing":56}},{"type":"Feature","geometry":{"type":"Point","coordinates":[12.156405307,57.42842348]},"properties":{"name":"Trafikplats Fjärås","road":"939","bearing":189}},{"type":"Feature","geometry":{"type":"Point","coordinates":[12.144140273,57.443838226]},"properties":{"name":"Torkelstorp norrgående","road":"939","bearing":154}},{"type":"Feature","geometry":{"type":"Point","coordinates":[12.143073464,57.444479115]},"properties":{"name":"Torkelstorp södergående ","road":"939","bearing":330}},{"type":"Feature","geometry":{"type":"Point","coordinates":[12.130318756,57.455998895]},"properties":{"name":"Gressela","road":"939","bearing":305}},{"type":"Feature","geometry":{"type":"Point","coordinates":[12.119772992,57.459694837]},"properties":{"name":"Stegatorp ","road":"939","bearing":124}},{"type":"Feature","geometry":{"type":"Point","coordinates":[13.892892054,58.193546277]},"properties":{"name":"Acklinga norrgående  ","road":"26","bearing":161}},{"type":"Feature","geometry":{"type":"Point","coordinates":[13.854854451,58.217885839]},"properties":{"name":"Kavlåsbruket Furubacken","road":"26","bearing":317}},{"type":"Feature","geometry":{"type":"Point","coordinates":[13.088573437,58.245917144]},"properties":{"name":"Tråvad kyrka västergående ","road":"47","bearing":128}},{"type":"Feature","geometry":{"type":"Point","coordinates":[13.088444483,58.245780455]},"properties":{"name":"Tråvad kyrka östergående","road":"47","bearing":323}},{"type":"Feature","geometry":{"type":"Point","coordinates":[13.173705272,58.224262925]},"properties":{"name":"Knutskvarnen östergående","road":"47","bearing":266}},{"type":"Feature","geometry":{"type":"Point","coordinates":[13.173697892,58.22440656]},"properties":{"name":"Knutskvarnen västergående","road":"47","bearing":94}},{"type":"Feature","geometry":{"type":"Point","coordinates":[13.765173828,58.393323913]},"properties":{"name":"Stenberget","road":"49","bearing":80}},{"type":"Feature","geometry":{"type":"Point","coordinates":[11.652673559,57.983051593]},"properties":{"name":"Fagerfjäll norrgående","road":"169","bearing":206}},{"type":"Feature","geometry":{"type":"Point","coordinates":[11.656127166,57.987753766]},"properties":{"name":"Fagerfjäll södergående","road":"169","bearing":23}},{"type":"Feature","geometry":{"type":"Point","coordinates":[12.215802524,58.92517854]},"properties":{"name":"Steneby Munkedalen, södergående ","road":"172","bearing":349}},{"type":"Feature","geometry":{"type":"Point","coordinates":[14.078433502,58.705805527]},"properties":{"name":"Hulteboda västergående  ","road":"202","bearing":93}},{"type":"Feature","geometry":{"type":"Point","coordinates":[14.079627756,58.705679339]},"properties":{"name":"Hulteboda östergående","road":"202","bearing":270}},{"type":"Feature","geometry":{"type":"Point","coordinates":[13.018472756,59.577904512]},"properties":{"name":"Björkenäs södergående ","road":"61","bearing":342}},{"type":"Feature","geometry":{"type":"Point","coordinates":[13.009671715,59.591990283]},"properties":{"name":"Nedre Slätten norrgående ","road":"61","bearing":165}},{"type":"Feature","geometry":{"type":"Point","coordinates":[12.985490668,59.613286415]},"properties":{"name":"Brunsberg norrgående ","road":"61","bearing":152}},{"type":"Feature","geometry":{"type":"Point","coordinates":[12.992587537,59.606353064]},"properties":{"name":"Brunsberg södergående ","road":"61","bearing":340}},{"type":"Feature","geometry":{"type":"Point","coordinates":[15.00324472,60.908134273]},"properties":{"name":"Vikarbyn södergående ","road":"70","bearing":250}},{"type":"Feature","geometry":{"type":"Point","coordinates":[14.962908797,60.906540091]},"properties":{"name":"Ickholmen norrgående","road":"70","bearing":80}},{"type":"Feature","geometry":{"type":"Point","coordinates":[14.954007092,60.904876408]},"properties":{"name":"Ickholmen södergående ","road":"70","bearing":260}},{"type":"Feature","geometry":{"type":"Point","coordinates":[14.832714641,60.921784747]},"properties":{"name":"Garsås norrgående  ","road":"70","bearing":95}},{"type":"Feature","geometry":{"type":"Point","coordinates":[14.820477978,60.923277302]},"properties":{"name":"Garsås södergående ","road":"70","bearing":300}},{"type":"Feature","geometry":{"type":"Point","coordinates":[14.710150837,60.962857791]},"properties":{"name":"Fu norrgående","road":"70","bearing":130}},{"type":"Feature","geometry":{"type":"Point","coordinates":[15.735230333,60.591991431]},"properties":{"name":"Hosjö östgående ","road":"E16","bearing":260}},{"type":"Feature","geometry":{"type":"Point","coordinates":[16.355134134,61.543192202]},"properties":{"name":"Orbaden södergående ","road":"83","bearing":342}},{"type":"Feature","geometry":{"type":"Point","coordinates":[16.321588679,61.572844698]},"properties":{"name":"Simeå norrgående","road":"83","bearing":140}},{"type":"Feature","geometry":{"type":"Point","coordinates":[16.146390798,61.670537132]},"properties":{"name":"Nybo norrgående ","road":"83","bearing":167}},{"type":"Feature","geometry":{"type":"Point","coordinates":[16.130868572,61.788438285]},"properties":{"name":"Söromberget norrgående","road":"83","bearing":163}},{"type":"Feature","geometry":{"type":"Point","coordinates":[16.075264557,61.816518353]},"properties":{"name":"Storhaga södergående  ","road":"83","bearing":302}},{"type":"Feature","geometry":{"type":"Point","coordinates":[17.264333001,62.041755194]},"properties":{"name":"Gnarp södra ","road":"E4","bearing":190}},{"type":"Feature","geometry":{"type":"Point","coordinates":[17.266556942,62.058521137]},"properties":{"name":"Gnarp norra ","road":"E4","bearing":350}},{"type":"Feature","geometry":{"type":"Point","coordinates":[17.869213817,62.802775986]},"properties":{"name":"Hälledal norrgående","road":"90","bearing":130}},{"type":"Feature","geometry":{"type":"Point","coordinates":[17.85471655,62.87712757]},"properties":{"name":"Lunde södergående ","road":"90","bearing":340}},{"type":"Feature","geometry":{"type":"Point","coordinates":[17.854317732,62.69759358]},"properties":{"name":"Östersjäland norrgående","road":"E4","bearing":202}},{"type":"Feature","geometry":{"type":"Point","coordinates":[13.89137681,63.303891893]},"properties":{"name":"Mattmars kyrka östgående ","road":"E14","bearing":276}},{"type":"Feature","geometry":{"type":"Point","coordinates":[21.06643582,67.635786761]},"properties":{"name":"Svappavaara, södergående ","road":"E10","bearing":330}},{"type":"Feature","geometry":{"type":"Point","coordinates":[20.955105852,67.6696026]},"properties":{"name":"Pitkäjärvi, norrgående","road":"E10","bearing":113}},{"type":"Feature","geometry":{"type":"Point","coordinates":[20.95162625,67.670072415]},"properties":{"name":"Pitkäjärvi, södergående","road":"E10","bearing":295}},{"type":"Feature","geometry":{"type":"Point","coordinates":[23.405482685,67.201216739]},"properties":{"name":"Pajala, norrgående ","road":"99","bearing":116}},{"type":"Feature","geometry":{"type":"Point","coordinates":[23.36163537,67.210902184]},"properties":{"name":"Pajala, södergående ","road":"99","bearing":304}},{"type":"Feature","geometry":{"type":"Point","coordinates":[15.739950115,60.59241434]},"properties":{"name":"Hosjö västgående","road":"E16","bearing":85}},{"type":"Feature","geometry":{"type":"Point","coordinates":[14.261515145,58.288564014]},"properties":{"name":"Ringaberget norrgående ","road":"195","bearing":181}},{"type":"Feature","geometry":{"type":"Point","coordinates":[14.261237233,58.288804922]},"properties":{"name":"Ringaberget södergående","road":"195","bearing":0}},{"type":"Feature","geometry":{"type":"Point","coordinates":[16.122634516,60.550338517]},"properties":{"name":"Ängelsfors östgående","road":"E16","bearing":300}},{"type":"Feature","geometry":{"type":"Point","coordinates":[16.132880258,60.547683911]},"properties":{"name":"Ängelsfors västgående","road":"E16","bearing":110}},{"type":"Feature","geometry":{"type":"Point","coordinates":[16.179573458,60.541173699]},"properties":{"name":"Edske masugn östgående ","road":"E16","bearing":280}},{"type":"Feature","geometry":{"type":"Point","coordinates":[13.446212759,56.252515967]},"properties":{"name":"Lillesjö","road":"24","bearing":111}},{"type":"Feature","geometry":{"type":"Point","coordinates":[23.340201019,67.379131347]},"properties":{"name":"Kaunisvaara, norrgående","road":"99","bearing":200}},{"type":"Feature","geometry":{"type":"Point","coordinates":[23.344607574,67.385454056]},"properties":{"name":"Kaunisvaara, södergående","road":"99","bearing":5}},{"type":"Feature","geometry":{"type":"Point","coordinates":[17.717914485,59.728764315]},"properties":{"name":"Roseniund","road":"255","bearing":126}},{"type":"Feature","geometry":{"type":"Point","coordinates":[17.691537301,59.733970702]},"properties":{"name":"Tuna","road":"255","bearing":269}},{"type":"Feature","geometry":{"type":"Point","coordinates":[17.667533296,59.740021927]},"properties":{"name":"Smedstorp","road":"255","bearing":129}},{"type":"Feature","geometry":{"type":"Point","coordinates":[17.651082599,59.752987064]},"properties":{"name":"Dragontorpet","road":"255","bearing":350}},{"type":"Feature","geometry":{"type":"Point","coordinates":[17.646473968,59.764948281]},"properties":{"name":"Fredrikslund","road":"255","bearing":184}},{"type":"Feature","geometry":{"type":"Point","coordinates":[17.31885855,59.661524406]},"properties":{"name":"Sävsta","road":"263","bearing":270}},{"type":"Feature","geometry":{"type":"Point","coordinates":[17.366562258,59.653170954]},"properties":{"name":"Ekolsund","road":"263","bearing":95}},{"type":"Feature","geometry":{"type":"Point","coordinates":[17.395139704,59.653658164]},"properties":{"name":"Svannäs","road":"263","bearing":253}},{"type":"Feature","geometry":{"type":"Point","coordinates":[17.421140788,59.649910531]},"properties":{"name":"Lugnet","road":"263","bearing":137}},{"type":"Feature","geometry":{"type":"Point","coordinates":[17.571689448,59.641536232]},"properties":{"name":"Värsta","road":"263","bearing":145}},{"type":"Feature","geometry":{"type":"Point","coordinates":[16.472026346,59.67286311]},"properties":{"name":"Kvarngården","road":"681","bearing":332}},{"type":"Feature","geometry":{"type":"Point","coordinates":[16.46124742,59.68344662]},"properties":{"name":"Södra Nackby","road":"681","bearing":153}},{"type":"Feature","geometry":{"type":"Point","coordinates":[16.975756205,59.279139748]},"properties":{"name":"Merlänna","road":"55","bearing":189}},{"type":"Feature","geometry":{"type":"Point","coordinates":[16.997558054,59.313004733]},"properties":{"name":"Vinterled","road":"55","bearing":34}},{"type":"Feature","geometry":{"type":"Point","coordinates":[17.548048672,59.897807185]},"properties":{"name":"Broby","road":"272","bearing":145}},{"type":"Feature","geometry":{"type":"Point","coordinates":[17.517180188,59.915936798]},"properties":{"name":"Stora Nyåker","road":"272","bearing":294}},{"type":"Feature","geometry":{"type":"Point","coordinates":[17.50106117,59.922370524]},"properties":{"name":"Akerby","road":"272","bearing":145}},{"type":"Feature","geometry":{"type":"Point","coordinates":[17.470285012,59.93444083]},"properties":{"name":"Kroksta","road":"272","bearing":286}},{"type":"Feature","geometry":{"type":"Point","coordinates":[17.44010728,59.941309161]},"properties":{"name":"Kättslinge","road":"272","bearing":117}},{"type":"Feature","geometry":{"type":"Point","coordinates":[15.225187584,60.151375166]},"properties":{"name":"Ludvika norrgående","road":"66","bearing":46}},{"type":"Feature","geometry":{"type":"Point","coordinates":[18.705251017,59.912976123]},"properties":{"name":"Strödja","road":"283","bearing":181}},{"type":"Feature","geometry":{"type":"Point","coordinates":[18.716700359,59.934343405]},"properties":{"name":"Broby","road":"283","bearing":42}},{"type":"Feature","geometry":{"type":"Point","coordinates":[18.677160655,59.857144212]},"properties":{"name":"Alby","road":"76","bearing":52}},{"type":"Feature","geometry":{"type":"Point","coordinates":[18.695303925,59.868941318]},"properties":{"name":"Galltorp","road":"76","bearing":185}},{"type":"Feature","geometry":{"type":"Point","coordinates":[18.455683178,59.275956171]},"properties":{"name":"Rosenlund","road":"646","bearing":124}},{"type":"Feature","geometry":{"type":"Point","coordinates":[18.474799658,59.269676471]},"properties":{"name":"Återvall","road":"646","bearing":286}},{"type":"Feature","geometry":{"type":"Point","coordinates":[18.52835562,59.371052493]},"properties":{"name":"Siggesta","road":"274","bearing":194}},{"type":"Feature","geometry":{"type":"Point","coordinates":[18.512020206,59.387807473]},"properties":{"name":"Löknäs","road":"274","bearing":115}},{"type":"Feature","geometry":{"type":"Point","coordinates":[15.601219635,61.346830677]},"properties":{"name":"Homna östgående","road":"301","bearing":265}},{"type":"Feature","geometry":{"type":"Point","coordinates":[15.61813821,61.346862535]},"properties":{"name":"Homna västgående","road":"301","bearing":100}},{"type":"Feature","geometry":{"type":"Point","coordinates":[16.937214687,60.484219554]},"properties":{"name":"Stav norrgående","road":"56","bearing":170}},{"type":"Feature","geometry":{"type":"Point","coordinates":[16.337092392,62.479741625]},"properties":{"name":"Torpshammar västgående","road":"E14","bearing":119}},{"type":"Feature","geometry":{"type":"Point","coordinates":[16.332642498,62.48088839]},"properties":{"name":"Torpshammar östgående","road":"E14","bearing":307}},{"type":"Feature","geometry":{"type":"Point","coordinates":[16.180952561,62.500764632]},"properties":{"name":"Fränsta västgående","road":"E14","bearing":100}},{"type":"Feature","geometry":{"type":"Point","coordinates":[16.175114432,62.500903643]},"properties":{"name":"Fränsta östgående","road":"E14","bearing":279}},{"type":"Feature","geometry":{"type":"Point","coordinates":[15.91788403,62.537507304]},"properties":{"name":"Borgsjö östgående","road":"E14","bearing":279}},{"type":"Feature","geometry":{"type":"Point","coordinates":[15.835824409,62.554242355]},"properties":{"name":"Näset västgående","road":"E14","bearing":81}},{"type":"Feature","geometry":{"type":"Point","coordinates":[15.828016485,62.553902811]},"properties":{"name":"Näset östgående","road":"E14","bearing":276}},{"type":"Feature","geometry":{"type":"Point","coordinates":[15.745715883,62.574113642]},"properties":{"name":"Granboda västgående","road":"E14","bearing":140}},{"type":"Feature","geometry":{"type":"Point","coordinates":[14.341380029,62.046247019]},"properties":{"name":"Övermon södergående","road":"84","bearing":283}},{"type":"Feature","geometry":{"type":"Point","coordinates":[14.370541299,62.64119778]},"properties":{"name":"Åsarna norrgående","road":"E45","bearing":195}},{"type":"Feature","geometry":{"type":"Point","coordinates":[14.373342296,62.650796752]},"properties":{"name":"Åsarna södergående","road":"E45","bearing":6}},{"type":"Feature","geometry":{"type":"Point","coordinates":[14.583673828,63.171594766]},"properties":{"name":"Mjälle västgående","road":"609","bearing":100}},{"type":"Feature","geometry":{"type":"Point","coordinates":[14.568157177,63.172033109]},"properties":{"name":"Valla östgående","road":"609","bearing":275}},{"type":"Feature","geometry":{"type":"Point","coordinates":[14.549695642,63.172801514]},"properties":{"name":"Valla norra västgående","road":"609","bearing":98}},{"type":"Feature","geometry":{"type":"Point","coordinates":[14.53530083,63.176282427]},"properties":{"name":"Skärpbacken östgående","road":"609","bearing":347}},{"type":"Feature","geometry":{"type":"Point","coordinates":[13.289596727,63.313946657]},"properties":{"name":"Undersåker västgående","road":"E14","bearing":100}},{"type":"Feature","geometry":{"type":"Point","coordinates":[13.265872699,63.315751748]},"properties":{"name":"Undersåker östgående","road":"E14","bearing":287}},{"type":"Feature","geometry":{"type":"Point","coordinates":[20.700307266,64.806628406]},"properties":{"name":"Varuträsk östgående","road":"95","bearing":280}},{"type":"Feature","geometry":{"type":"Point","coordinates":[20.653056193,64.807908663]},"properties":{"name":"Åliden västgående","road":"95","bearing":100}},{"type":"Feature","geometry":{"type":"Point","coordinates":[20.649863267,64.808192529]},"properties":{"name":"Åliden östgående","road":"95","bearing":295}},{"type":"Feature","geometry":{"type":"Point","coordinates":[15.735228966,61.366425956]},"properties":{"name":"Älmfors västgående","road":"301","bearing":55}},{"type":"Feature","geometry":{"type":"Point","coordinates":[15.890862524,61.363780754]},"properties":{"name":"Ovanåker östgående","road":"301","bearing":294}},{"type":"Feature","geometry":{"type":"Point","coordinates":[15.898249377,61.363076769]},"properties":{"name":"Ovanåker västgående","road":"301","bearing":90}},{"type":"Feature","geometry":{"type":"Point","coordinates":[15.944412001,61.355644398]},"properties":{"name":"Fiskra östgående","road":"301","bearing":310}},{"type":"Feature","geometry":{"type":"Point","coordinates":[16.030191008,61.339201887]},"properties":{"name":"Alfta östgående","road":"301","bearing":320}},{"type":"Feature","geometry":{"type":"Point","coordinates":[16.035056765,61.337692487]},"properties":{"name":"Alfta västgående","road":"50","bearing":115}},{"type":"Feature","geometry":{"type":"Point","coordinates":[21.28571046,64.345004728]},"properties":{"name":"Munkviken norrgående","road":"E4","bearing":210}},{"type":"Feature","geometry":{"type":"Point","coordinates":[21.283719443,65.423579201]},"properties":{"name":"Pålberget norrgående","road":"374","bearing":145}},{"type":"Feature","geometry":{"type":"Point","coordinates":[21.273193598,65.435961904]},"properties":{"name":"Stormyrberget södergående","road":"374","bearing":341}},{"type":"Feature","geometry":{"type":"Point","coordinates":[21.273148557,65.436765462]},"properties":{"name":"Stormyrberget norrgående","road":"374","bearing":170}},{"type":"Feature","geometry":{"type":"Point","coordinates":[21.264510538,65.441988728]},"properties":{"name":"Pålberget södergående","road":"374","bearing":312}},{"type":"Feature","geometry":{"type":"Point","coordinates":[21.522354358,65.273683365]},"properties":{"name":"Skuthamn norrgående","road":"506","bearing":140}},{"type":"Feature","geometry":{"type":"Point","coordinates":[21.518799122,65.275225551]},"properties":{"name":"Skuthamn södergående","road":"506","bearing":315}},{"type":"Feature","geometry":{"type":"Point","coordinates":[21.509961519,65.296198106]},"properties":{"name":"Pitholmen norrgående","road":"506","bearing":185}},{"type":"Feature","geometry":{"type":"Point","coordinates":[21.510238739,65.299402787]},"properties":{"name":"Pitholmen södergående","road":"506","bearing":355}},{"type":"Feature","geometry":{"type":"Point","coordinates":[15.658332774,60.003494085]},"properties":{"name":"Läsarbo norrgående","road":"66","bearing":146}},{"type":"Feature","geometry":{"type":"Point","coordinates":[15.620941419,60.021364768]},"properties":{"name":"Tunkarlsbo södergående","road":"66","bearing":318}},{"type":"Feature","geometry":{"type":"Point","coordinates":[15.560789667,60.052208668]},"properties":{"name":"Tolvsbo norrgående","road":"66","bearing":155}},{"type":"Feature","geometry":{"type":"Point","coordinates":[15.558987931,60.05397626]},"properties":{"name":"Tolvsbo södergående","road":"66","bearing":345}},{"type":"Feature","geometry":{"type":"Point","coordinates":[15.231031567,60.234708512]},"properties":{"name":"Nedre Malsjö södergående","road":"50","bearing":8}},{"type":"Feature","geometry":{"type":"Point","coordinates":[15.087028841,59.096565792]},"properties":{"name":"Byrsta","road":"529","bearing":355}},{"type":"Feature","geometry":{"type":"Point","coordinates":[16.017789475,60.295732132]},"properties":{"name":"Hamre östgående","road":"270","bearing":245}},{"type":"Feature","geometry":{"type":"Point","coordinates":[16.044902579,60.318778873]},"properties":{"name":"Rudsjö västgående","road":"270","bearing":8}},{"type":"Feature","geometry":{"type":"Point","coordinates":[14.238406081,60.505179298]},"properties":{"name":"Vansbro södra södergående","road":"26","bearing":357}},{"type":"Feature","geometry":{"type":"Point","coordinates":[15.73504862,60.517288078]},"properties":{"name":"Östantjärna norrgående","road":"69","bearing":173}},{"type":"Feature","geometry":{"type":"Point","coordinates":[15.77704387,60.555785486]},"properties":{"name":"Staberg norrgående","road":"69","bearing":185}},{"type":"Feature","geometry":{"type":"Point","coordinates":[15.776316445,60.567282737]},"properties":{"name":"Karlslund södergående","road":"69","bearing":345}},{"type":"Feature","geometry":{"type":"Point","coordinates":[17.327748626,59.986620559]},"properties":{"name":"Majnegård","road":"272","bearing":145}},{"type":"Feature","geometry":{"type":"Point","coordinates":[17.304726578,60.001540936]},"properties":{"name":"Östfora","road":"272","bearing":324}},{"type":"Feature","geometry":{"type":"Point","coordinates":[17.510320411,59.596090043]},"properties":{"name":"Grans gård","road":"545","bearing":169}},{"type":"Feature","geometry":{"type":"Point","coordinates":[16.619777855,59.058963379]},"properties":{"name":"Björklunda","road":"55","bearing":231}},{"type":"Feature","geometry":{"type":"Point","coordinates":[16.621537013,59.062246861]},"properties":{"name":"Stenbrostugan","road":"55","bearing":342}},{"type":"Feature","geometry":{"type":"Point","coordinates":[16.620330416,59.087349325]},"properties":{"name":"Linnäs","road":"55","bearing":24}},{"type":"Feature","geometry":{"type":"Point","coordinates":[16.693382782,59.156226986]},"properties":{"name":"Rosendal","road":"53","bearing":123}},{"type":"Feature","geometry":{"type":"Point","coordinates":[16.636507146,59.186552155]},"properties":{"name":"Gropetorp","road":"53","bearing":315}},{"type":"Feature","geometry":{"type":"Point","coordinates":[16.616518462,59.196943064]},"properties":{"name":"Hagtorp","road":"53","bearing":136}},{"type":"Feature","geometry":{"type":"Point","coordinates":[16.590310709,59.254625225]},"properties":{"name":"Hamra gård","road":"53","bearing":147}},{"type":"Feature","geometry":{"type":"Point","coordinates":[16.573144946,59.267660004]},"properties":{"name":"Hagby","road":"53","bearing":328}},{"type":"Feature","geometry":{"type":"Point","coordinates":[16.545413533,59.286027674]},"properties":{"name":"Kälbo","road":"53","bearing":133}},{"type":"Feature","geometry":{"type":"Point","coordinates":[16.532537395,59.307700163]},"properties":{"name":"Kolunda","road":"53","bearing":3}},{"type":"Feature","geometry":{"type":"Point","coordinates":[16.986264755,59.383233898]},"properties":{"name":"Adolfslund","road":"55","bearing":195}},{"type":"Feature","geometry":{"type":"Point","coordinates":[15.115973193,58.516986112]},"properties":{"name":"Lill-Alma","road":"1050","bearing":249}},{"type":"Feature","geometry":{"type":"Point","coordinates":[15.168839241,58.519487167]},"properties":{"name":"Österstad 1","road":"1050","bearing":290}},{"type":"Feature","geometry":{"type":"Point","coordinates":[15.182347615,58.51575042]},"properties":{"name":"Österstad 2","road":"1050","bearing":120}},{"type":"Feature","geometry":{"type":"Point","coordinates":[15.204378638,58.499380146]},"properties":{"name":"Hyttringe","road":"1050","bearing":345}},{"type":"Feature","geometry":{"type":"Point","coordinates":[15.278382199,58.48465519]},"properties":{"name":"Älvan","road":"1050","bearing":66}},{"type":"Feature","geometry":{"type":"Point","coordinates":[15.335101426,58.4958003]},"properties":{"name":"Klockrike 1","road":"1050","bearing":266}},{"type":"Feature","geometry":{"type":"Point","coordinates":[15.340777833,58.495578783]},"properties":{"name":"Klockrike 2","road":"1050","bearing":109}},{"type":"Feature","geometry":{"type":"Point","coordinates":[15.428834955,58.481258788]},"properties":{"name":"Flistad Brunn","road":"1050","bearing":234}},{"type":"Feature","geometry":{"type":"Point","coordinates":[15.44727856,58.485991947]},"properties":{"name":"Norra Hornstäve","road":"1050","bearing":24}},{"type":"Feature","geometry":{"type":"Point","coordinates":[15.558096327,58.450565626]},"properties":{"name":"Sättuna","road":"1136","bearing":134}},{"type":"Feature","geometry":{"type":"Point","coordinates":[15.551744765,58.454176766]},"properties":{"name":"Alguvi","road":"1136","bearing":330}},{"type":"Feature","geometry":{"type":"Point","coordinates":[15.533595719,58.4664685]},"properties":{"name":"Härna","road":"1136","bearing":135}},{"type":"Feature","geometry":{"type":"Point","coordinates":[15.525189343,58.476346977]},"properties":{"name":"Sjövik","road":"1136","bearing":339}},{"type":"Feature","geometry":{"type":"Point","coordinates":[13.683869907,58.380684374]},"properties":{"name":"Ljungstorp","road":"49","bearing":120}},{"type":"Feature","geometry":{"type":"Point","coordinates":[13.766150515,58.393279429]},"properties":{"name":"Stenberget östgående körriktning","road":"49","bearing":246}},{"type":"Feature","geometry":{"type":"Point","coordinates":[13.932175405,58.737854924]},"properties":{"name":"Berga","road":"E20","bearing":65}},{"type":"Feature","geometry":{"type":"Point","coordinates":[13.424537178,57.820812121]},"properties":{"name":"Hedegården","road":"46","bearing":65}},{"type":"Feature","geometry":{"type":"Point","coordinates":[13.437509372,57.838913123]},"properties":{"name":"Nilsagården södergående","road":"46","bearing":352}},{"type":"Feature","geometry":{"type":"Point","coordinates":[13.437573726,57.839372085]},"properties":{"name":"Nilsagården norrgående","road":"46","bearing":168}},{"type":"Feature","geometry":{"type":"Point","coordinates":[12.435806799,57.610953031]},"properties":{"name":"Hulttorpet","road":"156","bearing":175}},{"type":"Feature","geometry":{"type":"Point","coordinates":[12.470329938,57.585211135]},"properties":{"name":"Byhägnen östgående körriktning","road":"156","bearing":285}},{"type":"Feature","geometry":{"type":"Point","coordinates":[12.473845592,57.585182658]},"properties":{"name":"Byhägnen västgående körriktning","road":"156","bearing":90}},{"type":"Feature","geometry":{"type":"Point","coordinates":[12.36850567,57.66336301]},"properties":{"name":"Kärrsgärde norrgående körriktning","road":"156","bearing":163}},{"type":"Feature","geometry":{"type":"Point","coordinates":[12.36882882,57.662605875]},"properties":{"name":"Kärrsgärde södergående körriktning","road":"156","bearing":351}},{"type":"Feature","geometry":{"type":"Point","coordinates":[12.416103717,57.625037824]},"properties":{"name":"Lerviksvägen","road":"156","bearing":145}},{"type":"Feature","geometry":{"type":"Point","coordinates":[12.428047476,57.621237576]},"properties":{"name":"Eriksmyst","road":"156","bearing":280}},{"type":"Feature","geometry":{"type":"Point","coordinates":[13.4346452,57.730515132]},"properties":{"name":"Marbäck södra norrgående","road":"157","bearing":180}},{"type":"Feature","geometry":{"type":"Point","coordinates":[13.43397827,57.734289099]},"properties":{"name":"Marbäck södra södergående","road":"157","bearing":0}},{"type":"Feature","geometry":{"type":"Point","coordinates":[13.423751735,57.747359565]},"properties":{"name":"Marbäck norra norrgående","road":"157","bearing":167}},{"type":"Feature","geometry":{"type":"Point","coordinates":[13.422715911,57.749152431]},"properties":{"name":"Marbäck norra södergående","road":"157","bearing":352}},{"type":"Feature","geometry":{"type":"Point","coordinates":[11.720889402,58.123540056]},"properties":{"name":"Varekil norrgående körriktning","road":"160","bearing":231}},{"type":"Feature","geometry":{"type":"Point","coordinates":[11.71247011,58.139124691]},"properties":{"name":"Gunnarsbo södergående körriktning","road":"160","bearing":350}},{"type":"Feature","geometry":{"type":"Point","coordinates":[11.705695063,58.163137566]},"properties":{"name":"Hoga norrgående körriktning","road":"160","bearing":176}},{"type":"Feature","geometry":{"type":"Point","coordinates":[11.552896396,58.469987084]},"properties":{"name":"Uteby norrgående körriktning","road":"162","bearing":220}},{"type":"Feature","geometry":{"type":"Point","coordinates":[11.553833102,58.470758344]},"properties":{"name":"Uteby södergående körriktning","road":"162","bearing":47}},{"type":"Feature","geometry":{"type":"Point","coordinates":[11.994944073,58.385535616]},"properties":{"name":"Nordmanneröd södergående","road":"172","bearing":0}},{"type":"Feature","geometry":{"type":"Point","coordinates":[11.992812376,58.397501275]},"properties":{"name":"Kopperöds viadukt norrgående","road":"172","bearing":182}},{"type":"Feature","geometry":{"type":"Point","coordinates":[13.350744708,58.420027682]},"properties":{"name":"Skäggatorp norrgående körriktning","road":"49","bearing":133}},{"type":"Feature","geometry":{"type":"Point","coordinates":[13.347100501,58.420699383]},"properties":{"name":"Skäggatorp södergående körriktning","road":"49","bearing":299}},{"type":"Feature","geometry":{"type":"Point","coordinates":[13.268008491,58.439597784]},"properties":{"name":"Hasslösa norrgående körriktning","road":"49","bearing":113}},{"type":"Feature","geometry":{"type":"Point","coordinates":[13.267375918,58.439571269]},"properties":{"name":"Hasslösa södergående körriktning","road":"49","bearing":290}},{"type":"Feature","geometry":{"type":"Point","coordinates":[13.226891839,58.461053896]},"properties":{"name":"Sävare norrgående körriktning","road":"49","bearing":135}},{"type":"Feature","geometry":{"type":"Point","coordinates":[11.848367386,57.857323487]},"properties":{"name":"Trädal östgående körriktning","road":"604","bearing":270}},{"type":"Feature","geometry":{"type":"Point","coordinates":[11.847096853,57.857390775]},"properties":{"name":"Trädal västgående körriktning","road":"604","bearing":95}},{"type":"Feature","geometry":{"type":"Point","coordinates":[12.006447359,57.900087322]},"properties":{"name":"Tvibotten","road":"625","bearing":196}},{"type":"Feature","geometry":{"type":"Point","coordinates":[12.01819675,57.915561736]},"properties":{"name":"Välan södergående körriktning","road":"625","bearing":49}},{"type":"Feature","geometry":{"type":"Point","coordinates":[12.021305152,57.917180549]},"properties":{"name":"Välan norrgående körriktning","road":"625","bearing":208}},{"type":"Feature","geometry":{"type":"Point","coordinates":[12.041599194,57.931828165]},"properties":{"name":"Hög","road":"625","bearing":19}},{"type":"Feature","geometry":{"type":"Point","coordinates":[11.897383207,58.298653459]},"properties":{"name":"Hova norrgående körriktning","road":"678","bearing":235}},{"type":"Feature","geometry":{"type":"Point","coordinates":[11.897852089,58.298952443]},"properties":{"name":"Hova södergående körriktning","road":"678","bearing":71}},{"type":"Feature","geometry":{"type":"Point","coordinates":[12.776632542,56.685385403]},"properties":{"name":"Heagård norrgående","road":"610","bearing":140}},{"type":"Feature","geometry":{"type":"Point","coordinates":[12.769446931,56.690370289]},"properties":{"name":"Heagård södergående","road":"610","bearing":326}},{"type":"Feature","geometry":{"type":"Point","coordinates":[12.721323203,56.713268901]},"properties":{"name":"Lynga norrgående","road":"610","bearing":154}},{"type":"Feature","geometry":{"type":"Point","coordinates":[12.715283558,56.716393499]},"properties":{"name":"Lynga södergående","road":"610","bearing":315}},{"type":"Feature","geometry":{"type":"Point","coordinates":[12.930703715,56.634267012]},"properties":{"name":"Kistinge södergående ","road":"15","bearing":328}},{"type":"Feature","geometry":{"type":"Point","coordinates":[12.93290654,56.632748991]},"properties":{"name":"Kistinge norrgående","road":"15","bearing":154}},{"type":"Feature","geometry":{"type":"Point","coordinates":[12.956886423,56.617463987]},"properties":{"name":"Nygård norrrgående","road":"15","bearing":189}},{"type":"Feature","geometry":{"type":"Point","coordinates":[12.956413784,56.615955512]},"properties":{"name":"Nygård södergående","road":"15","bearing":0}},{"type":"Feature","geometry":{"type":"Point","coordinates":[14.1769835,61.13334614]},"properties":{"name":"Oxberg norrgående","road":"70","bearing":135}},{"type":"Feature","geometry":{"type":"Point","coordinates":[14.09990478,61.176489804]},"properties":{"name":"Gåsvarv södergående","road":"70","bearing":340}},{"type":"Feature","geometry":{"type":"Point","coordinates":[14.087742289,61.188152]},"properties":{"name":"Gåsvarv norrgående","road":"70","bearing":165}},{"type":"Feature","geometry":{"type":"Point","coordinates":[14.069658155,61.203444709]},"properties":{"name":"Märbäck södergående","road":"70","bearing":325}},{"type":"Feature","geometry":{"type":"Point","coordinates":[14.060652099,61.208410412]},"properties":{"name":"Mjågen norrgående","road":"70","bearing":135}},{"type":"Feature","geometry":{"type":"Point","coordinates":[16.916263612,60.296139457]},"properties":{"name":"Gysinge norrgående","road":"56","bearing":155}},{"type":"Feature","geometry":{"type":"Point","coordinates":[16.913735206,60.30210363]},"properties":{"name":"Gysinge södergående","road":"56","bearing":8}},{"type":"Feature","geometry":{"type":"Point","coordinates":[16.937489127,60.338304854]},"properties":{"name":"Smedsäng norrgående","road":"56","bearing":230}},{"type":"Feature","geometry":{"type":"Point","coordinates":[16.976305763,60.396194099]},"properties":{"name":"Hedesunda södergående","road":"56","bearing":355}},{"type":"Feature","geometry":{"type":"Point","coordinates":[17.025220614,60.405491368]},"properties":{"name":"Bäck norrgående","road":"509","bearing":225}},{"type":"Feature","geometry":{"type":"Point","coordinates":[17.048905943,60.413428038]},"properties":{"name":"Ölbo södergående","road":"509","bearing":40}},{"type":"Feature","geometry":{"type":"Point","coordinates":[16.923343549,61.736484681]},"properties":{"name":"Medvik östgående","road":"84","bearing":290}},{"type":"Feature","geometry":{"type":"Point","coordinates":[16.9814042,61.723903269]},"properties":{"name":"Sörforsa västgående","road":"84","bearing":108}},{"type":"Feature","geometry":{"type":"Point","coordinates":[14.170302892,55.810980617]},"properties":{"name":"Olseröd","road":"118","bearing":252}},{"type":"Feature","geometry":{"type":"Point","coordinates":[14.199344875,55.843583874]},"properties":{"name":"Furuboda Norrgående","road":"118","bearing":201}},{"type":"Feature","geometry":{"type":"Point","coordinates":[14.227855639,55.883643491]},"properties":{"name":"Yngsjö Norrgående","road":"118","bearing":218}},{"type":"Feature","geometry":{"type":"Point","coordinates":[14.281937937,55.956338582]},"properties":{"name":"Horna","road":"118","bearing":353}},{"type":"Feature","geometry":{"type":"Point","coordinates":[12.884341261,59.664232298]},"properties":{"name":"Vikene, västgående färdriktning","road":"61","bearing":97}},{"type":"Feature","geometry":{"type":"Point","coordinates":[14.673770642,56.995667826]},"properties":{"name":"Ör södergående","road":"30","bearing":323}},{"type":"Feature","geometry":{"type":"Point","coordinates":[14.657569774,57.026626744]},"properties":{"name":"Hylte","road":"30","bearing":173}},{"type":"Feature","geometry":{"type":"Point","coordinates":[14.644733515,57.05289468]},"properties":{"name":"Notteryd","road":"30","bearing":343}},{"type":"Feature","geometry":{"type":"Point","coordinates":[14.641312111,57.086312386]},"properties":{"name":"Bredhult norrgående","road":"30","bearing":188}},{"type":"Feature","geometry":{"type":"Point","coordinates":[14.609135122,57.13671195]},"properties":{"name":"Fräjen norrgående","road":"30","bearing":130}},{"type":"Feature","geometry":{"type":"Point","coordinates":[14.603640136,57.140701296]},"properties":{"name":"Fräjen södergående","road":"30","bearing":332}},{"type":"Feature","geometry":{"type":"Point","coordinates":[16.486889435,56.659767881]},"properties":{"name":"Färjestaden norra norrgående","road":"943","bearing":213}},{"type":"Feature","geometry":{"type":"Point","coordinates":[16.487584862,56.661269084]},"properties":{"name":"Färjestaden norra södergående","road":"943","bearing":5}},{"type":"Feature","geometry":{"type":"Point","coordinates":[12.952636344,55.827408757]},"properties":{"name":"Saxtorp södergående","road":"110","bearing":45}},{"type":"Feature","geometry":{"type":"Point","coordinates":[12.95414792,55.828116948]},"properties":{"name":"Saxtorp norrgående","road":"110","bearing":225}},{"type":"Feature","geometry":{"type":"Point","coordinates":[12.97346308,55.857366708]},"properties":{"name":"Elvireborg","road":"110","bearing":22}},{"type":"Feature","geometry":{"type":"Point","coordinates":[12.974759631,55.874517695]},"properties":{"name":"Munkebäck","road":"110","bearing":182}},{"type":"Feature","geometry":{"type":"Point","coordinates":[12.942391683,55.991012065]},"properties":{"name":"Tjutebro","road":"110","bearing":205}},{"type":"Feature","geometry":{"type":"Point","coordinates":[12.950128288,56.001458162]},"properties":{"name":"Ekeby","road":"110","bearing":26}},{"type":"Feature","geometry":{"type":"Point","coordinates":[13.380464605,55.85451815]},"properties":{"name":"St Kastberga västergående","road":"17","bearing":102}},{"type":"Feature","geometry":{"type":"Point","coordinates":[13.44639465,55.846606527]},"properties":{"name":"Vännberga östergående","road":"17","bearing":278}},{"type":"Feature","geometry":{"type":"Point","coordinates":[13.20091236,55.795541476]},"properties":{"name":"Lilla Harrie västra","road":"104","bearing":105}},{"type":"Feature","geometry":{"type":"Point","coordinates":[13.201751276,55.795338065]},"properties":{"name":"Lilla Harrie östra","road":"104","bearing":284}},{"type":"Feature","geometry":{"type":"Point","coordinates":[14.254288373,55.528962963]},"properties":{"name":"Vranarp östergående","road":"9","bearing":267}},{"type":"Feature","geometry":{"type":"Point","coordinates":[13.162550193,55.458755188]},"properties":{"name":"Slågarpsdal","road":"101","bearing":120}},{"type":"Feature","geometry":{"type":"Point","coordinates":[13.277200149,55.446483823]},"properties":{"name":"Ugglarp","road":"101","bearing":105}},{"type":"Feature","geometry":{"type":"Point","coordinates":[13.41101245,55.422798591]},"properties":{"name":"Jordberga","road":"101","bearing":78}},{"type":"Feature","geometry":{"type":"Point","coordinates":[13.5054877,55.415703436]},"properties":{"name":"Ö Vemmenhög östergående","road":"101","bearing":273}},{"type":"Feature","geometry":{"type":"Point","coordinates":[13.519360022,55.418199751]},"properties":{"name":"Ö Vemmenhög västergående","road":"101","bearing":75}},{"type":"Feature","geometry":{"type":"Point","coordinates":[13.099341583,55.507184884]},"properties":{"name":"Kruseberg västergående","road":"101","bearing":152}},{"type":"Feature","geometry":{"type":"Point","coordinates":[13.102343961,55.503699388]},"properties":{"name":"Kruseberg östergående","road":"101","bearing":340}},{"type":"Feature","geometry":{"type":"Point","coordinates":[12.819986354,56.01207736]},"properties":{"name":"Bårslöv","road":"109","bearing":290}},{"type":"Feature","geometry":{"type":"Point","coordinates":[12.842483448,56.012284356]},"properties":{"name":"Frillestad","road":"109","bearing":76}},{"type":"Feature","geometry":{"type":"Point","coordinates":[12.917650688,56.011590596]},"properties":{"name":"Gedsholm östergående","road":"109","bearing":250}},{"type":"Feature","geometry":{"type":"Point","coordinates":[12.932577691,56.012354057]},"properties":{"name":"Gedsholm västergående","road":"109","bearing":111}},{"type":"Feature","geometry":{"type":"Point","coordinates":[17.648112667,59.767421885]},"properties":{"name":"Domarbo","road":"255","bearing":27}},{"type":"Feature","geometry":{"type":"Point","coordinates":[15.737187882,60.524863484]},"properties":{"name":"Färnviken södergående","road":"69","bearing":49}},{"type":"Feature","geometry":{"type":"Point","coordinates":[21.329117191,65.38521367]},"properties":{"name":"Böle norrgående","road":"374","bearing":130}},{"type":"Feature","geometry":{"type":"Point","coordinates":[21.312072032,65.40276559]},"properties":{"name":"Kvarnbäcken södergående","road":"374","bearing":352}},{"type":"Feature","geometry":{"type":"Point","coordinates":[15.511371836,56.202524149]},"properties":{"name":"Bjärby västergående","road":"E22","bearing":82}},{"type":"Feature","geometry":{"type":"Point","coordinates":[23.639557472,66.387683195]},"properties":{"name":"Övertorneå norrgående","road":"99","bearing":175}},{"type":"Feature","geometry":{"type":"Point","coordinates":[23.638981712,66.389207139]},"properties":{"name":"Övertorneå södergående","road":"99","bearing":340}},{"type":"Feature","geometry":{"type":"Point","coordinates":[14.91277726,57.54429236]},"properties":{"name":"Björkholmen","road":"31","bearing":107}},{"type":"Feature","geometry":{"type":"Point","coordinates":[14.806176925,57.619475491]},"properties":{"name":"Smedhemmet","road":"31","bearing":323}},{"type":"Feature","geometry":{"type":"Point","coordinates":[14.508470795,57.237169143]},"properties":{"name":"Föreberg","road":"30","bearing":18}},{"type":"Feature","geometry":{"type":"Point","coordinates":[14.524170146,57.263388815]},"properties":{"name":"Björneberg","road":"30","bearing":181}},{"type":"Feature","geometry":{"type":"Point","coordinates":[14.522449291,57.275940844]},"properties":{"name":"Brohult","road":"30","bearing":348}},{"type":"Feature","geometry":{"type":"Point","coordinates":[14.497670899,57.316187864]},"properties":{"name":"G:a Hjälmseryd, Södergående","road":"30","bearing":313}},{"type":"Feature","geometry":{"type":"Point","coordinates":[19.709084054,63.911391512]},"properties":{"name":"Vännäs östgående","road":"92","bearing":245}},{"type":"Feature","geometry":{"type":"Point","coordinates":[19.712475252,63.911883516]},"properties":{"name":"Vännäs västgående","road":"92","bearing":89}},{"type":"Feature","geometry":{"type":"Point","coordinates":[20.367533471,63.807513145]},"properties":{"name":"Tomtebo norrgående","road":"642","bearing":210}},{"type":"Feature","geometry":{"type":"Point","coordinates":[20.372117798,63.808916981]},"properties":{"name":"Tomtebo södergående","road":"642","bearing":75}},{"type":"Feature","geometry":{"type":"Point","coordinates":[16.262658419,60.159504793]},"properties":{"name":"Jularbo norrgående","road":"68","bearing":231}},{"type":"Feature","geometry":{"type":"Point","coordinates":[16.124478974,60.185156803]},"properties":{"name":"Rembo norrgående","road":"70","bearing":140}},{"type":"Feature","geometry":{"type":"Point","coordinates":[16.119456858,60.188054903]},"properties":{"name":"Rembo södergående","road":"70","bearing":320}},{"type":"Feature","geometry":{"type":"Point","coordinates":[15.833336375,60.428742458]},"properties":{"name":"Trollbo södergående","road":"69","bearing":341}},{"type":"Feature","geometry":{"type":"Point","coordinates":[15.807759073,60.449192765]},"properties":{"name":"Pingbo norrgående","road":"69","bearing":170}},{"type":"Feature","geometry":{"type":"Point","coordinates":[15.803915366,60.457674308]},"properties":{"name":"Lilla Klingsbo södergående","road":"69","bearing":340}},{"type":"Feature","geometry":{"type":"Point","coordinates":[15.780351257,60.478062057]},"properties":{"name":"Lund norrgående","road":"69","bearing":140}},{"type":"Feature","geometry":{"type":"Point","coordinates":[15.766650882,60.488018417]},"properties":{"name":"Jordbro södergående","road":"69","bearing":334}},{"type":"Feature","geometry":{"type":"Point","coordinates":[14.984332107,60.261980106]},"properties":{"name":"Grangärde norrgående","road":"66","bearing":178}},{"type":"Feature","geometry":{"type":"Point","coordinates":[14.982430088,60.270420033]},"properties":{"name":"Grangärde södergående","road":"66","bearing":348}},{"type":"Feature","geometry":{"type":"Point","coordinates":[14.362609003,60.550050924]},"properties":{"name":"Dala-Järna östgående","road":"E16","bearing":295}},{"type":"Feature","geometry":{"type":"Point","coordinates":[14.499046632,61.044953644]},"properties":{"name":"Frostkitten norrgående","road":"70","bearing":145}},{"type":"Feature","geometry":{"type":"Point","coordinates":[14.329864712,61.081928268]},"properties":{"name":"Spjutmodammen södergående","road":"70","bearing":326}},{"type":"Feature","geometry":{"type":"Point","coordinates":[14.281471196,61.106917237]},"properties":{"name":"Rastplats Spjutmo norrgående","road":"70","bearing":123}},{"type":"Feature","geometry":{"type":"Point","coordinates":[14.266657979,61.112089931]},"properties":{"name":"Garberg södergående","road":"70","bearing":320}},{"type":"Feature","geometry":{"type":"Point","coordinates":[17.074333973,61.740991665]},"properties":{"name":"Björnmyran norrgående","road":"E4","bearing":210}},{"type":"Feature","geometry":{"type":"Point","coordinates":[17.076555506,61.743607192]},"properties":{"name":"Björnmyran södergående","road":"E4","bearing":20}},{"type":"Feature","geometry":{"type":"Point","coordinates":[17.321733018,62.38426007]},"properties":{"name":"Björneborgsgatan östgående","road":"E14","bearing":277}},{"type":"Feature","geometry":{"type":"Point","coordinates":[18.615422443,63.288353431]},"properties":{"name":"Själevad södergående","road":"E4","bearing":50}},{"type":"Feature","geometry":{"type":"Point","coordinates":[18.680208257,63.295427074]},"properties":{"name":"Österås norrgående","road":"E4","bearing":265}},{"type":"Feature","geometry":{"type":"Point","coordinates":[18.692756968,63.294868409]},"properties":{"name":"Österås södergående","road":"E4","bearing":120}},{"type":"Feature","geometry":{"type":"Point","coordinates":[14.405655745,62.038046419]},"properties":{"name":"Nilsvallen östgående","road":"E45","bearing":280}},{"type":"Feature","geometry":{"type":"Point","coordinates":[14.408490527,62.037762353]},"properties":{"name":"Nilsvallen västgående","road":"E45","bearing":110}},{"type":"Feature","geometry":{"type":"Point","coordinates":[15.025314416,59.505444279]},"properties":{"name":"Pershyttan","road":"244","bearing":324}},{"type":"Feature","geometry":{"type":"Point","coordinates":[15.034442466,59.500610982]},"properties":{"name":"Hitorp","road":"244","bearing":138}},{"type":"Feature","geometry":{"type":"Point","coordinates":[15.051299536,59.493421492]},"properties":{"name":"Rephagen","road":"244","bearing":312}},{"type":"Feature","geometry":{"type":"Point","coordinates":[14.992385426,59.509074403]},"properties":{"name":"Bergsäng","road":"244","bearing":278}},{"type":"Feature","geometry":{"type":"Point","coordinates":[15.007084367,59.508167459]},"properties":{"name":"Sjölundsvik","road":"244","bearing":91}},{"type":"Feature","geometry":{"type":"Point","coordinates":[15.137266025,58.386815263]},"properties":{"name":"Vistena","road":"206","bearing":110}},{"type":"Feature","geometry":{"type":"Point","coordinates":[15.168846721,58.381568248]},"properties":{"name":"Tallhagen","road":"206","bearing":111}},{"type":"Feature","geometry":{"type":"Point","coordinates":[15.181252367,58.379799896]},"properties":{"name":"Järstad","road":"206","bearing":287}},{"type":"Feature","geometry":{"type":"Point","coordinates":[15.204628159,58.377025317]},"properties":{"name":"Forsa","road":"206","bearing":105}},{"type":"Feature","geometry":{"type":"Point","coordinates":[15.228456329,58.37603299]},"properties":{"name":"Böttestad","road":"206","bearing":261}},{"type":"Feature","geometry":{"type":"Point","coordinates":[18.251926505,60.164455359]},"properties":{"name":"Slåttan","road":"292","bearing":80}},{"type":"Feature","geometry":{"type":"Point","coordinates":[18.379607472,60.171538524]},"properties":{"name":"Ängslund","road":"292","bearing":96}},{"type":"Feature","geometry":{"type":"Point","coordinates":[14.20997698,58.224770732]},"properties":{"name":"Linderyd norrgående körriktning","road":"195","bearing":195}},{"type":"Feature","geometry":{"type":"Point","coordinates":[14.21193434,58.227100208]},"properties":{"name":"Linderyd södergående körriktning","road":"195","bearing":37}},{"type":"Feature","geometry":{"type":"Point","coordinates":[14.252976417,58.26234984]},"properties":{"name":"Myrebo norrgående körriktning","road":"195","bearing":227}},{"type":"Feature","geometry":{"type":"Point","coordinates":[14.257580169,58.265511386]},"properties":{"name":"Myrebo södergående körriktning","road":"195","bearing":27}},{"type":"Feature","geometry":{"type":"Point","coordinates":[12.152335021,58.803653125]},"properties":{"name":"Bäckefors södergående","road":"166","bearing":329}},{"type":"Feature","geometry":{"type":"Point","coordinates":[12.154561527,58.80268684]},"properties":{"name":"Bäckefors norrgående","road":"166","bearing":133}},{"type":"Feature","geometry":{"type":"Point","coordinates":[11.279799281,58.412930631]},"properties":{"name":"Röseberget södergående","road":"174","bearing":61}},{"type":"Feature","geometry":{"type":"Point","coordinates":[11.927191493,57.902839886]},"properties":{"name":"Kareby-Kode","road":"574","bearing":145}},{"type":"Feature","geometry":{"type":"Point","coordinates":[14.230978458,58.838625416]},"properties":{"name":"Ingelstorp","road":"200","bearing":174}},{"type":"Feature","geometry":{"type":"Point","coordinates":[17.736884897,59.627992792]},"properties":{"name":"Rosendal 1","road":"263","bearing":103}},{"type":"Feature","geometry":{"type":"Point","coordinates":[17.735683576,59.62805382]},"properties":{"name":"Rosendal 2","road":"263","bearing":290}},{"type":"Feature","geometry":{"type":"Point","coordinates":[18.568895709,60.024184684]},"properties":{"name":"Berga","road":"76","bearing":0}},{"type":"Feature","geometry":{"type":"Point","coordinates":[17.983316099,59.479576572]},"properties":{"name":"Stora Alby","road":"872","bearing":151}},{"type":"Feature","geometry":{"type":"Point","coordinates":[17.854811046,59.482627858]},"properties":{"name":"Björkhagen","road":"850","bearing":186}},{"type":"Feature","geometry":{"type":"Point","coordinates":[17.86606171,59.508025866]},"properties":{"name":"Ed 1","road":"850","bearing":242}},{"type":"Feature","geometry":{"type":"Point","coordinates":[17.867659366,59.508520961]},"properties":{"name":"Ed 2","road":"850","bearing":70}},{"type":"Feature","geometry":{"type":"Point","coordinates":[17.94030391,59.555474357]},"properties":{"name":"Torsåker","road":"858","bearing":63}},{"type":"Feature","geometry":{"type":"Point","coordinates":[18.006728819,59.631278777]},"properties":{"name":"Gillermossen 1","road":"858","bearing":205}},{"type":"Feature","geometry":{"type":"Point","coordinates":[18.006668423,59.631396979]},"properties":{"name":"Gillermossen 2","road":"858","bearing":24}},{"type":"Feature","geometry":{"type":"Point","coordinates":[17.895549274,59.558539251]},"properties":{"name":"Verka 2","road":"859","bearing":179}},{"type":"Feature","geometry":{"type":"Point","coordinates":[17.894914859,59.587216835]},"properties":{"name":"Viggeby 2","road":"859","bearing":328}},{"type":"Feature","geometry":{"type":"Point","coordinates":[17.890845437,59.591413096]},"properties":{"name":"Krogstaborg","road":"859","bearing":351}},{"type":"Feature","geometry":{"type":"Point","coordinates":[18.754858163,59.775845268]},"properties":{"name":"Hårnacka vägskäl","road":"1146","bearing":65}},{"type":"Feature","geometry":{"type":"Point","coordinates":[18.760886048,59.777290809]},"properties":{"name":"Hårnackalund","road":"1146","bearing":244}},{"type":"Feature","geometry":{"type":"Point","coordinates":[18.191729231,59.453117465]},"properties":{"name":"Rydbo 1","road":"274","bearing":257}},{"type":"Feature","geometry":{"type":"Point","coordinates":[18.193439474,59.453471055]},"properties":{"name":"Rydbo 2","road":"274","bearing":86}},{"type":"Feature","geometry":{"type":"Point","coordinates":[12.845592791,59.247621952]},"properties":{"name":"Knöstad västergående","road":"E18","bearing":100}},{"type":"Feature","geometry":{"type":"Point","coordinates":[11.89319589,59.497060732]},"properties":{"name":"Ulveviken östergående","road":"E18","bearing":265}},{"type":"Feature","geometry":{"type":"Point","coordinates":[11.897998935,59.497875788]},"properties":{"name":"Ulveviken västergående","road":"E18","bearing":90}},{"type":"Feature","geometry":{"type":"Point","coordinates":[11.942185456,59.486723113]},"properties":{"name":"Hajom östergående","road":"E18","bearing":305}},{"type":"Feature","geometry":{"type":"Point","coordinates":[11.954811623,59.480125693]},"properties":{"name":"Hajom västergående","road":"E18","bearing":155}},{"type":"Feature","geometry":{"type":"Point","coordinates":[11.512293426,58.357883394]},"properties":{"name":"Heden","road":"162","bearing":155}},{"type":"Feature","geometry":{"type":"Point","coordinates":[11.49744645,58.363419432]},"properties":{"name":"Gåseberg","road":"162","bearing":309}},{"type":"Feature","geometry":{"type":"Point","coordinates":[11.481885518,58.417960958]},"properties":{"name":"Brodalen södergående","road":"162","bearing":23}},{"type":"Feature","geometry":{"type":"Point","coordinates":[13.955600486,58.770740142]},"properties":{"name":"Fåleberg norrgående körritning","road":"26","bearing":200}},{"type":"Feature","geometry":{"type":"Point","coordinates":[13.955954783,58.772763883]},"properties":{"name":"Fåleberg södergående körritning","road":"26","bearing":15}},{"type":"Feature","geometry":{"type":"Point","coordinates":[13.970689516,58.79845296]},"properties":{"name":"Börstorp norrgående köriktning","road":"26","bearing":200}},{"type":"Feature","geometry":{"type":"Point","coordinates":[13.971491081,58.800022149]},"properties":{"name":"Börstorp södergående köriktning","road":"26","bearing":27}},{"type":"Feature","geometry":{"type":"Point","coordinates":[14.426483238,57.368075788]},"properties":{"name":"Boda Södergående","road":"30","bearing":305}},{"type":"Feature","geometry":{"type":"Point","coordinates":[14.371858959,57.399597566]},"properties":{"name":"Åkaköp","road":"30","bearing":310}},{"type":"Feature","geometry":{"type":"Point","coordinates":[14.31945876,57.432733752]},"properties":{"name":"Fiskaby","road":"30","bearing":340}},{"type":"Feature","geometry":{"type":"Point","coordinates":[14.23606825,57.573865544]},"properties":{"name":"Sonarp","road":"30","bearing":339}},{"type":"Feature","geometry":{"type":"Point","coordinates":[14.220389452,57.599443174]},"properties":{"name":"Mokvarn","road":"30","bearing":176}},{"type":"Feature","geometry":{"type":"Point","coordinates":[14.211198405,57.610498094]},"properties":{"name":"Fägrida","road":"30","bearing":325}},{"type":"Feature","geometry":{"type":"Point","coordinates":[13.5604817,58.195323989]},"properties":{"name":"Ridskolan södergående","road":"184","bearing":15}},{"type":"Feature","geometry":{"type":"Point","coordinates":[13.549739766,58.233892317]},"properties":{"name":"Gudhems kyrka norrgående","road":"184","bearing":155}},{"type":"Feature","geometry":{"type":"Point","coordinates":[13.545421255,58.237454386]},"properties":{"name":"Gudhems kyrka södergående","road":"184","bearing":321}},{"type":"Feature","geometry":{"type":"Point","coordinates":[12.764813591,58.322836266]},"properties":{"name":"Flakeberg västergående","road":"47","bearing":104}},{"type":"Feature","geometry":{"type":"Point","coordinates":[12.950404288,58.29634178]},"properties":{"name":"Long östergående","road":"47","bearing":283}},{"type":"Feature","geometry":{"type":"Point","coordinates":[12.96346817,58.294385347]},"properties":{"name":"Long västergående","road":"47","bearing":110}},{"type":"Feature","geometry":{"type":"Point","coordinates":[21.284170381,64.425364417]},"properties":{"name":"Hökmarkberget södergående","road":"E4","bearing":345}},{"type":"Feature","geometry":{"type":"Point","coordinates":[21.284300073,64.425566023]},"properties":{"name":"Hökmarkberget norrgående","road":"E4","bearing":160}},{"type":"Feature","geometry":{"type":"Point","coordinates":[20.203293005,63.777613539]},"properties":{"name":"Stöcksjö södergående","road":"522","bearing":356}},{"type":"Feature","geometry":{"type":"Point","coordinates":[23.652522388,66.270587381]},"properties":{"name":"Luppio norrgående","road":"99","bearing":175}},{"type":"Feature","geometry":{"type":"Point","coordinates":[23.648675456,66.280884199]},"properties":{"name":"Luppio södergående","road":"99","bearing":310}},{"type":"Feature","geometry":{"type":"Point","coordinates":[20.382973034,63.854791275]},"properties":{"name":"Anumark södergående","road":"E4","bearing":64}},{"type":"Feature","geometry":{"type":"Point","coordinates":[20.386336357,63.855313607]},"properties":{"name":"Anumark norrgående","road":"E4","bearing":240}},{"type":"Feature","geometry":{"type":"Point","coordinates":[16.390857087,60.264009202]},"properties":{"name":"Rossberga norrgående","road":"68","bearing":240}},{"type":"Feature","geometry":{"type":"Point","coordinates":[16.23158902,60.147260995]},"properties":{"name":"Nordanö södergående","road":"68","bearing":50}},{"type":"Feature","geometry":{"type":"Point","coordinates":[16.239639949,60.150616307]},"properties":{"name":"Nordanö norrgående ","road":"68","bearing":230}},{"type":"Feature","geometry":{"type":"Point","coordinates":[15.548344343,60.662032728]},"properties":{"name":"Bergsgården norrgående","road":"69","bearing":150}},{"type":"Feature","geometry":{"type":"Point","coordinates":[15.544582693,60.665711334]},"properties":{"name":"Bergsgården södergående","road":"69","bearing":335}},{"type":"Feature","geometry":{"type":"Point","coordinates":[17.082462619,61.285837797]},"properties":{"name":"Hällmyra norrgående","road":"583","bearing":145}},{"type":"Feature","geometry":{"type":"Point","coordinates":[16.219303849,61.33440457]},"properties":{"name":"Söräng östgående","road":"50","bearing":277}},{"type":"Feature","geometry":{"type":"Point","coordinates":[15.163972452,62.949362915]},"properties":{"name":"Dalhem Norrgående","road":"E14","bearing":148}},{"type":"Feature","geometry":{"type":"Point","coordinates":[15.089501822,62.951592787]},"properties":{"name":"Anvikbäcken norrgående","road":"E14","bearing":57}},{"type":"Feature","geometry":{"type":"Point","coordinates":[15.070168972,62.944360601]},"properties":{"name":"Anviken södergående","road":"E14","bearing":301}},{"type":"Feature","geometry":{"type":"Point","coordinates":[14.394043711,62.687052056]},"properties":{"name":"Brånan norrgående","road":"E45","bearing":218}},{"type":"Feature","geometry":{"type":"Point","coordinates":[14.405100014,62.694836641]},"properties":{"name":"Brånan södergående","road":"E45","bearing":10}},{"type":"Feature","geometry":{"type":"Point","coordinates":[14.426459788,62.749139999]},"properties":{"name":"Svenstavik norrgående","road":"E45","bearing":196}},{"type":"Feature","geometry":{"type":"Point","coordinates":[14.522272778,62.881468088]},"properties":{"name":"Vikbäcken södergående","road":"E45","bearing":7}},{"type":"Feature","geometry":{"type":"Point","coordinates":[14.523202686,62.908981452]},"properties":{"name":"Hackås norrgående","road":"E45","bearing":187}},{"type":"Feature","geometry":{"type":"Point","coordinates":[14.857160316,63.331600423]},"properties":{"name":"Norrgård södergående","road":"E45","bearing":3}},{"type":"Feature","geometry":{"type":"Point","coordinates":[14.884871903,63.377998497]},"properties":{"name":"Högforsen södergående","road":"E45","bearing":35}},{"type":"Feature","geometry":{"type":"Point","coordinates":[12.925742357,63.395487727]},"properties":{"name":"Duved västgående","road":"E14","bearing":96}},{"type":"Feature","geometry":{"type":"Point","coordinates":[12.91190564,63.395788908]},"properties":{"name":"Duved östgående","road":"E14","bearing":272}},{"type":"Feature","geometry":{"type":"Point","coordinates":[13.586526232,63.315907193]},"properties":{"name":"Uppland östgående","road":"E14","bearing":290}},{"type":"Feature","geometry":{"type":"Point","coordinates":[13.538170295,63.325509304]},"properties":{"name":"Strandgården västgående ","road":"E14","bearing":137}},{"type":"Feature","geometry":{"type":"Point","coordinates":[13.523654016,63.331724202]},"properties":{"name":"Strand östgående","road":"E14","bearing":320}},{"type":"Feature","geometry":{"type":"Point","coordinates":[13.513544793,63.336035722]},"properties":{"name":"Ällvåksviken västgående","road":"E14","bearing":128}},{"type":"Feature","geometry":{"type":"Point","coordinates":[17.267504883,62.371153872]},"properties":{"name":"Böle norrgående","road":"570","bearing":195}},{"type":"Feature","geometry":{"type":"Point","coordinates":[17.268992395,62.373949383]},"properties":{"name":"Mårtensro södergående","road":"570","bearing":33}},{"type":"Feature","geometry":{"type":"Point","coordinates":[17.253635016,62.422834698]},"properties":{"name":"Huli norrgående","road":"622","bearing":236}},{"type":"Feature","geometry":{"type":"Point","coordinates":[17.256920299,62.425304912]},"properties":{"name":"Huli södergående","road":"622","bearing":27}},{"type":"Feature","geometry":{"type":"Point","coordinates":[17.281183642,62.4396821]},"properties":{"name":"Hammal södergående","road":"622","bearing":69}},{"type":"Feature","geometry":{"type":"Point","coordinates":[17.318238877,62.449676448]},"properties":{"name":"Birsta norrgående","road":"622","bearing":260}},{"type":"Feature","geometry":{"type":"Point","coordinates":[17.731787439,63.002788628]},"properties":{"name":"Nordanåker västgående ","road":"333","bearing":95}},{"type":"Feature","geometry":{"type":"Point","coordinates":[18.669910941,63.344710963]},"properties":{"name":"Nordanås norrgående","road":"352","bearing":160}},{"type":"Feature","geometry":{"type":"Point","coordinates":[18.655088777,63.350061012]},"properties":{"name":"Åsliden södergående","road":"352","bearing":305}},{"type":"Feature","geometry":{"type":"Point","coordinates":[16.987826768,63.075063834]},"properties":{"name":"Graninge norrgående","road":"87","bearing":266}},{"type":"Feature","geometry":{"type":"Point","coordinates":[17.019543339,63.142959116]},"properties":{"name":"Österforse södergående","road":"87","bearing":11}},{"type":"Feature","geometry":{"type":"Point","coordinates":[17.017290382,61.721000126]},"properties":{"name":"Ulvberget östgående","road":"84","bearing":299}},{"type":"Feature","geometry":{"type":"Point","coordinates":[15.362615176,58.53534251]},"properties":{"name":"Ruda","road":"34","bearing":255}},{"type":"Feature","geometry":{"type":"Point","coordinates":[15.446685317,58.509516493]},"properties":{"name":"Högåsa","road":"34","bearing":328}},{"type":"Feature","geometry":{"type":"Point","coordinates":[18.126273859,57.479896165]},"properties":{"name":"Tofta södra","road":"140","bearing":189}},{"type":"Feature","geometry":{"type":"Point","coordinates":[15.726504504,57.882652829]},"properties":{"name":"Falla","road":"23","bearing":342}},{"type":"Feature","geometry":{"type":"Point","coordinates":[15.693092234,57.911260168]},"properties":{"name":"Skivermåla","road":"23","bearing":141}},{"type":"Feature","geometry":{"type":"Point","coordinates":[15.671035336,57.930313549]},"properties":{"name":"Rothult","road":"23","bearing":347}},{"type":"Feature","geometry":{"type":"Point","coordinates":[15.663442279,57.951659667]},"properties":{"name":"Gummetorp","road":"23","bearing":159}},{"type":"Feature","geometry":{"type":"Point","coordinates":[15.646448195,57.972478491]},"properties":{"name":"Starberget","road":"23","bearing":323}},{"type":"Feature","geometry":{"type":"Point","coordinates":[16.408713406,58.574640085]},"properties":{"name":"Eklund","road":"209","bearing":115}},{"type":"Feature","geometry":{"type":"Point","coordinates":[15.459410092,59.458877284]},"properties":{"name":"Gillsta","road":"249","bearing":88}},{"type":"Feature","geometry":{"type":"Point","coordinates":[15.49079859,59.461627843]},"properties":{"name":"Ängsholm","road":"249","bearing":256}},{"type":"Feature","geometry":{"type":"Point","coordinates":[15.521579605,59.466986532]},"properties":{"name":"Nytorp","road":"249","bearing":63}},{"type":"Feature","geometry":{"type":"Point","coordinates":[15.560608774,59.463610043]},"properties":{"name":"Ekebyhammar","road":"249","bearing":313}},{"type":"Feature","geometry":{"type":"Point","coordinates":[15.580960712,59.45382251]},"properties":{"name":"Gropen","road":"249","bearing":145}},{"type":"Feature","geometry":{"type":"Point","coordinates":[15.435103377,58.908320325]},"properties":{"name":"Averby","road":"51","bearing":185}},{"type":"Feature","geometry":{"type":"Point","coordinates":[15.428692081,58.934503018]},"properties":{"name":"Stenkulla","road":"51","bearing":355}},{"type":"Feature","geometry":{"type":"Point","coordinates":[15.414313394,58.959660257]},"properties":{"name":"Närkesbergsvägen","road":"51","bearing":349}},{"type":"Feature","geometry":{"type":"Point","coordinates":[15.409450451,58.98208281]},"properties":{"name":"Södra Sättran","road":"51","bearing":177}},{"type":"Feature","geometry":{"type":"Point","coordinates":[14.488541967,59.3821544]},"properties":{"name":"Nysäter","road":"237","bearing":129}},{"type":"Feature","geometry":{"type":"Point","coordinates":[14.446132342,59.395568486]},"properties":{"name":"Vreten","road":"237","bearing":137}},{"type":"Feature","geometry":{"type":"Point","coordinates":[17.518273298,60.32468167]},"properties":{"name":"Vallby1","road":"292","bearing":147}},{"type":"Feature","geometry":{"type":"Point","coordinates":[17.525392962,60.32046816]},"properties":{"name":"Vallby2","road":"292","bearing":317}},{"type":"Feature","geometry":{"type":"Point","coordinates":[17.571484144,60.298518005]},"properties":{"name":"Gatmot","road":"292","bearing":322}},{"type":"Feature","geometry":{"type":"Point","coordinates":[17.737797167,60.216690381]},"properties":{"name":"Berg","road":"292","bearing":98}},{"type":"Feature","geometry":{"type":"Point","coordinates":[12.431246878,56.925217514]},"properties":{"name":"Olofsbäck norrgående","road":"767","bearing":133}},{"type":"Feature","geometry":{"type":"Point","coordinates":[12.42724388,56.927022483]},"properties":{"name":"Olofsbäck södergående","road":"767","bearing":321}},{"type":"Feature","geometry":{"type":"Point","coordinates":[12.66473993,56.865400599]},"properties":{"name":"Bergagård södergående","road":"601","bearing":316}},{"type":"Feature","geometry":{"type":"Point","coordinates":[12.66107386,56.867353982]},"properties":{"name":"Bergagård norrgående","road":"601","bearing":141}},{"type":"Feature","geometry":{"type":"Point","coordinates":[13.211738351,56.358648511]},"properties":{"name":"Nordanå södergående","road":"24","bearing":269}},{"type":"Feature","geometry":{"type":"Point","coordinates":[12.791526944,57.102616304]},"properties":{"name":"Skällstorp östergående","road":"153","bearing":313}},{"type":"Feature","geometry":{"type":"Point","coordinates":[12.895783468,57.112784847]},"properties":{"name":"Silvagärde västergående","road":"153","bearing":75}},{"type":"Feature","geometry":{"type":"Point","coordinates":[12.59390302,57.009389845]},"properties":{"name":"Svensgård norrgående","road":"154","bearing":219}},{"type":"Feature","geometry":{"type":"Point","coordinates":[12.701686266,57.115648551]},"properties":{"name":"Torp","road":"154","bearing":56}},{"type":"Feature","geometry":{"type":"Point","coordinates":[13.015226997,56.845880614]},"properties":{"name":"Spenshult norrgående","road":"26","bearing":239}},{"type":"Feature","geometry":{"type":"Point","coordinates":[13.01641138,56.846429605]},"properties":{"name":"Spenshult södergående","road":"26","bearing":61}},{"type":"Feature","geometry":{"type":"Point","coordinates":[12.150959776,58.197203093]},"properties":{"name":"S Torpabron","road":"E45","bearing":209}},{"type":"Feature","geometry":{"type":"Point","coordinates":[12.157765722,58.203196241]},"properties":{"name":"N Torpabron","road":"E45","bearing":46}},{"type":"Feature","geometry":{"type":"Point","coordinates":[14.019677335,58.704707209]},"properties":{"name":"Fredsbergs mosse östergående","road":"202","bearing":293}},{"type":"Feature","geometry":{"type":"Point","coordinates":[14.026664675,58.704185361]},"properties":{"name":"Fredsbergs mosse västergående","road":"202","bearing":92}},{"type":"Feature","geometry":{"type":"Point","coordinates":[13.523299208,58.087640182]},"properties":{"name":"Slutarp","road":"46","bearing":16}},{"type":"Feature","geometry":{"type":"Point","coordinates":[13.558775391,58.130725354]},"properties":{"name":"Luttra","road":"46","bearing":212}},{"type":"Feature","geometry":{"type":"Point","coordinates":[13.563238221,58.13840238]},"properties":{"name":"Sköttning","road":"46","bearing":0}},{"type":"Feature","geometry":{"type":"Point","coordinates":[13.563328799,58.1403707]},"properties":{"name":"Gropagården","road":"46","bearing":176}},{"type":"Feature","geometry":{"type":"Point","coordinates":[13.687284167,58.117623576]},"properties":{"name":"Backen","road":"47","bearing":337}},{"type":"Feature","geometry":{"type":"Point","coordinates":[13.733448265,58.092516307]},"properties":{"name":"Sotagården","road":"47","bearing":140}},{"type":"Feature","geometry":{"type":"Point","coordinates":[13.801375046,58.073635706]},"properties":{"name":"Smedstorp","road":"47","bearing":308}},{"type":"Feature","geometry":{"type":"Point","coordinates":[13.415922654,59.410796436]},"properties":{"name":"Kätterud, norrgående ","road":"61","bearing":180}},{"type":"Feature","geometry":{"type":"Point","coordinates":[13.415411143,59.411185424]},"properties":{"name":"Kätterud, södergående ","road":"61","bearing":350}},{"type":"Feature","geometry":{"type":"Point","coordinates":[13.073916712,56.165565956]},"properties":{"name":"Lyckås","road":"13","bearing":329}},{"type":"Feature","geometry":{"type":"Point","coordinates":[13.066959452,56.17388679]},"properties":{"name":"Vättinge","road":"13","bearing":162}},{"type":"Feature","geometry":{"type":"Point","coordinates":[12.983582843,56.254190246]},"properties":{"name":"Skillinge","road":"13","bearing":276}},{"type":"Feature","geometry":{"type":"Point","coordinates":[12.972125825,56.254703968]},"properties":{"name":"Skoghem","road":"13","bearing":95}},{"type":"Feature","geometry":{"type":"Point","coordinates":[12.920011687,56.252931198]},"properties":{"name":"Rebbelberga","road":"13","bearing":88}},{"type":"Feature","geometry":{"type":"Point","coordinates":[12.937499743,55.890129873]},"properties":{"name":"Asmundtorp östergående","road":"17","bearing":267}},{"type":"Feature","geometry":{"type":"Point","coordinates":[12.951965604,55.890874705]},"properties":{"name":"Asmundtorp västergående","road":"17","bearing":90}},{"type":"Feature","geometry":{"type":"Point","coordinates":[13.029520562,55.880637193]},"properties":{"name":"Värmö","road":"17","bearing":104}},{"type":"Feature","geometry":{"type":"Point","coordinates":[14.116362241,55.735179199]},"properties":{"name":"Piraten","road":"19","bearing":59}},{"type":"Feature","geometry":{"type":"Point","coordinates":[14.13810989,55.811352284]},"properties":{"name":"Österlia","road":"19","bearing":324}},{"type":"Feature","geometry":{"type":"Point","coordinates":[13.499192907,55.854684581]},"properties":{"name":"Klinta","road":"23","bearing":4}},{"type":"Feature","geometry":{"type":"Point","coordinates":[13.676798753,56.026942848]},"properties":{"name":"Sösdala norrgående","road":"23","bearing":209}},{"type":"Feature","geometry":{"type":"Point","coordinates":[13.692641278,56.036780461]},"properties":{"name":"Sösdala södergående","road":"23","bearing":51}},{"type":"Feature","geometry":{"type":"Point","coordinates":[13.403757496,56.253745839]},"properties":{"name":"Dalshult","road":"24","bearing":94}},{"type":"Feature","geometry":{"type":"Point","coordinates":[12.865732461,56.323452751]},"properties":{"name":"Vanstad","road":"105","bearing":109}},{"type":"Feature","geometry":{"type":"Point","coordinates":[12.853655467,56.32336986]},"properties":{"name":"Annelund","road":"105","bearing":268}},{"type":"Feature","geometry":{"type":"Point","coordinates":[12.823159132,56.328643173]},"properties":{"name":"Södra Karstorp","road":"105","bearing":129}},{"type":"Feature","geometry":{"type":"Point","coordinates":[12.802004186,56.342091567]},"properties":{"name":"Viarp","road":"105","bearing":348}},{"type":"Feature","geometry":{"type":"Point","coordinates":[12.853230507,56.014053711]},"properties":{"name":"Bunketofta","road":"109","bearing":258}},{"type":"Feature","geometry":{"type":"Point","coordinates":[12.882908649,56.014989267]},"properties":{"name":"Hässlunda","road":"109","bearing":117}},{"type":"Feature","geometry":{"type":"Point","coordinates":[12.958018054,55.903826974]},"properties":{"name":"Rönneberga","road":"110","bearing":173}},{"type":"Feature","geometry":{"type":"Point","coordinates":[13.333982665,55.521000012]},"properties":{"name":"Sturup södergående","road":"813","bearing":28}},{"type":"Feature","geometry":{"type":"Point","coordinates":[14.954848242,56.548546836]},"properties":{"name":"Solhem","road":"27","bearing":355}},{"type":"Feature","geometry":{"type":"Point","coordinates":[14.945625678,56.571434703]},"properties":{"name":"Slättamåla","road":"27","bearing":170}},{"type":"Feature","geometry":{"type":"Point","coordinates":[14.931305218,56.588605216]},"properties":{"name":"Kvarnamåla","road":"27","bearing":345}},{"type":"Feature","geometry":{"type":"Point","coordinates":[16.152000988,57.264733107]},"properties":{"name":"Korsvägen västergående","road":"37","bearing":88}},{"type":"Feature","geometry":{"type":"Point","coordinates":[16.248498551,57.265617426]},"properties":{"name":"Broddevik","road":"37","bearing":260}},{"type":"Feature","geometry":{"type":"Point","coordinates":[16.317231307,57.261969128]},"properties":{"name":"Århult","road":"37","bearing":150}},{"type":"Feature","geometry":{"type":"Point","coordinates":[14.0955912,57.922749916]},"properties":{"name":"Habo Norra norrgående","road":"195","bearing":170}},{"type":"Feature","geometry":{"type":"Point","coordinates":[14.094958848,57.924398221]},"properties":{"name":"Habo Norra södergående","road":"195","bearing":0}},{"type":"Feature","geometry":{"type":"Point","coordinates":[14.105113752,57.953250451]},"properties":{"name":"Nedre Starbäck","road":"195","bearing":195}},{"type":"Feature","geometry":{"type":"Point","coordinates":[17.747999577,60.024565623]},"properties":{"name":"Rudtorp","road":"290","bearing":15}},{"type":"Feature","geometry":{"type":"Point","coordinates":[17.755780025,60.061922404]},"properties":{"name":"Norrgrind","road":"290","bearing":196}},{"type":"Feature","geometry":{"type":"Point","coordinates":[14.087261055,55.883337414]},"properties":{"name":"Eskilstorp norrgående","road":"19","bearing":185}},{"type":"Feature","geometry":{"type":"Point","coordinates":[12.656407348,58.101165203]},"properties":{"name":"Upplo norrgående","road":"42","bearing":164}},{"type":"Feature","geometry":{"type":"Point","coordinates":[12.557438678,58.115605881]},"properties":{"name":"Hultet","road":"42","bearing":311}},{"type":"Feature","geometry":{"type":"Point","coordinates":[12.484610585,58.132744556]},"properties":{"name":"Draget norrgående","road":"42","bearing":118}},{"type":"Feature","geometry":{"type":"Point","coordinates":[12.480558043,58.133599032]},"properties":{"name":"Draget södergående","road":"42","bearing":281}},{"type":"Feature","geometry":{"type":"Point","coordinates":[12.428368347,58.137615798]},"properties":{"name":"Boryd norrgående","road":"42","bearing":100}},{"type":"Feature","geometry":{"type":"Point","coordinates":[12.423928369,58.243450989]},"properties":{"name":"Väne-Åsaka skola södergående","road":"42","bearing":0}},{"type":"Feature","geometry":{"type":"Point","coordinates":[13.59948363,57.407851291]},"properties":{"name":"Forsvik","road":"26","bearing":190}},{"type":"Feature","geometry":{"type":"Point","coordinates":[14.968978639,57.522355918]},"properties":{"name":"Tuveryd","road":"31","bearing":130}},{"type":"Feature","geometry":{"type":"Point","coordinates":[14.952272063,57.530372287]},"properties":{"name":"Björköby","road":"31","bearing":321}},{"type":"Feature","geometry":{"type":"Point","coordinates":[14.833101854,57.603569738]},"properties":{"name":"Vimmenarp","road":"31","bearing":344}},{"type":"Feature","geometry":{"type":"Point","coordinates":[14.819853221,57.612875524]},"properties":{"name":"Uggelkärr","road":"31","bearing":131}},{"type":"Feature","geometry":{"type":"Point","coordinates":[14.25353301,57.031042028]},"properties":{"name":"Horda norrgående","road":"27","bearing":152}},{"type":"Feature","geometry":{"type":"Point","coordinates":[14.625898427,56.183770202]},"properties":{"name":"Målen","road":"15","bearing":136}},{"type":"Feature","geometry":{"type":"Point","coordinates":[14.558267281,56.222936235]},"properties":{"name":"Skrivarehagen","road":"15","bearing":301}},{"type":"Feature","geometry":{"type":"Point","coordinates":[14.533508485,56.251120247]},"properties":{"name":"Rosenhill","road":"15","bearing":339}},{"type":"Feature","geometry":{"type":"Point","coordinates":[14.813441594,56.216845653]},"properties":{"name":"Torarp norrgående","road":"29","bearing":197}},{"type":"Feature","geometry":{"type":"Point","coordinates":[15.752104804,57.13309891]},"properties":{"name":"Träthultsmåla","road":"37","bearing":260}},{"type":"Feature","geometry":{"type":"Point","coordinates":[15.934434546,57.148888453]},"properties":{"name":"Nötebäckshult","road":"37","bearing":245}},{"type":"Feature","geometry":{"type":"Point","coordinates":[16.002960171,57.167153553]},"properties":{"name":"Skullekärret","road":"37","bearing":86}},{"type":"Feature","geometry":{"type":"Point","coordinates":[15.596880105,57.334486874]},"properties":{"name":"Virserumsån","road":"23","bearing":277}},{"type":"Feature","geometry":{"type":"Point","coordinates":[15.698028263,57.377517306]},"properties":{"name":"Melsjön","road":"23","bearing":73}},{"type":"Feature","geometry":{"type":"Point","coordinates":[15.543346189,56.672868142]},"properties":{"name":"Getasjön","road":"28","bearing":330}},{"type":"Feature","geometry":{"type":"Point","coordinates":[15.497308702,56.728438188]},"properties":{"name":"Kullerstad","road":"28","bearing":318}},{"type":"Feature","geometry":{"type":"Point","coordinates":[17.307180666,60.649416992]},"properties":{"name":"Knaperåsen västgående","road":"76","bearing":77}},{"type":"Feature","geometry":{"type":"Point","coordinates":[15.101796318,60.894431242]},"properties":{"name":"Rättvik norrgående","road":"70","bearing":125}},{"type":"Feature","geometry":{"type":"Point","coordinates":[15.097782097,60.89543976]},"properties":{"name":"Rättvik södergående","road":"70","bearing":300}},{"type":"Feature","geometry":{"type":"Point","coordinates":[14.061749995,60.479541135]},"properties":{"name":"Rågsveden östgående","road":"E16","bearing":290}},{"type":"Feature","geometry":{"type":"Point","coordinates":[15.448523113,60.723754074]},"properties":{"name":"Bjursås norrgående","road":"69","bearing":147}},{"type":"Feature","geometry":{"type":"Point","coordinates":[15.437560428,60.734456641]},"properties":{"name":"Bjursås södergående","road":"69","bearing":322}},{"type":"Feature","geometry":{"type":"Point","coordinates":[16.395144189,61.35961375]},"properties":{"name":"Bollnäs södergående","road":"83","bearing":7}},{"type":"Feature","geometry":{"type":"Point","coordinates":[18.048651586,59.253258846]},"properties":{"name":"Magelungsvägen/Snösätravägen","road":"271","bearing":338}},{"type":"Feature","geometry":{"type":"Point","coordinates":[18.085557825,59.240517227]},"properties":{"name":"Farsta IP, östergående","road":"271","bearing":301}},{"type":"Feature","geometry":{"type":"Point","coordinates":[18.088300637,59.23981406]},"properties":{"name":"Farsta IP, västergående","road":"271","bearing":132}},{"type":"Feature","geometry":{"type":"Point","coordinates":[16.448383761,60.426511529]},"properties":{"name":"Bodås södergående","road":"68","bearing":358}},{"type":"Feature","geometry":{"type":"Point","coordinates":[16.4496762,60.448193492]},"properties":{"name":"Hästbo norrgående","road":"68","bearing":169}},{"type":"Feature","geometry":{"type":"Point","coordinates":[16.432494804,60.500526442]},"properties":{"name":"Vallbyheden södergående","road":"68","bearing":355}},{"type":"Feature","geometry":{"type":"Point","coordinates":[16.436125692,60.514280732]},"properties":{"name":"Berg norrgående","road":"68","bearing":205}},{"type":"Feature","geometry":{"type":"Point","coordinates":[16.438154598,60.516494912]},"properties":{"name":"Berg södergående","road":"68","bearing":30}},{"type":"Feature","geometry":{"type":"Point","coordinates":[16.471891317,60.547018602]},"properties":{"name":"Wij norrgående","road":"68","bearing":208}},{"type":"Feature","geometry":{"type":"Point","coordinates":[16.455524929,60.395263481]},"properties":{"name":"Baggå norrgående","road":"68","bearing":180}},{"type":"Feature","geometry":{"type":"Point","coordinates":[11.410825485,58.432367148]},"properties":{"name":"Ödstoft västergående","road":"171","bearing":59}},{"type":"Feature","geometry":{"type":"Point","coordinates":[11.498621434,58.455571421]},"properties":{"name":"Skarstad västergående","road":"171","bearing":93}},{"type":"Feature","geometry":{"type":"Point","coordinates":[11.232060158,59.024931272]},"properties":{"name":"Hogdal norrgående","road":"1040","bearing":106}},{"type":"Feature","geometry":{"type":"Point","coordinates":[11.220650443,59.067677717]},"properties":{"name":"Nordby norrgående","road":"1040","bearing":225}},{"type":"Feature","geometry":{"type":"Point","coordinates":[11.226667465,59.0704332]},"properties":{"name":"Nordby södergående","road":"1040","bearing":74}},{"type":"Feature","geometry":{"type":"Point","coordinates":[14.517262885,60.447901557]},"properties":{"name":"Sveden västgående","road":"E16","bearing":144}},{"type":"Feature","geometry":{"type":"Point","coordinates":[14.559927828,60.447268061]},"properties":{"name":"Utanhed östgående","road":"E16","bearing":267}},{"type":"Feature","geometry":{"type":"Point","coordinates":[14.567815774,60.4499875]},"properties":{"name":"Utanhed västgående","road":"E16","bearing":30}},{"type":"Feature","geometry":{"type":"Point","coordinates":[14.442990385,60.527002626]},"properties":{"name":"Snöåbyn östgående","road":"E16","bearing":309}},{"type":"Feature","geometry":{"type":"Point","coordinates":[14.447671884,60.523843589]},"properties":{"name":"Snöåbyn västgående","road":"E16","bearing":165}},{"type":"Feature","geometry":{"type":"Point","coordinates":[14.46166471,56.387377032]},"properties":{"name":"Möllesjön","road":"15","bearing":158}},{"type":"Feature","geometry":{"type":"Point","coordinates":[14.476079507,56.364968431]},"properties":{"name":"Slätten","road":"15","bearing":350}},{"type":"Feature","geometry":{"type":"Point","coordinates":[14.491728666,56.342131922]},"properties":{"name":"Kopparesjön","road":"15","bearing":150}},{"type":"Feature","geometry":{"type":"Point","coordinates":[14.519106597,56.291496139]},"properties":{"name":"Hagaberg","road":"15","bearing":180}},{"type":"Feature","geometry":{"type":"Point","coordinates":[14.414847946,62.731535294]},"properties":{"name":"Rörösjön norrgående","road":"E45","bearing":180}},{"type":"Feature","geometry":{"type":"Point","coordinates":[19.657160796,63.585901506]},"properties":{"name":"Håknäs norrgående","road":"E4","bearing":250}},{"type":"Feature","geometry":{"type":"Point","coordinates":[19.666914227,63.587517601]},"properties":{"name":"Håknäs södergående","road":"E4","bearing":70}},{"type":"Feature","geometry":{"type":"Point","coordinates":[12.545674374,57.437292654]},"properties":{"name":"Heden","road":"41","bearing":60}},{"type":"Feature","geometry":{"type":"Point","coordinates":[12.554352338,57.440346012]},"properties":{"name":"Hulatorp","road":"41","bearing":242}},{"type":"Feature","geometry":{"type":"Point","coordinates":[15.828498364,56.190868986]},"properties":{"name":"Jämjö Västra västergående","road":"E22","bearing":71}},{"type":"Feature","geometry":{"type":"Point","coordinates":[15.829549309,56.191032656]},"properties":{"name":"Jämjö västra","road":"E22","bearing":243}},{"type":"Feature","geometry":{"type":"Point","coordinates":[12.246083809,57.827417623]},"properties":{"name":"Stannums Byväg","road":"190","bearing":66}},{"type":"Feature","geometry":{"type":"Point","coordinates":[11.233249914,58.361960845]},"properties":{"name":"Hasselön","road":"1186","bearing":52}},{"type":"Feature","geometry":{"type":"Point","coordinates":[15.26486442,56.763161794]},"properties":{"name":"Lessebo norr","road":"25","bearing":355}},{"type":"Feature","geometry":{"type":"Point","coordinates":[17.817366768,59.156569576]},"properties":{"name":"Smällan","road":"225","bearing":300}},{"type":"Feature","geometry":{"type":"Point","coordinates":[16.86945914,58.777813481]},"properties":{"name":"Larslund","road":"52","bearing":285}},{"type":"Feature","geometry":{"type":"Point","coordinates":[14.013031648,59.369850577]},"properties":{"name":"Stolpen västergående","road":"E18","bearing":133}},{"type":"Feature","geometry":{"type":"Point","coordinates":[14.065481134,59.355283967]},"properties":{"name":"Kroksvik, östergående ","road":"E18","bearing":295}},{"type":"Feature","geometry":{"type":"Point","coordinates":[14.069012871,59.354770384]},"properties":{"name":"Kroksvik, västergående ","road":"E18","bearing":118}},{"type":"Feature","geometry":{"type":"Point","coordinates":[15.782916021,57.725910875]},"properties":{"name":"Södra Vi","road":"23","bearing":335}},{"type":"Feature","geometry":{"type":"Point","coordinates":[20.508686493,64.841310172]},"properties":{"name":"Svanström västgående","road":"95","bearing":125}},{"type":"Feature","geometry":{"type":"Point","coordinates":[20.3902109,64.878310729]},"properties":{"name":"Boliden östgående","road":"370","bearing":270}},{"type":"Feature","geometry":{"type":"Point","coordinates":[15.844200912,57.580855538]},"properties":{"name":"Storebro S","road":"23","bearing":12}},{"type":"Feature","geometry":{"type":"Point","coordinates":[19.994033506,63.772259293]},"properties":{"name":"Yttersjö västgående","road":"512","bearing":80}},{"type":"Feature","geometry":{"type":"Point","coordinates":[20.043844496,63.772420812]},"properties":{"name":"Djäkneböle östgående","road":"512","bearing":272}},{"type":"Feature","geometry":{"type":"Point","coordinates":[18.138114889,59.535026168]},"properties":{"name":"Olhamra","road":"268","bearing":255}},{"type":"Feature","geometry":{"type":"Point","coordinates":[20.449092264,63.87001858]},"properties":{"name":"Täfteböle norrgående","road":"E4","bearing":230}},{"type":"Feature","geometry":{"type":"Point","coordinates":[14.967859137,60.511442329]},"properties":{"name":"Mockfjärd västgående ","road":"E16","bearing":44}},{"type":"Feature","geometry":{"type":"Point","coordinates":[15.025874,60.531043871]},"properties":{"name":"Rista västgående","road":"E16","bearing":60}},{"type":"Feature","geometry":{"type":"Point","coordinates":[15.082407573,60.549956675]},"properties":{"name":"Lindan östgående ","road":"E16","bearing":242}},{"type":"Feature","geometry":{"type":"Point","coordinates":[15.087679705,60.551120527]},"properties":{"name":"Lindan västgående","road":"E16","bearing":75}},{"type":"Feature","geometry":{"type":"Point","coordinates":[11.618753759,58.192105863]},"properties":{"name":"Röra kyrka södergående","road":"740","bearing":24}},{"type":"Feature","geometry":{"type":"Point","coordinates":[11.624649298,58.205493422]},"properties":{"name":"Alekärret","road":"740","bearing":196}},{"type":"Feature","geometry":{"type":"Point","coordinates":[11.633923789,58.215805799]},"properties":{"name":"Hogen","road":"740","bearing":27}},{"type":"Feature","geometry":{"type":"Point","coordinates":[17.598698483,60.276292991]},"properties":{"name":"Fjällen","road":"292","bearing":150}},{"type":"Feature","geometry":{"type":"Point","coordinates":[13.110279405,59.534197682]},"properties":{"name":"Säldebråten norrgående ","road":"61","bearing":141}},{"type":"Feature","geometry":{"type":"Point","coordinates":[13.075227235,59.543504407]},"properties":{"name":"Nyängen norrgående","road":"61","bearing":121}},{"type":"Feature","geometry":{"type":"Point","coordinates":[13.066657305,59.545803309]},"properties":{"name":"Nyängen södergående","road":"61","bearing":315}},{"type":"Feature","geometry":{"type":"Point","coordinates":[14.019581256,63.334621564]},"properties":{"name":"Trångsviken västgående","road":"E14","bearing":115}},{"type":"Feature","geometry":{"type":"Point","coordinates":[20.962425443,64.728924606]},"properties":{"name":"Gåsmyran norrgående","road":"364","bearing":230}},{"type":"Feature","geometry":{"type":"Point","coordinates":[20.90158551,67.10717876]},"properties":{"name":"Stenbron södergående","road":"E10","bearing":8}},{"type":"Feature","geometry":{"type":"Point","coordinates":[13.38275253,57.115295371]},"properties":{"name":"Skeppshult norrgående","road":"26","bearing":211}},{"type":"Feature","geometry":{"type":"Point","coordinates":[19.784322599,63.922033087]},"properties":{"name":"Flakaberget västgående","road":"E12","bearing":115}},{"type":"Feature","geometry":{"type":"Point","coordinates":[19.778118798,63.92243609]},"properties":{"name":"Flakaberget östgående","road":"92","bearing":265}},{"type":"Feature","geometry":{"type":"Point","coordinates":[17.882554562,62.611235114]},"properties":{"name":"Fröland norrgående","road":"E4","bearing":240}},{"type":"Feature","geometry":{"type":"Point","coordinates":[17.274540743,62.436683541]},"properties":{"name":"Hammal norrgående","road":"622","bearing":210}},{"type":"Feature","geometry":{"type":"Point","coordinates":[15.73341267,56.835638862]},"properties":{"name":"Orrefors","road":"31","bearing":307}},{"type":"Feature","geometry":{"type":"Point","coordinates":[13.523052386,56.474205243]},"properties":{"name":"Råstorpskrysset väst","road":"15","bearing":290}},{"type":"Feature","geometry":{"type":"Point","coordinates":[13.573952807,56.471098343]},"properties":{"name":"Åmot","road":"15","bearing":82}},{"type":"Feature","geometry":{"type":"Point","coordinates":[17.147269214,62.519931156]},"properties":{"name":"Strömås södergående","road":"86","bearing":17}},{"type":"Feature","geometry":{"type":"Point","coordinates":[17.132881461,62.542914509]},"properties":{"name":"Krånge södergående","road":"86","bearing":331}},{"type":"Feature","geometry":{"type":"Point","coordinates":[14.496192108,60.454162647]},"properties":{"name":"Nås östgående","road":"E16","bearing":345}},{"type":"Feature","geometry":{"type":"Point","coordinates":[15.830050773,56.780949271]},"properties":{"name":"Getahult","road":"31","bearing":292}},{"type":"Feature","geometry":{"type":"Point","coordinates":[17.417016744,62.575782716]},"properties":{"name":"Stavre norrgående","road":"331","bearing":185}},{"type":"Feature","geometry":{"type":"Point","coordinates":[17.417123106,62.577092021]},"properties":{"name":"Stavre södergående","road":"331","bearing":8}},{"type":"Feature","geometry":{"type":"Point","coordinates":[18.366551586,59.505760084]},"properties":{"name":"Singö","road":"276","bearing":62}},{"type":"Feature","geometry":{"type":"Point","coordinates":[21.918072624,65.532056069]},"properties":{"name":"Måttsund västgående","road":"580","bearing":115}},{"type":"Feature","geometry":{"type":"Point","coordinates":[16.044872188,60.345592108]},"properties":{"name":"Älvgården norrgående","road":"270","bearing":185}},{"type":"Feature","geometry":{"type":"Point","coordinates":[16.074239058,60.414868892]},"properties":{"name":"Svinöhed norrgående","road":"270","bearing":184}},{"type":"Feature","geometry":{"type":"Point","coordinates":[16.073293291,60.416474867]},"properties":{"name":"Svinöhed södergående","road":"270","bearing":335}},{"type":"Feature","geometry":{"type":"Point","coordinates":[11.499370283,58.455457051]},"properties":{"name":"Skarstad östergående","road":"171","bearing":278}},{"type":"Feature","geometry":{"type":"Point","coordinates":[17.567120861,59.99539659]},"properties":{"name":"Drälinge","road":"600","bearing":155}},{"type":"Feature","geometry":{"type":"Point","coordinates":[17.40074092,59.956737359]},"properties":{"name":"Johanneslund","road":"272","bearing":313}},{"type":"Feature","geometry":{"type":"Point","coordinates":[16.288606444,57.696082488]},"properties":{"name":"Långsjön östergående","road":"40","bearing":270}},{"type":"Feature","geometry":{"type":"Point","coordinates":[16.184555868,63.150094353]},"properties":{"name":"Döviken östgående","road":"87","bearing":232}},{"type":"Feature","geometry":{"type":"Point","coordinates":[16.959110439,60.570487971]},"properties":{"name":"Tvea Syd","road":"56","bearing":218}},{"type":"Feature","geometry":{"type":"Point","coordinates":[16.938876659,60.502301578]},"properties":{"name":"Främlingshem södergående","road":"56","bearing":8}},{"type":"Feature","geometry":{"type":"Point","coordinates":[12.585290618,57.97362667]},"properties":{"name":"Röttorp norrgående körriktning","road":"1890","bearing":210}},{"type":"Feature","geometry":{"type":"Point","coordinates":[12.586366734,57.974725376]},"properties":{"name":"Röttorp södergående körriktning","road":"1890","bearing":34}},{"type":"Feature","geometry":{"type":"Point","coordinates":[12.633760299,58.026698428]},"properties":{"name":"Östadkulle norrgående körriktning","road":"1890","bearing":172}},{"type":"Feature","geometry":{"type":"Point","coordinates":[12.632979263,58.028265328]},"properties":{"name":"Sadelsten södergående körriktning","road":"1890","bearing":2}},{"type":"Feature","geometry":{"type":"Point","coordinates":[13.472068293,58.159962493]},"properties":{"name":"Skattegården","road":"47","bearing":109}},{"type":"Feature","geometry":{"type":"Point","coordinates":[13.47212349,58.159864338]},"properties":{"name":"Källegården","road":"47","bearing":296}},{"type":"Feature","geometry":{"type":"Point","coordinates":[13.512194554,58.154310234]},"properties":{"name":"Redberga","road":"47","bearing":287}},{"type":"Feature","geometry":{"type":"Point","coordinates":[13.514894688,58.153946438]},"properties":{"name":"Vallen","road":"47","bearing":116}},{"type":"Feature","geometry":{"type":"Point","coordinates":[15.730021996,59.371694154]},"properties":{"name":"Racksätter","road":"572","bearing":68}},{"type":"Feature","geometry":{"type":"Point","coordinates":[15.792680276,59.381377703]},"properties":{"name":"Grindtorp 1","road":"572","bearing":261}},{"type":"Feature","geometry":{"type":"Point","coordinates":[15.792770368,59.381466961]},"properties":{"name":"Grindtorp 2","road":"572","bearing":81}},{"type":"Feature","geometry":{"type":"Point","coordinates":[15.571837323,59.341725656]},"properties":{"name":"Gålltorp","road":"823","bearing":252}},{"type":"Feature","geometry":{"type":"Point","coordinates":[15.605961308,59.344678755]},"properties":{"name":"Gunnarsökna","road":"823","bearing":103}},{"type":"Feature","geometry":{"type":"Point","coordinates":[12.642558003,56.87580377]},"properties":{"name":"Hanarp norrgående","road":"601","bearing":130}},{"type":"Feature","geometry":{"type":"Point","coordinates":[12.637080105,56.878602952]},"properties":{"name":"Heberg södergående","road":"601","bearing":322}},{"type":"Feature","geometry":{"type":"Point","coordinates":[12.816349582,56.781407744]},"properties":{"name":"Kvibille Södergående","road":"601","bearing":347}},{"type":"Feature","geometry":{"type":"Point","coordinates":[13.602407265,55.910463774]},"properties":{"name":"Bokebo","road":"13","bearing":144}},{"type":"Feature","geometry":{"type":"Point","coordinates":[15.634762081,59.348502102]},"properties":{"name":"Vargmossen","road":"572","bearing":251}},{"type":"Feature","geometry":{"type":"Point","coordinates":[15.648809868,59.350238032]},"properties":{"name":"Kåsätter","road":"572","bearing":82}},{"type":"Feature","geometry":{"type":"Point","coordinates":[15.68849384,59.360371069]},"properties":{"name":"Hasta","road":"572","bearing":231}},{"type":"Feature","geometry":{"type":"Point","coordinates":[14.152683494,59.06689491]},"properties":{"name":"Kolstrandsviken","road":"26","bearing":200}},{"type":"Feature","geometry":{"type":"Point","coordinates":[14.159783407,59.08538806]},"properties":{"name":"Säby norrgående","road":"26","bearing":197}},{"type":"Feature","geometry":{"type":"Point","coordinates":[14.1623603,59.088485197]},"properties":{"name":"Säby södergående","road":"26","bearing":36}},{"type":"Feature","geometry":{"type":"Point","coordinates":[18.471059026,59.872863775]},"properties":{"name":"Johannesberg","road":"280","bearing":212}},{"type":"Feature","geometry":{"type":"Point","coordinates":[18.443160713,59.843731179]},"properties":{"name":"Sättraby","road":"280","bearing":189}},{"type":"Feature","geometry":{"type":"Point","coordinates":[18.439968521,59.818182314]},"properties":{"name":"Norelund","road":"280","bearing":0}},{"type":"Feature","geometry":{"type":"Point","coordinates":[15.736314068,59.965565442]},"properties":{"name":"Hedkärra","road":"66","bearing":101}},{"type":"Feature","geometry":{"type":"Point","coordinates":[15.721073513,59.968918175]},"properties":{"name":"Jönsbacken","road":"66","bearing":312}},{"type":"Feature","geometry":{"type":"Point","coordinates":[17.239996111,61.989652714]},"properties":{"name":"Sandbäcken","road":"E4","bearing":6}},{"type":"Feature","geometry":{"type":"Point","coordinates":[13.899753977,55.943185722]},"properties":{"name":"Sätaröd","road":"1980","bearing":303}},{"type":"Feature","geometry":{"type":"Point","coordinates":[17.634254494,59.536163787]},"properties":{"name":"Norrboda","road":"269","bearing":188}},{"type":"Feature","geometry":{"type":"Point","coordinates":[15.236512417,62.919291181]},"properties":{"name":"Gällö södergående","road":"E14","bearing":325}},{"type":"Feature","geometry":{"type":"Point","coordinates":[16.11929887,63.144915025]},"properties":{"name":"Krångede västgående","road":"87","bearing":85}},{"type":"Feature","geometry":{"type":"Point","coordinates":[16.212031997,63.157420467]},"properties":{"name":"Ammer västgående","road":"87","bearing":96}},{"type":"Feature","geometry":{"type":"Point","coordinates":[16.341939961,63.13798487]},"properties":{"name":"Gevåg västgående","road":"87","bearing":156}},{"type":"Feature","geometry":{"type":"Point","coordinates":[16.364114791,63.118850734]},"properties":{"name":"Pålgård östgående","road":"87","bearing":339}},{"type":"Feature","geometry":{"type":"Point","coordinates":[16.365080848,63.117468015]},"properties":{"name":"Pålgård västgående","road":"87","bearing":176}},{"type":"Feature","geometry":{"type":"Point","coordinates":[17.220917256,59.055610272]},"properties":{"name":"Grinda 1","road":"57","bearing":92}},{"type":"Feature","geometry":{"type":"Point","coordinates":[17.221294717,59.055513966]},"properties":{"name":"Grinda 2","road":"57","bearing":270}},{"type":"Feature","geometry":{"type":"Point","coordinates":[17.269898807,59.049676872]},"properties":{"name":"Söraborg","road":"57","bearing":102}},{"type":"Feature","geometry":{"type":"Point","coordinates":[17.290020091,59.044678194]},"properties":{"name":"Fruängen","road":"57","bearing":319}},{"type":"Feature","geometry":{"type":"Point","coordinates":[17.299144115,59.037455222]},"properties":{"name":"Lövensberg","road":"57","bearing":145}},{"type":"Feature","geometry":{"type":"Point","coordinates":[15.115802229,58.303307824]},"properties":{"name":"Brohagen","road":"32","bearing":345}},{"type":"Feature","geometry":{"type":"Point","coordinates":[15.114836311,58.305356506]},"properties":{"name":"Karlstorp","road":"32","bearing":160}},{"type":"Feature","geometry":{"type":"Point","coordinates":[18.186515646,59.543911582]},"properties":{"name":"Granby","road":"268","bearing":262}},{"type":"Feature","geometry":{"type":"Point","coordinates":[18.344521175,59.740875516]},"properties":{"name":"Västertorp 1","road":"77","bearing":247}},{"type":"Feature","geometry":{"type":"Point","coordinates":[17.803269868,59.641423478]},"properties":{"name":"Kristinelund","road":"255","bearing":126}},{"type":"Feature","geometry":{"type":"Point","coordinates":[17.757599826,59.657981116]},"properties":{"name":"Lövstaholm","road":"255","bearing":302}},{"type":"Feature","geometry":{"type":"Point","coordinates":[12.977590075,58.379383369]},"properties":{"name":"Järpås norrgående","road":"187","bearing":223}},{"type":"Feature","geometry":{"type":"Point","coordinates":[12.97819358,58.379896006]},"properties":{"name":"Järpås södergående","road":"187","bearing":49}},{"type":"Feature","geometry":{"type":"Point","coordinates":[13.369990532,63.323712999]},"properties":{"name":"Slagsån östgående","road":"E14","bearing":240}},{"type":"Feature","geometry":{"type":"Point","coordinates":[13.814063041,58.128648097]},"properties":{"name":"Valstad östgående","road":"193","bearing":280}},{"type":"Feature","geometry":{"type":"Point","coordinates":[13.812955176,58.12877253]},"properties":{"name":"Valstad västgående","road":"193","bearing":98}},{"type":"Feature","geometry":{"type":"Point","coordinates":[13.937148675,58.388389906]},"properties":{"name":"Forsby östgående","road":"194","bearing":315}},{"type":"Feature","geometry":{"type":"Point","coordinates":[13.936327377,58.388966932]},"properties":{"name":"Forsby västgående","road":"194","bearing":140}},{"type":"Feature","geometry":{"type":"Point","coordinates":[14.29836901,58.466189466]},"properties":{"name":"Fagersanna västgående","road":"49","bearing":65}},{"type":"Feature","geometry":{"type":"Point","coordinates":[14.311521408,58.469458204]},"properties":{"name":"Fagersanna östgående","road":"49","bearing":245}},{"type":"Feature","geometry":{"type":"Point","coordinates":[15.255071805,62.916279017]},"properties":{"name":"Gällö norrgående","road":"E14","bearing":132}},{"type":"Feature","geometry":{"type":"Point","coordinates":[18.207179609,59.208347888]},"properties":{"name":"Gudö","road":"260","bearing":13}},{"type":"Feature","geometry":{"type":"Point","coordinates":[15.375981359,56.199721395]},"properties":{"name":"Björketorp östra","road":"E22","bearing":100}},{"type":"Feature","geometry":{"type":"Point","coordinates":[17.936432221,59.541310122]},"properties":{"name":"Vik","road":"858","bearing":184}},{"type":"Feature","geometry":{"type":"Point","coordinates":[18.184347756,59.195213337]},"properties":{"name":"Vendelsö","road":"260","bearing":212}},{"type":"Feature","geometry":{"type":"Point","coordinates":[18.041365675,59.683424362]},"properties":{"name":"Norrby","road":"273","bearing":0}},{"type":"Feature","geometry":{"type":"Point","coordinates":[18.759189645,59.948589834]},"properties":{"name":"Husinge","road":"283","bearing":206}},{"type":"Feature","geometry":{"type":"Point","coordinates":[15.144716839,58.385361039]},"properties":{"name":"Backgården","road":"206","bearing":288}},{"type":"Feature","geometry":{"type":"Point","coordinates":[18.489501619,59.886441788]},"properties":{"name":"Brotorp","road":"280","bearing":0}},{"type":"Feature","geometry":{"type":"Point","coordinates":[17.96448962,59.579863869]},"properties":{"name":"Dalsäter","road":"858","bearing":12}},{"type":"Feature","geometry":{"type":"Point","coordinates":[17.642725075,59.649422005]},"properties":{"name":"Bärmö","road":"263","bearing":252}},{"type":"Feature","geometry":{"type":"Point","coordinates":[17.646000613,59.650218431]},"properties":{"name":"Granby","road":"263","bearing":74}},{"type":"Feature","geometry":{"type":"Point","coordinates":[18.135040256,57.486383795]},"properties":{"name":"Tofta strand","road":"140","bearing":56}},{"type":"Feature","geometry":{"type":"Point","coordinates":[15.743330648,57.863683089]},"properties":{"name":"Bränntorp","road":"23","bearing":168}},{"type":"Feature","geometry":{"type":"Point","coordinates":[14.458343279,59.392844822]},"properties":{"name":"Rosensjö","road":"237","bearing":283}},{"type":"Feature","geometry":{"type":"Point","coordinates":[14.426537646,59.416201413]},"properties":{"name":"Solbergstorp","road":"237","bearing":14}},{"type":"Feature","geometry":{"type":"Point","coordinates":[17.018776683,59.402937062]},"properties":{"name":"Knäppinge","road":"55","bearing":15}},{"type":"Feature","geometry":{"type":"Point","coordinates":[14.197009641,55.832911845]},"properties":{"name":"Furuboda Södergående","road":"118","bearing":0}},{"type":"Feature","geometry":{"type":"Point","coordinates":[14.222351792,55.878271508]},"properties":{"name":"Yngsjö Södergående","road":"118","bearing":22}},{"type":"Feature","geometry":{"type":"Point","coordinates":[14.267208654,55.911936315]},"properties":{"name":"Åhus Södra","road":"118","bearing":43}},{"type":"Feature","geometry":{"type":"Point","coordinates":[14.28380941,55.947795488]},"properties":{"name":"Täppet","road":"118","bearing":172}},{"type":"Feature","geometry":{"type":"Point","coordinates":[13.383566861,55.854064687]},"properties":{"name":"St Kastberga östergående","road":"17","bearing":282}},{"type":"Feature","geometry":{"type":"Point","coordinates":[13.077455735,55.805517714]},"properties":{"name":"Annehill västergående","road":"104","bearing":122}},{"type":"Feature","geometry":{"type":"Point","coordinates":[13.148994308,55.462154838]},"properties":{"name":"Slågarp","road":"101","bearing":308}},{"type":"Feature","geometry":{"type":"Point","coordinates":[13.374235736,55.428345644]},"properties":{"name":"Hönsinge","road":"101","bearing":311}},{"type":"Feature","geometry":{"type":"Point","coordinates":[15.511078492,56.202282773]},"properties":{"name":"Bjärby östergående","road":"E22","bearing":260}},{"type":"Feature","geometry":{"type":"Point","coordinates":[14.470208383,57.331292727]},"properties":{"name":"Mölnarp","road":"30","bearing":165}},{"type":"Feature","geometry":{"type":"Point","coordinates":[14.398128885,57.384714997]},"properties":{"name":"Gyllebo","road":"30","bearing":147}},{"type":"Feature","geometry":{"type":"Point","coordinates":[14.327485071,57.423748784]},"properties":{"name":"Kinnerbo","road":"30","bearing":148}},{"type":"Feature","geometry":{"type":"Point","coordinates":[14.270345801,57.5353694]},"properties":{"name":"Hooks herrgård","road":"30","bearing":148}},{"type":"Feature","geometry":{"type":"Point","coordinates":[15.418757467,59.465434656]},"properties":{"name":"Lövboda","road":"249","bearing":302}},{"type":"Feature","geometry":{"type":"Point","coordinates":[15.404009251,59.000259]},"properties":{"name":"Kulltorp","road":"51","bearing":356}},{"type":"Feature","geometry":{"type":"Point","coordinates":[17.55344827,60.309089067]},"properties":{"name":"Djupmyren","road":"292","bearing":134}},{"type":"Feature","geometry":{"type":"Point","coordinates":[17.626292409,60.259031309]},"properties":{"name":"Smedby","road":"292","bearing":302}},{"type":"Feature","geometry":{"type":"Point","coordinates":[17.800261313,60.201927098]},"properties":{"name":"Granbacken","road":"292","bearing":311}},{"type":"Feature","geometry":{"type":"Point","coordinates":[12.939985125,56.253759634]},"properties":{"name":"Kroppåkra","road":"13","bearing":267}},{"type":"Feature","geometry":{"type":"Point","coordinates":[14.144307593,55.79142056]},"properties":{"name":"Folkestorp","road":"19","bearing":205}},{"type":"Feature","geometry":{"type":"Point","coordinates":[13.387219099,56.253953744]},"properties":{"name":"Per-Turs","road":"24","bearing":278}},{"type":"Feature","geometry":{"type":"Point","coordinates":[13.339896769,55.525385088]},"properties":{"name":"Sturup norrgående","road":"813","bearing":231}},{"type":"Feature","geometry":{"type":"Point","coordinates":[14.921866893,56.625452266]},"properties":{"name":"Väckelsång","road":"27","bearing":170}},{"type":"Feature","geometry":{"type":"Point","coordinates":[16.35110592,57.257485813]},"properties":{"name":"Lagmanskvarn","road":"37","bearing":250}},{"type":"Feature","geometry":{"type":"Point","coordinates":[14.182315299,57.065966484]},"properties":{"name":"S Skunkabo","road":"27","bearing":147}},{"type":"Feature","geometry":{"type":"Point","coordinates":[14.98841355,57.520320116]},"properties":{"name":"Björkeryd","road":"32","bearing":190}},{"type":"Feature","geometry":{"type":"Point","coordinates":[14.971355677,57.578336648]},"properties":{"name":"Ingarp norra","road":"32","bearing":359}},{"type":"Feature","geometry":{"type":"Point","coordinates":[14.968600059,57.632546095]},"properties":{"name":"Nifsarp indomr södra","road":"32","bearing":181}},{"type":"Feature","geometry":{"type":"Point","coordinates":[14.815550448,56.220918858]},"properties":{"name":"Torarp södergående","road":"29","bearing":24}},{"type":"Feature","geometry":{"type":"Point","coordinates":[15.662404397,57.139138508]},"properties":{"name":"Fagerhult","road":"37","bearing":97}},{"type":"Feature","geometry":{"type":"Point","coordinates":[15.868557646,56.761703439]},"properties":{"name":"St. Idehult","road":"31","bearing":156}},{"type":"Feature","geometry":{"type":"Point","coordinates":[15.524755181,56.700762602]},"properties":{"name":"Broakulla","road":"28","bearing":171}},{"type":"Feature","geometry":{"type":"Point","coordinates":[14.857259653,57.000727881]},"properties":{"name":"Karlstorp","road":"897","bearing":29}},{"type":"Feature","geometry":{"type":"Point","coordinates":[15.105005974,58.310493461]},"properties":{"name":"Miskarp","road":"32","bearing":313}},{"type":"Feature","geometry":{"type":"Point","coordinates":[13.586211696,59.477094185]},"properties":{"name":"Vallargärdet","road":"63","bearing":220}},{"type":"Feature","geometry":{"type":"Point","coordinates":[13.075686732,55.8057956]},"properties":{"name":"Annehill östergående","road":"104","bearing":292}},{"type":"Feature","geometry":{"type":"Point","coordinates":[14.24098892,55.527722111]},"properties":{"name":"Vranarp västergående","road":"9","bearing":80}},{"type":"Feature","geometry":{"type":"Point","coordinates":[13.244846969,55.451542171]},"properties":{"name":"Fru Alstad","road":"101","bearing":282}},{"type":"Feature","geometry":{"type":"Point","coordinates":[14.518332407,57.30417731]},"properties":{"name":"G:a Hjälmseryd, Norrgående","road":"30","bearing":155}},{"type":"Feature","geometry":{"type":"Point","coordinates":[15.845624043,60.421364974]},"properties":{"name":"Landsbro norrgående","road":"69","bearing":157}},{"type":"Feature","geometry":{"type":"Point","coordinates":[14.366962818,60.549308426]},"properties":{"name":"Dala-Järna västgående","road":"E16","bearing":115}},{"type":"Feature","geometry":{"type":"Point","coordinates":[18.629639945,63.293616546]},"properties":{"name":"Översjäla norrgående","road":"E4","bearing":230}},{"type":"Feature","geometry":{"type":"Point","coordinates":[14.069086628,58.969055697]},"properties":{"name":"Bronserud norrgående körriktning","road":"26","bearing":222}},{"type":"Feature","geometry":{"type":"Point","coordinates":[14.074693589,58.972688386]},"properties":{"name":"Bronserud södergående körriktning","road":"26","bearing":48}},{"type":"Feature","geometry":{"type":"Point","coordinates":[14.23132056,58.824742431]},"properties":{"name":"Grimstorp","road":"200","bearing":0}},{"type":"Feature","geometry":{"type":"Point","coordinates":[12.828402661,59.247947014]},"properties":{"name":"Knöstad östergående","road":"E18","bearing":269}},{"type":"Feature","geometry":{"type":"Point","coordinates":[12.893246014,59.246426049]},"properties":{"name":"Knäsjön östergående","road":"E18","bearing":283}},{"type":"Feature","geometry":{"type":"Point","coordinates":[12.912594267,59.249495756]},"properties":{"name":"Knäsjön västergående","road":"E18","bearing":73}},{"type":"Feature","geometry":{"type":"Point","coordinates":[12.986029906,59.258351583]},"properties":{"name":"Valnäs östergående","road":"E18","bearing":257}},{"type":"Feature","geometry":{"type":"Point","coordinates":[12.98659504,59.258584902]},"properties":{"name":"Valnäs västergående","road":"E18","bearing":76}},{"type":"Feature","geometry":{"type":"Point","coordinates":[13.560794572,58.196001244]},"properties":{"name":"Ridskolan norrgående","road":"184","bearing":188}},{"type":"Feature","geometry":{"type":"Point","coordinates":[17.160134312,61.241739433]},"properties":{"name":"Storsjön norrgående","road":"583","bearing":159}},{"type":"Feature","geometry":{"type":"Point","coordinates":[14.859640666,63.338944332]},"properties":{"name":"Rapptorpet norrgående","road":"E45","bearing":185}},{"type":"Feature","geometry":{"type":"Point","coordinates":[17.713606418,63.004656654]},"properties":{"name":"Nordanåker östgående","road":"333","bearing":255}},{"type":"Feature","geometry":{"type":"Point","coordinates":[17.033134231,61.71673397]},"properties":{"name":"Ulvberget västgående ","road":"84","bearing":119}},{"type":"Feature","geometry":{"type":"Point","coordinates":[13.211296967,56.358740988]},"properties":{"name":"Nordanå norrgående","road":"24","bearing":90}},{"type":"Feature","geometry":{"type":"Point","coordinates":[12.888690805,57.111461484]},"properties":{"name":"Silvagärde östergående","road":"153","bearing":255}},{"type":"Feature","geometry":{"type":"Point","coordinates":[13.807783959,58.066509595]},"properties":{"name":"Skogshyddan","road":"47","bearing":185}},{"type":"Feature","geometry":{"type":"Point","coordinates":[14.131219657,55.743129676]},"properties":{"name":"Brösarps station","road":"19","bearing":215}},{"type":"Feature","geometry":{"type":"Point","coordinates":[12.655868168,58.101622515]},"properties":{"name":"Upplo södergående","road":"42","bearing":337}},{"type":"Feature","geometry":{"type":"Point","coordinates":[14.962109749,57.641535873]},"properties":{"name":"Nifsarp indomr norra","road":"32","bearing":335}},{"type":"Feature","geometry":{"type":"Point","coordinates":[14.545912522,56.232603989]},"properties":{"name":"Fuseboda","road":"15","bearing":169}},{"type":"Feature","geometry":{"type":"Point","coordinates":[14.502407745,56.32457445]},"properties":{"name":"Flyborgstorpet","road":"15","bearing":338}},{"type":"Feature","geometry":{"type":"Point","coordinates":[16.159451064,57.702335064]},"properties":{"name":"Totebo","road":"40","bearing":299}},{"type":"Feature","geometry":{"type":"Point","coordinates":[17.135200897,62.541630951]},"properties":{"name":"Krånge norrgående","road":"86","bearing":138}},{"type":"Feature","geometry":{"type":"Point","coordinates":[16.480490263,60.556837553]},"properties":{"name":"Ålbron södergående","road":"68","bearing":30}},{"type":"Feature","geometry":{"type":"Point","coordinates":[13.125351067,57.583234304]},"properties":{"name":"Sexdrega","road":"154","bearing":0}},{"type":"Feature","geometry":{"type":"Point","coordinates":[14.740566164,60.460536586]},"properties":{"name":"Björbo västgående","road":"E16","bearing":80}},{"type":"Feature","geometry":{"type":"Point","coordinates":[16.663105503,63.011656519]},"properties":{"name":"Östra Bispgården västgående","road":"87","bearing":68}},{"type":"Feature","geometry":{"type":"Point","coordinates":[14.238927398,60.504688427]},"properties":{"name":"Vansbro södra norrgående","road":"26","bearing":170}},{"type":"Feature","geometry":{"type":"Point","coordinates":[18.633044532,63.29528189]},"properties":{"name":"Översjäla södergående","road":"E4","bearing":50}},{"type":"Feature","geometry":{"type":"Point","coordinates":[18.472615078,63.359115239]},"properties":{"name":"Moliden norrgående","road":"348","bearing":115}},{"type":"Feature","geometry":{"type":"Point","coordinates":[22.810156997,66.33036609]},"properties":{"name":"Överkalix norrgående","road":"E10","bearing":160}},{"type":"Feature","geometry":{"type":"Point","coordinates":[16.395527166,60.265864017]},"properties":{"name":"Rossberga södergående","road":"68","bearing":56}},{"type":"Feature","geometry":{"type":"Point","coordinates":[17.150626017,61.22123432]},"properties":{"name":"Ljusne södergående","road":"583","bearing":55}},{"type":"Feature","geometry":{"type":"Point","coordinates":[16.21839542,61.334592289]},"properties":{"name":"Söräng västgående","road":"50","bearing":102}},{"type":"Feature","geometry":{"type":"Point","coordinates":[14.416576899,62.736120192]},"properties":{"name":"Rörösjön södergående","road":"E45","bearing":21}},{"type":"Feature","geometry":{"type":"Point","coordinates":[14.87402313,63.370692811]},"properties":{"name":"Högforsen norrgående","road":"E45","bearing":221}},{"type":"Feature","geometry":{"type":"Point","coordinates":[20.452058008,63.871103431]},"properties":{"name":"Täfteböle södergående","road":"E4","bearing":57}},{"type":"Feature","geometry":{"type":"Point","coordinates":[19.987997316,63.771919847]},"properties":{"name":"Yttersjö östgående","road":"512","bearing":265}},{"type":"Feature","geometry":{"type":"Point","coordinates":[20.054910808,63.774164642]},"properties":{"name":"Djäkneböle västgående","road":"512","bearing":58}},{"type":"Feature","geometry":{"type":"Point","coordinates":[16.873232404,62.376838461]},"properties":{"name":"Nedansjö östgående","road":"E14","bearing":302}},{"type":"Feature","geometry":{"type":"Point","coordinates":[16.43305445,60.498356247]},"properties":{"name":"Vallbyheden norrgående","road":"68","bearing":175}},{"type":"Feature","geometry":{"type":"Point","coordinates":[14.732955524,60.459623695]},"properties":{"name":"Björbo östgående","road":"E16","bearing":275}},{"type":"Feature","geometry":{"type":"Point","coordinates":[15.024288164,60.530245079]},"properties":{"name":"Rista östgående ","road":"E16","bearing":240}},{"type":"Feature","geometry":{"type":"Point","coordinates":[12.992924833,56.253982669]},"properties":{"name":"Munka Ljungby","road":"13","bearing":107}},{"type":"Feature","geometry":{"type":"Point","coordinates":[18.043542041,59.688801362]},"properties":{"name":"Herresta","road":"273","bearing":196}},{"type":"Feature","geometry":{"type":"Point","coordinates":[15.097585101,59.835917955]},"properties":{"name":"Bäcketorp","road":"50","bearing":333}},{"type":"Feature","geometry":{"type":"Point","coordinates":[15.074198831,59.84485882]},"properties":{"name":"Björkäng","road":"50","bearing":151}},{"type":"Feature","geometry":{"type":"Point","coordinates":[13.34113892,57.503713434]},"properties":{"name":"Hyltegärde","road":"27","bearing":354}},{"type":"Feature","geometry":{"type":"Point","coordinates":[13.339056613,57.535212078]},"properties":{"name":"Limmared","road":"27","bearing":346}},{"type":"Feature","geometry":{"type":"Point","coordinates":[17.637668319,59.568960319]},"properties":{"name":"Albylund","road":"269","bearing":350}},{"type":"Feature","geometry":{"type":"Point","coordinates":[22.806779737,66.168472805]},"properties":{"name":"Räktforsen norrgående","road":"E10","bearing":210}},{"type":"Feature","geometry":{"type":"Point","coordinates":[22.807137346,66.16897829]},"properties":{"name":"Räktforsen södergående","road":"E10","bearing":20}},{"type":"Feature","geometry":{"type":"Point","coordinates":[18.042282938,59.29594922]},"properties":{"name":"Hammarbytunneln 02","road":"75","bearing":261}},{"type":"Feature","geometry":{"type":"Point","coordinates":[18.059823212,59.296221008]},"properties":{"name":"Hammarbytunneln 12","road":"75","bearing":267}},{"type":"Feature","geometry":{"type":"Point","coordinates":[18.072545452,59.296442507]},"properties":{"name":"Årstatunneln 20","road":"75","bearing":90}},{"type":"Feature","geometry":{"type":"Point","coordinates":[18.08895549,59.296835901]},"properties":{"name":"Årstatunneln 30","road":"75","bearing":73}},{"type":"Feature","geometry":{"type":"Point","coordinates":[18.11722844,59.306855863]},"properties":{"name":"Sicklatunneln 03","road":"75","bearing":33}},{"type":"Feature","geometry":{"type":"Point","coordinates":[18.059210598,59.296442095]},"properties":{"name":"Årstatunneln 12","road":"75","bearing":93}},{"type":"Feature","geometry":{"type":"Point","coordinates":[18.090220645,59.296644112]},"properties":{"name":"Hammarbytunneln 31","road":"75","bearing":252}},{"type":"Feature","geometry":{"type":"Point","coordinates":[18.038003593,59.349580291]},"properties":{"name":"Gärdestunneln 24","road":"E20","bearing":230}},{"type":"Feature","geometry":{"type":"Point","coordinates":[18.050099738,59.352604626]},"properties":{"name":"Norrtullstunneln 17","road":"E20","bearing":74}},{"type":"Feature","geometry":{"type":"Point","coordinates":[18.046889442,59.351736179]},"properties":{"name":"Gärdestunneln 17","road":"E20","bearing":237}},{"type":"Feature","geometry":{"type":"Point","coordinates":[18.084481373,59.352163679]},"properties":{"name":"Kosmostunneln 02","road":"E20","bearing":89}},{"type":"Feature","geometry":{"type":"Point","coordinates":[18.038873842,59.352031209]},"properties":{"name":"Karolinertunneln 4","road":"E20","bearing":0}},{"type":"Feature","geometry":{"type":"Point","coordinates":[23.189823768,65.8391336]},"properties":{"name":"Björkforskorsningen mot Bredviken","road":"E4","bearing":279}},{"type":"Feature","geometry":{"type":"Point","coordinates":[23.197213719,65.838735781]},"properties":{"name":"Kalix västgående","road":"E4","bearing":105}},{"type":"Feature","geometry":{"type":"Point","coordinates":[12.952876392,56.060773431]},"properties":{"name":"Stora Mörshög","road":"110","bearing":142}},{"type":"Feature","geometry":{"type":"Point","coordinates":[14.984673603,58.746515234]},"properties":{"name":"S:a Kärra","road":"50","bearing":24}},{"type":"Feature","geometry":{"type":"Point","coordinates":[16.833716204,59.787496019]},"properties":{"name":"Erikslund","road":"70","bearing":150}},{"type":"Feature","geometry":{"type":"Point","coordinates":[18.094051959,59.520107652]},"properties":{"name":"Kullaberg 2","road":"264","bearing":180}},{"type":"Feature","geometry":{"type":"Point","coordinates":[16.582646319,59.6743147]},"properties":{"name":"Tillberga","road":"56","bearing":197}},{"type":"Feature","geometry":{"type":"Point","coordinates":[17.428818178,60.614010885]},"properties":{"name":"Tallmon","road":"76","bearing":163}},{"type":"Feature","geometry":{"type":"Point","coordinates":[17.403916686,60.637213594]},"properties":{"name":"Kyrkbyvägen","road":"76","bearing":157}},{"type":"Feature","geometry":{"type":"Point","coordinates":[18.165475416,59.621580867]},"properties":{"name":"Frösunda kyrka 2","road":"950","bearing":20}},{"type":"Feature","geometry":{"type":"Point","coordinates":[17.150091335,60.445721506]},"properties":{"name":"Finnböle norrgående","road":"509","bearing":247}},{"type":"Feature","geometry":{"type":"Point","coordinates":[18.224820679,60.164974563]},"properties":{"name":"Långsunda","road":"292","bearing":280}},{"type":"Feature","geometry":{"type":"Point","coordinates":[11.607486998,58.30549618]},"properties":{"name":"Nybygget V","road":"161","bearing":60}},{"type":"Feature","geometry":{"type":"Point","coordinates":[11.608502852,58.30576584]},"properties":{"name":"Nybygget Ö","road":"161","bearing":236}},{"type":"Feature","geometry":{"type":"Point","coordinates":[11.63068682,58.321363628]},"properties":{"name":"Stensbacka","road":"161","bearing":26}},{"type":"Feature","geometry":{"type":"Point","coordinates":[11.639351983,58.328521907]},"properties":{"name":"Berghogen","road":"161","bearing":230}},{"type":"Feature","geometry":{"type":"Point","coordinates":[20.203387956,63.775594789]},"properties":{"name":"Stöcksjö norrgående","road":"522","bearing":180}},{"type":"Feature","geometry":{"type":"Point","coordinates":[13.898850313,58.706677182]},"properties":{"name":"Lövåsen västergående","road":"202","bearing":103}},{"type":"Feature","geometry":{"type":"Point","coordinates":[16.616950934,56.832865432]},"properties":{"name":"Strandtorp","road":"136","bearing":59}},{"type":"Feature","geometry":{"type":"Point","coordinates":[16.468104666,56.632747778]},"properties":{"name":"Färjestaden södra norrgående","road":"943","bearing":195}},{"type":"Feature","geometry":{"type":"Point","coordinates":[16.464418009,56.638164347]},"properties":{"name":"Färjestaden södra södergående","road":"943","bearing":333}},{"type":"Feature","geometry":{"type":"Point","coordinates":[14.226172298,58.803964912]},"properties":{"name":"Segolstorp södergående körriktning","road":"200","bearing":16}},{"type":"Feature","geometry":{"type":"Point","coordinates":[14.227207324,58.80567756]},"properties":{"name":"Segolstorp norrgående körriktning","road":"200","bearing":201}},{"type":"Feature","geometry":{"type":"Point","coordinates":[17.813276274,59.180461007]},"properties":{"name":"Kassmyra","road":"226","bearing":215}},{"type":"Feature","geometry":{"type":"Point","coordinates":[17.799111431,59.172311686]},"properties":{"name":"Brotorp","road":"226","bearing":56}},{"type":"Feature","geometry":{"type":"Point","coordinates":[12.955666646,55.915678017]},"properties":{"name":"Rönnetorp","road":"110","bearing":350}},{"type":"Feature","geometry":{"type":"Point","coordinates":[15.19766302,60.551972769]},"properties":{"name":"Djurmo norrgående","road":"E16","bearing":90}},{"type":"Feature","geometry":{"type":"Point","coordinates":[16.402935505,60.287751651]},"properties":{"name":"Horndal norrgående","road":"68","bearing":170}},{"type":"Feature","geometry":{"type":"Point","coordinates":[16.26792258,60.161924067]},"properties":{"name":"Jularbo södergående","road":"68","bearing":50}},{"type":"Feature","geometry":{"type":"Point","coordinates":[18.008123113,59.206530652]},"properties":{"name":"Solbacken","road":"259","bearing":210}},{"type":"Feature","geometry":{"type":"Point","coordinates":[18.007730888,59.199485522]},"properties":{"name":"Sundbygårdsväg","road":"259","bearing":143}},{"type":"Feature","geometry":{"type":"Point","coordinates":[18.009179974,59.197439043]},"properties":{"name":"Gladövägen","road":"259","bearing":342}},{"type":"Feature","geometry":{"type":"Point","coordinates":[18.066464546,59.172258296]},"properties":{"name":"Lissma","road":"259","bearing":121}},{"type":"Feature","geometry":{"type":"Point","coordinates":[20.189131994,63.777018064]},"properties":{"name":"Tjärnsandudden norrgående","road":"E4","bearing":205}},{"type":"Feature","geometry":{"type":"Point","coordinates":[20.190456857,63.778580737]},"properties":{"name":"Tjärnsandudden södergående","road":"E4","bearing":20}},{"type":"Feature","geometry":{"type":"Point","coordinates":[20.036855663,63.995231946]},"properties":{"name":"Långviksvallen södergående","road":"363","bearing":345}},{"type":"Feature","geometry":{"type":"Point","coordinates":[20.024489836,64.023403103]},"properties":{"name":"Sand norrgående","road":"363","bearing":160}},{"type":"Feature","geometry":{"type":"Point","coordinates":[20.020289499,64.027983326]},"properties":{"name":"Sand södergående","road":"363","bearing":330}},{"type":"Feature","geometry":{"type":"Point","coordinates":[21.326103733,65.386331263]},"properties":{"name":"Böle södergående","road":"374","bearing":320}},{"type":"Feature","geometry":{"type":"Point","coordinates":[21.011424211,64.746406492]},"properties":{"name":"Hedensbyn östgående","road":"372","bearing":295}},{"type":"Feature","geometry":{"type":"Point","coordinates":[21.017024849,64.745242042]},"properties":{"name":"Hedensbyn västgående","road":"372","bearing":120}},{"type":"Feature","geometry":{"type":"Point","coordinates":[21.12257279,64.719030387]},"properties":{"name":"Furunäs västgående","road":"372","bearing":110}},{"type":"Feature","geometry":{"type":"Point","coordinates":[15.185094703,59.601670091]},"properties":{"name":"Fotbollsgatan","road":"50","bearing":10}},{"type":"Feature","geometry":{"type":"Point","coordinates":[15.099036801,59.66375974]},"properties":{"name":"Fanthyttan","road":"50","bearing":170}},{"type":"Feature","geometry":{"type":"Point","coordinates":[15.097621727,59.683731692]},"properties":{"name":"Nyhyttan","road":"50","bearing":350}},{"type":"Feature","geometry":{"type":"Point","coordinates":[17.461673053,60.560438735]},"properties":{"name":"Älvkarleby södra","road":"291","bearing":231}},{"type":"Feature","geometry":{"type":"Point","coordinates":[16.379002524,57.260920226]},"properties":{"name":"Svalliden","road":"37","bearing":86}},{"type":"Feature","geometry":{"type":"Point","coordinates":[11.923781711,57.905597443]},"properties":{"name":"Kareby södergående","road":"574","bearing":335}},{"type":"Feature","geometry":{"type":"Point","coordinates":[11.617559304,58.189988799]},"properties":{"name":"Röra kyrka norrgående","road":"740","bearing":198}},{"type":"Feature","geometry":{"type":"Point","coordinates":[17.214066859,61.926229921]},"properties":{"name":"Harmånger Södra","road":"E4","bearing":185}},{"type":"Feature","geometry":{"type":"Point","coordinates":[14.905712015,59.229309353]},"properties":{"name":"Hidinge","road":"204","bearing":60}},{"type":"Feature","geometry":{"type":"Point","coordinates":[17.77525537,59.164763754]},"properties":{"name":"Malmsjö allé 1","road":"225","bearing":92}},{"type":"Feature","geometry":{"type":"Point","coordinates":[14.296611405,57.490657175]},"properties":{"name":"Skärsjöbråten","road":"30","bearing":347}},{"type":"Feature","geometry":{"type":"Point","coordinates":[17.816866909,59.125813746]},"properties":{"name":"Åvinge Kvarn","road":"225","bearing":38}},{"type":"Feature","geometry":{"type":"Point","coordinates":[17.832091545,59.13935619]},"properties":{"name":"Rosenhill","road":"225","bearing":175}},{"type":"Feature","geometry":{"type":"Point","coordinates":[18.673680996,59.654294405]},"properties":{"name":"Hammarby","road":"276","bearing":155}},{"type":"Feature","geometry":{"type":"Point","coordinates":[18.680324341,59.728921667]},"properties":{"name":"Lönsvik","road":"276","bearing":10}},{"type":"Feature","geometry":{"type":"Point","coordinates":[15.866176901,58.590201313]},"properties":{"name":"Marieberg","road":"215","bearing":308}},{"type":"Feature","geometry":{"type":"Point","coordinates":[15.105082688,58.284563404]},"properties":{"name":"Eriksdal","road":"32","bearing":220}},{"type":"Feature","geometry":{"type":"Point","coordinates":[18.20664384,59.549728237]},"properties":{"name":"Olunda","road":"268","bearing":52}},{"type":"Feature","geometry":{"type":"Point","coordinates":[18.064519554,59.172627729]},"properties":{"name":"Granby","road":"259","bearing":290}},{"type":"Feature","geometry":{"type":"Point","coordinates":[18.44135998,59.27880762]},"properties":{"name":"Gröndal","road":"646","bearing":312}},{"type":"Feature","geometry":{"type":"Point","coordinates":[13.598188908,55.641178476]},"properties":{"name":"Klostersågen västra","road":"11","bearing":91}},{"type":"Feature","geometry":{"type":"Point","coordinates":[13.599113927,55.641081204]},"properties":{"name":"Klostersågen östra","road":"11","bearing":265}},{"type":"Feature","geometry":{"type":"Point","coordinates":[13.652792731,55.637638495]},"properties":{"name":"Björka västra","road":"11","bearing":102}},{"type":"Feature","geometry":{"type":"Point","coordinates":[13.654806385,55.637292149]},"properties":{"name":"Björka östra","road":"11","bearing":283}},{"type":"Feature","geometry":{"type":"Point","coordinates":[18.072038648,59.35215211]},"properties":{"name":"Gärdestunneln 07","road":"E20","bearing":279}},{"type":"Feature","geometry":{"type":"Point","coordinates":[13.714422771,56.277319486]},"properties":{"name":"Bjärnum södra","road":"117","bearing":186}},{"type":"Feature","geometry":{"type":"Point","coordinates":[21.777190032,65.567176404]},"properties":{"name":"Alvik västgående","road":"94","bearing":145}},{"type":"Feature","geometry":{"type":"Point","coordinates":[21.189330215,64.698215221]},"properties":{"name":"Yttre Ursviken västgående","road":"372","bearing":140}},{"type":"Feature","geometry":{"type":"Point","coordinates":[14.141888033,57.124845252]},"properties":{"name":"Voxtorp","road":"27","bearing":119}},{"type":"Feature","geometry":{"type":"Point","coordinates":[14.131495968,57.127774287]},"properties":{"name":"Voxtorp kyrka","road":"27","bearing":300}},{"type":"Feature","geometry":{"type":"Point","coordinates":[20.125924192,63.848931578]},"properties":{"name":"Baggböle","road":"E12","bearing":103}},{"type":"Feature","geometry":{"type":"Point","coordinates":[20.124176785,63.849074628]},"properties":{"name":"Baggböle","road":"E12","bearing":291}},{"type":"Feature","geometry":{"type":"Point","coordinates":[11.828889988,59.508258786]},"properties":{"name":"Töcksmarks kyrka, östgående","road":"E18","bearing":295}},{"type":"Feature","geometry":{"type":"Point","coordinates":[13.382436689,57.136935622]},"properties":{"name":"Skeppshult södergående","road":"26","bearing":20}},{"type":"Feature","geometry":{"type":"Point","coordinates":[15.479294805,62.424517008]},"properties":{"name":"Östavall norrgående","road":"83","bearing":163}},{"type":"Feature","geometry":{"type":"Point","coordinates":[15.473460379,62.430245804]},"properties":{"name":"Östavall södergående","road":"83","bearing":314}},{"type":"Feature","geometry":{"type":"Point","coordinates":[16.107754536,59.29713168]},"properties":{"name":"Lövnäs","road":"56","bearing":344}},{"type":"Feature","geometry":{"type":"Point","coordinates":[16.109896702,59.319772566]},"properties":{"name":"Västerdal","road":"56","bearing":187}},{"type":"Feature","geometry":{"type":"Point","coordinates":[16.109441591,59.390977485]},"properties":{"name":"Klämsbo","road":"56","bearing":345}},{"type":"Feature","geometry":{"type":"Point","coordinates":[12.881061665,59.128196547]},"properties":{"name":"Guttane, södergående","road":"E45","bearing":76}},{"type":"Feature","geometry":{"type":"Point","coordinates":[12.823999366,59.114720451]},"properties":{"name":"Tveta, södergående","road":"E45","bearing":73}},{"type":"Feature","geometry":{"type":"Point","coordinates":[18.196582961,59.128201872]},"properties":{"name":"Sanda västgående","road":"227","bearing":112}},{"type":"Feature","geometry":{"type":"Point","coordinates":[18.23723598,59.119905093]},"properties":{"name":"Sjövreten","road":"227","bearing":269}},{"type":"Feature","geometry":{"type":"Point","coordinates":[18.241779571,59.120447684]},"properties":{"name":"Solbacken","road":"227","bearing":84}},{"type":"Feature","geometry":{"type":"Point","coordinates":[18.277826976,59.115910784]},"properties":{"name":"Eksta","road":"227","bearing":253}},{"type":"Feature","geometry":{"type":"Point","coordinates":[18.482615076,59.546264542]},"properties":{"name":"Norrgården","road":"276","bearing":51}},{"type":"Feature","geometry":{"type":"Point","coordinates":[18.504129257,59.54852994]},"properties":{"name":"Boda","road":"276","bearing":265}},{"type":"Feature","geometry":{"type":"Point","coordinates":[13.220046612,63.331418172]},"properties":{"name":"Kläppen västgående","road":"E14","bearing":150}},{"type":"Feature","geometry":{"type":"Point","coordinates":[13.189892307,63.348140817]},"properties":{"name":"Såböle östgående","road":"E14","bearing":347}},{"type":"Feature","geometry":{"type":"Point","coordinates":[13.171960438,63.364565566]},"properties":{"name":"Björnänge västgående","road":"E14","bearing":150}},{"type":"Feature","geometry":{"type":"Point","coordinates":[13.164646181,63.370127573]},"properties":{"name":"Björnänge östgående","road":"E14","bearing":340}},{"type":"Feature","geometry":{"type":"Point","coordinates":[18.675012054,59.607407364]},"properties":{"name":"Vettershaga","road":"276","bearing":208}},{"type":"Feature","geometry":{"type":"Point","coordinates":[16.044855742,60.346777538]},"properties":{"name":"Älvgården södergående","road":"270","bearing":8}},{"type":"Feature","geometry":{"type":"Point","coordinates":[13.697483585,60.697695538]},"properties":{"name":"Malung södergående","road":"66","bearing":332}},{"type":"Feature","geometry":{"type":"Point","coordinates":[13.382776653,60.906034349]},"properties":{"name":"Östra Ärnäs södergående","road":"66","bearing":349}},{"type":"Feature","geometry":{"type":"Point","coordinates":[17.855217962,59.199053708]},"properties":{"name":"Hamra","road":"226","bearing":90}},{"type":"Feature","geometry":{"type":"Point","coordinates":[18.269370024,59.450288222]},"properties":{"name":"Svinningelund","road":"1004","bearing":43}},{"type":"Feature","geometry":{"type":"Point","coordinates":[18.270534335,59.457403794]},"properties":{"name":"Svinninge gård 1","road":"1004","bearing":154}},{"type":"Feature","geometry":{"type":"Point","coordinates":[18.268971264,59.458584305]},"properties":{"name":"Svinninge gård 2","road":"1004","bearing":322}},{"type":"Feature","geometry":{"type":"Point","coordinates":[23.104164032,65.856868737]},"properties":{"name":"Innanbäcken norrgående","road":"E4","bearing":295}},{"type":"Feature","geometry":{"type":"Point","coordinates":[15.589807583,56.574728778]},"properties":{"name":"Grämnamåla","road":"28","bearing":321}},{"type":"Feature","geometry":{"type":"Point","coordinates":[15.55895555,56.609496557]},"properties":{"name":"Knappsmåla","road":"28","bearing":149}},{"type":"Feature","geometry":{"type":"Point","coordinates":[17.786507311,62.58750994]},"properties":{"name":"Antjärn norrgående","road":"E4","bearing":225}},{"type":"Feature","geometry":{"type":"Point","coordinates":[17.789205996,62.589072905]},"properties":{"name":"Antjärn södergående","road":"E4","bearing":40}},{"type":"Feature","geometry":{"type":"Point","coordinates":[13.586837161,57.387415069]},"properties":{"name":"Norlida 1","road":"26","bearing":215}},{"type":"Feature","geometry":{"type":"Point","coordinates":[14.77006233,63.195389846]},"properties":{"name":"Odensberg östgående","road":"87","bearing":245}},{"type":"Feature","geometry":{"type":"Point","coordinates":[14.805314834,63.202263543]},"properties":{"name":"Motorbanan västgående","road":"87","bearing":75}},{"type":"Feature","geometry":{"type":"Point","coordinates":[14.874427773,63.204576164]},"properties":{"name":"Bringåsen östgående","road":"87","bearing":270}},{"type":"Feature","geometry":{"type":"Point","coordinates":[14.880113637,63.204643897]},"properties":{"name":"Bringåsen västgående","road":"87","bearing":90}},{"type":"Feature","geometry":{"type":"Point","coordinates":[13.628005757,57.437030612]},"properties":{"name":"Hestra","road":"26","bearing":87}},{"type":"Feature","geometry":{"type":"Point","coordinates":[17.034854178,60.958528614]},"properties":{"name":"Axmartavlan norrgående","road":"E4","bearing":180}},{"type":"Feature","geometry":{"type":"Point","coordinates":[17.033628284,60.961025866]},"properties":{"name":"Axmartavlan södergående","road":"E4","bearing":340}},{"type":"Feature","geometry":{"type":"Point","coordinates":[13.790023556,56.116658398]},"properties":{"name":"Eneberg","road":"23","bearing":38}},{"type":"Feature","geometry":{"type":"Point","coordinates":[17.122037126,61.777529959]},"properties":{"name":"Glada Hudik södergående","road":"E4","bearing":60}},{"type":"Feature","geometry":{"type":"Point","coordinates":[13.776248304,55.611730662]},"properties":{"name":"Anklam","road":"11","bearing":148}},{"type":"Feature","geometry":{"type":"Point","coordinates":[12.378969798,57.287331251]},"properties":{"name":"Järlövs gård","road":"41","bearing":41}},{"type":"Feature","geometry":{"type":"Point","coordinates":[12.396009417,57.294919957]},"properties":{"name":"Vabränna","road":"41","bearing":249}},{"type":"Feature","geometry":{"type":"Point","coordinates":[12.413489474,57.307682769]},"properties":{"name":"Kantabur","road":"41","bearing":225}},{"type":"Feature","geometry":{"type":"Point","coordinates":[12.416417316,57.311157976]},"properties":{"name":"Kloskifte","road":"41","bearing":34}},{"type":"Feature","geometry":{"type":"Point","coordinates":[14.707608041,60.964243892]},"properties":{"name":"Fu","road":"70","bearing":336}},{"type":"Feature","geometry":{"type":"Point","coordinates":[14.658369452,60.993656806]},"properties":{"name":"Färnäs norrgående","road":"70","bearing":112}},{"type":"Feature","geometry":{"type":"Point","coordinates":[17.049592684,62.291545494]},"properties":{"name":"Sörfors norrgående","road":"544","bearing":180}},{"type":"Feature","geometry":{"type":"Point","coordinates":[17.050027574,62.298785499]},"properties":{"name":"Lucksta södergående","road":"544","bearing":6}},{"type":"Feature","geometry":{"type":"Point","coordinates":[17.812237992,62.909552698]},"properties":{"name":"Frånö norrgående","road":"90","bearing":119}},{"type":"Feature","geometry":{"type":"Point","coordinates":[17.749139932,62.960015168]},"properties":{"name":"Sandviken norrgående","road":"90","bearing":125}},{"type":"Feature","geometry":{"type":"Point","coordinates":[17.674021901,63.007799945]},"properties":{"name":"Svedje södergående","road":"90","bearing":349}},{"type":"Feature","geometry":{"type":"Point","coordinates":[17.850983732,62.827928094]},"properties":{"name":"Västby södergående","road":"90","bearing":58}},{"type":"Feature","geometry":{"type":"Point","coordinates":[17.87447391,62.848629963]},"properties":{"name":"Sprängsviken norrgående","road":"90","bearing":169}},{"type":"Feature","geometry":{"type":"Point","coordinates":[17.554388567,63.075686343]},"properties":{"name":"Hällsjö södergående","road":"90","bearing":294}},{"type":"Feature","geometry":{"type":"Point","coordinates":[17.527822012,63.092704781]},"properties":{"name":"Gammbodarna norrgående","road":"90","bearing":155}},{"type":"Feature","geometry":{"type":"Point","coordinates":[15.805358886,59.128124759]},"properties":{"name":"Läppe östra","road":"52","bearing":171}},{"type":"Feature","geometry":{"type":"Point","coordinates":[16.410436136,61.412610849]},"properties":{"name":"Lottefors norrgående","road":"83","bearing":209}},{"type":"Feature","geometry":{"type":"Point","coordinates":[16.408051649,61.421650268]},"properties":{"name":"Lottefors södergående","road":"83","bearing":3}},{"type":"Feature","geometry":{"type":"Point","coordinates":[16.366581181,61.496703611]},"properties":{"name":"Haga norrgående","road":"83","bearing":137}},{"type":"Feature","geometry":{"type":"Point","coordinates":[16.365251597,61.497228709]},"properties":{"name":"Haga södergående","road":"83","bearing":320}},{"type":"Feature","geometry":{"type":"Point","coordinates":[13.869638141,57.16287244]},"properties":{"name":"Öster Forsheda","road":"27","bearing":93}},{"type":"Feature","geometry":{"type":"Point","coordinates":[17.673347824,63.028495969]},"properties":{"name":"Ökne norrgående","road":"90","bearing":176}},{"type":"Feature","geometry":{"type":"Point","coordinates":[18.25154872,63.419530339]},"properties":{"name":"Mellansel södergående","road":"348","bearing":325}},{"type":"Feature","geometry":{"type":"Point","coordinates":[18.15975349,63.437085949]},"properties":{"name":"Sörmesunda södergående","road":"348","bearing":290}},{"type":"Feature","geometry":{"type":"Point","coordinates":[16.273939812,63.150388602]},"properties":{"name":"Krokvåg östgående","road":"87","bearing":267}},{"type":"Feature","geometry":{"type":"Point","coordinates":[18.278841394,59.11610084]},"properties":{"name":"Eksta","road":"227","bearing":82}},{"type":"Feature","geometry":{"type":"Point","coordinates":[18.300423455,59.121512143]},"properties":{"name":"Karlslund","road":"227","bearing":248}},{"type":"Feature","geometry":{"type":"Point","coordinates":[18.303387321,59.122155694]},"properties":{"name":"Skogalund","road":"227","bearing":72}},{"type":"Feature","geometry":{"type":"Point","coordinates":[18.35124792,59.132486136]},"properties":{"name":"Sandemar","road":"227","bearing":61}},{"type":"Feature","geometry":{"type":"Point","coordinates":[18.369298393,59.136081067]},"properties":{"name":"Sandemar","road":"227","bearing":63}},{"type":"Feature","geometry":{"type":"Point","coordinates":[18.395700872,59.14113596]},"properties":{"name":"Schweizerdalen östgående","road":"227","bearing":230}},{"type":"Feature","geometry":{"type":"Point","coordinates":[18.397953047,59.1414455]},"properties":{"name":"Schweizerdalen västgående","road":"227","bearing":66}},{"type":"Feature","geometry":{"type":"Point","coordinates":[14.171776104,61.135792354]},"properties":{"name":"Oxberg södergående","road":"70","bearing":320}},{"type":"Feature","geometry":{"type":"Point","coordinates":[15.184535329,59.599812055]},"properties":{"name":"Hidingen","road":"50","bearing":195}},{"type":"Feature","geometry":{"type":"Point","coordinates":[17.824116522,59.191951934]},"properties":{"name":"Skäcklinge","road":"226","bearing":210}},{"type":"Feature","geometry":{"type":"Point","coordinates":[18.513514877,59.360388954]},"properties":{"name":"Ängsvik","road":"274","bearing":45}},{"type":"Feature","geometry":{"type":"Point","coordinates":[21.534117873,65.247067454]},"properties":{"name":"Klubben norrgående","road":"506","bearing":187}},{"type":"Feature","geometry":{"type":"Point","coordinates":[23.428209631,65.83292864]},"properties":{"name":"Lappbäcken södergående","road":"E4","bearing":43}},{"type":"Feature","geometry":{"type":"Point","coordinates":[12.398012635,57.958545554]},"properties":{"name":"Östad Säteri Norrgående","road":"190","bearing":200}},{"type":"Feature","geometry":{"type":"Point","coordinates":[12.442023563,57.993585901]},"properties":{"name":"Antens Kyrka Södergående ","road":"190","bearing":10}},{"type":"Feature","geometry":{"type":"Point","coordinates":[12.498926323,58.091629244]},"properties":{"name":"Gräfsnäs Herrgård Södergående","road":"190","bearing":27}},{"type":"Feature","geometry":{"type":"Point","coordinates":[12.512772591,58.102835911]},"properties":{"name":"Smörbacken Norrgående","road":"190","bearing":217}},{"type":"Feature","geometry":{"type":"Point","coordinates":[18.384354684,59.743386529]},"properties":{"name":"Liesta","road":"77","bearing":295}},{"type":"Feature","geometry":{"type":"Point","coordinates":[14.127588366,56.097894372]},"properties":{"name":"Torsebro väster","road":"118","bearing":296}},{"type":"Feature","geometry":{"type":"Point","coordinates":[14.101620954,56.104357254]},"properties":{"name":"Kulladal","road":"118","bearing":316}},{"type":"Feature","geometry":{"type":"Point","coordinates":[17.67080015,59.656489811]},"properties":{"name":"Björklund","road":"263","bearing":52}},{"type":"Feature","geometry":{"type":"Point","coordinates":[12.987815773,60.136713871]},"properties":{"name":"Kajsheden norrgående ","road":"E16","bearing":167}},{"type":"Feature","geometry":{"type":"Point","coordinates":[18.075964221,59.119794601]},"properties":{"name":"Glasbergsvägen","road":"257","bearing":68}},{"type":"Feature","geometry":{"type":"Point","coordinates":[18.088444666,59.121744718]},"properties":{"name":"Jägartorp 1","road":"257","bearing":260}},{"type":"Feature","geometry":{"type":"Point","coordinates":[18.089650117,59.121931692]},"properties":{"name":"Jägartorp 2","road":"257","bearing":77}},{"type":"Feature","geometry":{"type":"Point","coordinates":[18.674088785,59.773923145]},"properties":{"name":"Fjällen","road":"76","bearing":142}},{"type":"Feature","geometry":{"type":"Point","coordinates":[13.094358674,63.392755276]},"properties":{"name":"Tottvägen västgående","road":"E14","bearing":155}},{"type":"Feature","geometry":{"type":"Point","coordinates":[20.144557896,63.798167072]},"properties":{"name":"Skravelsjö västgående","road":"512","bearing":50}},{"type":"Feature","geometry":{"type":"Point","coordinates":[20.163838184,63.802992107]},"properties":{"name":"Röbäck östgående","road":"512","bearing":234}},{"type":"Feature","geometry":{"type":"Point","coordinates":[13.329913635,61.069784609]},"properties":{"name":"Fiskarheden södergående","road":"66","bearing":354}},{"type":"Feature","geometry":{"type":"Point","coordinates":[13.792811193,58.388566162]},"properties":{"name":"Våmb Linden","road":"49","bearing":306}},{"type":"Feature","geometry":{"type":"Point","coordinates":[16.749318923,58.833809217]},"properties":{"name":"Nykyrka","road":"52","bearing":325}},{"type":"Feature","geometry":{"type":"Point","coordinates":[16.76327661,58.817980189]},"properties":{"name":"Rogsta 1","road":"52","bearing":320}},{"type":"Feature","geometry":{"type":"Point","coordinates":[17.632901564,59.550108023]},"properties":{"name":"Högbytorp","road":"269","bearing":1}},{"type":"Feature","geometry":{"type":"Point","coordinates":[13.31971766,57.049523218]},"properties":{"name":"Nyarp Norrgående","road":"26","bearing":227}},{"type":"Feature","geometry":{"type":"Point","coordinates":[18.050641741,59.110992695]},"properties":{"name":"Hammarängen","road":"257","bearing":225}},{"type":"Feature","geometry":{"type":"Point","coordinates":[18.440614523,59.734482169]},"properties":{"name":"Björkholmen","road":"77","bearing":70}},{"type":"Feature","geometry":{"type":"Point","coordinates":[18.407987731,59.735216628]},"properties":{"name":"Kundbysjön","road":"77","bearing":306}},{"type":"Feature","geometry":{"type":"Point","coordinates":[17.728137728,59.165510621]},"properties":{"name":"Tysslinge 1","road":"225","bearing":95}},{"type":"Feature","geometry":{"type":"Point","coordinates":[15.801050693,59.131429428]},"properties":{"name":"Läppe västra","road":"52","bearing":315}},{"type":"Feature","geometry":{"type":"Point","coordinates":[15.871373268,58.588863855]},"properties":{"name":"Lövhagen","road":"215","bearing":123}},{"type":"Feature","geometry":{"type":"Point","coordinates":[14.924810981,59.237475925]},"properties":{"name":"Lanna","road":"204","bearing":224}},{"type":"Feature","geometry":{"type":"Point","coordinates":[14.882297119,59.200220867]},"properties":{"name":"Irsta","road":"204","bearing":19}},{"type":"Feature","geometry":{"type":"Point","coordinates":[13.670094104,57.482275185]},"properties":{"name":"Öreryd 1","road":"26","bearing":233}},{"type":"Feature","geometry":{"type":"Point","coordinates":[13.748017278,57.602231382]},"properties":{"name":"Norra Unnaryd 1","road":"26","bearing":40}},{"type":"Feature","geometry":{"type":"Point","coordinates":[16.963201161,61.2863851]},"properties":{"name":"Hov östgående","road":"50","bearing":282}},{"type":"Feature","geometry":{"type":"Point","coordinates":[21.1630302,64.711447732]},"properties":{"name":"Inre Ursviken östgående","road":"372","bearing":295}},{"type":"Feature","geometry":{"type":"Point","coordinates":[23.110623009,65.854772679]},"properties":{"name":"Innanbäcken södergående","road":"E4","bearing":140}},{"type":"Feature","geometry":{"type":"Point","coordinates":[15.892616114,60.734687292]},"properties":{"name":"Svärdsjö norrgående","road":"850","bearing":230}},{"type":"Feature","geometry":{"type":"Point","coordinates":[11.830884999,59.50810049]},"properties":{"name":"Töcksmarks kyrka, västgående","road":"E18","bearing":111}},{"type":"Feature","geometry":{"type":"Point","coordinates":[17.517997671,63.098941403]},"properties":{"name":"Mosjön södergående","road":"90","bearing":308}},{"type":"Feature","geometry":{"type":"Point","coordinates":[12.398559187,57.959868723]},"properties":{"name":"Östad Säteri Södergående","road":"190","bearing":35}},{"type":"Feature","geometry":{"type":"Point","coordinates":[21.526873691,65.238219409]},"properties":{"name":"Pite havsbad södergående","road":"506","bearing":17}},{"type":"Feature","geometry":{"type":"Point","coordinates":[23.41294056,65.830014542]},"properties":{"name":"Lappbäcken norrgående","road":"E4","bearing":251}},{"type":"Feature","geometry":{"type":"Point","coordinates":[15.924007089,62.537520829]},"properties":{"name":"Borgsjö västgående","road":"E14","bearing":94}},{"type":"Feature","geometry":{"type":"Point","coordinates":[16.114205123,59.365511872]},"properties":{"name":"Stentorp","road":"56","bearing":162}},{"type":"Feature","geometry":{"type":"Point","coordinates":[12.019614066,58.580597624]},"properties":{"name":"Nysäter norrgående","road":"172","bearing":220}},{"type":"Feature","geometry":{"type":"Point","coordinates":[12.04480167,58.608795658]},"properties":{"name":"Slätthult södergående","road":"172","bearing":345}},{"type":"Feature","geometry":{"type":"Point","coordinates":[12.047691011,58.631292722]},"properties":{"name":"Rösäter norrgående","road":"172","bearing":190}},{"type":"Feature","geometry":{"type":"Point","coordinates":[12.108317977,58.732661759]},"properties":{"name":"Grösäter norrgående","road":"172","bearing":212}},{"type":"Feature","geometry":{"type":"Point","coordinates":[12.109611008,58.733948862]},"properties":{"name":"Grösäter södergående","road":"172","bearing":33}},{"type":"Feature","geometry":{"type":"Point","coordinates":[12.155145992,57.698340056]},"properties":{"name":"Öjersjö norrgående körriktning","road":"535","bearing":158}},{"type":"Feature","geometry":{"type":"Point","coordinates":[17.642975184,63.041379513]},"properties":{"name":"Hållsätter södergående","road":"90","bearing":306}},{"type":"Feature","geometry":{"type":"Point","coordinates":[17.589803344,63.064805265]},"properties":{"name":"Flögsätter norrgående","road":"90","bearing":123}},{"type":"Feature","geometry":{"type":"Point","coordinates":[15.890473792,57.136702801]},"properties":{"name":"Mjösebo","road":"37","bearing":65}},{"type":"Feature","geometry":{"type":"Point","coordinates":[17.075558773,59.336129245]},"properties":{"name":"Lundby","road":"977","bearing":260}},{"type":"Feature","geometry":{"type":"Point","coordinates":[17.16674387,59.348533142]},"properties":{"name":"Adolfsberg","road":"977","bearing":270}},{"type":"Feature","geometry":{"type":"Point","coordinates":[17.182308912,59.3498725]},"properties":{"name":"Giresta","road":"977","bearing":70}},{"type":"Feature","geometry":{"type":"Point","coordinates":[17.071787417,59.326460665]},"properties":{"name":"Sätertorp","road":"900","bearing":345}},{"type":"Feature","geometry":{"type":"Point","coordinates":[17.078953929,59.31601603]},"properties":{"name":"Prästmista","road":"900","bearing":345}},{"type":"Feature","geometry":{"type":"Point","coordinates":[16.071196031,59.433300357]},"properties":{"name":"Utmarken 1","road":"250","bearing":287}},{"type":"Feature","geometry":{"type":"Point","coordinates":[13.479872611,55.817576418]},"properties":{"name":"Gudmuntorp","road":"23","bearing":204}},{"type":"Feature","geometry":{"type":"Point","coordinates":[13.496030009,55.834822152]},"properties":{"name":"Snogeröd Söder","road":"23","bearing":219}},{"type":"Feature","geometry":{"type":"Point","coordinates":[13.49613243,55.83713289]},"properties":{"name":"Snogeröd","road":"23","bearing":16}},{"type":"Feature","geometry":{"type":"Point","coordinates":[13.494982224,55.870206397]},"properties":{"name":"Gamla Boo","road":"23","bearing":171}},{"type":"Feature","geometry":{"type":"Point","coordinates":[13.49449249,55.872536841]},"properties":{"name":"Gamla Boo","road":"23","bearing":65}},{"type":"Feature","geometry":{"type":"Point","coordinates":[12.767781281,56.813869775]},"properties":{"name":"Hönryd Norrgående","road":"601","bearing":132}},{"type":"Feature","geometry":{"type":"Point","coordinates":[12.43949312,57.146604127]},"properties":{"name":"Havstorp","road":"153","bearing":82}},{"type":"Feature","geometry":{"type":"Point","coordinates":[14.993100717,57.542435925]},"properties":{"name":"Brännsmåla","road":"32","bearing":4}},{"type":"Feature","geometry":{"type":"Point","coordinates":[14.981683947,57.556510673]},"properties":{"name":"Ingarp södra","road":"32","bearing":163}},{"type":"Feature","geometry":{"type":"Point","coordinates":[12.778085365,56.205105373]},"properties":{"name":"Tånga Ö","road":"112","bearing":108}},{"type":"Feature","geometry":{"type":"Point","coordinates":[20.115772141,63.969993468]},"properties":{"name":"Kvarnfors norrgående","road":"363","bearing":130}},{"type":"Feature","geometry":{"type":"Point","coordinates":[14.620157008,61.079006864]},"properties":{"name":"Vångsgärde norrgående","road":"E45","bearing":195}},{"type":"Feature","geometry":{"type":"Point","coordinates":[14.623501203,61.084591498]},"properties":{"name":"Vångsgärde södergående","road":"E45","bearing":22}},{"type":"Feature","geometry":{"type":"Point","coordinates":[17.698205413,59.65286487]},"properties":{"name":"Murarbo","road":"263","bearing":323}},{"type":"Feature","geometry":{"type":"Point","coordinates":[13.014338067,56.700320704]},"properties":{"name":"Tofta","road":"25","bearing":80}},{"type":"Feature","geometry":{"type":"Point","coordinates":[16.292257975,60.185585235]},"properties":{"name":"Johannesberg norrgående","road":"68","bearing":195}},{"type":"Feature","geometry":{"type":"Point","coordinates":[17.694208216,60.218670369]},"properties":{"name":"Mänsta","road":"292","bearing":300}},{"type":"Feature","geometry":{"type":"Point","coordinates":[17.669641821,60.234996896]},"properties":{"name":"Bruksvägen","road":"292","bearing":148}},{"type":"Feature","geometry":{"type":"Point","coordinates":[12.721397651,56.83785221]},"properties":{"name":"Mostorp norrgående","road":"601","bearing":160}},{"type":"Feature","geometry":{"type":"Point","coordinates":[12.716597224,56.840757008]},"properties":{"name":"Mostorp södergående","road":"601","bearing":315}},{"type":"Feature","geometry":{"type":"Point","coordinates":[16.729756516,62.399048977]},"properties":{"name":"Brattvall västgående","road":"E14","bearing":96}},{"type":"Feature","geometry":{"type":"Point","coordinates":[16.701550774,62.403274987]},"properties":{"name":"Österlo östgående","road":"E14","bearing":288}},{"type":"Feature","geometry":{"type":"Point","coordinates":[16.655805576,62.410739377]},"properties":{"name":"Västerlo","road":"E14","bearing":92}},{"type":"Feature","geometry":{"type":"Point","coordinates":[14.246124446,57.035651238]},"properties":{"name":"Horda södergående","road":"27","bearing":325}},{"type":"Feature","geometry":{"type":"Point","coordinates":[14.105303567,57.966662793]},"properties":{"name":"Källebäcken","road":"195","bearing":359}},{"type":"Feature","geometry":{"type":"Point","coordinates":[14.117002754,57.99475215]},"properties":{"name":"Fagerhult norrgående","road":"195","bearing":205}},{"type":"Feature","geometry":{"type":"Point","coordinates":[14.123882159,58.002596532]},"properties":{"name":"Fagerhult södergående","road":"195","bearing":35}},{"type":"Feature","geometry":{"type":"Point","coordinates":[16.993384122,63.076125998]},"properties":{"name":"Graninge södergående","road":"87","bearing":59}},{"type":"Feature","geometry":{"type":"Point","coordinates":[17.018105376,63.140259118]},"properties":{"name":"Österforse norrgående","road":"87","bearing":192}},{"type":"Feature","geometry":{"type":"Point","coordinates":[17.686082297,62.98681601]},"properties":{"name":"Stenberg norrgående  ","road":"90","bearing":140}},{"type":"Feature","geometry":{"type":"Point","coordinates":[17.781566523,59.627078747]},"properties":{"name":"Eneby","road":"263","bearing":105}},{"type":"Feature","geometry":{"type":"Point","coordinates":[16.075801561,56.427707888]},"properties":{"name":"Söderåkra S","road":"E22","bearing":42}},{"type":"Feature","geometry":{"type":"Point","coordinates":[15.294909538,61.987206069]},"properties":{"name":"Kårböle östgående","road":"84","bearing":275}},{"type":"Feature","geometry":{"type":"Point","coordinates":[16.079765202,63.147940978]},"properties":{"name":"Krångede kraftstation östgående","road":"87","bearing":285}},{"type":"Feature","geometry":{"type":"Point","coordinates":[16.654130445,63.013988172]},"properties":{"name":"Fors östgående","road":"87","bearing":331}},{"type":"Feature","geometry":{"type":"Point","coordinates":[17.187478586,62.422434124]},"properties":{"name":"Kvarsätt norrgående","road":"86","bearing":140}},{"type":"Feature","geometry":{"type":"Point","coordinates":[17.179698758,62.425716894]},"properties":{"name":"Kvarsätt södergående ","road":"86","bearing":337}},{"type":"Feature","geometry":{"type":"Point","coordinates":[14.091166756,55.860543009]},"properties":{"name":"Eskilstorp södergående","road":"19","bearing":357}},{"type":"Feature","geometry":{"type":"Point","coordinates":[11.49373595,58.323936376]},"properties":{"name":"Lyse norrgående","road":"162","bearing":226}},{"type":"Feature","geometry":{"type":"Point","coordinates":[11.481182582,58.416593271]},"properties":{"name":"Brodalen norrgående","road":"162","bearing":200}},{"type":"Feature","geometry":{"type":"Point","coordinates":[11.88118678,57.759984947]},"properties":{"name":"Steneby","road":"E6","bearing":211}},{"type":"Feature","geometry":{"type":"Point","coordinates":[11.896416895,57.779252112]},"properties":{"name":"Björkebacken östgående","road":"E6","bearing":224}},{"type":"Feature","geometry":{"type":"Point","coordinates":[11.896691388,57.779582408]},"properties":{"name":"Björkebacken västgående","road":"E6","bearing":48}},{"type":"Feature","geometry":{"type":"Point","coordinates":[11.920871484,57.789430159]},"properties":{"name":"Assmundtorp","road":"E6","bearing":253}},{"type":"Feature","geometry":{"type":"Point","coordinates":[17.216514634,61.932925857]},"properties":{"name":"Harmånger Norra","road":"E4","bearing":10}},{"type":"Feature","geometry":{"type":"Point","coordinates":[14.237932262,55.5342359]},"properties":{"name":"Östra Tommarp","road":"11","bearing":294}},{"type":"Feature","geometry":{"type":"Point","coordinates":[14.241134178,55.534165914]},"properties":{"name":"Östra Tommarp","road":"11","bearing":88}},{"type":"Feature","geometry":{"type":"Point","coordinates":[14.186077895,55.514070382]},"properties":{"name":"Nannyhill","road":"9","bearing":58}},{"type":"Feature","geometry":{"type":"Point","coordinates":[14.194832808,55.517300291]},"properties":{"name":"Vallagården","road":"9","bearing":235}},{"type":"Feature","geometry":{"type":"Point","coordinates":[11.909060008,57.818308531]},"properties":{"name":"Kringlekullen södergående","road":"587","bearing":18}},{"type":"Feature","geometry":{"type":"Point","coordinates":[11.909450754,57.819252809]},"properties":{"name":"Kringlekullen norrgående  ","road":"587","bearing":195}},{"type":"Feature","geometry":{"type":"Point","coordinates":[11.933687381,57.840477646]},"properties":{"name":"Bolsten ","road":"587","bearing":245}},{"type":"Feature","geometry":{"type":"Point","coordinates":[11.943388577,57.843336338]},"properties":{"name":"Ragnhildsholmen ","road":"587","bearing":74}},{"type":"Feature","geometry":{"type":"Point","coordinates":[21.773148787,65.569205215]},"properties":{"name":"Alvik östgående","road":"94","bearing":305}},{"type":"Feature","geometry":{"type":"Point","coordinates":[17.920356392,59.331126704]},"properties":{"name":"Gubbkärrsvägen mitt","road":"261","bearing":231}},{"type":"Feature","geometry":{"type":"Point","coordinates":[13.799514476,55.499694662]},"properties":{"name":"Sövestad söder","road":"13","bearing":165}},{"type":"Feature","geometry":{"type":"Point","coordinates":[12.963553514,56.023078834]},"properties":{"name":"Rismaden","road":"109","bearing":207}},{"type":"Feature","geometry":{"type":"Point","coordinates":[12.967684266,56.029977118]},"properties":{"name":"Lundom","road":"109","bearing":17}},{"type":"Feature","geometry":{"type":"Point","coordinates":[12.96946348,56.041941174]},"properties":{"name":"Billesholm","road":"109","bearing":178}},{"type":"Feature","geometry":{"type":"Point","coordinates":[17.408474042,60.632846962]},"properties":{"name":"Kanalvägen","road":"76","bearing":325}},{"type":"Feature","geometry":{"type":"Point","coordinates":[15.054619107,57.448248865]},"properties":{"name":"Kvarndammen 1","road":"31","bearing":149}},{"type":"Feature","geometry":{"type":"Point","coordinates":[15.051040712,57.451124874]},"properties":{"name":"Kvarndammen 2","road":"31","bearing":327}},{"type":"Feature","geometry":{"type":"Point","coordinates":[15.037406534,57.464190691]},"properties":{"name":"Tällerda 1","road":"31","bearing":359}},{"type":"Feature","geometry":{"type":"Point","coordinates":[15.037424801,57.465753697]},"properties":{"name":"Tällerda 2","road":"31","bearing":190}},{"type":"Feature","geometry":{"type":"Point","coordinates":[14.997913659,57.510583333]},"properties":{"name":"Björkeryd norrgående","road":"31","bearing":135}},{"type":"Feature","geometry":{"type":"Point","coordinates":[14.434744184,57.366064987]},"properties":{"name":"Boda Norrgående","road":"30","bearing":92}},{"type":"Feature","geometry":{"type":"Point","coordinates":[15.231472291,59.23725586]},"properties":{"name":"Norra Bro","road":"207","bearing":23}},{"type":"Feature","geometry":{"type":"Point","coordinates":[15.26085079,59.134428236]},"properties":{"name":"Fagerbjörka","road":"52","bearing":274}},{"type":"Feature","geometry":{"type":"Point","coordinates":[20.483810823,67.838827381]},"properties":{"name":"Jukkasjärvi","road":"E10","bearing":97}},{"type":"Feature","geometry":{"type":"Point","coordinates":[20.41038075,67.843129419]},"properties":{"name":"Geofysiska","road":"E10","bearing":108}},{"type":"Feature","geometry":{"type":"Point","coordinates":[20.410239657,67.843035111]},"properties":{"name":"Geofysiska","road":"E10","bearing":282}},{"type":"Feature","geometry":{"type":"Point","coordinates":[18.205157938,60.216681857]},"properties":{"name":"Hökhuvud","road":"288","bearing":83}},{"type":"Feature","geometry":{"type":"Point","coordinates":[15.352982959,56.729927622]},"properties":{"name":"Slätthult öst","road":"25","bearing":93}},{"type":"Feature","geometry":{"type":"Point","coordinates":[14.828442616,60.50794206]},"properties":{"name":"Bäckbyn östgående ","road":"E16","bearing":282}},{"type":"Feature","geometry":{"type":"Point","coordinates":[14.833488188,60.507571348]},"properties":{"name":"Bäckbyn västgående","road":"E16","bearing":104}},{"type":"Feature","geometry":{"type":"Point","coordinates":[14.919075832,60.49618502]},"properties":{"name":"Borgsheden östgående ","road":"E16","bearing":315}},{"type":"Feature","geometry":{"type":"Point","coordinates":[16.297875569,60.191313588]},"properties":{"name":"Mälby södergående","road":"68","bearing":60}},{"type":"Feature","geometry":{"type":"Point","coordinates":[15.314840728,61.982341552]},"properties":{"name":"Kårböle västgående","road":"84","bearing":135}},{"type":"Feature","geometry":{"type":"Point","coordinates":[15.402806813,61.936106872]},"properties":{"name":"Ängra östgående","road":"84","bearing":275}},{"type":"Feature","geometry":{"type":"Point","coordinates":[15.422352463,61.93869651]},"properties":{"name":"Ängra västgående","road":"84","bearing":72}},{"type":"Feature","geometry":{"type":"Point","coordinates":[15.504651006,61.937719526]},"properties":{"name":"Laforsen östgående","road":"84","bearing":290}},{"type":"Feature","geometry":{"type":"Point","coordinates":[17.008764457,59.592481317]},"properties":{"name":"Svanbacken","road":"55","bearing":225}},{"type":"Feature","geometry":{"type":"Point","coordinates":[17.022235215,59.604975336]},"properties":{"name":"Spelbo","road":"55","bearing":15}},{"type":"Feature","geometry":{"type":"Point","coordinates":[16.12876782,59.004440593]},"properties":{"name":"Stensätter","road":"52","bearing":102}},{"type":"Feature","geometry":{"type":"Point","coordinates":[16.106295211,59.00562241]},"properties":{"name":"Olstorp","road":"52","bearing":279}},{"type":"Feature","geometry":{"type":"Point","coordinates":[16.343805997,61.344435944]},"properties":{"name":"Sävstaås östgående","road":"50","bearing":266}},{"type":"Feature","geometry":{"type":"Point","coordinates":[16.289967617,61.336302109]},"properties":{"name":"Västbacka västgående","road":"50","bearing":59}},{"type":"Feature","geometry":{"type":"Point","coordinates":[14.359099605,56.390752792]},"properties":{"name":"Hunshult västgående","road":"15","bearing":97}},{"type":"Feature","geometry":{"type":"Point","coordinates":[15.055307943,60.62046957]},"properties":{"name":"Gräv","road":"70","bearing":194}},{"type":"Feature","geometry":{"type":"Point","coordinates":[15.057524282,60.633810555]},"properties":{"name":"Ål-Kilen","road":"70","bearing":5}},{"type":"Feature","geometry":{"type":"Point","coordinates":[13.928954783,58.4352266]},"properties":{"name":"Säterkullen","road":"200","bearing":247}},{"type":"Feature","geometry":{"type":"Point","coordinates":[15.073010416,57.035527028]},"properties":{"name":"Braås","road":"23","bearing":40}},{"type":"Feature","geometry":{"type":"Point","coordinates":[15.108180804,57.055310052]},"properties":{"name":"Mästreda","road":"23","bearing":235}},{"type":"Feature","geometry":{"type":"Point","coordinates":[16.309988102,58.970562065]},"properties":{"name":"Bresätter","road":"52","bearing":275}},{"type":"Feature","geometry":{"type":"Point","coordinates":[16.314400126,58.970409563]},"properties":{"name":"Jättorp","road":"52","bearing":100}},{"type":"Feature","geometry":{"type":"Point","coordinates":[16.352754958,58.968271974]},"properties":{"name":"Stenta","road":"52","bearing":90}},{"type":"Feature","geometry":{"type":"Point","coordinates":[16.376941565,58.949810619]},"properties":{"name":"Smedstorp","road":"52","bearing":135}},{"type":"Feature","geometry":{"type":"Point","coordinates":[17.217529819,60.068077104]},"properties":{"name":"Käbbo","road":"272","bearing":161}},{"type":"Feature","geometry":{"type":"Point","coordinates":[17.189177187,60.090143403]},"properties":{"name":"Marbäck","road":"272","bearing":0}},{"type":"Feature","geometry":{"type":"Point","coordinates":[14.002398991,55.632595245]},"properties":{"name":"Frörum ","road":"19","bearing":10}},{"type":"Feature","geometry":{"type":"Point","coordinates":[14.024300037,55.651273428]},"properties":{"name":"Fågeltofta","road":"19","bearing":238}},{"type":"Feature","geometry":{"type":"Point","coordinates":[14.391579771,56.391581236]},"properties":{"name":"Hunshult östgående","road":"15","bearing":297}},{"type":"Feature","geometry":{"type":"Point","coordinates":[14.026707467,58.3629727]},"properties":{"name":"Örjanstorp östgående","road":"194","bearing":298}},{"type":"Feature","geometry":{"type":"Point","coordinates":[14.029294434,58.362130054]},"properties":{"name":"Örjanstorp västgående","road":"194","bearing":122}},{"type":"Feature","geometry":{"type":"Point","coordinates":[13.934939738,55.575694382]},"properties":{"name":"Tryde ","road":"19","bearing":52}},{"type":"Feature","geometry":{"type":"Point","coordinates":[12.678435566,57.101282234]},"properties":{"name":"Ryen","road":"154","bearing":197}},{"type":"Feature","geometry":{"type":"Point","coordinates":[16.650776619,61.778358928]},"properties":{"name":"Fredriksfors västgående","road":"84","bearing":110}},{"type":"Feature","geometry":{"type":"Point","coordinates":[16.831584687,61.750797158]},"properties":{"name":"Näsviken östgående","road":"84","bearing":310}},{"type":"Feature","geometry":{"type":"Point","coordinates":[16.83895831,61.748336902]},"properties":{"name":"Näsviken västgående","road":"84","bearing":130}},{"type":"Feature","geometry":{"type":"Point","coordinates":[13.625779673,55.890607037]},"properties":{"name":"Ramstorp","road":"13","bearing":335}},{"type":"Feature","geometry":{"type":"Point","coordinates":[11.253309888,58.373311426]},"properties":{"name":"Ödegården norrgående","road":"174","bearing":199}},{"type":"Feature","geometry":{"type":"Point","coordinates":[11.253269047,58.373534984]},"properties":{"name":"Ödergården södergående","road":"174","bearing":46}},{"type":"Feature","geometry":{"type":"Point","coordinates":[11.275632489,58.410696791]},"properties":{"name":"Röseberget norrgående","road":"174","bearing":204}},{"type":"Feature","geometry":{"type":"Point","coordinates":[14.951368674,62.169672364]},"properties":{"name":"Östansjö norrgående","road":"E45","bearing":189}},{"type":"Feature","geometry":{"type":"Point","coordinates":[18.596173693,59.982224764]},"properties":{"name":"Harbrobyn","road":"76","bearing":160}},{"type":"Feature","geometry":{"type":"Point","coordinates":[18.585745899,59.995909937]},"properties":{"name":"Fridhem","road":"76","bearing":0}},{"type":"Feature","geometry":{"type":"Point","coordinates":[18.499818101,60.083626898]},"properties":{"name":"Gråska","road":"76","bearing":304}},{"type":"Feature","geometry":{"type":"Point","coordinates":[18.806663978,59.992631393]},"properties":{"name":"Fredrikslund","road":"283","bearing":333}},{"type":"Feature","geometry":{"type":"Point","coordinates":[18.784702261,60.030927657]},"properties":{"name":"Norrbyle","road":"283","bearing":337}},{"type":"Feature","geometry":{"type":"Point","coordinates":[18.771891325,60.048849862]},"properties":{"name":"Fjäll","road":"283","bearing":165}},{"type":"Feature","geometry":{"type":"Point","coordinates":[11.660094809,58.132153654]},"properties":{"name":"Östra Ängö västergående","road":"178","bearing":104}},{"type":"Feature","geometry":{"type":"Point","coordinates":[11.486798925,58.170856745]},"properties":{"name":"Stora Huseby västergående","road":"178","bearing":201}},{"type":"Feature","geometry":{"type":"Point","coordinates":[12.148088617,57.799332149]},"properties":{"name":"Torvhögsvägen","road":"190","bearing":73}},{"type":"Feature","geometry":{"type":"Point","coordinates":[18.731400599,57.750590891]},"properties":{"name":"Othem Östra","road":"148","bearing":77}},{"type":"Feature","geometry":{"type":"Point","coordinates":[18.77757356,57.773073515]},"properties":{"name":"Lärbro Västra","road":"148","bearing":203}},{"type":"Feature","geometry":{"type":"Point","coordinates":[18.791826725,57.785423381]},"properties":{"name":"Lärbro Östra","road":"148","bearing":69}},{"type":"Feature","geometry":{"type":"Point","coordinates":[18.191500445,60.195103447]},"properties":{"name":"Lugnet","road":"288","bearing":190}},{"type":"Feature","geometry":{"type":"Point","coordinates":[18.482174873,57.671923925]},"properties":{"name":"Duss","road":"148","bearing":41}},{"type":"Feature","geometry":{"type":"Point","coordinates":[11.477611968,58.402436056]},"properties":{"name":"Hals södergående","road":"162","bearing":15}},{"type":"Feature","geometry":{"type":"Point","coordinates":[11.504369439,58.444321358]},"properties":{"name":"Hegärde norrgående","road":"162","bearing":217}},{"type":"Feature","geometry":{"type":"Point","coordinates":[11.507972477,58.447925341]},"properties":{"name":"Hegärde södergående","road":"162","bearing":36}},{"type":"Feature","geometry":{"type":"Point","coordinates":[16.15944925,61.746739985]},"properties":{"name":"Skästra 1","road":"83","bearing":190}},{"type":"Feature","geometry":{"type":"Point","coordinates":[16.191110238,61.648590081]},"properties":{"name":"Teve Kvarn södergående ","road":"83","bearing":295}},{"type":"Feature","geometry":{"type":"Point","coordinates":[18.11260137,59.59636555]},"properties":{"name":"Söderby gård","road":"950","bearing":241}},{"type":"Feature","geometry":{"type":"Point","coordinates":[18.129046536,59.601464161]},"properties":{"name":"Mörbytorp","road":"950","bearing":53}},{"type":"Feature","geometry":{"type":"Point","coordinates":[18.142676318,59.606170081]},"properties":{"name":"Solsta","road":"950","bearing":236}},{"type":"Feature","geometry":{"type":"Point","coordinates":[18.165347232,59.6211616]},"properties":{"name":"Frösunda kyrka 1","road":"950","bearing":205}},{"type":"Feature","geometry":{"type":"Point","coordinates":[14.640002284,57.092075994]},"properties":{"name":"Bredhult södergående","road":"30","bearing":352}},{"type":"Feature","geometry":{"type":"Point","coordinates":[17.299388162,60.648410385]},"properties":{"name":"Knaperåsen östgående","road":"76","bearing":258}},{"type":"Feature","geometry":{"type":"Point","coordinates":[17.257793649,60.646172534]},"properties":{"name":"Långbro östgående  ","road":"76","bearing":294}},{"type":"Feature","geometry":{"type":"Point","coordinates":[17.229691309,60.650353271]},"properties":{"name":"Bomansberget västgående ","road":"76","bearing":105}},{"type":"Feature","geometry":{"type":"Point","coordinates":[17.185114671,60.728780445]},"properties":{"name":"Hille norrgående","road":"583","bearing":165}},{"type":"Feature","geometry":{"type":"Point","coordinates":[17.182981173,60.731662394]},"properties":{"name":"Hille södergående","road":"583","bearing":352}},{"type":"Feature","geometry":{"type":"Point","coordinates":[17.155219504,60.447938033]},"properties":{"name":"Finnböle södergående","road":"509","bearing":38}},{"type":"Feature","geometry":{"type":"Point","coordinates":[17.1618911,60.50753265]},"properties":{"name":"Kessmansbo norrgående","road":"509","bearing":163}},{"type":"Feature","geometry":{"type":"Point","coordinates":[17.147199873,60.520586927]},"properties":{"name":"Verkebro södergående","road":"509","bearing":330}},{"type":"Feature","geometry":{"type":"Point","coordinates":[17.123077986,60.555983533]},"properties":{"name":"Hästbo norrgående","road":"509","bearing":170}},{"type":"Feature","geometry":{"type":"Point","coordinates":[13.613975015,59.499620102]},"properties":{"name":"Ökna","road":"63","bearing":12}},{"type":"Feature","geometry":{"type":"Point","coordinates":[13.61757071,59.523135028]},"properties":{"name":"Svedenäs","road":"63","bearing":184}},{"type":"Feature","geometry":{"type":"Point","coordinates":[13.618532535,59.534192037]},"properties":{"name":"Hasselbol","road":"63","bearing":14}},{"type":"Feature","geometry":{"type":"Point","coordinates":[13.652975322,59.548453867]},"properties":{"name":"Strand","road":"63","bearing":218}},{"type":"Feature","geometry":{"type":"Point","coordinates":[17.964982402,59.527304152]},"properties":{"name":"Nibbletippen","road":"268","bearing":15}},{"type":"Feature","geometry":{"type":"Point","coordinates":[17.965342243,59.52757455]},"properties":{"name":"Luran","road":"268","bearing":186}},{"type":"Feature","geometry":{"type":"Point","coordinates":[17.985023097,59.530101006]},"properties":{"name":"Lövhagen","road":"268","bearing":290}},{"type":"Feature","geometry":{"type":"Point","coordinates":[17.993035571,59.53846339]},"properties":{"name":"Grana","road":"268","bearing":22}},{"type":"Feature","geometry":{"type":"Point","coordinates":[17.977943715,59.500797931]},"properties":{"name":"Borgby","road":"872","bearing":343}},{"type":"Feature","geometry":{"type":"Point","coordinates":[14.483354342,62.794499898]},"properties":{"name":"Skucku södergående","road":"E45","bearing":60}},{"type":"Feature","geometry":{"type":"Point","coordinates":[14.518871986,62.863397552]},"properties":{"name":"Vikbäcken norrgående","road":"E45","bearing":188}},{"type":"Feature","geometry":{"type":"Point","coordinates":[14.121919996,56.380387438]},"properties":{"name":"Boalt östgående","road":"15","bearing":300}},{"type":"Feature","geometry":{"type":"Point","coordinates":[14.486603251,56.732523587]},"properties":{"name":"Gottåsa Östra","road":"23","bearing":252}},{"type":"Feature","geometry":{"type":"Point","coordinates":[17.280977144,60.024949353]},"properties":{"name":"Larsbo","road":"272","bearing":162}},{"type":"Feature","geometry":{"type":"Point","coordinates":[17.253731064,60.036546586]},"properties":{"name":"By","road":"272","bearing":302}},{"type":"Feature","geometry":{"type":"Point","coordinates":[14.852708788,56.927569543]},"properties":{"name":"Långarör","road":"897","bearing":344}},{"type":"Feature","geometry":{"type":"Point","coordinates":[13.11301572,59.532386828]},"properties":{"name":"Säldebråten södergående","road":"61","bearing":320}},{"type":"Feature","geometry":{"type":"Point","coordinates":[15.331634215,60.426724283]},"properties":{"name":"Floda norrgående","road":"50","bearing":224}},{"type":"Feature","geometry":{"type":"Point","coordinates":[15.33735393,60.430076961]},"properties":{"name":"Floda södergående","road":"50","bearing":37}},{"type":"Feature","geometry":{"type":"Point","coordinates":[14.102713,57.143086609]},"properties":{"name":"Hjällshammar 2","road":"27","bearing":135}},{"type":"Feature","geometry":{"type":"Point","coordinates":[14.101947506,57.143305726]},"properties":{"name":"Hjällshammar 1","road":"27","bearing":329}},{"type":"Feature","geometry":{"type":"Point","coordinates":[13.69905072,57.21726313]},"properties":{"name":"Baståsen 1","road":"27","bearing":162}},{"type":"Feature","geometry":{"type":"Point","coordinates":[13.697802113,57.218391175]},"properties":{"name":"Baståsen 2","road":"27","bearing":341}},{"type":"Feature","geometry":{"type":"Point","coordinates":[13.651980645,57.241059979]},"properties":{"name":"S. Tånghult 1","road":"27","bearing":314}},{"type":"Feature","geometry":{"type":"Point","coordinates":[13.651772695,57.241309305]},"properties":{"name":"S. Tånghult 2","road":"27","bearing":134}},{"type":"Feature","geometry":{"type":"Point","coordinates":[14.351033781,56.955519947]},"properties":{"name":"Spånhyltan","road":"27","bearing":155}},{"type":"Feature","geometry":{"type":"Point","coordinates":[14.277147466,57.000240493]},"properties":{"name":"Upplid","road":"27","bearing":304}},{"type":"Feature","geometry":{"type":"Point","coordinates":[20.601046074,64.820118362]},"properties":{"name":"Klintforsliden östgående","road":"95","bearing":295}},{"type":"Feature","geometry":{"type":"Point","coordinates":[16.749353878,61.333445276]},"properties":{"name":"Överbo östra","road":"50","bearing":129}},{"type":"Feature","geometry":{"type":"Point","coordinates":[17.00471009,61.290798383]},"properties":{"name":"Ina","road":"50","bearing":51}},{"type":"Feature","geometry":{"type":"Point","coordinates":[13.440318689,57.197910608]},"properties":{"name":"Villstad Kyrka","road":"26","bearing":190}},{"type":"Feature","geometry":{"type":"Point","coordinates":[12.512095238,57.37643374]},"properties":{"name":"Sundholmen norrgående","road":"41","bearing":223}},{"type":"Feature","geometry":{"type":"Point","coordinates":[12.511797401,57.376409879]},"properties":{"name":"Sundholmen södergående","road":"41","bearing":41}},{"type":"Feature","geometry":{"type":"Point","coordinates":[13.125704915,59.854270014]},"properties":{"name":"Holmby","road":"E45","bearing":17}},{"type":"Feature","geometry":{"type":"Point","coordinates":[23.725083002,65.838849167]},"properties":{"name":"Harrioja södergående","road":"E4","bearing":105}},{"type":"Feature","geometry":{"type":"Point","coordinates":[20.870490129,64.765000504]},"properties":{"name":"Brönet östgående","road":"95","bearing":290}},{"type":"Feature","geometry":{"type":"Point","coordinates":[20.742649676,64.796413454]},"properties":{"name":"Varuträsk västgående","road":"95","bearing":130}},{"type":"Feature","geometry":{"type":"Point","coordinates":[12.592587842,57.008331078]},"properties":{"name":"Svensgård södergående","road":"154","bearing":34}},{"type":"Feature","geometry":{"type":"Point","coordinates":[15.071095832,59.485258416]},"properties":{"name":"Källarhalsen","road":"244","bearing":116}},{"type":"Feature","geometry":{"type":"Point","coordinates":[15.084450403,59.481209483]},"properties":{"name":"St. Mon","road":"244","bearing":303}},{"type":"Feature","geometry":{"type":"Point","coordinates":[15.10389292,59.477711244]},"properties":{"name":"Skymhyttan","road":"244","bearing":96}},{"type":"Feature","geometry":{"type":"Point","coordinates":[15.41634582,58.952307427]},"properties":{"name":"Fallsgärde","road":"51","bearing":184}},{"type":"Feature","geometry":{"type":"Point","coordinates":[14.010336979,59.370539643]},"properties":{"name":"Stolpen östergående","road":"E18","bearing":313}},{"type":"Feature","geometry":{"type":"Point","coordinates":[13.767489895,56.08949684]},"properties":{"name":"Ormafloerna","road":"23","bearing":210}},{"type":"Feature","geometry":{"type":"Point","coordinates":[15.846024477,57.539799568]},"properties":{"name":"Ickornetorp","road":"23","bearing":184}},{"type":"Feature","geometry":{"type":"Point","coordinates":[15.845369323,57.549020637]},"properties":{"name":"Ytterbo","road":"23","bearing":1}},{"type":"Feature","geometry":{"type":"Point","coordinates":[16.492504372,61.800534354]},"properties":{"name":"Långede västgående","road":"84","bearing":130}},{"type":"Feature","geometry":{"type":"Point","coordinates":[13.675758748,57.511945342]},"properties":{"name":"Lövåsen 1","road":"26","bearing":17}},{"type":"Feature","geometry":{"type":"Point","coordinates":[14.296976701,63.324132618]},"properties":{"name":"Kingsta","road":"E14","bearing":262}},{"type":"Feature","geometry":{"type":"Point","coordinates":[11.932729749,57.794067989]},"properties":{"name":"Svensby","road":"E6","bearing":42}},{"type":"Feature","geometry":{"type":"Point","coordinates":[11.972153597,57.800444942]},"properties":{"name":"Gerrebacka östgående","road":"E6","bearing":266}},{"type":"Feature","geometry":{"type":"Point","coordinates":[11.981788276,57.802193739]},"properties":{"name":"Gerrebacka västgående","road":"E6","bearing":105}},{"type":"Feature","geometry":{"type":"Point","coordinates":[18.468860964,59.393412268]},"properties":{"name":"Myttinge","road":"274","bearing":291}},{"type":"Feature","geometry":{"type":"Point","coordinates":[18.568108477,59.334222553]},"properties":{"name":"Propellervägen","road":"669","bearing":65}},{"type":"Feature","geometry":{"type":"Point","coordinates":[18.583335198,59.339646989]},"properties":{"name":"Kopparmora 2","road":"669","bearing":45}},{"type":"Feature","geometry":{"type":"Point","coordinates":[13.829174935,57.991413869]},"properties":{"name":"Härstorp 1","road":"26","bearing":22}},{"type":"Feature","geometry":{"type":"Point","coordinates":[13.829633482,57.991876215]},"properties":{"name":"Härstorp 2","road":"26","bearing":214}},{"type":"Feature","geometry":{"type":"Point","coordinates":[13.828809295,58.014011412]},"properties":{"name":"Rudan","road":"26","bearing":8}},{"type":"Feature","geometry":{"type":"Point","coordinates":[12.882457814,59.128228314]},"properties":{"name":"Guttane, norrgående","road":"E45","bearing":249}},{"type":"Feature","geometry":{"type":"Point","coordinates":[12.823924061,59.114530534]},"properties":{"name":"Tveta, norrgående","road":"E45","bearing":246}},{"type":"Feature","geometry":{"type":"Point","coordinates":[14.738006102,63.019016506]},"properties":{"name":"Gottand södergående","road":"E45","bearing":52}},{"type":"Feature","geometry":{"type":"Point","coordinates":[14.822208161,63.047392512]},"properties":{"name":"Haxäng södergående","road":"E45","bearing":24}},{"type":"Feature","geometry":{"type":"Point","coordinates":[14.557169832,62.966562395]},"properties":{"name":"Månsta norrgående","road":"E45","bearing":197}},{"type":"Feature","geometry":{"type":"Point","coordinates":[14.559751065,62.970636353]},"properties":{"name":"Månsta södergående","road":"E45","bearing":19}},{"type":"Feature","geometry":{"type":"Point","coordinates":[14.730541983,63.016507351]},"properties":{"name":"Tand norrgående","road":"E45","bearing":241}},{"type":"Feature","geometry":{"type":"Point","coordinates":[15.211794391,60.188830955]},"properties":{"name":"Håksberg norrgående","road":"50","bearing":201}},{"type":"Feature","geometry":{"type":"Point","coordinates":[15.225369566,60.214793867]},"properties":{"name":"Gräsberg norrgående","road":"50","bearing":190}},{"type":"Feature","geometry":{"type":"Point","coordinates":[15.226853185,60.217969905]},"properties":{"name":"Gräsberg södergående","road":"50","bearing":12}},{"type":"Feature","geometry":{"type":"Point","coordinates":[17.043426976,62.362663376]},"properties":{"name":"Vattjom västgående","road":"E14","bearing":88}},{"type":"Feature","geometry":{"type":"Point","coordinates":[16.785131513,62.384945372]},"properties":{"name":"Källsvedjan östgående","road":"E14","bearing":287}},{"type":"Feature","geometry":{"type":"Point","coordinates":[16.265955825,62.490423419]},"properties":{"name":"Rombäck östgående","road":"E14","bearing":264}},{"type":"Feature","geometry":{"type":"Point","coordinates":[16.259646225,62.490372754]},"properties":{"name":"Rombäck västgående","road":"E14","bearing":85}},{"type":"Feature","geometry":{"type":"Point","coordinates":[15.984532539,62.525698378]},"properties":{"name":"Ö östgående","road":"E14","bearing":322}},{"type":"Feature","geometry":{"type":"Point","coordinates":[16.469238498,62.438372871]},"properties":{"name":"Överbyn västgående","road":"E14","bearing":126}},{"type":"Feature","geometry":{"type":"Point","coordinates":[16.462623305,62.440184082]},"properties":{"name":"Överbyn östgående","road":"E14","bearing":314}},{"type":"Feature","geometry":{"type":"Point","coordinates":[16.419828501,62.45747725]},"properties":{"name":"Storboda västgående","road":"E14","bearing":121}},{"type":"Feature","geometry":{"type":"Point","coordinates":[15.964817568,58.229543318]},"properties":{"name":"Åtvidabergs Hus","road":"35","bearing":342}},{"type":"Feature","geometry":{"type":"Point","coordinates":[15.931799272,58.247690034]},"properties":{"name":"Målbäck 1","road":"35","bearing":172}},{"type":"Feature","geometry":{"type":"Point","coordinates":[15.930314363,58.253440496]},"properties":{"name":"Målbäck 2","road":"35","bearing":347}},{"type":"Feature","geometry":{"type":"Point","coordinates":[15.910351398,58.277647525]},"properties":{"name":"Golvsätter","road":"35","bearing":147}},{"type":"Feature","geometry":{"type":"Point","coordinates":[16.965016748,62.366917334]},"properties":{"name":"Skallböle östgående","road":"E14","bearing":268}},{"type":"Feature","geometry":{"type":"Point","coordinates":[16.412262765,62.459017379]},"properties":{"name":"Storboda östgående","road":"E14","bearing":294}},{"type":"Feature","geometry":{"type":"Point","coordinates":[17.728160161,60.003854777]},"properties":{"name":"Grindtorp","road":"290","bearing":239}},{"type":"Feature","geometry":{"type":"Point","coordinates":[20.897795156,67.105860677]},"properties":{"name":"Stenbron östgående","road":"E10","bearing":275}},{"type":"Feature","geometry":{"type":"Point","coordinates":[14.838554367,56.956173777]},"properties":{"name":"Rydholm","road":"897","bearing":176}},{"type":"Feature","geometry":{"type":"Point","coordinates":[14.851483861,56.979484133]},"properties":{"name":"Stojby","road":"897","bearing":223}},{"type":"Feature","geometry":{"type":"Point","coordinates":[21.11219404,67.413262813]},"properties":{"name":"Skaulo","road":"E10","bearing":199}},{"type":"Feature","geometry":{"type":"Point","coordinates":[21.117432499,67.416413918]},"properties":{"name":"Skaulo södergående","road":"E10","bearing":57}},{"type":"Feature","geometry":{"type":"Point","coordinates":[21.116200333,67.440480362]},"properties":{"name":"Puoltikasvaara","road":"E10","bearing":0}},{"type":"Feature","geometry":{"type":"Point","coordinates":[22.061059239,65.580832285]},"properties":{"name":"Vackerbacken","road":"616","bearing":284}},{"type":"Feature","geometry":{"type":"Point","coordinates":[22.065281003,65.580734341]},"properties":{"name":"Gäddvik, västergående","road":"616","bearing":90}},{"type":"Feature","geometry":{"type":"Point","coordinates":[22.003210856,65.582340229]},"properties":{"name":"Gäddvik Södra södergående","road":"968","bearing":85}},{"type":"Feature","geometry":{"type":"Point","coordinates":[17.465152163,60.583837593]},"properties":{"name":"Norrgärde","road":"76","bearing":355}},{"type":"Feature","geometry":{"type":"Point","coordinates":[17.759157664,60.074385169]},"properties":{"name":"Rockbo","road":"290","bearing":29}},{"type":"Feature","geometry":{"type":"Point","coordinates":[17.334712273,62.382749843]},"properties":{"name":"Björneborgsgatan västgående","road":"E14","bearing":106}},{"type":"Feature","geometry":{"type":"Point","coordinates":[15.207963026,57.107063275]},"properties":{"name":"Skeda","road":"23","bearing":199}},{"type":"Feature","geometry":{"type":"Point","coordinates":[15.268146147,57.126442914]},"properties":{"name":"Flybo","road":"23","bearing":47}},{"type":"Feature","geometry":{"type":"Point","coordinates":[15.288945772,57.141794173]},"properties":{"name":"Linneberga","road":"23","bearing":220}},{"type":"Feature","geometry":{"type":"Point","coordinates":[15.329282167,57.158556509]},"properties":{"name":"Åseda Väst","road":"23","bearing":81}},{"type":"Feature","geometry":{"type":"Point","coordinates":[15.353082432,57.16142037]},"properties":{"name":"Åseda Centrum","road":"23","bearing":253}},{"type":"Feature","geometry":{"type":"Point","coordinates":[16.738977188,64.587069936]},"properties":{"name":"Vojmån norrgående","road":"E45","bearing":169}},{"type":"Feature","geometry":{"type":"Point","coordinates":[16.681008921,64.616885721]},"properties":{"name":"Vilhelmina norrgående","road":"E45","bearing":129}},{"type":"Feature","geometry":{"type":"Point","coordinates":[16.635069431,64.631241678]},"properties":{"name":"Bergbacka södergående","road":"E45","bearing":288}},{"type":"Feature","geometry":{"type":"Point","coordinates":[16.622869209,64.634365008]},"properties":{"name":"Bergbacka norrgående","road":"E45","bearing":134}},{"type":"Feature","geometry":{"type":"Point","coordinates":[21.195896785,67.05073722]},"properties":{"name":"Leipojärvi norrgående","road":"E10","bearing":134}},{"type":"Feature","geometry":{"type":"Point","coordinates":[20.772847224,67.117103063]},"properties":{"name":"Motorbanan västgående","road":"E10","bearing":126}},{"type":"Feature","geometry":{"type":"Point","coordinates":[16.738765009,64.587018581]},"properties":{"name":"Vojmån södergående","road":"E45","bearing":348}},{"type":"Feature","geometry":{"type":"Point","coordinates":[16.680920897,64.616814917]},"properties":{"name":"Vilhelmina södergående","road":"E45","bearing":311}},{"type":"Feature","geometry":{"type":"Point","coordinates":[14.73022248,56.85516339]},"properties":{"name":"St Hammaren Ö","road":"23","bearing":209}},{"type":"Feature","geometry":{"type":"Point","coordinates":[14.718778816,56.848328469]},"properties":{"name":"Marklanda gård","road":"23","bearing":40}},{"type":"Feature","geometry":{"type":"Point","coordinates":[20.505248531,64.842382826]},"properties":{"name":"Svanström östgående","road":"95","bearing":310}},{"type":"Feature","geometry":{"type":"Point","coordinates":[20.396776434,64.878009179]},"properties":{"name":"Boliden västgående","road":"95","bearing":100}},{"type":"Feature","geometry":{"type":"Point","coordinates":[12.504352026,58.29570805]},"properties":{"name":"Vittene södergående","road":"44","bearing":35}},{"type":"Feature","geometry":{"type":"Point","coordinates":[12.569631801,58.320291517]},"properties":{"name":"Skavern norrgående","road":"44","bearing":224}},{"type":"Feature","geometry":{"type":"Point","coordinates":[13.086209019,60.301510054]},"properties":{"name":"Mjögtjärn","road":"E16","bearing":43}},{"type":"Feature","geometry":{"type":"Point","coordinates":[13.171699463,60.353735797]},"properties":{"name":"Ruskåsen","road":"E16","bearing":209}},{"type":"Feature","geometry":{"type":"Point","coordinates":[13.21766034,60.37613847]},"properties":{"name":"Lisselåsen söderg","road":"E16","bearing":57}},{"type":"Feature","geometry":{"type":"Point","coordinates":[13.219108444,60.376526077]},"properties":{"name":"Lisselåsen norrg","road":"E16","bearing":233}},{"type":"Feature","geometry":{"type":"Point","coordinates":[22.234492449,65.708307802]},"properties":{"name":"Örarna södergående","road":"596","bearing":335}},{"type":"Feature","geometry":{"type":"Point","coordinates":[17.928683972,59.150754271]},"properties":{"name":"Hässle","road":"571","bearing":350}},{"type":"Feature","geometry":{"type":"Point","coordinates":[17.927286771,59.173089003]},"properties":{"name":"Riksten","road":"571","bearing":18}},{"type":"Feature","geometry":{"type":"Point","coordinates":[17.928816383,59.181348569]},"properties":{"name":"Hacksjön","road":"571","bearing":185}},{"type":"Feature","geometry":{"type":"Point","coordinates":[17.924088315,59.206328184]},"properties":{"name":"Römossen 1","road":"571","bearing":170}},{"type":"Feature","geometry":{"type":"Point","coordinates":[17.923095809,59.207015473]},"properties":{"name":"Römossen 2","road":"571","bearing":320}},{"type":"Feature","geometry":{"type":"Point","coordinates":[15.612214081,56.531001537]},"properties":{"name":"Kyrksjön","road":"28","bearing":183}},{"type":"Feature","geometry":{"type":"Point","coordinates":[14.830460925,56.251523814]},"properties":{"name":"Långasjön","road":"29","bearing":194}},{"type":"Feature","geometry":{"type":"Point","coordinates":[12.445660879,58.008800375]},"properties":{"name":"Antens Kyrka Norrgående","road":"190","bearing":210}},{"type":"Feature","geometry":{"type":"Point","coordinates":[13.527459646,56.473592672]},"properties":{"name":"Råstorpskrysset öst","road":"15","bearing":105}},{"type":"Feature","geometry":{"type":"Point","coordinates":[20.788903449,63.999197275]},"properties":{"name":"Djäkneboda Norrgående","road":"E4","bearing":226}},{"type":"Feature","geometry":{"type":"Point","coordinates":[15.947477531,59.042823978]},"properties":{"name":"Haganäset","road":"52","bearing":133}},{"type":"Feature","geometry":{"type":"Point","coordinates":[15.971996552,59.039633765]},"properties":{"name":"Virenshöjd","road":"52","bearing":306}},{"type":"Feature","geometry":{"type":"Point","coordinates":[15.973120181,59.039310993]},"properties":{"name":"Gillbergatorp","road":"52","bearing":133}},{"type":"Feature","geometry":{"type":"Point","coordinates":[16.014714851,59.025601018]},"properties":{"name":"Finnholmen","road":"52","bearing":275}},{"type":"Feature","geometry":{"type":"Point","coordinates":[16.027515632,59.017910967]},"properties":{"name":"Västerlund","road":"52","bearing":156}},{"type":"Feature","geometry":{"type":"Point","coordinates":[17.530714956,59.6429447]},"properties":{"name":"Rölunda gård","road":"263","bearing":216}},{"type":"Feature","geometry":{"type":"Point","coordinates":[17.498624451,59.617093654]},"properties":{"name":"Vi","road":"545","bearing":349}},{"type":"Feature","geometry":{"type":"Point","coordinates":[18.186524707,57.401461746]},"properties":{"name":"Lilla Valbo","road":"140","bearing":128}},{"type":"Feature","geometry":{"type":"Point","coordinates":[18.160205143,57.411590387]},"properties":{"name":"Kovik","road":"140","bearing":318}},{"type":"Feature","geometry":{"type":"Point","coordinates":[18.221578973,57.583841655]},"properties":{"name":"Väster hejde","road":"140","bearing":249}},{"type":"Feature","geometry":{"type":"Point","coordinates":[18.255306957,57.60561918]},"properties":{"name":"Vibble","road":"140","bearing":28}},{"type":"Feature","geometry":{"type":"Point","coordinates":[18.387871897,57.652202271]},"properties":{"name":"Nyplings","road":"148","bearing":55}},{"type":"Feature","geometry":{"type":"Point","coordinates":[16.919400319,59.935822614]},"properties":{"name":"Stormossen","road":"72","bearing":270}},{"type":"Feature","geometry":{"type":"Point","coordinates":[16.296675273,57.697455411]},"properties":{"name":"Långsjön västergående","road":"40","bearing":70}},{"type":"Feature","geometry":{"type":"Point","coordinates":[20.772673911,67.117055333]},"properties":{"name":"Motorbanan östgående","road":"E10","bearing":307}},{"type":"Feature","geometry":{"type":"Point","coordinates":[18.213110018,59.450939352]},"properties":{"name":"Kulla 1","road":"274","bearing":298}},{"type":"Feature","geometry":{"type":"Point","coordinates":[18.29812083,60.236822443]},"properties":{"name":"Uppskedika","road":"288","bearing":40}},{"type":"Feature","geometry":{"type":"Point","coordinates":[13.444888847,57.208497206]},"properties":{"name":"Villstad idrottsplats","road":"26","bearing":33}},{"type":"Feature","geometry":{"type":"Point","coordinates":[13.444900535,57.237346693]},"properties":{"name":"Horshaga södergående","road":"26","bearing":45}},{"type":"Feature","geometry":{"type":"Point","coordinates":[13.446687501,57.238195376]},"properties":{"name":"Horshaga","road":"26","bearing":232}},{"type":"Feature","geometry":{"type":"Point","coordinates":[13.474750192,57.253606144]},"properties":{"name":"Villstads-Ryd norrgående","road":"26","bearing":200}},{"type":"Feature","geometry":{"type":"Point","coordinates":[13.478705078,57.259808421]},"properties":{"name":"Villstads-Ryd","road":"26","bearing":45}},{"type":"Feature","geometry":{"type":"Point","coordinates":[14.263275655,56.380454268]},"properties":{"name":"Tommaboda östgående","road":"15","bearing":238}},{"type":"Feature","geometry":{"type":"Point","coordinates":[14.276176527,56.3875832]},"properties":{"name":"Tommaboda västgående","road":"15","bearing":40}},{"type":"Feature","geometry":{"type":"Point","coordinates":[18.563334099,63.284913953]},"properties":{"name":"Överhörnäs ","road":"E4","bearing":264}},{"type":"Feature","geometry":{"type":"Point","coordinates":[18.572144995,63.285627524]},"properties":{"name":"Överhörnäs södergående","road":"E4","bearing":80}},{"type":"Feature","geometry":{"type":"Point","coordinates":[15.82655323,57.488419187]},"properties":{"name":"Kalvkätte","road":"23","bearing":347}},{"type":"Feature","geometry":{"type":"Point","coordinates":[15.826054436,57.48923094]},"properties":{"name":"Kalvkätte","road":"23","bearing":163}},{"type":"Feature","geometry":{"type":"Point","coordinates":[13.126385998,57.569610884]},"properties":{"name":"Hagalund","road":"154","bearing":192}},{"type":"Feature","geometry":{"type":"Point","coordinates":[16.835231928,59.936939923]},"properties":{"name":"Heby","road":"72","bearing":92}},{"type":"Feature","geometry":{"type":"Point","coordinates":[18.68422327,59.88332832]},"properties":{"name":"Skåltorpet","road":"76","bearing":103}},{"type":"Feature","geometry":{"type":"Point","coordinates":[18.614366465,59.897273686]},"properties":{"name":"Sonö Östra","road":"76","bearing":121}},{"type":"Feature","geometry":{"type":"Point","coordinates":[18.592803328,59.902025456]},"properties":{"name":"Sonö västra","road":"76","bearing":301}},{"type":"Feature","geometry":{"type":"Point","coordinates":[18.581650895,59.906293074]},"properties":{"name":"Unungehöjden","road":"76","bearing":211}},{"type":"Feature","geometry":{"type":"Point","coordinates":[18.544183859,59.901644443]},"properties":{"name":"Gransäter","road":"280","bearing":101}},{"type":"Feature","geometry":{"type":"Point","coordinates":[18.521242013,59.900255695]},"properties":{"name":"Valla","road":"280","bearing":253}},{"type":"Feature","geometry":{"type":"Point","coordinates":[20.307814799,63.714627231]},"properties":{"name":"Obbola södergående","road":"E12","bearing":311}},{"type":"Feature","geometry":{"type":"Point","coordinates":[20.289759477,63.740117723]},"properties":{"name":"Berga norrgående","road":"E12","bearing":180}},{"type":"Feature","geometry":{"type":"Point","coordinates":[20.295770754,63.765333183]},"properties":{"name":"Hällan norrgående","road":"E12","bearing":185}},{"type":"Feature","geometry":{"type":"Point","coordinates":[20.296129817,63.767677386]},"properties":{"name":"Hällan södergående","road":"E12","bearing":5}},{"type":"Feature","geometry":{"type":"Point","coordinates":[14.332286312,57.778553293]},"properties":{"name":"Stensholm","road":"132","bearing":270}},{"type":"Feature","geometry":{"type":"Point","coordinates":[14.361514926,57.777329533]},"properties":{"name":"Sandhult","road":"132","bearing":272}},{"type":"Feature","geometry":{"type":"Point","coordinates":[14.377919137,57.774761226]},"properties":{"name":"Vireda","road":"132","bearing":110}},{"type":"Feature","geometry":{"type":"Point","coordinates":[14.391153111,57.771627675]},"properties":{"name":"Östergården","road":"132","bearing":126}},{"type":"Feature","geometry":{"type":"Point","coordinates":[16.016424016,62.510523855]},"properties":{"name":"Johannisberg västgående","road":"E14","bearing":124}},{"type":"Feature","geometry":{"type":"Point","coordinates":[16.085144651,62.498067785]},"properties":{"name":"Ljungaverk östgående","road":"E14","bearing":265}},{"type":"Feature","geometry":{"type":"Point","coordinates":[18.34642064,63.390441035]},"properties":{"name":"Flärke södergående","road":"348","bearing":290}},{"type":"Feature","geometry":{"type":"Point","coordinates":[18.254209134,63.417708997]},"properties":{"name":"Mellansel norrgående","road":"348","bearing":155}},{"type":"Feature","geometry":{"type":"Point","coordinates":[18.884221456,63.296008365]},"properties":{"name":"Idbyn norrgående","road":"E4","bearing":255}},{"type":"Feature","geometry":{"type":"Point","coordinates":[18.901478624,63.300443378]},"properties":{"name":"Idbyn södergående","road":"E4","bearing":50}},{"type":"Feature","geometry":{"type":"Point","coordinates":[13.237449457,56.12669626]},"properties":{"name":"Björkarp östergående","road":"21","bearing":263}},{"type":"Feature","geometry":{"type":"Point","coordinates":[13.26597223,56.1257071]},"properties":{"name":"Björkarp västergående","road":"21","bearing":95}},{"type":"Feature","geometry":{"type":"Point","coordinates":[15.118320843,57.350650655]},"properties":{"name":"Fagraryd","road":"31","bearing":192}},{"type":"Feature","geometry":{"type":"Point","coordinates":[15.084691031,57.381785779]},"properties":{"name":"Stora Snärle","road":"31","bearing":338}},{"type":"Feature","geometry":{"type":"Point","coordinates":[15.082253828,57.392665728]},"properties":{"name":"Mossgård","road":"31","bearing":202}},{"type":"Feature","geometry":{"type":"Point","coordinates":[15.343666723,56.729872797]},"properties":{"name":"Slätthult väst","road":"25","bearing":270}},{"type":"Feature","geometry":{"type":"Point","coordinates":[11.997408082,57.559732537]},"properties":{"name":"Torred","road":"503","bearing":302}},{"type":"Feature","geometry":{"type":"Point","coordinates":[12.004525799,57.559605082]},"properties":{"name":"Kimmersbo","road":"503","bearing":99}},{"type":"Feature","geometry":{"type":"Point","coordinates":[12.03586368,57.569072148]},"properties":{"name":"Långås","road":"503","bearing":212}},{"type":"Feature","geometry":{"type":"Point","coordinates":[12.03758151,57.569957328]},"properties":{"name":"Humlekärr","road":"503","bearing":92}},{"type":"Feature","geometry":{"type":"Point","coordinates":[17.594268868,59.938069563]},"properties":{"name":"Svista","road":"600","bearing":182}},{"type":"Feature","geometry":{"type":"Point","coordinates":[17.593962864,59.938048633]},"properties":{"name":"Svista","road":"600","bearing":4}},{"type":"Feature","geometry":{"type":"Point","coordinates":[17.613407672,59.59702011]},"properties":{"name":"Nedergården","road":"269","bearing":339}},{"type":"Feature","geometry":{"type":"Point","coordinates":[12.62705184,58.008315139]},"properties":{"name":"Lena skola norrgående körriktning","road":"1890","bearing":196}},{"type":"Feature","geometry":{"type":"Point","coordinates":[12.626647992,58.009556578]},"properties":{"name":"Lena skola södergående körriktning","road":"1890","bearing":0}},{"type":"Feature","geometry":{"type":"Point","coordinates":[17.616222992,59.645533335]},"properties":{"name":"Erikssund","road":"263","bearing":75}},{"type":"Feature","geometry":{"type":"Point","coordinates":[11.806575773,57.896401747]},"properties":{"name":"Vävra västgående","road":"168","bearing":92}},{"type":"Feature","geometry":{"type":"Point","coordinates":[11.901457913,57.929735209]},"properties":{"name":"Ingetorps sjö norrgående","road":"574","bearing":150}},{"type":"Feature","geometry":{"type":"Point","coordinates":[11.886587666,57.933074499]},"properties":{"name":"Ingetorps sjö södergående","road":"574","bearing":310}},{"type":"Feature","geometry":{"type":"Point","coordinates":[13.476167726,55.843348396]},"properties":{"name":"Kurres västergående","road":"17","bearing":110}},{"type":"Feature","geometry":{"type":"Point","coordinates":[17.719547324,59.357657783]},"properties":{"name":"Igelviken","road":"800","bearing":348}},{"type":"Feature","geometry":{"type":"Point","coordinates":[17.674107102,59.389146425]},"properties":{"name":"Kvarsta","road":"800","bearing":294}},{"type":"Feature","geometry":{"type":"Point","coordinates":[17.6600567,59.391688937]},"properties":{"name":"Färentuna Kyrka","road":"800","bearing":99}},{"type":"Feature","geometry":{"type":"Point","coordinates":[15.561172159,57.153843992]},"properties":{"name":"Mösjöhult","road":"37","bearing":282}},{"type":"Feature","geometry":{"type":"Point","coordinates":[15.85568118,58.456847415]},"properties":{"name":"Ullälva","road":"796","bearing":237}},{"type":"Feature","geometry":{"type":"Point","coordinates":[15.90560756,58.47369599]},"properties":{"name":"Nybo","road":"796","bearing":231}},{"type":"Feature","geometry":{"type":"Point","coordinates":[13.831376712,63.306437513]},"properties":{"name":"Mattmar","road":"E14","bearing":105}},{"type":"Feature","geometry":{"type":"Point","coordinates":[14.304097073,63.325253545]},"properties":{"name":"Näskotts k:a","road":"E14","bearing":85}},{"type":"Feature","geometry":{"type":"Point","coordinates":[17.920221367,59.331192632]},"properties":{"name":"Gubbkärrsvägen mitt","road":"261","bearing":47}},{"type":"Feature","geometry":{"type":"Point","coordinates":[17.928872529,59.335059976]},"properties":{"name":"Åkeshovsvägen sida","road":"261","bearing":61}},{"type":"Feature","geometry":{"type":"Point","coordinates":[17.928964719,59.334905144]},"properties":{"name":"Åkeshovsvägen sida","road":"261","bearing":231}},{"type":"Feature","geometry":{"type":"Point","coordinates":[12.521322015,57.555048984]},"properties":{"name":"Sandvad vä","road":"156","bearing":319}},{"type":"Feature","geometry":{"type":"Point","coordinates":[12.524162413,57.553595037]},"properties":{"name":"Sandvad ö","road":"156","bearing":141}},{"type":"Feature","geometry":{"type":"Point","coordinates":[12.558632015,57.516883945]},"properties":{"name":"Hjorttorp östgående","road":"156","bearing":300}},{"type":"Feature","geometry":{"type":"Point","coordinates":[12.343104719,63.287255507]},"properties":{"name":"Enafors östgående","road":"E14","bearing":264}},{"type":"Feature","geometry":{"type":"Point","coordinates":[12.44775085,57.597023306]},"properties":{"name":"Kärra","road":"156","bearing":355}},{"type":"Feature","geometry":{"type":"Point","coordinates":[15.13463312,62.955012499]},"properties":{"name":"Rappsta södergående","road":"E14","bearing":295}},{"type":"Feature","geometry":{"type":"Point","coordinates":[14.429035285,62.752615169]},"properties":{"name":"Svenstavik södergående","road":"E45","bearing":43}},{"type":"Feature","geometry":{"type":"Point","coordinates":[14.479982498,62.793374483]},"properties":{"name":"Skucku norrgående","road":"E45","bearing":243}},{"type":"Feature","geometry":{"type":"Point","coordinates":[14.528245848,62.916035253]},"properties":{"name":"Hackås södergående","road":"E45","bearing":22}},{"type":"Feature","geometry":{"type":"Point","coordinates":[14.018721089,63.334660528]},"properties":{"name":"Trångsviken östgående","road":"E14","bearing":295}},{"type":"Feature","geometry":{"type":"Point","coordinates":[14.930950488,62.173855654]},"properties":{"name":"Ytterhogdal södergående","road":"E45","bearing":277}},{"type":"Feature","geometry":{"type":"Point","coordinates":[19.306988301,64.252048229]},"properties":{"name":"Granö N","road":"E12","bearing":317}},{"type":"Feature","geometry":{"type":"Point","coordinates":[12.558087887,56.959969463]},"properties":{"name":"Sannagård norrgående  ","road":"154","bearing":255}},{"type":"Feature","geometry":{"type":"Point","coordinates":[12.558466325,56.960219498]},"properties":{"name":"Sannagård södergående","road":"154","bearing":45}},{"type":"Feature","geometry":{"type":"Point","coordinates":[12.578286959,56.980519687]},"properties":{"name":"Ljungby södergående","road":"154","bearing":19}},{"type":"Feature","geometry":{"type":"Point","coordinates":[13.434930381,57.852545583]},"properties":{"name":"Timmele kyrka","road":"46","bearing":166}},{"type":"Feature","geometry":{"type":"Point","coordinates":[12.319482482,57.235352719]},"properties":{"name":"Derome norrgående","road":"41","bearing":187}},{"type":"Feature","geometry":{"type":"Point","coordinates":[17.722297489,59.285432369]},"properties":{"name":"Sundby","road":"816","bearing":109}},{"type":"Feature","geometry":{"type":"Point","coordinates":[12.134593574,57.59107935]},"properties":{"name":"Gapakullen","road":"503","bearing":243}},{"type":"Feature","geometry":{"type":"Point","coordinates":[12.128437671,57.588917338]},"properties":{"name":"Högaliden","road":"503","bearing":55}},{"type":"Feature","geometry":{"type":"Point","coordinates":[12.158059487,57.600066728]},"properties":{"name":"Löjsåker östergående körriktning","road":"503","bearing":239}},{"type":"Feature","geometry":{"type":"Point","coordinates":[12.161408476,57.600699257]},"properties":{"name":"Löjsåker västergående körriktning","road":"503","bearing":105}},{"type":"Feature","geometry":{"type":"Point","coordinates":[15.023977715,57.652695613]},"properties":{"name":"Eksjö Östra","road":"40","bearing":127}},{"type":"Feature","geometry":{"type":"Point","coordinates":[15.124485696,57.634860128]},"properties":{"name":"Hult","road":"40","bearing":257}},{"type":"Feature","geometry":{"type":"Point","coordinates":[14.170822146,63.317719672]},"properties":{"name":"Ytterån västgående","road":"E14","bearing":70}},{"type":"Feature","geometry":{"type":"Point","coordinates":[14.164695591,63.316292721]},"properties":{"name":"Ytterån östgående ","road":"E14","bearing":245}},{"type":"Feature","geometry":{"type":"Point","coordinates":[16.420899308,58.921823468]},"properties":{"name":"Toltorp","road":"52","bearing":315}},{"type":"Feature","geometry":{"type":"Point","coordinates":[16.604331161,61.788256571]},"properties":{"name":"Fredriksfors östgående","road":"84","bearing":295}},{"type":"Feature","geometry":{"type":"Point","coordinates":[18.562124305,57.721819629]},"properties":{"name":"Myrvälder","road":"148","bearing":226}},{"type":"Feature","geometry":{"type":"Point","coordinates":[11.68507468,58.228218807]},"properties":{"name":"S Henån","road":"160","bearing":180}},{"type":"Feature","geometry":{"type":"Point","coordinates":[11.704655081,58.164818484]},"properties":{"name":"Hoga södergående körriktning","road":"160","bearing":349}},{"type":"Feature","geometry":{"type":"Point","coordinates":[11.691371566,58.188788185]},"properties":{"name":"Kalseröd norrgående","road":"160","bearing":169}},{"type":"Feature","geometry":{"type":"Point","coordinates":[11.689632827,58.203079639]},"properties":{"name":"Häröd södergående","road":"160","bearing":10}},{"type":"Feature","geometry":{"type":"Point","coordinates":[11.521170307,58.155834628]},"properties":{"name":"Rålanda östergående","road":"178","bearing":292}},{"type":"Feature","geometry":{"type":"Point","coordinates":[12.30614044,58.317042925]},"properties":{"name":"Trafikplats Överby, södergående","road":"E45","bearing":327}},{"type":"Feature","geometry":{"type":"Point","coordinates":[15.220733506,59.554883641]},"properties":{"name":"Lindesberg, norrgående","road":"50","bearing":187}},{"type":"Feature","geometry":{"type":"Point","coordinates":[15.1785997,59.626310735]},"properties":{"name":"Fornaboda, norrgående","road":"50","bearing":150}},{"type":"Feature","geometry":{"type":"Point","coordinates":[15.167449019,59.63358112]},"properties":{"name":"Fornaboda, södergående","road":"50","bearing":320}},{"type":"Feature","geometry":{"type":"Point","coordinates":[15.220394911,59.554507055]},"properties":{"name":"Lindesberg, södergående","road":"50","bearing":15}},{"type":"Feature","geometry":{"type":"Point","coordinates":[17.030985409,59.61340933]},"properties":{"name":"Haga, norrgående","road":"55","bearing":232}},{"type":"Feature","geometry":{"type":"Point","coordinates":[17.037679319,59.616512175]},"properties":{"name":"Haga, södergående","road":"55","bearing":33}},{"type":"Feature","geometry":{"type":"Point","coordinates":[17.001869983,59.589155563]},"properties":{"name":"Svinnegarn, södergående","road":"55","bearing":55}},{"type":"Feature","geometry":{"type":"Point","coordinates":[17.008280786,59.533266793]},"properties":{"name":"Hjulsta, södergående","road":"55","bearing":4}},{"type":"Feature","geometry":{"type":"Point","coordinates":[17.005275282,59.523162578]},"properties":{"name":"Hjulsta, norrgående","road":"55","bearing":187}},{"type":"Feature","geometry":{"type":"Point","coordinates":[15.357374438,59.135832965]},"properties":{"name":"Sköllersta, västgående","road":"52","bearing":76}},{"type":"Feature","geometry":{"type":"Point","coordinates":[15.235694913,59.130309374]},"properties":{"name":"Fågelhaget, västgående","road":"52","bearing":82}},{"type":"Feature","geometry":{"type":"Point","coordinates":[15.195264829,59.121063683]},"properties":{"name":"Hällabrottet, östgående","road":"52","bearing":253}},{"type":"Feature","geometry":{"type":"Point","coordinates":[14.463515912,59.284940188]},"properties":{"name":"Blinäs, norrgående","road":"205","bearing":229}},{"type":"Feature","geometry":{"type":"Point","coordinates":[14.479823172,59.290556237]},"properties":{"name":"Espenäs, södergående","road":"205","bearing":46}},{"type":"Feature","geometry":{"type":"Point","coordinates":[14.440659276,59.263829742]},"properties":{"name":"Kvarntorp, norrgående","road":"205","bearing":181}},{"type":"Feature","geometry":{"type":"Point","coordinates":[16.900611869,58.77270484]},"properties":{"name":"Karlsberg, västgående","road":"52","bearing":102}},{"type":"Feature","geometry":{"type":"Point","coordinates":[16.837799563,58.780047143]},"properties":{"name":"Lövhagen, västgående","road":"52","bearing":105}},{"type":"Feature","geometry":{"type":"Point","coordinates":[16.80104471,58.791201474]},"properties":{"name":"Skillerhult, östgående","road":"52","bearing":298}},{"type":"Feature","geometry":{"type":"Point","coordinates":[17.857566941,59.855111712]},"properties":{"name":"Funbo, östgående","road":"282","bearing":274}},{"type":"Feature","geometry":{"type":"Point","coordinates":[17.768706508,59.847568232]},"properties":{"name":"Vedyxa, östgående","road":"282","bearing":247}},{"type":"Feature","geometry":{"type":"Point","coordinates":[17.864879077,59.75361]},"properties":{"name":"Högantorp, östgående","road":"77","bearing":264}},{"type":"Feature","geometry":{"type":"Point","coordinates":[17.847480146,59.751292854]},"properties":{"name":"Hammartorp, västgående","road":"77","bearing":60}},{"type":"Feature","geometry":{"type":"Point","coordinates":[17.843751731,59.749954001]},"properties":{"name":"Hammartorp, östgående","road":"77","bearing":232}},{"type":"Feature","geometry":{"type":"Point","coordinates":[17.971881738,59.752175667]},"properties":{"name":"Marielund, västgående","road":"77","bearing":85}},{"type":"Feature","geometry":{"type":"Point","coordinates":[17.934857814,59.748488631]},"properties":{"name":"St Vallby, östgående","road":"77","bearing":277}},{"type":"Feature","geometry":{"type":"Point","coordinates":[17.912602823,59.75034091]},"properties":{"name":"Rosendal, västgående","road":"77","bearing":96}},{"type":"Feature","geometry":{"type":"Point","coordinates":[17.873323169,59.753443503]},"properties":{"name":"Högantorp, västgående","road":"77","bearing":99}},{"type":"Feature","geometry":{"type":"Point","coordinates":[18.023462637,59.75268754]},"properties":{"name":"Husby by, västgående","road":"77","bearing":73}},{"type":"Feature","geometry":{"type":"Point","coordinates":[18.006160283,59.751575161]},"properties":{"name":"Norrdal, östgående","road":"77","bearing":285}},{"type":"Feature","geometry":{"type":"Point","coordinates":[16.038083354,59.01142306]},"properties":{"name":"Sjögölet, östgående","road":"52","bearing":289}},{"type":"Feature","geometry":{"type":"Point","coordinates":[16.059919246,59.009162594]},"properties":{"name":"Baggetorp, östgående","road":"52","bearing":287}},{"type":"Feature","geometry":{"type":"Point","coordinates":[16.068845183,59.008397698]},"properties":{"name":"Baggetorp, västgående","road":"52","bearing":103}},{"type":"Feature","geometry":{"type":"Point","coordinates":[16.147501259,59.002892859]},"properties":{"name":"Mogetorp, östgående","road":"52","bearing":282}},{"type":"Feature","geometry":{"type":"Point","coordinates":[12.244606241,57.827133889]},"properties":{"name":"Busshållplats Stannums, östgående","road":"190","bearing":239}},{"type":"Feature","geometry":{"type":"Point","coordinates":[12.133896278,57.793844294]},"properties":{"name":"Busshållplats Knipared, västgående","road":"190","bearing":59}},{"type":"Feature","geometry":{"type":"Point","coordinates":[16.34191969,59.558870463]},"properties":{"name":"Törunda, södergående","road":"56","bearing":47}},{"type":"Feature","geometry":{"type":"Point","coordinates":[16.737186857,59.934953656]},"properties":{"name":"Norrby bygdegård, västgående","road":"56","bearing":51}},{"type":"Feature","geometry":{"type":"Point","coordinates":[16.737944601,59.935069412]},"properties":{"name":"Norrby bygdegård, östgående","road":"56","bearing":238}},{"type":"Feature","geometry":{"type":"Point","coordinates":[15.954148527,59.535032784]},"properties":{"name":"Gålby, norrgående","road":"250","bearing":154}},{"type":"Feature","geometry":{"type":"Point","coordinates":[15.917016687,59.549361624]},"properties":{"name":"Marielund, södergående","road":"250","bearing":298}},{"type":"Feature","geometry":{"type":"Point","coordinates":[15.960138548,59.528047033]},"properties":{"name":"Köping, östgående","road":"250","bearing":338}},{"type":"Feature","geometry":{"type":"Point","coordinates":[15.879233078,59.57179341]},"properties":{"name":"Vallsta, norrgående","road":"250","bearing":187}},{"type":"Feature","geometry":{"type":"Point","coordinates":[16.064771147,59.417896934]},"properties":{"name":"Kungsör, östgående","road":"E20","bearing":284}},{"type":"Feature","geometry":{"type":"Point","coordinates":[17.532827161,59.84891446]},"properties":{"name":"Läby, västgående","road":"72","bearing":101}},{"type":"Feature","geometry":{"type":"Point","coordinates":[17.355063486,59.862824406]},"properties":{"name":"Ålbo, östgående","road":"72","bearing":273}},{"type":"Feature","geometry":{"type":"Point","coordinates":[17.314302833,59.869763493]},"properties":{"name":"Klockartorp, västgående","road":"72","bearing":111}},{"type":"Feature","geometry":{"type":"Point","coordinates":[17.510640517,59.849492293]},"properties":{"name":"Västerby, östgående","road":"72","bearing":279}},{"type":"Feature","geometry":{"type":"Point","coordinates":[17.428353938,59.856237639]},"properties":{"name":"Vänge, västgående","road":"72","bearing":127}},{"type":"Feature","geometry":{"type":"Point","coordinates":[17.264326455,59.879112218]},"properties":{"name":"Kölva, östgående","road":"72","bearing":276}},{"type":"Feature","geometry":{"type":"Point","coordinates":[12.412866989,58.681191976]},"properties":{"name":"Busshållplats Granliden","road":"E45","bearing":46}},{"type":"Feature","geometry":{"type":"Point","coordinates":[12.42971457,58.688124696]},"properties":{"name":"Busshållplats Svennungerud","road":"E45","bearing":246}},{"type":"Feature","geometry":{"type":"Point","coordinates":[11.720389957,58.063376668]},"properties":{"name":"Busshållplatser Kihls, södergående","road":"160","bearing":294}},{"type":"Feature","geometry":{"type":"Point","coordinates":[11.69173751,58.312675651]},"properties":{"name":"Busshållplats Sundsandvik","road":"160","bearing":140}},{"type":"Feature","geometry":{"type":"Point","coordinates":[11.685132637,58.250412737]},"properties":{"name":"Busshållplats Nötevik","road":"160","bearing":326}},{"type":"Feature","geometry":{"type":"Point","coordinates":[11.692216149,58.269346223]},"properties":{"name":"Busshållplats Söbben","road":"160","bearing":220}},{"type":"Feature","geometry":{"type":"Point","coordinates":[16.147651358,57.264557284]},"properties":{"name":"Korsvägen östergående","road":"37","bearing":265}},{"type":"Feature","geometry":{"type":"Point","coordinates":[12.280254924,58.498426391]},"properties":{"name":"Frändefors","road":"E45","bearing":10}},{"type":"Feature","geometry":{"type":"Point","coordinates":[12.197088689,58.869637232]},"properties":{"name":"Ödskölt rastplats norrgående","road":"172","bearing":224}},{"type":"Feature","geometry":{"type":"Point","coordinates":[12.201068523,58.871916094]},"properties":{"name":"Ödskölt rastplats södergående ","road":"172","bearing":67}},{"type":"Feature","geometry":{"type":"Point","coordinates":[12.216591079,58.924449708]},"properties":{"name":"Steneby Munkedalen, norrgående ","road":"172","bearing":163}},{"type":"Feature","geometry":{"type":"Point","coordinates":[12.271909192,59.009310576]},"properties":{"name":"Lövnäs norrgående","road":"164","bearing":194}},{"type":"Feature","geometry":{"type":"Point","coordinates":[12.272109206,59.012064327]},"properties":{"name":"Lövnäs södergående","road":"164","bearing":11}},{"type":"Feature","geometry":{"type":"Point","coordinates":[16.259725468,59.516740231]},"properties":{"name":"Pliggebo","road":"252","bearing":178}},{"type":"Feature","geometry":{"type":"Point","coordinates":[16.250942145,59.525338469]},"properties":{"name":"Kungsladugården","road":"252","bearing":343}},{"type":"Feature","geometry":{"type":"Point","coordinates":[13.220894255,58.464402475]},"properties":{"name":"Sävare södergående körriktning","road":"49","bearing":316}},{"type":"Feature","geometry":{"type":"Point","coordinates":[16.773103103,58.742110387]},"properties":{"name":"Gällsta","road":"800","bearing":105}},{"type":"Feature","geometry":{"type":"Point","coordinates":[16.831043121,58.74108472]},"properties":{"name":"Gummersta","road":"800","bearing":90}},{"type":"Feature","geometry":{"type":"Point","coordinates":[16.899276102,58.74253177]},"properties":{"name":"Bergshammar","road":"800","bearing":255}},{"type":"Feature","geometry":{"type":"Point","coordinates":[16.67736843,58.874036083]},"properties":{"name":"Mellangården","road":"52","bearing":140}},{"type":"Feature","geometry":{"type":"Point","coordinates":[17.075915603,59.32065481]},"properties":{"name":"Pipartorp","road":"900","bearing":160}},{"type":"Feature","geometry":{"type":"Point","coordinates":[16.633855386,58.901783652]},"properties":{"name":"Fredriksberg","road":"52","bearing":320}},{"type":"Feature","geometry":{"type":"Point","coordinates":[11.335049604,58.412420925]},"properties":{"name":"Askum östergående","road":"171","bearing":223}},{"type":"Feature","geometry":{"type":"Point","coordinates":[11.339964787,58.413919019]},"properties":{"name":"Askum västergående","road":"171","bearing":110}},{"type":"Feature","geometry":{"type":"Point","coordinates":[11.409299334,58.431533292]},"properties":{"name":"Ödstoft östergående","road":"171","bearing":228}},{"type":"Feature","geometry":{"type":"Point","coordinates":[11.208707209,59.030047748]},"properties":{"name":"Hogdal södergående","road":"1040","bearing":268}},{"type":"Feature","geometry":{"type":"Point","coordinates":[11.219286367,59.04803116]},"properties":{"name":"Solhem södergående","road":"1040","bearing":13}},{"type":"Feature","geometry":{"type":"Point","coordinates":[11.219838458,59.049674434]},"properties":{"name":"Solhem norrgående","road":"1040","bearing":186}},{"type":"Feature","geometry":{"type":"Point","coordinates":[12.455872858,58.715878307]},"properties":{"name":"Busshållplats Östra Vässby","road":"E45","bearing":10}},{"type":"Feature","geometry":{"type":"Point","coordinates":[18.470587908,57.668484964]},"properties":{"name":"Bro","road":"148","bearing":239}},{"type":"Feature","geometry":{"type":"Point","coordinates":[17.46119206,59.807826043]},"properties":{"name":"Lund","road":"55","bearing":52}},{"type":"Feature","geometry":{"type":"Point","coordinates":[17.488661547,59.817236063]},"properties":{"name":"Skärfälten","road":"55","bearing":223}},{"type":"Feature","geometry":{"type":"Point","coordinates":[17.017283038,59.561674963]},"properties":{"name":"Enköpings-Näs, södergående","road":"55","bearing":356}},{"type":"Feature","geometry":{"type":"Point","coordinates":[16.996955601,59.583652463]},"properties":{"name":"Svinnegarn, norrgående","road":"55","bearing":165}},{"type":"Feature","geometry":{"type":"Point","coordinates":[18.047893318,59.665498614]},"properties":{"name":"Lunda","road":"273","bearing":186}},{"type":"Feature","geometry":{"type":"Point","coordinates":[18.007869276,59.652935364]},"properties":{"name":"Ösby","road":"273","bearing":250}},{"type":"Feature","geometry":{"type":"Point","coordinates":[17.986717345,59.649474354]},"properties":{"name":"Altuna","road":"273","bearing":71}},{"type":"Feature","geometry":{"type":"Point","coordinates":[17.86243641,59.854826187]},"properties":{"name":"Funbo, västgående","road":"282","bearing":102}},{"type":"Feature","geometry":{"type":"Point","coordinates":[16.412138366,60.304851317]},"properties":{"name":"Horndal södergående","road":"68","bearing":3}},{"type":"Feature","geometry":{"type":"Point","coordinates":[16.413124264,60.328934769]},"properties":{"name":"Lönnemora södergående","road":"68","bearing":350}},{"type":"Feature","geometry":{"type":"Point","coordinates":[16.408387829,60.350573381]},"properties":{"name":"Byvalla norrgående","road":"68","bearing":195}},{"type":"Feature","geometry":{"type":"Point","coordinates":[16.409205585,60.351884805]},"properties":{"name":"Byvalla södergående","road":"68","bearing":35}},{"type":"Feature","geometry":{"type":"Point","coordinates":[18.084754332,59.177855074]},"properties":{"name":"Lissma","road":"605","bearing":45}},{"type":"Feature","geometry":{"type":"Point","coordinates":[18.109309658,59.19124373]},"properties":{"name":"Gräsvreten","road":"605","bearing":54}},{"type":"Feature","geometry":{"type":"Point","coordinates":[19.51089879,64.152875132]},"properties":{"name":"Bjurfors","road":"E12","bearing":155}},{"type":"Feature","geometry":{"type":"Point","coordinates":[19.503544413,64.159081946]},"properties":{"name":"Bastuselet Söder","road":"E12","bearing":331}},{"type":"Feature","geometry":{"type":"Point","coordinates":[19.501222549,64.161149774]},"properties":{"name":"Bastuselet","road":"E12","bearing":147}},{"type":"Feature","geometry":{"type":"Point","coordinates":[19.496699518,64.166162684]},"properties":{"name":"Bastuselet Norr","road":"E12","bearing":322}},{"type":"Feature","geometry":{"type":"Point","coordinates":[18.5830484,59.339430166]},"properties":{"name":"Kopparmora 1","road":"669","bearing":225}},{"type":"Feature","geometry":{"type":"Point","coordinates":[13.765152195,55.540420829]},"properties":{"name":"Hökatorp söder","road":"13","bearing":334}},{"type":"Feature","geometry":{"type":"Point","coordinates":[13.764225272,55.541678562]},"properties":{"name":"Hökatorp","road":"13","bearing":152}},{"type":"Feature","geometry":{"type":"Point","coordinates":[13.454211955,59.464848766]},"properties":{"name":"Rud, norrgående","road":"720","bearing":184}},{"type":"Feature","geometry":{"type":"Point","coordinates":[13.441480322,59.491462669]},"properties":{"name":"Rudsheden","road":"720","bearing":189}},{"type":"Feature","geometry":{"type":"Point","coordinates":[13.441790457,59.502361003]},"properties":{"name":"Botorpsheden","road":"720","bearing":12}},{"type":"Feature","geometry":{"type":"Point","coordinates":[17.850173868,59.496135256]},"properties":{"name":"Rydholm","road":"850","bearing":5}},{"type":"Feature","geometry":{"type":"Point","coordinates":[17.93915583,59.230762571]},"properties":{"name":"Katrinebergsvägen","road":"259","bearing":271}},{"type":"Feature","geometry":{"type":"Point","coordinates":[17.939872049,59.230935081]},"properties":{"name":"Patron Lars väg","road":"259","bearing":100}},{"type":"Feature","geometry":{"type":"Point","coordinates":[12.757870338,56.401190405]},"properties":{"name":"Salomonhög","road":"105","bearing":158}},{"type":"Feature","geometry":{"type":"Point","coordinates":[15.434815656,56.732858366]},"properties":{"name":"Tomeshult östergående","road":"25","bearing":266}},{"type":"Feature","geometry":{"type":"Point","coordinates":[15.44049188,56.733251702]},"properties":{"name":"Tomeshult västergående","road":"25","bearing":90}},{"type":"Feature","geometry":{"type":"Point","coordinates":[13.520393753,56.235076262]},"properties":{"name":"Röke","road":"24","bearing":120}},{"type":"Feature","geometry":{"type":"Point","coordinates":[13.503842584,56.239567785]},"properties":{"name":"Röke","road":"24","bearing":297}},{"type":"Feature","geometry":{"type":"Point","coordinates":[13.649576203,56.39818378]},"properties":{"name":"Emmaljunga","road":"117","bearing":335}},{"type":"Feature","geometry":{"type":"Point","coordinates":[16.361563375,58.462148739]},"properties":{"name":"Galgbacken","road":"E22","bearing":149}},{"type":"Feature","geometry":{"type":"Point","coordinates":[16.360026682,58.462748908]},"properties":{"name":"Ljunga","road":"E22","bearing":317}},{"type":"Feature","geometry":{"type":"Point","coordinates":[15.322154519,59.129369314]},"properties":{"name":"Kävesta, östgående","road":"52","bearing":280}},{"type":"Feature","geometry":{"type":"Point","coordinates":[15.69158903,59.137851088]},"properties":{"name":"Stenkulla 1","road":"52","bearing":273}},{"type":"Feature","geometry":{"type":"Point","coordinates":[15.692465286,59.13797215]},"properties":{"name":"Stenkulla 2","road":"52","bearing":92}},{"type":"Feature","geometry":{"type":"Point","coordinates":[15.750844501,59.135950402]},"properties":{"name":"Djursnäs","road":"52","bearing":82}},{"type":"Feature","geometry":{"type":"Point","coordinates":[15.771869193,59.136806061]},"properties":{"name":"Dimbo gård","road":"52","bearing":266}},{"type":"Feature","geometry":{"type":"Point","coordinates":[17.834532609,59.85560985]},"properties":{"name":"Gunsta, västgående","road":"282","bearing":104}},{"type":"Feature","geometry":{"type":"Point","coordinates":[15.27898867,60.147474645]},"properties":{"name":"Skarviken","road":"66","bearing":122}},{"type":"Feature","geometry":{"type":"Point","coordinates":[17.186775158,59.058436667]},"properties":{"name":"Väla 2","road":"57","bearing":107}},{"type":"Feature","geometry":{"type":"Point","coordinates":[15.936026774,59.046661278]},"properties":{"name":"Skeppsmyrelund","road":"52","bearing":294}},{"type":"Feature","geometry":{"type":"Point","coordinates":[17.640933866,59.33088256]},"properties":{"name":"Menhammar","road":"816","bearing":215}},{"type":"Feature","geometry":{"type":"Point","coordinates":[17.624187359,59.353808489]},"properties":{"name":"Kärsösund","road":"816","bearing":1}},{"type":"Feature","geometry":{"type":"Point","coordinates":[17.614727582,59.364411814]},"properties":{"name":"Husby","road":"816","bearing":148}},{"type":"Feature","geometry":{"type":"Point","coordinates":[17.565645812,59.398512695]},"properties":{"name":"Munsö Kyrka","road":"816","bearing":118}},{"type":"Feature","geometry":{"type":"Point","coordinates":[18.664251712,59.700167268]},"properties":{"name":"Överby","road":"276","bearing":188}},{"type":"Feature","geometry":{"type":"Point","coordinates":[18.811186489,59.98609146]},"properties":{"name":"Väddö kyrka","road":"283","bearing":164}},{"type":"Feature","geometry":{"type":"Point","coordinates":[18.678197478,59.608962844]},"properties":{"name":"Stäket","road":"276","bearing":60}},{"type":"Feature","geometry":{"type":"Point","coordinates":[18.677037403,59.670982332]},"properties":{"name":"Norrby","road":"276","bearing":42}},{"type":"Feature","geometry":{"type":"Point","coordinates":[17.461441384,59.637939268]},"properties":{"name":"Kivinge","road":"263","bearing":289}},{"type":"Feature","geometry":{"type":"Point","coordinates":[15.020202942,59.96686321]},"properties":{"name":"Mosstorp","road":"50","bearing":183}},{"type":"Feature","geometry":{"type":"Point","coordinates":[15.019910633,59.987138501]},"properties":{"name":"Högfors södra","road":"50","bearing":346}},{"type":"Feature","geometry":{"type":"Point","coordinates":[15.018729452,59.990021022]},"properties":{"name":"Högfors norra","road":"50","bearing":176}},{"type":"Feature","geometry":{"type":"Point","coordinates":[14.981629395,60.021654986]},"properties":{"name":"Bastkärn","road":"50","bearing":343}},{"type":"Feature","geometry":{"type":"Point","coordinates":[21.145146421,64.308126401]},"properties":{"name":"Grimsmark","road":"E4","bearing":47}},{"type":"Feature","geometry":{"type":"Point","coordinates":[21.237907961,64.333795924]},"properties":{"name":"Västanbyn","road":"E4","bearing":262}},{"type":"Feature","geometry":{"type":"Point","coordinates":[21.238898745,64.333951744]},"properties":{"name":"Västanbyn","road":"E4","bearing":81}},{"type":"Feature","geometry":{"type":"Point","coordinates":[14.808655012,63.036496832]},"properties":{"name":"Ångsta norrgående","road":"E45","bearing":230}},{"type":"Feature","geometry":{"type":"Point","coordinates":[14.828843862,63.257624784]},"properties":{"name":"Sjörtjärnen södergående","road":"E45","bearing":60}},{"type":"Feature","geometry":{"type":"Point","coordinates":[14.868347136,63.291367724]},"properties":{"name":"Hökbäck södergående","road":"E45","bearing":5}},{"type":"Feature","geometry":{"type":"Point","coordinates":[13.864372176,60.809369999]},"properties":{"name":"Öje norrgående","road":"E45","bearing":235}},{"type":"Feature","geometry":{"type":"Point","coordinates":[13.873411435,60.812103915]},"properties":{"name":"Öje södergående","road":"E45","bearing":57}},{"type":"Feature","geometry":{"type":"Point","coordinates":[20.306817479,63.918519645]},"properties":{"name":"Fäbodåkern norrgående","road":"364","bearing":160}},{"type":"Feature","geometry":{"type":"Point","coordinates":[20.30466621,63.920974064]},"properties":{"name":"Fäbodåkern södergående","road":"364","bearing":341}},{"type":"Feature","geometry":{"type":"Point","coordinates":[20.301306762,63.928277588]},"properties":{"name":"Fällforsån norrgående","road":"364","bearing":170}},{"type":"Feature","geometry":{"type":"Point","coordinates":[20.300797619,63.936385272]},"properties":{"name":"Fällforsån södergående","road":"364","bearing":7}},{"type":"Feature","geometry":{"type":"Point","coordinates":[16.112329754,59.349065777]},"properties":{"name":"St Tjärbruket","road":"56","bearing":9}},{"type":"Feature","geometry":{"type":"Point","coordinates":[13.159516564,56.384546003]},"properties":{"name":"Råryd norrgående","road":"24","bearing":148}},{"type":"Feature","geometry":{"type":"Point","coordinates":[13.158965504,56.384888282]},"properties":{"name":"Råryd södergående","road":"24","bearing":323}},{"type":"Feature","geometry":{"type":"Point","coordinates":[14.593617385,63.247149461]},"properties":{"name":"Ås","road":"E14","bearing":145}},{"type":"Feature","geometry":{"type":"Point","coordinates":[14.590513491,63.24839708]},"properties":{"name":"Nyhem","road":"E14","bearing":319}},{"type":"Feature","geometry":{"type":"Point","coordinates":[14.540201161,63.266839925]},"properties":{"name":"Landsom","road":"E14","bearing":161}},{"type":"Feature","geometry":{"type":"Point","coordinates":[14.538003785,63.26843936]},"properties":{"name":"Tängtorpet","road":"E14","bearing":346}},{"type":"Feature","geometry":{"type":"Point","coordinates":[15.19542327,57.643133204]},"properties":{"name":"Moaryd","road":"40","bearing":74}},{"type":"Feature","geometry":{"type":"Point","coordinates":[15.326386614,57.635605104]},"properties":{"name":"Larstorp","road":"40","bearing":285}},{"type":"Feature","geometry":{"type":"Point","coordinates":[15.441428774,57.628599717]},"properties":{"name":"Häljarp","road":"40","bearing":130}},{"type":"Feature","geometry":{"type":"Point","coordinates":[13.268207119,56.521457139]},"properties":{"name":"Knäred rastplats östergående","road":"15","bearing":283}},{"type":"Feature","geometry":{"type":"Point","coordinates":[13.268562483,56.521507021]},"properties":{"name":"Knäred rastplats västergående","road":"15","bearing":106}},{"type":"Feature","geometry":{"type":"Point","coordinates":[12.74666988,58.323218716]},"properties":{"name":"Klintegården östergående","road":"47","bearing":294}},{"type":"Feature","geometry":{"type":"Point","coordinates":[23.914672087,65.81157718]},"properties":{"name":"Nikkalakorsning mot Kalix","road":"E4","bearing":85}},{"type":"Feature","geometry":{"type":"Point","coordinates":[23.910458397,65.811317931]},"properties":{"name":"Nikkalakorsning mot Haparanda","road":"E4","bearing":265}},{"type":"Feature","geometry":{"type":"Point","coordinates":[23.512140833,65.85875907]},"properties":{"name":"Sangis östra infarten","road":"E4","bearing":90}},{"type":"Feature","geometry":{"type":"Point","coordinates":[21.673661607,65.449985133]},"properties":{"name":"Rosvik Norra","road":"E4","bearing":201}},{"type":"Feature","geometry":{"type":"Point","coordinates":[21.674774911,65.451287701]},"properties":{"name":"Rosvik Norra","road":"E4","bearing":27}},{"type":"Feature","geometry":{"type":"Point","coordinates":[21.998792051,65.582193076]},"properties":{"name":"Gäddvik Södra norrgående","road":"E4","bearing":275}},{"type":"Feature","geometry":{"type":"Point","coordinates":[21.633276175,65.433536488]},"properties":{"name":"Rosvik Södra norrgående","road":"E4","bearing":245}},{"type":"Feature","geometry":{"type":"Point","coordinates":[21.635966068,65.434238131]},"properties":{"name":"Rosvik Södra södergående","road":"E4","bearing":55}},{"type":"Feature","geometry":{"type":"Point","coordinates":[23.65961615,65.842618115]},"properties":{"name":"Säivis norrgående","road":"E4","bearing":266}},{"type":"Feature","geometry":{"type":"Point","coordinates":[13.432877172,60.798482418]},"properties":{"name":"Limskogen S","road":"66","bearing":329}},{"type":"Feature","geometry":{"type":"Point","coordinates":[13.432675528,60.798848242]},"properties":{"name":"Limskogen N","road":"66","bearing":145}},{"type":"Feature","geometry":{"type":"Point","coordinates":[16.068833961,56.38335546]},"properties":{"name":"Bergkvara S","road":"E22","bearing":357}},{"type":"Feature","geometry":{"type":"Point","coordinates":[16.067117359,56.397261017]},"properties":{"name":"Bergkvara N","road":"E22","bearing":184}},{"type":"Feature","geometry":{"type":"Point","coordinates":[16.067429922,56.398588102]},"properties":{"name":"Bergkvara N","road":"E22","bearing":24}},{"type":"Feature","geometry":{"type":"Point","coordinates":[16.069377019,56.413135945]},"properties":{"name":"Påboda","road":"E22","bearing":176}},{"type":"Feature","geometry":{"type":"Point","coordinates":[16.068769475,56.41401272]},"properties":{"name":"Påboda","road":"E22","bearing":348}},{"type":"Feature","geometry":{"type":"Point","coordinates":[14.206863588,60.509943028]},"properties":{"name":"Vansbro östgående","road":"E16","bearing":275}},{"type":"Feature","geometry":{"type":"Point","coordinates":[14.197953923,60.510877485]},"properties":{"name":"Västra Vansbro","road":"E16","bearing":115}},{"type":"Feature","geometry":{"type":"Point","coordinates":[14.158862376,60.497258067]},"properties":{"name":"Bäckdalen västgående","road":"E16","bearing":76}},{"type":"Feature","geometry":{"type":"Point","coordinates":[14.138521016,60.494829653]},"properties":{"name":"Gruckåkvarnen","road":"E16","bearing":222}},{"type":"Feature","geometry":{"type":"Point","coordinates":[14.084954861,60.474081346]},"properties":{"name":"Rågsveden västgående","road":"E16","bearing":93}},{"type":"Feature","geometry":{"type":"Point","coordinates":[19.999789244,63.681117788]},"properties":{"name":"Sörmjöle, norrgående","road":"E4","bearing":219}},{"type":"Feature","geometry":{"type":"Point","coordinates":[20.001680263,63.682302284]},"properties":{"name":"Sörmjöle, södergående ","road":"E4","bearing":40}},{"type":"Feature","geometry":{"type":"Point","coordinates":[20.133920176,63.744388543]},"properties":{"name":"Ansmark norrgående","road":"E4","bearing":230}},{"type":"Feature","geometry":{"type":"Point","coordinates":[20.136528332,63.74566288]},"properties":{"name":"Ansmark södergående","road":"E4","bearing":45}},{"type":"Feature","geometry":{"type":"Point","coordinates":[20.19658722,63.871333398]},"properties":{"name":"Forslunda södergående","road":"363","bearing":3}},{"type":"Feature","geometry":{"type":"Point","coordinates":[20.198217676,63.913173172]},"properties":{"name":"Håkmark norrgående","road":"363","bearing":155}},{"type":"Feature","geometry":{"type":"Point","coordinates":[14.088307331,56.047922105]},"properties":{"name":"Vinnö södergående","road":"19","bearing":0}},{"type":"Feature","geometry":{"type":"Point","coordinates":[17.384109345,60.643649155]},"properties":{"name":"Stenvreten","road":"76","bearing":282}},{"type":"Feature","geometry":{"type":"Point","coordinates":[17.465316044,60.584310657]},"properties":{"name":"Högmo","road":"76","bearing":170}},{"type":"Feature","geometry":{"type":"Point","coordinates":[21.289301207,64.347435313]},"properties":{"name":"Munkviken södergående","road":"E4","bearing":30}},{"type":"Feature","geometry":{"type":"Point","coordinates":[21.302598537,64.371669426]},"properties":{"name":"Lövånger","road":"E4","bearing":185}},{"type":"Feature","geometry":{"type":"Point","coordinates":[18.634010269,59.281208139]},"properties":{"name":"Fridenvägen","road":"222","bearing":35}},{"type":"Feature","geometry":{"type":"Point","coordinates":[18.490169452,59.33451934]},"properties":{"name":"Torsby (norrgående trafik)","road":"274","bearing":127}},{"type":"Feature","geometry":{"type":"Point","coordinates":[18.487106315,59.33758548]},"properties":{"name":"Torsby (södergående trafik)","road":"274","bearing":343}},{"type":"Feature","geometry":{"type":"Point","coordinates":[16.151791272,59.002594323]},"properties":{"name":"Mogetorp, västgående","road":"52","bearing":112}},{"type":"Feature","geometry":{"type":"Point","coordinates":[18.445116414,57.632549602]},"properties":{"name":"Hejdeby kyrka","road":"147","bearing":241}},{"type":"Feature","geometry":{"type":"Point","coordinates":[18.468845326,57.638138976]},"properties":{"name":"Tibbles","road":"147","bearing":90}},{"type":"Feature","geometry":{"type":"Point","coordinates":[17.37284959,62.229399649]},"properties":{"name":"Maj norrgående","road":"E4","bearing":186}},{"type":"Feature","geometry":{"type":"Point","coordinates":[18.532888534,57.63427842]},"properties":{"name":"Krampbro 1","road":"147","bearing":308}},{"type":"Feature","geometry":{"type":"Point","coordinates":[18.542515644,57.634170603]},"properties":{"name":"Krampbro 2","road":"147","bearing":86}},{"type":"Feature","geometry":{"type":"Point","coordinates":[18.628709466,57.645146144]},"properties":{"name":"Bäl kyrka","road":"147","bearing":248}},{"type":"Feature","geometry":{"type":"Point","coordinates":[18.638387628,57.648697637]},"properties":{"name":"Uppuse","road":"147","bearing":54}},{"type":"Feature","geometry":{"type":"Point","coordinates":[18.767656647,57.681141378]},"properties":{"name":"Boge kors","road":"147","bearing":60}},{"type":"Feature","geometry":{"type":"Point","coordinates":[18.79518531,57.706013884]},"properties":{"name":"Solklintsskolan","road":"147","bearing":171}},{"type":"Feature","geometry":{"type":"Point","coordinates":[18.652760151,64.607414208]},"properties":{"name":"Lugnet","road":"E12","bearing":120}},{"type":"Feature","geometry":{"type":"Point","coordinates":[18.653445638,64.607064794]},"properties":{"name":"Lugnet","road":"E12","bearing":300}},{"type":"Feature","geometry":{"type":"Point","coordinates":[13.336104385,60.984264799]},"properties":{"name":"Torgås","road":"66","bearing":354}},{"type":"Feature","geometry":{"type":"Point","coordinates":[13.338825505,61.028793747]},"properties":{"name":"Kläppen","road":"66","bearing":8}},{"type":"Feature","geometry":{"type":"Point","coordinates":[14.700386747,58.697849787]},"properties":{"name":"Igelbäcken","road":"49","bearing":253}},{"type":"Feature","geometry":{"type":"Point","coordinates":[14.727979116,58.710906662]},"properties":{"name":"Ullasand","road":"49","bearing":75}},{"type":"Feature","geometry":{"type":"Point","coordinates":[14.747522886,58.717520591]},"properties":{"name":"Sandviken","road":"49","bearing":259}},{"type":"Feature","geometry":{"type":"Point","coordinates":[14.773058427,58.733258003]},"properties":{"name":"Lilla Koviken","road":"49","bearing":43}},{"type":"Feature","geometry":{"type":"Point","coordinates":[14.788137504,58.747419819]},"properties":{"name":"Olshammar","road":"49","bearing":223}},{"type":"Feature","geometry":{"type":"Point","coordinates":[20.906390544,67.10527179]},"properties":{"name":"Stenbron västgående","road":"E10","bearing":100}},{"type":"Feature","geometry":{"type":"Point","coordinates":[21.092652946,67.074805797]},"properties":{"name":"Laurajärvi södergående","road":"E10","bearing":291}},{"type":"Feature","geometry":{"type":"Point","coordinates":[20.963785639,67.097917559]},"properties":{"name":"Aitik norrgående","road":"E10","bearing":111}},{"type":"Feature","geometry":{"type":"Point","coordinates":[20.963811609,67.097835545]},"properties":{"name":"Aitik södergående","road":"E10","bearing":287}},{"type":"Feature","geometry":{"type":"Point","coordinates":[18.469750378,59.309062455]},"properties":{"name":"Hagaberg","road":"222","bearing":135}},{"type":"Feature","geometry":{"type":"Point","coordinates":[18.50165724,59.302922809]},"properties":{"name":"Skeppsdalsström","road":"222","bearing":282}},{"type":"Feature","geometry":{"type":"Point","coordinates":[18.508344129,59.301295587]},"properties":{"name":"Herrviksnäs","road":"222","bearing":155}},{"type":"Feature","geometry":{"type":"Point","coordinates":[18.514828352,59.297030915]},"properties":{"name":"Herrviks Gård","road":"222","bearing":153}},{"type":"Feature","geometry":{"type":"Point","coordinates":[18.559816963,59.282253102]},"properties":{"name":"Norrviken","road":"222","bearing":116}},{"type":"Feature","geometry":{"type":"Point","coordinates":[20.943121922,66.09662231]},"properties":{"name":"Harads norrgående","road":"97","bearing":160}},{"type":"Feature","geometry":{"type":"Point","coordinates":[20.942196801,66.097504405]},"properties":{"name":"Harads södergående","road":"97","bearing":340}},{"type":"Feature","geometry":{"type":"Point","coordinates":[21.904035733,65.535276581]},"properties":{"name":"Måttsund östgående","road":"580","bearing":279}},{"type":"Feature","geometry":{"type":"Point","coordinates":[17.258998538,59.221834505]},"properties":{"name":"Eklund","road":"576","bearing":245}},{"type":"Feature","geometry":{"type":"Point","coordinates":[15.388790977,60.744025172]},"properties":{"name":"Tallbo norrgående","road":"69","bearing":109}},{"type":"Feature","geometry":{"type":"Point","coordinates":[13.434407505,57.43932044]},"properties":{"name":"Grälebo södergående körriktning","road":"27","bearing":308}},{"type":"Feature","geometry":{"type":"Point","coordinates":[13.433977775,57.439629551]},"properties":{"name":"Grälebo norrgående körriktning","road":"27","bearing":120}},{"type":"Feature","geometry":{"type":"Point","coordinates":[13.390024671,57.464303756]},"properties":{"name":"Ranabo norrgående körriktning","road":"27","bearing":139}},{"type":"Feature","geometry":{"type":"Point","coordinates":[13.389472816,57.46434163]},"properties":{"name":"Ranabo södergående körriktning","road":"27","bearing":316}},{"type":"Feature","geometry":{"type":"Point","coordinates":[14.428262906,56.909333895]},"properties":{"name":"Fållen","road":"27","bearing":326}},{"type":"Feature","geometry":{"type":"Point","coordinates":[14.420636347,56.918255628]},"properties":{"name":"Sjöatorp Norr","road":"27","bearing":172}},{"type":"Feature","geometry":{"type":"Point","coordinates":[24.01340831,65.814731948]},"properties":{"name":"Salmis Norrgående","road":"E4","bearing":229}},{"type":"Feature","geometry":{"type":"Point","coordinates":[18.624550222,64.628442246]},"properties":{"name":"Betselekurvan norrgående","road":"E12","bearing":138}},{"type":"Feature","geometry":{"type":"Point","coordinates":[18.559538199,64.632054651]},"properties":{"name":"Betsele norrgående","road":"E12","bearing":89}},{"type":"Feature","geometry":{"type":"Point","coordinates":[18.546280666,64.633820149]},"properties":{"name":"Betsele södergående","road":"E12","bearing":289}},{"type":"Feature","geometry":{"type":"Point","coordinates":[18.474905976,64.648597461]},"properties":{"name":"Bålforsen norrgående","road":"E12","bearing":104}},{"type":"Feature","geometry":{"type":"Point","coordinates":[18.448111204,64.66152381]},"properties":{"name":"Brännland södergående","road":"E12","bearing":349}},{"type":"Feature","geometry":{"type":"Point","coordinates":[18.412366434,64.685198075]},"properties":{"name":"Nysäter södergående","road":"E12","bearing":323}},{"type":"Feature","geometry":{"type":"Point","coordinates":[18.385838595,64.695904883]},"properties":{"name":"Umgransele norrgående","road":"E12","bearing":119}},{"type":"Feature","geometry":{"type":"Point","coordinates":[18.33987478,64.703785744]},"properties":{"name":"Norrkulla södergående","road":"E12","bearing":268}},{"type":"Feature","geometry":{"type":"Point","coordinates":[15.375302386,58.370747015]},"properties":{"name":"Sjögestad bro","road":"636","bearing":267}},{"type":"Feature","geometry":{"type":"Point","coordinates":[15.376004407,58.370852736]},"properties":{"name":"Åviken","road":"636","bearing":89}},{"type":"Feature","geometry":{"type":"Point","coordinates":[17.371841208,62.248904851]},"properties":{"name":"Myre Södergående ","road":"E4","bearing":355}},{"type":"Feature","geometry":{"type":"Point","coordinates":[17.373681261,62.231899997]},"properties":{"name":"Maj södergående","road":"E4","bearing":10}},{"type":"Feature","geometry":{"type":"Point","coordinates":[18.223937028,59.428411812]},"properties":{"name":"Bogesund","road":"274","bearing":295}},{"type":"Feature","geometry":{"type":"Point","coordinates":[18.229859583,59.42818445]},"properties":{"name":"Ladvik","road":"274","bearing":99}},{"type":"Feature","geometry":{"type":"Point","coordinates":[18.256871996,59.427162445]},"properties":{"name":"Nibbleviken","road":"274","bearing":257}},{"type":"Feature","geometry":{"type":"Point","coordinates":[18.263141337,59.427059713]},"properties":{"name":"Nibblegård","road":"274","bearing":124}},{"type":"Feature","geometry":{"type":"Point","coordinates":[18.293054202,59.422686253]},"properties":{"name":"Bullerholmen","road":"274","bearing":287}},{"type":"Feature","geometry":{"type":"Point","coordinates":[18.31651821,59.411414872]},"properties":{"name":"Kullö","road":"274","bearing":177}},{"type":"Feature","geometry":{"type":"Point","coordinates":[18.328882678,59.424392206]},"properties":{"name":"Löjvik 1","road":"1003","bearing":220}},{"type":"Feature","geometry":{"type":"Point","coordinates":[18.330590441,59.425975333]},"properties":{"name":"Löjvik 2","road":"1003","bearing":34}},{"type":"Feature","geometry":{"type":"Point","coordinates":[12.987492414,60.138469403]},"properties":{"name":"Kajsheden södergående","road":"E16","bearing":24}},{"type":"Feature","geometry":{"type":"Point","coordinates":[14.0219074,59.667461327]},"properties":{"name":"Brattfors norrgående","road":"63","bearing":216}},{"type":"Feature","geometry":{"type":"Point","coordinates":[14.022739179,59.668159012]},"properties":{"name":"Brattfors Södergående","road":"63","bearing":46}},{"type":"Feature","geometry":{"type":"Point","coordinates":[14.521453706,57.204358349]},"properties":{"name":"Björkelunda","road":"30","bearing":350}},{"type":"Feature","geometry":{"type":"Point","coordinates":[14.513860923,57.21532477]},"properties":{"name":"Björka","road":"30","bearing":155}},{"type":"Feature","geometry":{"type":"Point","coordinates":[12.579243442,56.982012034]},"properties":{"name":"Ljungby norrgående","road":"154","bearing":196}},{"type":"Feature","geometry":{"type":"Point","coordinates":[14.315435267,57.458215033]},"properties":{"name":"Kårdholmen","road":"30","bearing":175}},{"type":"Feature","geometry":{"type":"Point","coordinates":[13.741167027,57.183076603]},"properties":{"name":"Norr Bredaryd","road":"27","bearing":303}},{"type":"Feature","geometry":{"type":"Point","coordinates":[14.095577702,55.726967741]},"properties":{"name":"Brösarp","road":"19","bearing":210}},{"type":"Feature","geometry":{"type":"Point","coordinates":[16.733228107,58.845012162]},"properties":{"name":"Mjälnäs","road":"52","bearing":140}},{"type":"Feature","geometry":{"type":"Point","coordinates":[16.766206171,58.8163322]},"properties":{"name":"Rogsta 2","road":"52","bearing":140}},{"type":"Feature","geometry":{"type":"Point","coordinates":[13.297956301,55.998141494]},"properties":{"name":"Röstånga södra","road":"13","bearing":153}},{"type":"Feature","geometry":{"type":"Point","coordinates":[13.286817134,56.005985149]},"properties":{"name":"Röstånga norra","road":"13","bearing":325}},{"type":"Feature","geometry":{"type":"Point","coordinates":[15.834186285,58.451590924]},"properties":{"name":"Törnevalla","road":"796","bearing":68}},{"type":"Feature","geometry":{"type":"Point","coordinates":[15.870005694,58.460218057]},"properties":{"name":"Överby","road":"796","bearing":67}},{"type":"Feature","geometry":{"type":"Point","coordinates":[13.451788349,59.470379672]},"properties":{"name":"Rud, södergående","road":"720","bearing":348}},{"type":"Feature","geometry":{"type":"Point","coordinates":[18.363830491,57.647720715]},"properties":{"name":"Skogsholm","road":"148","bearing":250}},{"type":"Feature","geometry":{"type":"Point","coordinates":[18.523462817,57.706612973]},"properties":{"name":"Hammars","road":"148","bearing":105}},{"type":"Feature","geometry":{"type":"Point","coordinates":[18.727768553,57.750104562]},"properties":{"name":"Othem Västra","road":"148","bearing":264}},{"type":"Feature","geometry":{"type":"Point","coordinates":[14.182337974,56.38198653]},"properties":{"name":"Boalt västgående","road":"15","bearing":100}},{"type":"Feature","geometry":{"type":"Point","coordinates":[12.155077695,57.698140801]},"properties":{"name":"Öjersjö södergående körriktning","road":"535","bearing":344}},{"type":"Feature","geometry":{"type":"Point","coordinates":[13.093414597,63.393407032]},"properties":{"name":"Tottvägen östgående","road":"E14","bearing":340}},{"type":"Feature","geometry":{"type":"Point","coordinates":[16.041707654,59.44780929]},"properties":{"name":"Kungs-Barkarö k:a 1","road":"250","bearing":144}},{"type":"Feature","geometry":{"type":"Point","coordinates":[13.804821947,57.644293729]},"properties":{"name":"Bosarp 1","road":"26","bearing":219}},{"type":"Feature","geometry":{"type":"Point","coordinates":[14.660790692,63.002993018]},"properties":{"name":"Skute norrgående","road":"E45","bearing":263}},{"type":"Feature","geometry":{"type":"Point","coordinates":[14.848230976,63.263920274]},"properties":{"name":"Nyvik norrgående","road":"E45","bearing":235}},{"type":"Feature","geometry":{"type":"Point","coordinates":[16.940558166,62.367449056]},"properties":{"name":"Hällsjö västgående","road":"E14","bearing":91}},{"type":"Feature","geometry":{"type":"Point","coordinates":[13.845776351,57.694675189]},"properties":{"name":"Videbäcken 1","road":"26","bearing":355}},{"type":"Feature","geometry":{"type":"Point","coordinates":[12.722102866,56.433709779]},"properties":{"name":"Hov","road":"105","bearing":266}},{"type":"Feature","geometry":{"type":"Point","coordinates":[24.019557827,65.816718977]},"properties":{"name":"Salmis Södergående","road":"E4","bearing":48}},{"type":"Feature","geometry":{"type":"Point","coordinates":[24.081968286,65.82895046]},"properties":{"name":"Vuono Norrgående","road":"E4","bearing":222}},{"type":"Feature","geometry":{"type":"Point","coordinates":[24.088632748,65.831736733]},"properties":{"name":"Vuono Södergående","road":"E4","bearing":39}},{"type":"Feature","geometry":{"type":"Point","coordinates":[17.869119248,59.610122237]},"properties":{"name":"Gustavsborg","road":"859","bearing":325}},{"type":"Feature","geometry":{"type":"Point","coordinates":[14.891159818,59.215504186]},"properties":{"name":"Göksvala","road":"204","bearing":185}},{"type":"Feature","geometry":{"type":"Point","coordinates":[17.895602269,59.555447081]},"properties":{"name":"Verka 1","road":"859","bearing":2}},{"type":"Feature","geometry":{"type":"Point","coordinates":[11.636159903,58.144485655]},"properties":{"name":"Yttre Hjälmvik östergående","road":"178","bearing":306}},{"type":"Feature","geometry":{"type":"Point","coordinates":[11.540557027,58.154780283]},"properties":{"name":"Rålanda västergående","road":"178","bearing":80}},{"type":"Feature","geometry":{"type":"Point","coordinates":[16.659423612,58.887606897]},"properties":{"name":"Almedal 1","road":"52","bearing":145}},{"type":"Feature","geometry":{"type":"Point","coordinates":[16.659960184,58.886854454]},"properties":{"name":"Almedal 2","road":"52","bearing":330}},{"type":"Feature","geometry":{"type":"Point","coordinates":[16.982104855,58.726713352]},"properties":{"name":"Dalstugan","road":"511","bearing":195}},{"type":"Feature","geometry":{"type":"Point","coordinates":[17.001199638,58.729544472]},"properties":{"name":"Arnö gård","road":"511","bearing":115}},{"type":"Feature","geometry":{"type":"Point","coordinates":[15.786757964,56.804974855]},"properties":{"name":"Kolsbygd","road":"31","bearing":177}},{"type":"Feature","geometry":{"type":"Point","coordinates":[18.099533195,59.501798476]},"properties":{"name":"Jarlabankes väg","road":"264","bearing":355}},{"type":"Feature","geometry":{"type":"Point","coordinates":[21.017286816,64.23187182]},"properties":{"name":"Gumboda","road":"E4","bearing":186}},{"type":"Feature","geometry":{"type":"Point","coordinates":[15.631545983,57.633982303]},"properties":{"name":"Rökulla","road":"40","bearing":293}},{"type":"Feature","geometry":{"type":"Point","coordinates":[15.784360693,57.645199891]},"properties":{"name":"Kvarnkärret","road":"40","bearing":77}},{"type":"Feature","geometry":{"type":"Point","coordinates":[22.235155991,65.642369647]},"properties":{"name":"Bensbyn","road":"596","bearing":342}},{"type":"Feature","geometry":{"type":"Point","coordinates":[22.234383685,65.70737494]},"properties":{"name":"Örarna norrgående","road":"596","bearing":206}},{"type":"Feature","geometry":{"type":"Point","coordinates":[14.790852403,56.527032693]},"properties":{"name":"Urshult väst","road":"120","bearing":246}},{"type":"Feature","geometry":{"type":"Point","coordinates":[14.827933434,56.530305902]},"properties":{"name":"Urshult öst","road":"120","bearing":73}},{"type":"Feature","geometry":{"type":"Point","coordinates":[14.904343421,56.529930004]},"properties":{"name":"Drakamåla","road":"120","bearing":102}},{"type":"Feature","geometry":{"type":"Point","coordinates":[14.918541086,56.527487441]},"properties":{"name":"Kroksjömåla","road":"120","bearing":297}},{"type":"Feature","geometry":{"type":"Point","coordinates":[14.953668287,56.529176556]},"properties":{"name":"Tingsryd väst","road":"120","bearing":261}},{"type":"Feature","geometry":{"type":"Point","coordinates":[14.224755728,58.340226362]},"properties":{"name":"Backafall","road":"194","bearing":285}},{"type":"Feature","geometry":{"type":"Point","coordinates":[14.870588383,56.531498625]},"properties":{"name":"Degersnäs","road":"120","bearing":252}},{"type":"Feature","geometry":{"type":"Point","coordinates":[21.138276343,65.342626976]},"properties":{"name":"Stockbäcken västgående","road":"373","bearing":100}},{"type":"Feature","geometry":{"type":"Point","coordinates":[14.722331815,56.946330395]},"properties":{"name":"Tunatorp","road":"30","bearing":162}},{"type":"Feature","geometry":{"type":"Point","coordinates":[14.712405799,56.96308933]},"properties":{"name":"Hågeryd","road":"30","bearing":348}},{"type":"Feature","geometry":{"type":"Point","coordinates":[14.67943719,56.993238939]},"properties":{"name":"Ör norrgående","road":"30","bearing":129}},{"type":"Feature","geometry":{"type":"Point","coordinates":[21.018104844,64.233440855]},"properties":{"name":"Gumboda","road":"E4","bearing":23}},{"type":"Feature","geometry":{"type":"Point","coordinates":[16.963553636,59.932442057]},"properties":{"name":"Morgongåva","road":"72","bearing":105}},{"type":"Feature","geometry":{"type":"Point","coordinates":[16.996808757,59.91878392]},"properties":{"name":"Brunkebo","road":"72","bearing":303}},{"type":"Feature","geometry":{"type":"Point","coordinates":[17.125291843,60.561642718]},"properties":{"name":"Hästbo södergående","road":"509","bearing":20}},{"type":"Feature","geometry":{"type":"Point","coordinates":[17.11767399,60.618653373]},"properties":{"name":"Sälgsjön norrgående","road":"509","bearing":176}},{"type":"Feature","geometry":{"type":"Point","coordinates":[17.116715935,60.62244081]},"properties":{"name":"Sälgsjön södergående","road":"509","bearing":356}},{"type":"Feature","geometry":{"type":"Point","coordinates":[15.668853088,58.720235487]},"properties":{"name":"Östentorp","road":"51","bearing":116}},{"type":"Feature","geometry":{"type":"Point","coordinates":[15.65638388,58.720084045]},"properties":{"name":"Östergården","road":"51","bearing":265}},{"type":"Feature","geometry":{"type":"Point","coordinates":[12.019397483,58.426270144]},"properties":{"name":"Rothugget södergående","road":"172","bearing":357}},{"type":"Feature","geometry":{"type":"Point","coordinates":[12.017728666,58.43688083]},"properties":{"name":"Ängen norrgående","road":"172","bearing":168}},{"type":"Feature","geometry":{"type":"Point","coordinates":[16.430394488,58.570331524]},"properties":{"name":"Säby","road":"209","bearing":260}},{"type":"Feature","geometry":{"type":"Point","coordinates":[16.474766641,58.575480018]},"properties":{"name":"Brogstens gård","road":"209","bearing":85}},{"type":"Feature","geometry":{"type":"Point","coordinates":[12.426014344,58.138215269]},"properties":{"name":"Boryd södergående","road":"42","bearing":317}},{"type":"Feature","geometry":{"type":"Point","coordinates":[12.430061999,58.215916412]},"properties":{"name":"Velanda gård norrgående","road":"42","bearing":144}},{"type":"Feature","geometry":{"type":"Point","coordinates":[12.429644837,58.216033814]},"properties":{"name":"Velanda gård södergående","road":"42","bearing":334}},{"type":"Feature","geometry":{"type":"Point","coordinates":[12.424032053,58.242491604]},"properties":{"name":"Väne-Åsaka skola norrgående","road":"42","bearing":192}},{"type":"Feature","geometry":{"type":"Point","coordinates":[17.882156167,59.199636075]},"properties":{"name":"Huddingevägen/Hamringe, östgående","road":"226","bearing":276}},{"type":"Feature","geometry":{"type":"Point","coordinates":[17.884087841,59.199692055]},"properties":{"name":"Huddingevägen/Hamringe, västgående","road":"226","bearing":79}},{"type":"Feature","geometry":{"type":"Point","coordinates":[16.591541717,59.614354746]},"properties":{"name":"Skiljebo, östgående","road":"693","bearing":275}},{"type":"Feature","geometry":{"type":"Point","coordinates":[16.202038023,58.904812813]},"properties":{"name":"Strångsjö","road":"55","bearing":335}},{"type":"Feature","geometry":{"type":"Point","coordinates":[22.814503799,66.257477971]},"properties":{"name":"Svartbyn, norrgående","road":"E10","bearing":185}},{"type":"Feature","geometry":{"type":"Point","coordinates":[22.806035334,66.332632558]},"properties":{"name":"Överkalix, södergående","road":"E10","bearing":313}},{"type":"Feature","geometry":{"type":"Point","coordinates":[19.875934789,63.629809333]},"properties":{"name":"Hörnefors södra, norrgående","road":"E4","bearing":248}},{"type":"Feature","geometry":{"type":"Point","coordinates":[19.908300124,63.637924807]},"properties":{"name":"Hörnefors C, norrgående","road":"E4","bearing":238}},{"type":"Feature","geometry":{"type":"Point","coordinates":[20.093047698,63.858174462]},"properties":{"name":"Brännbergstorpet, västgående","road":"E12","bearing":147}},{"type":"Feature","geometry":{"type":"Point","coordinates":[19.878102355,63.630419197]},"properties":{"name":"Hörnefors södra, södergående","road":"E4","bearing":60}},{"type":"Feature","geometry":{"type":"Point","coordinates":[19.912478567,63.638924096]},"properties":{"name":"Hörnefors C, södergående","road":"E4","bearing":65}},{"type":"Feature","geometry":{"type":"Point","coordinates":[21.339846715,65.380636254]},"properties":{"name":"Käcktjärn södra, norrgående","road":"374","bearing":140}},{"type":"Feature","geometry":{"type":"Point","coordinates":[18.017266402,59.118333468]},"properties":{"name":"Västra skolan","road":"257","bearing":291}},{"type":"Feature","geometry":{"type":"Point","coordinates":[12.075435093,58.668780495]},"properties":{"name":"Tångelanda södergående","road":"172","bearing":42}},{"type":"Feature","geometry":{"type":"Point","coordinates":[12.091575984,58.70032026]},"properties":{"name":"Brandserud norrgående","road":"172","bearing":164}},{"type":"Feature","geometry":{"type":"Point","coordinates":[20.949797691,64.66753103]},"properties":{"name":"Stöverberget södergående","road":"364","bearing":345}},{"type":"Feature","geometry":{"type":"Point","coordinates":[20.942628869,64.692211888]},"properties":{"name":"Degersjön norrgående","road":"364","bearing":175}},{"type":"Feature","geometry":{"type":"Point","coordinates":[20.942414275,64.696785542]},"properties":{"name":"Degersjön södergående","road":"364","bearing":355}},{"type":"Feature","geometry":{"type":"Point","coordinates":[14.861989552,56.275839287]},"properties":{"name":"Elsebråne","road":"29","bearing":31}},{"type":"Feature","geometry":{"type":"Point","coordinates":[14.887678965,56.326735552]},"properties":{"name":"Askaremåla","road":"29","bearing":354}},{"type":"Feature","geometry":{"type":"Point","coordinates":[13.005412856,55.886198336]},"properties":{"name":"Billeberga","road":"17","bearing":295}},{"type":"Feature","geometry":{"type":"Point","coordinates":[16.788565366,61.312460733]},"properties":{"name":"Busshållplats Mo, västgående","road":"50","bearing":139}},{"type":"Feature","geometry":{"type":"Point","coordinates":[17.18129509,59.059481261]},"properties":{"name":"Väla 1","road":"57","bearing":280}},{"type":"Feature","geometry":{"type":"Point","coordinates":[14.242370617,55.936190244]},"properties":{"name":"Hornavägen","road":"1648","bearing":299}},{"type":"Feature","geometry":{"type":"Point","coordinates":[14.187371014,55.966569682]},"properties":{"name":"Hovby","road":"1648","bearing":334}},{"type":"Feature","geometry":{"type":"Point","coordinates":[13.687628781,57.53469038]},"properties":{"name":"Mossebo 1","road":"26","bearing":196}},{"type":"Feature","geometry":{"type":"Point","coordinates":[15.262325261,59.174136928]},"properties":{"name":"Frommesta norrgående","road":"51","bearing":177}},{"type":"Feature","geometry":{"type":"Point","coordinates":[15.260921932,59.175935841]},"properties":{"name":"Frommesta södergående","road":"51","bearing":334}},{"type":"Feature","geometry":{"type":"Point","coordinates":[13.732078398,59.597579323]},"properties":{"name":"Nyeds kyrka, södergående","road":"63","bearing":71}},{"type":"Feature","geometry":{"type":"Point","coordinates":[13.113189687,59.761514484]},"properties":{"name":"Sånebytorp, norrgående","road":"E45","bearing":170}},{"type":"Feature","geometry":{"type":"Point","coordinates":[12.307317346,58.521381059]},"properties":{"name":"Asmundebyn, norrgående","road":"E45","bearing":211}},{"type":"Feature","geometry":{"type":"Point","coordinates":[12.307096471,58.521349467]},"properties":{"name":"Asmundebyn, södergående","road":"E45","bearing":29}},{"type":"Feature","geometry":{"type":"Point","coordinates":[12.289839378,58.422841714]},"properties":{"name":"Gestadvägen, södergående","road":"E45","bearing":8}},{"type":"Feature","geometry":{"type":"Point","coordinates":[12.290057827,58.423565215]},"properties":{"name":"Gestadvägen, norrgående","road":"E45","bearing":181}},{"type":"Feature","geometry":{"type":"Point","coordinates":[13.925956636,58.735593752]},"properties":{"name":"Hasslerör, norrgående","road":"E20","bearing":230}},{"type":"Feature","geometry":{"type":"Point","coordinates":[11.5640638,58.29173351]},"properties":{"name":"Bokenäs, västgående","road":"161","bearing":83}},{"type":"Feature","geometry":{"type":"Point","coordinates":[17.846721909,62.684086174]},"properties":{"name":"Älandsbro södergående","road":"E4","bearing":355}},{"type":"Feature","geometry":{"type":"Point","coordinates":[13.681863968,63.310653757]},"properties":{"name":"Mörsil, östgående","road":"E14","bearing":269}},{"type":"Feature","geometry":{"type":"Point","coordinates":[17.384432005,63.148529792]},"properties":{"name":"Mobäcken, södergående","road":"90","bearing":284}},{"type":"Feature","geometry":{"type":"Point","coordinates":[17.389959332,63.147422098]},"properties":{"name":"Mobäcken, norrgående","road":"90","bearing":139}},{"type":"Feature","geometry":{"type":"Point","coordinates":[17.350501303,63.147775875]},"properties":{"name":"Öst-Nyland, södergående ","road":"90","bearing":286}},{"type":"Feature","geometry":{"type":"Point","coordinates":[11.861719266,57.78201035]},"properties":{"name":"Säve flygplats, södergående","road":"563","bearing":41}},{"type":"Feature","geometry":{"type":"Point","coordinates":[14.003147035,58.55160254]},"properties":{"name":"Götlunda kyrka, södergående","road":"200","bearing":2}},{"type":"Feature","geometry":{"type":"Point","coordinates":[14.003036026,58.550065775]},"properties":{"name":"Götlunda kyrka, norrgående","road":"200","bearing":188}},{"type":"Feature","geometry":{"type":"Point","coordinates":[12.160398982,57.803329273]},"properties":{"name":"Olofstorp, västgående","road":"190","bearing":61}},{"type":"Feature","geometry":{"type":"Point","coordinates":[12.413376317,58.601412349]},"properties":{"name":"Bergarud, södergående","road":"E45","bearing":13}},{"type":"Feature","geometry":{"type":"Point","coordinates":[12.413538979,58.601307798]},"properties":{"name":"Bergarud, norrgående","road":"E45","bearing":203}},{"type":"Feature","geometry":{"type":"Point","coordinates":[11.706085274,58.094736582]},"properties":{"name":"Busshållplats Skåpesund norra","road":"160","bearing":55}},{"type":"Feature","geometry":{"type":"Point","coordinates":[11.700090414,58.090725279]},"properties":{"name":"Busshållplats Skåpesund","road":"160","bearing":179}},{"type":"Feature","geometry":{"type":"Point","coordinates":[11.687312924,58.332757839]},"properties":{"name":"Åsen, södergående","road":"160","bearing":33}},{"type":"Feature","geometry":{"type":"Point","coordinates":[13.944344192,58.753035431]},"properties":{"name":"Hasslerör, södergående","road":"26","bearing":15}},{"type":"Feature","geometry":{"type":"Point","coordinates":[13.943985041,58.751200224]},"properties":{"name":"Hasslerör, norrgående","road":"26","bearing":184}},{"type":"Feature","geometry":{"type":"Point","coordinates":[12.995914978,57.118972358]},"properties":{"name":"Årnahylte, östgående","road":"153","bearing":271}},{"type":"Feature","geometry":{"type":"Point","coordinates":[12.565253953,58.113545015]},"properties":{"name":"Mörlandavägen, norrgående","road":"42","bearing":98}},{"type":"Feature","geometry":{"type":"Point","coordinates":[14.142649649,59.053123914]},"properties":{"name":"Busshållplats Gränsen, södergående","road":"26","bearing":35}},{"type":"Feature","geometry":{"type":"Point","coordinates":[11.906247299,57.712145099]},"properties":{"name":"Lundbytunneln, mitt, östgående","road":"E6","bearing":259}},{"type":"Feature","geometry":{"type":"Point","coordinates":[11.892114369,57.708140524]},"properties":{"name":"Lundbytunneln, infart, östgående","road":"E6","bearing":216}},{"type":"Feature","geometry":{"type":"Point","coordinates":[11.920938976,57.711191262]},"properties":{"name":"Lundbytunneln, infart, västgående","road":"E6","bearing":135}},{"type":"Feature","geometry":{"type":"Point","coordinates":[11.908419686,57.712665585]},"properties":{"name":"Lundbytunneln, mitt, västgående","road":"E6","bearing":91}},{"type":"Feature","geometry":{"type":"Point","coordinates":[11.893448025,57.671807181]},"properties":{"name":"Gnistängstunneln, mitt, norrgående","road":"E6","bearing":210}},{"type":"Feature","geometry":{"type":"Point","coordinates":[11.894008633,57.673097276]},"properties":{"name":"Gnistängstunneln, mitt, söderg.","road":"E6","bearing":18}},{"type":"Feature","geometry":{"type":"Point","coordinates":[13.371904949,57.096781021]},"properties":{"name":"Fängsjö, södergående","road":"26","bearing":16}},{"type":"Feature","geometry":{"type":"Point","coordinates":[13.648684918,63.310845784]},"properties":{"name":"Mörsil, västgående","road":"E14","bearing":80}},{"type":"Feature","geometry":{"type":"Point","coordinates":[16.59024646,56.801832384]},"properties":{"name":"Halltorp","road":"136","bearing":206}},{"type":"Feature","geometry":{"type":"Point","coordinates":[13.694156603,56.30990413]},"properties":{"name":"Lilla Hemmeströ","road":"117","bearing":327}},{"type":"Feature","geometry":{"type":"Point","coordinates":[13.833232443,57.166923434]},"properties":{"name":"Forshedakorset 2","road":"27","bearing":278}},{"type":"Feature","geometry":{"type":"Point","coordinates":[14.626181707,58.95607446]},"properties":{"name":"Röfors","road":"205","bearing":194}},{"type":"Feature","geometry":{"type":"Point","coordinates":[14.628175047,58.959843154]},"properties":{"name":"Fördärvet","road":"205","bearing":26}},{"type":"Feature","geometry":{"type":"Point","coordinates":[14.051883094,55.705404817]},"properties":{"name":"Eljaröd ","road":"19","bearing":56}},{"type":"Feature","geometry":{"type":"Point","coordinates":[21.828876216,65.556134753]},"properties":{"name":"Antnäs västgående","road":"94","bearing":110}},{"type":"Feature","geometry":{"type":"Point","coordinates":[21.822942248,65.55665504]},"properties":{"name":"Antnäs östgående","road":"94","bearing":275}},{"type":"Feature","geometry":{"type":"Point","coordinates":[15.111516936,59.707391082]},"properties":{"name":"Guldsmedshyttan","road":"50","bearing":218}},{"type":"Feature","geometry":{"type":"Point","coordinates":[15.577329095,59.146105662]},"properties":{"name":"Lännäs","road":"52","bearing":304}},{"type":"Feature","geometry":{"type":"Point","coordinates":[14.968229726,60.038739903]},"properties":{"name":"Silverhöjden","road":"50","bearing":198}},{"type":"Feature","geometry":{"type":"Point","coordinates":[14.510052482,59.753515727]},"properties":{"name":"Fjällbo","road":"63","bearing":27}},{"type":"Feature","geometry":{"type":"Point","coordinates":[13.280726575,55.557641262]},"properties":{"name":"Holmeja västergående","road":"816","bearing":87}},{"type":"Feature","geometry":{"type":"Point","coordinates":[13.300968081,55.55815725]},"properties":{"name":"Holmeja östergående","road":"816","bearing":272}},{"type":"Feature","geometry":{"type":"Point","coordinates":[13.322080192,55.552022458]},"properties":{"name":"Troberga","road":"816","bearing":332}},{"type":"Feature","geometry":{"type":"Point","coordinates":[13.344823097,55.534834166]},"properties":{"name":"Rävstadsvägen","road":"816","bearing":121}},{"type":"Feature","geometry":{"type":"Point","coordinates":[11.803668105,57.895879127]},"properties":{"name":"Vävra östgående","road":"168","bearing":260}},{"type":"Feature","geometry":{"type":"Point","coordinates":[11.778745259,57.889927774]},"properties":{"name":"Gullbringa västgående","road":"168","bearing":83}},{"type":"Feature","geometry":{"type":"Point","coordinates":[11.774055067,57.889907485]},"properties":{"name":"Gullbringa östgående","road":"168","bearing":292}},{"type":"Feature","geometry":{"type":"Point","coordinates":[13.891831839,55.491596524]},"properties":{"name":"Högestad","road":"19","bearing":212}},{"type":"Feature","geometry":{"type":"Point","coordinates":[18.10309848,59.563090359]},"properties":{"name":"Veda stuteri","road":"950","bearing":180}},{"type":"Feature","geometry":{"type":"Point","coordinates":[18.097273421,59.572538154]},"properties":{"name":"Hållsta","road":"950","bearing":346}},{"type":"Feature","geometry":{"type":"Point","coordinates":[18.030787616,59.654276449]},"properties":{"name":"Trosta","road":"273","bearing":67}},{"type":"Feature","geometry":{"type":"Point","coordinates":[15.765862351,59.964616072]},"properties":{"name":"Oti, norrgående","road":"66","bearing":204}},{"type":"Feature","geometry":{"type":"Point","coordinates":[15.785695349,59.974727412]},"properties":{"name":"Eskiln, södergående","road":"66","bearing":49}},{"type":"Feature","geometry":{"type":"Point","coordinates":[13.813416101,58.254237329]},"properties":{"name":"Åsebacken norrgående","road":"26","bearing":168}},{"type":"Feature","geometry":{"type":"Point","coordinates":[13.813014988,58.254512063]},"properties":{"name":"Åsebacken södergående","road":"26","bearing":0}},{"type":"Feature","geometry":{"type":"Point","coordinates":[14.061561861,56.390376748]},"properties":{"name":"Västra Svenstorp östgående","road":"15","bearing":268}},{"type":"Feature","geometry":{"type":"Point","coordinates":[14.073181332,56.392162258]},"properties":{"name":"Västra Svenstorp västgående","road":"15","bearing":68}},{"type":"Feature","geometry":{"type":"Point","coordinates":[16.093726905,57.121646286]},"properties":{"name":"Gillberga norrgående","road":"34","bearing":133}},{"type":"Feature","geometry":{"type":"Point","coordinates":[16.069727915,57.139964916]},"properties":{"name":"Gillberga södergående","road":"34","bearing":299}},{"type":"Feature","geometry":{"type":"Point","coordinates":[14.933486912,56.727633589]},"properties":{"name":"Hagadal","road":"27","bearing":193}},{"type":"Feature","geometry":{"type":"Point","coordinates":[14.933552349,56.736860067]},"properties":{"name":"Karlsborg","road":"27","bearing":358}},{"type":"Feature","geometry":{"type":"Point","coordinates":[15.127781387,57.26110728]},"properties":{"name":"Stockatorp 1","road":"31","bearing":176}},{"type":"Feature","geometry":{"type":"Point","coordinates":[15.131601865,57.286480606]},"properties":{"name":"Knixhult","road":"31","bearing":358}},{"type":"Feature","geometry":{"type":"Point","coordinates":[15.162561448,57.163159245]},"properties":{"name":"Lindås","road":"31","bearing":197}},{"type":"Feature","geometry":{"type":"Point","coordinates":[15.158938647,57.178138974]},"properties":{"name":"Stadmåla","road":"31","bearing":351}},{"type":"Feature","geometry":{"type":"Point","coordinates":[16.4455954,58.911373081]},"properties":{"name":"Dämbol","road":"52","bearing":80}},{"type":"Feature","geometry":{"type":"Point","coordinates":[16.466147335,58.911213549]},"properties":{"name":"Grindstugan","road":"52","bearing":285}},{"type":"Feature","geometry":{"type":"Point","coordinates":[16.510060036,58.908022506]},"properties":{"name":"Källsta","road":"52","bearing":90}},{"type":"Feature","geometry":{"type":"Point","coordinates":[16.519520794,58.90719309]},"properties":{"name":"Ivarstorp","road":"52","bearing":290}},{"type":"Feature","geometry":{"type":"Point","coordinates":[16.55953131,58.907767618]},"properties":{"name":"Bo hage","road":"52","bearing":90}},{"type":"Feature","geometry":{"type":"Point","coordinates":[16.589893624,58.906535524]},"properties":{"name":"Bygget","road":"52","bearing":275}},{"type":"Feature","geometry":{"type":"Point","coordinates":[15.17237299,57.132656862]},"properties":{"name":"Norrhult","road":"31","bearing":356}},{"type":"Feature","geometry":{"type":"Point","coordinates":[15.145276898,57.228919629]},"properties":{"name":"Lindshammar N","road":"31","bearing":21}},{"type":"Feature","geometry":{"type":"Point","coordinates":[15.144959057,57.236564669]},"properties":{"name":"Rastplats Boskvarnasjön","road":"31","bearing":339}},{"type":"Feature","geometry":{"type":"Point","coordinates":[15.184136142,57.09617676]},"properties":{"name":"Viås","road":"31","bearing":159}},{"type":"Feature","geometry":{"type":"Point","coordinates":[13.656837267,56.009824741]},"properties":{"name":"Gunnarp södergående","road":"23","bearing":44}},{"type":"Feature","geometry":{"type":"Point","coordinates":[13.61782919,55.987800548]},"properties":{"name":"Tjörnarp norrgående","road":"23","bearing":236}},{"type":"Feature","geometry":{"type":"Point","coordinates":[13.654410146,56.008126914]},"properties":{"name":"Gunnarp norrgående","road":"23","bearing":224}},{"type":"Feature","geometry":{"type":"Point","coordinates":[13.627992167,55.991885844]},"properties":{"name":"Tjörnarp södergående","road":"23","bearing":44}},{"type":"Feature","geometry":{"type":"Point","coordinates":[17.977333483,59.599493707]},"properties":{"name":"Linaberg","road":"858","bearing":215}},{"type":"Feature","geometry":{"type":"Point","coordinates":[17.896118775,59.586381516]},"properties":{"name":"Viggeby 1","road":"859","bearing":155}},{"type":"Feature","geometry":{"type":"Point","coordinates":[12.349542912,63.289710458]},"properties":{"name":"Enafors västgående","road":"E14","bearing":90}},{"type":"Feature","geometry":{"type":"Point","coordinates":[17.910368873,62.618501163]},"properties":{"name":"Härnösand norrgående","road":"E4","bearing":210}},{"type":"Feature","geometry":{"type":"Point","coordinates":[17.927864637,62.625834337]},"properties":{"name":"Härnösand södergående","road":"E4","bearing":30}},{"type":"Feature","geometry":{"type":"Point","coordinates":[17.890148973,62.612937843]},"properties":{"name":"Åbron södergående","road":"E4","bearing":95}},{"type":"Feature","geometry":{"type":"Point","coordinates":[20.95113543,64.66434363]},"properties":{"name":"Stöverberget norrgående","road":"364","bearing":170}},{"type":"Feature","geometry":{"type":"Point","coordinates":[12.154628905,57.425336586]},"properties":{"name":"Kolaskog","road":"939","bearing":23}},{"type":"Feature","geometry":{"type":"Point","coordinates":[14.870928656,63.307174914]},"properties":{"name":"Hökbäck norrgående","road":"E45","bearing":183}},{"type":"Feature","geometry":{"type":"Point","coordinates":[17.978349557,59.885275359]},"properties":{"name":"Länna","road":"282","bearing":75}},{"type":"Feature","geometry":{"type":"Point","coordinates":[17.995357018,59.880962886]},"properties":{"name":"Hummelbo","road":"282","bearing":125}},{"type":"Feature","geometry":{"type":"Point","coordinates":[18.02451738,59.877663432]},"properties":{"name":"Hasselbacken","road":"282","bearing":270}},{"type":"Feature","geometry":{"type":"Point","coordinates":[18.030638069,59.877549628]},"properties":{"name":"Säter","road":"282","bearing":95}},{"type":"Feature","geometry":{"type":"Point","coordinates":[13.056240143,57.107926584]},"properties":{"name":"Ulabo","road":"153","bearing":52}},{"type":"Feature","geometry":{"type":"Point","coordinates":[13.069744868,57.114335207]},"properties":{"name":"Ödgärdet","road":"153","bearing":236}},{"type":"Feature","geometry":{"type":"Point","coordinates":[20.583596677,67.814818334]},"properties":{"name":"Alttajärvi","road":"E10","bearing":131}},{"type":"Feature","geometry":{"type":"Point","coordinates":[20.583390625,67.814753383]},"properties":{"name":"Alttajärvi","road":"E10","bearing":303}},{"type":"Feature","geometry":{"type":"Point","coordinates":[18.600063819,59.939298966]},"properties":{"name":"Hydinge vägskäl","road":"76","bearing":192}},{"type":"Feature","geometry":{"type":"Point","coordinates":[18.602813711,59.945156016]},"properties":{"name":"Lövhyddan","road":"76","bearing":0}},{"type":"Feature","geometry":{"type":"Point","coordinates":[18.311332968,59.740863162]},"properties":{"name":"Stora Brosätra","road":"77","bearing":94}},{"type":"Feature","geometry":{"type":"Point","coordinates":[18.349752681,59.742090192]},"properties":{"name":"Västertorp 2","road":"77","bearing":71}},{"type":"Feature","geometry":{"type":"Point","coordinates":[18.703241631,59.901859653]},"properties":{"name":"Åby","road":"283","bearing":4}},{"type":"Feature","geometry":{"type":"Point","coordinates":[18.773122934,60.057740725]},"properties":{"name":"Trästabron","road":"283","bearing":5}},{"type":"Feature","geometry":{"type":"Point","coordinates":[18.792214044,60.089950014]},"properties":{"name":"Björnberget","road":"283","bearing":200}},{"type":"Feature","geometry":{"type":"Point","coordinates":[16.964900295,60.57988711]},"properties":{"name":"Tvea Norr","road":"56","bearing":15}},{"type":"Feature","geometry":{"type":"Point","coordinates":[20.049557355,63.991821133]},"properties":{"name":"Långviksvallen norrgående","road":"363","bearing":95}},{"type":"Feature","geometry":{"type":"Point","coordinates":[12.376811023,58.334489048]},"properties":{"name":"Nygård norrgående","road":"2005","bearing":195}},{"type":"Feature","geometry":{"type":"Point","coordinates":[12.380471979,58.34134835]},"properties":{"name":"Nygård södergående","road":"2005","bearing":27}},{"type":"Feature","geometry":{"type":"Point","coordinates":[15.07945085,58.520004684]},"properties":{"name":"Örbacka","road":"1050","bearing":132}},{"type":"Feature","geometry":{"type":"Point","coordinates":[15.256572038,58.480632066]},"properties":{"name":"Valltorken","road":"1050","bearing":259}},{"type":"Feature","geometry":{"type":"Point","coordinates":[12.282533255,57.249396544]},"properties":{"name":"Syllinge västergående","road":"850","bearing":66}},{"type":"Feature","geometry":{"type":"Point","coordinates":[12.275591968,57.248194635]},"properties":{"name":"Syllinge östergående","road":"850","bearing":278}},{"type":"Feature","geometry":{"type":"Point","coordinates":[11.97818507,58.525833604]},"properties":{"name":"Rubbestad södergående","road":"172","bearing":12}},{"type":"Feature","geometry":{"type":"Point","coordinates":[11.978579325,58.526642731]},"properties":{"name":"Rubbestad norrgående","road":"172","bearing":190}},{"type":"Feature","geometry":{"type":"Point","coordinates":[12.674874646,56.920444111]},"properties":{"name":"Årstad östergående","road":"150","bearing":273}},{"type":"Feature","geometry":{"type":"Point","coordinates":[12.678124409,56.920504536]},"properties":{"name":"Årstad västergående","road":"150","bearing":87}},{"type":"Feature","geometry":{"type":"Point","coordinates":[12.772773396,56.948862743]},"properties":{"name":"Måssjön","road":"150","bearing":258}},{"type":"Feature","geometry":{"type":"Point","coordinates":[12.85067092,56.941949926]},"properties":{"name":"Moshult östergående","road":"150","bearing":245}},{"type":"Feature","geometry":{"type":"Point","coordinates":[12.855818109,56.943359274]},"properties":{"name":"Moshult västergående","road":"150","bearing":86}},{"type":"Feature","geometry":{"type":"Point","coordinates":[12.943224434,56.961757231]},"properties":{"name":"Bästhult östergående","road":"150","bearing":284}},{"type":"Feature","geometry":{"type":"Point","coordinates":[12.946320951,56.961682318]},"properties":{"name":"Bästhult västergående","road":"150","bearing":102}},{"type":"Feature","geometry":{"type":"Point","coordinates":[13.036408579,56.959840478]},"properties":{"name":"Västeränga","road":"150","bearing":96}},{"type":"Feature","geometry":{"type":"Point","coordinates":[17.952718486,59.44594615]},"properties":{"name":"Edsberg","road":"262","bearing":273}},{"type":"Feature","geometry":{"type":"Point","coordinates":[17.985609186,59.439132523]},"properties":{"name":"Rösjötorp","road":"262","bearing":309}},{"type":"Feature","geometry":{"type":"Point","coordinates":[18.000482136,59.424602569]},"properties":{"name":"Sätra prästgård 1","road":"262","bearing":320}},{"type":"Feature","geometry":{"type":"Point","coordinates":[18.011944533,59.416664392]},"properties":{"name":"Sätraängsvägen","road":"262","bearing":307}},{"type":"Feature","geometry":{"type":"Point","coordinates":[16.948211458,60.343402329]},"properties":{"name":"Smedsäng södergående","road":"56","bearing":45}},{"type":"Feature","geometry":{"type":"Point","coordinates":[16.977037249,60.393291207]},"properties":{"name":"Hedesunda norrgående","road":"56","bearing":182}},{"type":"Feature","geometry":{"type":"Point","coordinates":[22.694045396,66.002974166]},"properties":{"name":"Lagnaträsk södergående","road":"E10","bearing":5}},{"type":"Feature","geometry":{"type":"Point","coordinates":[22.713870714,66.032603684]},"properties":{"name":"Revelberget norrgående","road":"E10","bearing":190}},{"type":"Feature","geometry":{"type":"Point","coordinates":[22.717964146,66.048085861]},"properties":{"name":"Notträsket södergående","road":"E10","bearing":340}},{"type":"Feature","geometry":{"type":"Point","coordinates":[17.072605249,61.706255522]},"properties":{"name":"Måsta","road":"583","bearing":350}},{"type":"Feature","geometry":{"type":"Point","coordinates":[17.075084662,61.693044014]},"properties":{"name":"Trollbo N","road":"583","bearing":352}},{"type":"Feature","geometry":{"type":"Point","coordinates":[17.075675093,61.691418627]},"properties":{"name":"Trollbo S","road":"583","bearing":170}},{"type":"Feature","geometry":{"type":"Point","coordinates":[17.07858434,61.68041861]},"properties":{"name":"Ramtjärnen","road":"583","bearing":177}},{"type":"Feature","geometry":{"type":"Point","coordinates":[17.07752871,61.674274178]},"properties":{"name":"Delåkvarn N","road":"583","bearing":14}},{"type":"Feature","geometry":{"type":"Point","coordinates":[17.081256979,61.667617056]},"properties":{"name":"Delåkvarn S","road":"583","bearing":137}},{"type":"Feature","geometry":{"type":"Point","coordinates":[17.14764338,62.500565526]},"properties":{"name":"Bjärme norrgående","road":"86","bearing":145}},{"type":"Feature","geometry":{"type":"Point","coordinates":[15.616808241,59.138811495]},"properties":{"name":"Styrsta ","road":"52","bearing":270}},{"type":"Feature","geometry":{"type":"Point","coordinates":[15.632271933,59.139590307]},"properties":{"name":"Stora Sand","road":"52","bearing":86}},{"type":"Feature","geometry":{"type":"Point","coordinates":[15.519265427,63.817177849]},"properties":{"name":"Tullingsås norrgående","road":"E45","bearing":176}},{"type":"Feature","geometry":{"type":"Point","coordinates":[15.518743603,63.817520753]},"properties":{"name":"Tullingsås södergående","road":"E45","bearing":345}},{"type":"Feature","geometry":{"type":"Point","coordinates":[12.680243596,58.355940121]},"properties":{"name":"Skattegården","road":"44","bearing":87}},{"type":"Feature","geometry":{"type":"Point","coordinates":[12.731325486,57.13257034]},"properties":{"name":"Ängaberg","road":"153","bearing":92}},{"type":"Feature","geometry":{"type":"Point","coordinates":[12.789803255,57.103556414]},"properties":{"name":"Skällstorp västergående","road":"153","bearing":131}},{"type":"Feature","geometry":{"type":"Point","coordinates":[17.433532542,60.607933752]},"properties":{"name":"Mon","road":"76","bearing":324}},{"type":"Feature","geometry":{"type":"Point","coordinates":[12.144173305,58.523425408]},"properties":{"name":"Gråttetorp","road":"173","bearing":245}},{"type":"Feature","geometry":{"type":"Point","coordinates":[12.176219443,58.521618439]},"properties":{"name":"Björnerud","road":"173","bearing":123}},{"type":"Feature","geometry":{"type":"Point","coordinates":[12.205639407,58.515423992]},"properties":{"name":"Hakerud","road":"173","bearing":287}},{"type":"Feature","geometry":{"type":"Point","coordinates":[12.234462652,58.498130214]},"properties":{"name":"Kärsrud","road":"173","bearing":136}},{"type":"Feature","geometry":{"type":"Point","coordinates":[18.34916042,60.173309695]},"properties":{"name":"Ringboda","road":"292","bearing":265}},{"type":"Feature","geometry":{"type":"Point","coordinates":[18.771622205,59.953124604]},"properties":{"name":"Massum","road":"283","bearing":77}},{"type":"Feature","geometry":{"type":"Point","coordinates":[14.882953088,56.306920382]},"properties":{"name":"Norra Älmta","road":"29","bearing":184}},{"type":"Feature","geometry":{"type":"Point","coordinates":[15.144920553,57.22252402]},"properties":{"name":"Lindshammar S","road":"31","bearing":175}},{"type":"Feature","geometry":{"type":"Point","coordinates":[17.131416812,59.346178096]},"properties":{"name":"Sandåsa","road":"977","bearing":75}},{"type":"Feature","geometry":{"type":"Point","coordinates":[16.970617759,58.710216197]},"properties":{"name":"Bränn-Ekeby","road":"511","bearing":170}},{"type":"Feature","geometry":{"type":"Point","coordinates":[18.536020493,63.298515863]},"properties":{"name":"Överhörnäs norrgående","road":"348","bearing":120}},{"type":"Feature","geometry":{"type":"Point","coordinates":[18.532650862,63.29937224]},"properties":{"name":"Överhörnäs södergående","road":"348","bearing":300}},{"type":"Feature","geometry":{"type":"Point","coordinates":[18.510758086,63.327021427]},"properties":{"name":"Billsta norrgående","road":"348","bearing":200}},{"type":"Feature","geometry":{"type":"Point","coordinates":[18.512616648,63.329311702]},"properties":{"name":"Billsta södergående","road":"348","bearing":20}},{"type":"Feature","geometry":{"type":"Point","coordinates":[18.452694134,63.364522553]},"properties":{"name":"Gala södergående","road":"348","bearing":300}},{"type":"Feature","geometry":{"type":"Point","coordinates":[18.404684341,63.382450485]},"properties":{"name":"Flärke norrgående","road":"348","bearing":110}},{"type":"Feature","geometry":{"type":"Point","coordinates":[18.191770212,63.431855955]},"properties":{"name":"Sörmesunda norrgående","road":"348","bearing":110}},{"type":"Feature","geometry":{"type":"Point","coordinates":[22.69369297,66.000933893]},"properties":{"name":"Lagnaträsk norrgående","road":"E10","bearing":178}},{"type":"Feature","geometry":{"type":"Point","coordinates":[15.320371706,58.547426957]},"properties":{"name":"Borensberg S","road":"34","bearing":10}},{"type":"Feature","geometry":{"type":"Point","coordinates":[15.423204256,58.520697095]},"properties":{"name":"Släta","road":"34","bearing":323}},{"type":"Feature","geometry":{"type":"Point","coordinates":[16.976169646,58.765819712]},"properties":{"name":"Nya Kyrkogården","road":"52","bearing":284}},{"type":"Feature","geometry":{"type":"Point","coordinates":[16.962616839,58.768362398]},"properties":{"name":"Baggartorp","road":"52","bearing":110}},{"type":"Feature","geometry":{"type":"Point","coordinates":[17.240974314,61.972295588]},"properties":{"name":"Jättendal Södra","road":"E4","bearing":175}},{"type":"Feature","geometry":{"type":"Point","coordinates":[13.628243203,57.41911021]},"properties":{"name":"Hestraviken","road":"151","bearing":310}},{"type":"Feature","geometry":{"type":"Point","coordinates":[13.734432568,57.377413542]},"properties":{"name":"Gynnås","road":"151","bearing":310}},{"type":"Feature","geometry":{"type":"Point","coordinates":[16.762229777,58.744083045]},"properties":{"name":"Törsta","road":"800","bearing":285}},{"type":"Feature","geometry":{"type":"Point","coordinates":[21.190218258,67.053255487]},"properties":{"name":"Leipojärvi södergående","road":"E10","bearing":315}},{"type":"Feature","geometry":{"type":"Point","coordinates":[21.091691013,67.075112845]},"properties":{"name":"Laurajärvi norrgående","road":"E10","bearing":110}},{"type":"Feature","geometry":{"type":"Point","coordinates":[13.919099899,57.312735872]},"properties":{"name":"Kävsjö","road":"151","bearing":150}},{"type":"Feature","geometry":{"type":"Point","coordinates":[13.97046855,57.269308488]},"properties":{"name":"Hädinge","road":"151","bearing":355}},{"type":"Feature","geometry":{"type":"Point","coordinates":[15.526786638,57.616442657]},"properties":{"name":"Baggarp1","road":"40","bearing":300}},{"type":"Feature","geometry":{"type":"Point","coordinates":[15.577901534,56.326256442]},"properties":{"name":"Tvingelshed","road":"28","bearing":355}},{"type":"Feature","geometry":{"type":"Point","coordinates":[15.573945741,56.339590052]},"properties":{"name":"Kulerydsgölen","road":"28","bearing":175}},{"type":"Feature","geometry":{"type":"Point","coordinates":[15.576173594,56.362903751]},"properties":{"name":"Kvarnagårdsvägen","road":"28","bearing":352}},{"type":"Feature","geometry":{"type":"Point","coordinates":[15.550121289,56.402751746]},"properties":{"name":"Sillhövda","road":"28","bearing":145}},{"type":"Feature","geometry":{"type":"Point","coordinates":[15.583774023,56.269185132]},"properties":{"name":"Uddabyggd","road":"122","bearing":93}},{"type":"Feature","geometry":{"type":"Point","coordinates":[15.5712646,56.269468103]},"properties":{"name":"Pålycke","road":"122","bearing":273}},{"type":"Feature","geometry":{"type":"Point","coordinates":[15.498092529,56.29096096]},"properties":{"name":"Bråstorp","road":"122","bearing":303}},{"type":"Feature","geometry":{"type":"Point","coordinates":[14.088136476,56.050400785]},"properties":{"name":"Vinnö norrgående 1","road":"19","bearing":170}},{"type":"Feature","geometry":{"type":"Point","coordinates":[14.172383225,55.978222781]},"properties":{"name":"Skönagård","road":"1648","bearing":135}},{"type":"Feature","geometry":{"type":"Point","coordinates":[16.274863231,59.603116042]},"properties":{"name":"Ekeby","road":"555","bearing":315}},{"type":"Feature","geometry":{"type":"Point","coordinates":[16.293219694,59.597116519]},"properties":{"name":"Skällby","road":"555","bearing":78}},{"type":"Feature","geometry":{"type":"Point","coordinates":[16.349664792,59.594095385]},"properties":{"name":"Gocksta","road":"555","bearing":292}},{"type":"Feature","geometry":{"type":"Point","coordinates":[16.359050228,59.594896463]},"properties":{"name":"Fromtorp","road":"555","bearing":66}},{"type":"Feature","geometry":{"type":"Point","coordinates":[14.108697469,58.348093596]},"properties":{"name":"Bruntorp östgående","road":"194","bearing":280}},{"type":"Feature","geometry":{"type":"Point","coordinates":[14.113244202,58.347325769]},"properties":{"name":"Bruntorp västgående","road":"194","bearing":118}},{"type":"Feature","geometry":{"type":"Point","coordinates":[16.343345075,58.967804108]},"properties":{"name":"Brogetorp","road":"52","bearing":265}},{"type":"Feature","geometry":{"type":"Point","coordinates":[20.657931011,64.505196434]},"properties":{"name":"Burträsk östgående","road":"364","bearing":309}},{"type":"Feature","geometry":{"type":"Point","coordinates":[13.788795519,59.607662487]},"properties":{"name":"Blombacka norrgående","road":"63","bearing":242}},{"type":"Feature","geometry":{"type":"Point","coordinates":[13.790262281,59.608268767]},"properties":{"name":"Blombacka södergående","road":"63","bearing":55}},{"type":"Feature","geometry":{"type":"Point","coordinates":[18.05570269,59.113470666]},"properties":{"name":"Ekinge","road":"257","bearing":55}},{"type":"Feature","geometry":{"type":"Point","coordinates":[17.569953852,59.795719299]},"properties":{"name":"Stabby","road":"596","bearing":118}},{"type":"Feature","geometry":{"type":"Point","coordinates":[20.94956188,64.605646806]},"properties":{"name":"Falmarksheden södergående","road":"364","bearing":10}},{"type":"Feature","geometry":{"type":"Point","coordinates":[20.94584255,64.598242757]},"properties":{"name":"Falmarksheden norrgående","road":"364","bearing":187}},{"type":"Feature","geometry":{"type":"Point","coordinates":[20.914548631,64.576904665]},"properties":{"name":"Hjoggbölebäcken södergående","road":"364","bearing":11}},{"type":"Feature","geometry":{"type":"Point","coordinates":[20.904701398,64.567351418]},"properties":{"name":"Mjömyran norrgående","road":"364","bearing":216}},{"type":"Feature","geometry":{"type":"Point","coordinates":[20.87372391,64.552386342]},"properties":{"name":"Renfors södergående","road":"364","bearing":33}},{"type":"Feature","geometry":{"type":"Point","coordinates":[20.870772239,64.550442541]},"properties":{"name":"Renfors norrgående","road":"364","bearing":210}},{"type":"Feature","geometry":{"type":"Point","coordinates":[20.806111483,64.515614535]},"properties":{"name":"Killingberget norrgående","road":"364","bearing":221}},{"type":"Feature","geometry":{"type":"Point","coordinates":[20.743974191,64.499892446]},"properties":{"name":"Bodbysund södergående","road":"364","bearing":70}},{"type":"Feature","geometry":{"type":"Point","coordinates":[20.721321838,64.496537371]},"properties":{"name":"Bodbysund norrgående","road":"364","bearing":228}},{"type":"Feature","geometry":{"type":"Point","coordinates":[20.675732177,64.496597197]},"properties":{"name":"Innanbacken västgående","road":"364","bearing":137}},{"type":"Feature","geometry":{"type":"Point","coordinates":[21.158855176,64.658611147]},"properties":{"name":"Fagerviksberget södergående","road":"827","bearing":44}},{"type":"Feature","geometry":{"type":"Point","coordinates":[21.166937305,64.661614499]},"properties":{"name":"Fagerviksberget norrgående","road":"827","bearing":223}},{"type":"Feature","geometry":{"type":"Point","coordinates":[21.187418237,64.679390625]},"properties":{"name":"Degerön norrgående","road":"827","bearing":210}},{"type":"Feature","geometry":{"type":"Point","coordinates":[21.190489355,64.684260384]},"properties":{"name":"Degerön södergående","road":"827","bearing":18}},{"type":"Feature","geometry":{"type":"Point","coordinates":[20.312984732,63.894034665]},"properties":{"name":"Ersmark södergående","road":"364","bearing":10}},{"type":"Feature","geometry":{"type":"Point","coordinates":[20.30063778,63.862645232]},"properties":{"name":"Ersboda norrgående","road":"364","bearing":184}},{"type":"Feature","geometry":{"type":"Point","coordinates":[20.306901977,63.882291207]},"properties":{"name":"Ersmark norrgående","road":"364","bearing":175}},{"type":"Feature","geometry":{"type":"Point","coordinates":[20.962614713,64.837840585]},"properties":{"name":"Kåge östgående","road":"867","bearing":270}},{"type":"Feature","geometry":{"type":"Point","coordinates":[20.869045045,64.858061035]},"properties":{"name":"Ersmarksängena  östgående","road":"867","bearing":289}},{"type":"Feature","geometry":{"type":"Point","coordinates":[20.858904014,64.860082663]},"properties":{"name":"Ersmarksängena västgående","road":"867","bearing":110}},{"type":"Feature","geometry":{"type":"Point","coordinates":[15.810737471,58.442292413]},"properties":{"name":"Berglid","road":"796","bearing":237}},{"type":"Feature","geometry":{"type":"Point","coordinates":[20.300436691,63.864605142]},"properties":{"name":"Ersboda södergående","road":"364","bearing":357}},{"type":"Feature","geometry":{"type":"Point","coordinates":[13.699031962,56.455004813]},"properties":{"name":"Ålhult","road":"15","bearing":278}},{"type":"Feature","geometry":{"type":"Point","coordinates":[13.741415057,56.45404909]},"properties":{"name":"Stenshult","road":"15","bearing":105}},{"type":"Feature","geometry":{"type":"Point","coordinates":[13.951845705,56.401124517]},"properties":{"name":"Tjärdal","road":"15","bearing":135}},{"type":"Feature","geometry":{"type":"Point","coordinates":[17.92942551,59.13937922]},"properties":{"name":"Pålamalm","road":"571","bearing":220}},{"type":"Feature","geometry":{"type":"Point","coordinates":[14.521918451,56.139862451]},"properties":{"name":"Ladbacken","road":"116","bearing":182}},{"type":"Feature","geometry":{"type":"Point","coordinates":[13.968594843,56.392917925]},"properties":{"name":"Holmö","road":"15","bearing":308}},{"type":"Feature","geometry":{"type":"Point","coordinates":[14.494454826,56.09893474]},"properties":{"name":"Råby","road":"116","bearing":37}},{"type":"Feature","geometry":{"type":"Point","coordinates":[15.923913771,58.478712105]},"properties":{"name":"Lötstugan","road":"796","bearing":65}},{"type":"Feature","geometry":{"type":"Point","coordinates":[14.521270489,56.145385628]},"properties":{"name":"Axeltorp","road":"116","bearing":355}},{"type":"Feature","geometry":{"type":"Point","coordinates":[14.510425857,56.174256342]},"properties":{"name":"Näsum","road":"116","bearing":178}},{"type":"Feature","geometry":{"type":"Point","coordinates":[14.51037502,56.183312826]},"properties":{"name":"Gonarp","road":"116","bearing":5}},{"type":"Feature","geometry":{"type":"Point","coordinates":[18.406749679,59.288526745]},"properties":{"name":"Ingarö kyrka","road":"646","bearing":283}},{"type":"Feature","geometry":{"type":"Point","coordinates":[13.784505275,56.451198968]},"properties":{"name":"Liljedal","road":"15","bearing":305}},{"type":"Feature","geometry":{"type":"Point","coordinates":[11.95371462,57.701657575]},"properties":{"name":"Götatunneln norrgående","road":"E45","bearing":252}},{"type":"Feature","geometry":{"type":"Point","coordinates":[11.96448806,57.709736028]},"properties":{"name":"Götatunneln södergående","road":"E45","bearing":50}},{"type":"Feature","geometry":{"type":"Point","coordinates":[18.197148516,57.545937542]},"properties":{"name":"St. Home","road":"140","bearing":46}},{"type":"Feature","geometry":{"type":"Point","coordinates":[18.179715731,57.533326709]},"properties":{"name":"Dyple","road":"140","bearing":210}},{"type":"Feature","geometry":{"type":"Point","coordinates":[17.996635653,59.244771717]},"properties":{"name":"Sågbäcksvägen","road":"226","bearing":64}},{"type":"Feature","geometry":{"type":"Point","coordinates":[17.996414733,59.244453306]},"properties":{"name":"Sågbäcksbron","road":"226","bearing":238}},{"type":"Feature","geometry":{"type":"Point","coordinates":[16.673213417,59.843075663]},"properties":{"name":"Engarn","road":"70","bearing":134}},{"type":"Feature","geometry":{"type":"Point","coordinates":[14.84573744,61.496010469]},"properties":{"name":"Noppikoski södergående","road":"E45","bearing":335}},{"type":"Feature","geometry":{"type":"Point","coordinates":[14.844275369,61.502930274]},"properties":{"name":"Noppikoski norrgående","road":"E45","bearing":200}},{"type":"Feature","geometry":{"type":"Point","coordinates":[14.661941553,61.75422101]},"properties":{"name":"Sjöändan norrgående","road":"E45","bearing":175}},{"type":"Feature","geometry":{"type":"Point","coordinates":[14.663608527,61.759404827]},"properties":{"name":"Sjöändan södergående","road":"E45","bearing":45}},{"type":"Feature","geometry":{"type":"Point","coordinates":[14.467764908,62.020579563]},"properties":{"name":"Byvallen västgående","road":"E45","bearing":100}},{"type":"Feature","geometry":{"type":"Point","coordinates":[14.450182996,62.024020595]},"properties":{"name":"Byvallen östgående","road":"E45","bearing":280}},{"type":"Feature","geometry":{"type":"Point","coordinates":[14.475209482,62.045374905]},"properties":{"name":"Ytterberg västgående","road":"E45","bearing":55}},{"type":"Feature","geometry":{"type":"Point","coordinates":[14.647718289,62.048759063]},"properties":{"name":"Älvros östgående","road":"E45","bearing":320}},{"type":"Feature","geometry":{"type":"Point","coordinates":[14.651102048,62.047178788]},"properties":{"name":"Älvros västgående","road":"E45","bearing":140}},{"type":"Feature","geometry":{"type":"Point","coordinates":[17.888022619,60.189863969]},"properties":{"name":"Skyttbacken","road":"292","bearing":315}},{"type":"Feature","geometry":{"type":"Point","coordinates":[17.997248229,60.161452718]},"properties":{"name":"Norrby","road":"292","bearing":85}},{"type":"Feature","geometry":{"type":"Point","coordinates":[18.025666712,60.161704916]},"properties":{"name":"Österby","road":"292","bearing":265}},{"type":"Feature","geometry":{"type":"Point","coordinates":[12.669627942,56.433705654]},"properties":{"name":"Varan","road":"105","bearing":81}},{"type":"Feature","geometry":{"type":"Point","coordinates":[15.586664813,56.275550623]},"properties":{"name":"Mosskroken","road":"28","bearing":350}},{"type":"Feature","geometry":{"type":"Point","coordinates":[15.583183232,56.285540101]},"properties":{"name":"S Bostorp","road":"28","bearing":170}},{"type":"Feature","geometry":{"type":"Point","coordinates":[12.319872621,57.237284312]},"properties":{"name":"Derome södergående","road":"41","bearing":11}},{"type":"Feature","geometry":{"type":"Point","coordinates":[11.49486119,58.325513372]},"properties":{"name":"Lyse södergående","road":"839","bearing":22}},{"type":"Feature","geometry":{"type":"Point","coordinates":[12.75111957,59.540724521]},"properties":{"name":"Klässbol norrgående","road":"175","bearing":147}},{"type":"Feature","geometry":{"type":"Point","coordinates":[12.688306481,59.585543956]},"properties":{"name":"Västra Hungsvik norrgående","road":"175","bearing":99}},{"type":"Feature","geometry":{"type":"Point","coordinates":[12.679320257,59.584845992]},"properties":{"name":"Västra Hungsvik södergående","road":"175","bearing":264}},{"type":"Feature","geometry":{"type":"Point","coordinates":[12.618056637,59.606492302]},"properties":{"name":"Humlekil södergående","road":"175","bearing":11}},{"type":"Feature","geometry":{"type":"Point","coordinates":[14.296289109,59.529389922]},"properties":{"name":"Rönningen norrgående","road":"237","bearing":166}},{"type":"Feature","geometry":{"type":"Point","coordinates":[14.295313402,59.530399439]},"properties":{"name":"Rönningen södergående","road":"237","bearing":344}},{"type":"Feature","geometry":{"type":"Point","coordinates":[13.067310573,56.543412741]},"properties":{"name":"Veinge","road":"15","bearing":269}},{"type":"Feature","geometry":{"type":"Point","coordinates":[13.092625854,56.543318634]},"properties":{"name":"Årnaberg","road":"15","bearing":99}},{"type":"Feature","geometry":{"type":"Point","coordinates":[13.168548784,56.531350244]},"properties":{"name":"Skogaby södergående","road":"15","bearing":334}},{"type":"Feature","geometry":{"type":"Point","coordinates":[13.171355042,56.529468582]},"properties":{"name":"Skogaby norrgående","road":"15","bearing":131}},{"type":"Feature","geometry":{"type":"Point","coordinates":[18.114951709,59.483836458]},"properties":{"name":"Skansen 2","road":"264","bearing":325}},{"type":"Feature","geometry":{"type":"Point","coordinates":[18.093898571,59.517855725]},"properties":{"name":"Kullaberg 1","road":"264","bearing":355}},{"type":"Feature","geometry":{"type":"Point","coordinates":[12.144222743,57.25597126]},"properties":{"name":"Ringhals östra","road":"848","bearing":289}},{"type":"Feature","geometry":{"type":"Point","coordinates":[12.143717067,57.256076601]},"properties":{"name":"Ringhals Västra","road":"848","bearing":103}},{"type":"Feature","geometry":{"type":"Point","coordinates":[11.938206984,57.867433521]},"properties":{"name":"Ytterby östergående","road":"168","bearing":231}},{"type":"Feature","geometry":{"type":"Point","coordinates":[11.937630082,57.867275789]},"properties":{"name":"Ytterby västergående","road":"168","bearing":47}},{"type":"Feature","geometry":{"type":"Point","coordinates":[13.229692725,57.002584364]},"properties":{"name":"Västra Åkralt Norrgående","road":"26","bearing":200}},{"type":"Feature","geometry":{"type":"Point","coordinates":[13.231323267,57.007432482]},"properties":{"name":"Örnabäckshult Södergående","road":"26","bearing":22}},{"type":"Feature","geometry":{"type":"Point","coordinates":[15.643449536,60.653097779]},"properties":{"name":"Uggelviken södergående","road":"50","bearing":15}},{"type":"Feature","geometry":{"type":"Point","coordinates":[15.642281732,60.650481614]},"properties":{"name":"Uggelviken norrgående","road":"50","bearing":200}},{"type":"Feature","geometry":{"type":"Point","coordinates":[15.692656121,60.680578484]},"properties":{"name":"Rostberg norrgående","road":"50","bearing":245}},{"type":"Feature","geometry":{"type":"Point","coordinates":[15.695390914,60.681758482]},"properties":{"name":"Rostberg södergående","road":"50","bearing":75}},{"type":"Feature","geometry":{"type":"Point","coordinates":[15.75312287,60.705679964]},"properties":{"name":"Fläddran södergående","road":"50","bearing":40}},{"type":"Feature","geometry":{"type":"Point","coordinates":[15.75311972,60.705545301]},"properties":{"name":"Fläddran norrgående","road":"50","bearing":220}},{"type":"Feature","geometry":{"type":"Point","coordinates":[12.413697408,58.642967141]},"properties":{"name":"Busshållplats Kronäckerud","road":"E45","bearing":201}},{"type":"Feature","geometry":{"type":"Point","coordinates":[12.414411705,58.649388047]},"properties":{"name":"Busshållplats Brunshult","road":"E45","bearing":343}},{"type":"Feature","geometry":{"type":"Point","coordinates":[16.421046543,61.355843718]},"properties":{"name":"Rehnshammar östgående","road":"50","bearing":284}},{"type":"Feature","geometry":{"type":"Point","coordinates":[20.384019421,63.743197056]},"properties":{"name":"Rismoren norrgående","road":"531","bearing":155}},{"type":"Feature","geometry":{"type":"Point","coordinates":[20.381214553,63.745425704]},"properties":{"name":"Rismoren södergående","road":"531","bearing":325}},{"type":"Feature","geometry":{"type":"Point","coordinates":[20.336962233,63.768265356]},"properties":{"name":"Bergsboda södergående","road":"531","bearing":335}},{"type":"Feature","geometry":{"type":"Point","coordinates":[20.32436889,63.779628465]},"properties":{"name":"Bergsboda norrgående","road":"531","bearing":150}},{"type":"Feature","geometry":{"type":"Point","coordinates":[14.177627446,59.131619467]},"properties":{"name":"Visnum södergående","road":"26","bearing":3}},{"type":"Feature","geometry":{"type":"Point","coordinates":[14.177319776,59.165574214]},"properties":{"name":"Bäckhem","road":"26","bearing":178}},{"type":"Feature","geometry":{"type":"Point","coordinates":[14.182965169,59.199476521]},"properties":{"name":"Stormon","road":"26","bearing":3}},{"type":"Feature","geometry":{"type":"Point","coordinates":[14.177060701,59.251321209]},"properties":{"name":"Agen","road":"26","bearing":174}},{"type":"Feature","geometry":{"type":"Point","coordinates":[14.142331819,59.285933334]},"properties":{"name":"Järsberg","road":"26","bearing":317}},{"type":"Feature","geometry":{"type":"Point","coordinates":[17.241578514,61.977925488]},"properties":{"name":"Jättendal Norra","road":"E4","bearing":355}},{"type":"Feature","geometry":{"type":"Point","coordinates":[18.259747793,59.287232749]},"properties":{"name":"Båthöjden, östergående riktning","road":"Saltsjöbadsleden","bearing":263}},{"type":"Feature","geometry":{"type":"Point","coordinates":[18.262832128,59.287523917]},"properties":{"name":"Båthöjden, västergående riktning","road":"Saltsjöbadsleden","bearing":89}},{"type":"Feature","geometry":{"type":"Point","coordinates":[17.951281164,59.273458846]},"properties":{"name":"Häradsvägen/Skrakvägen ","road":"Häradsvägen","bearing":325}},{"type":"Feature","geometry":{"type":"Point","coordinates":[17.969643845,59.263974102]},"properties":{"name":"Häradsvägen/Badstrandsvägen","road":"Häradsvägen","bearing":145}},{"type":"Feature","geometry":{"type":"Point","coordinates":[17.981619471,59.256008059]},"properties":{"name":"Häradsvägen/Källvägen ","road":"Häradsvägen","bearing":325}},{"type":"Feature","geometry":{"type":"Point","coordinates":[17.990188388,59.254472401]},"properties":{"name":"Häradsvägen/Heimdalsvägen ","road":"Häradsvägen","bearing":110}},{"type":"Feature","geometry":{"type":"Point","coordinates":[20.220684759,63.815284535]},"properties":{"name":"Böleäng, norrgående","road":"Riksvägen","bearing":223}},{"type":"Feature","geometry":{"type":"Point","coordinates":[17.987178458,59.607356651]},"properties":{"name":"Tjusta","road":"858","bearing":25}},{"type":"Feature","geometry":{"type":"Point","coordinates":[16.962927053,61.075635048]},"properties":{"name":"Tönnebro","road":"83","bearing":182}},{"type":"Feature","geometry":{"type":"Point","coordinates":[16.414436024,61.327054381]},"properties":{"name":"Vik","road":"83","bearing":336}},{"type":"Feature","geometry":{"type":"Point","coordinates":[21.041702151,67.645166717]},"properties":{"name":"Svappavaara","road":"E10","bearing":103}},{"type":"Feature","geometry":{"type":"Point","coordinates":[17.834453238,60.195099746]},"properties":{"name":"Gryttjom","road":"292","bearing":88}},{"type":"Feature","geometry":{"type":"Point","coordinates":[18.133423769,60.164868633]},"properties":{"name":"Askmyran","road":"292","bearing":270}},{"type":"Feature","geometry":{"type":"Point","coordinates":[13.106084882,59.964420796]},"properties":{"name":"Stöpafors södergående","road":"E45","bearing":0}},{"type":"Feature","geometry":{"type":"Point","coordinates":[13.075122449,60.024411308]},"properties":{"name":"Bjälverud södergående","road":"E45","bearing":0}},{"type":"Feature","geometry":{"type":"Point","coordinates":[21.635216563,65.829573264]},"properties":{"name":"Boden norrgående","road":"97","bearing":105}},{"type":"Feature","geometry":{"type":"Point","coordinates":[21.543992877,65.849841953]},"properties":{"name":"Kusån södergående","road":"97","bearing":258}},{"type":"Feature","geometry":{"type":"Point","coordinates":[21.391677605,65.887899061]},"properties":{"name":"N Bredåker norrgående","road":"97","bearing":144}},{"type":"Feature","geometry":{"type":"Point","coordinates":[21.388412028,65.890522102]},"properties":{"name":"N Bredåker södergående","road":"97","bearing":329}},{"type":"Feature","geometry":{"type":"Point","coordinates":[21.255273415,65.97351059]},"properties":{"name":"Överänget norrgående","road":"97","bearing":166}},{"type":"Feature","geometry":{"type":"Point","coordinates":[21.25506341,65.973645266]},"properties":{"name":"Överänget södergående","road":"97","bearing":351}},{"type":"Feature","geometry":{"type":"Point","coordinates":[21.185792681,66.005232769]},"properties":{"name":"Övre Svartlå norrgående","road":"97","bearing":116}},{"type":"Feature","geometry":{"type":"Point","coordinates":[21.170570742,66.012888792]},"properties":{"name":"Övre Svartlå södergående","road":"97","bearing":296}},{"type":"Feature","geometry":{"type":"Point","coordinates":[13.022789442,60.097074143]},"properties":{"name":"Torsby camping södergående","road":"E45","bearing":0}},{"type":"Feature","geometry":{"type":"Point","coordinates":[16.925043217,61.130727603]},"properties":{"name":"Själstuga norrgående","road":"83","bearing":146}},{"type":"Feature","geometry":{"type":"Point","coordinates":[16.913708047,61.136752667]},"properties":{"name":"Själstuga södergående","road":"83","bearing":317}},{"type":"Feature","geometry":{"type":"Point","coordinates":[16.759861562,61.200192621]},"properties":{"name":"Hamnäs norrgående","road":"83","bearing":150}},{"type":"Feature","geometry":{"type":"Point","coordinates":[16.728045845,61.21699935]},"properties":{"name":"Hamnäs södergående","road":"83","bearing":291}},{"type":"Feature","geometry":{"type":"Point","coordinates":[16.631115903,61.212848825]},"properties":{"name":"Lilltjära norrgående","road":"83","bearing":68}},{"type":"Feature","geometry":{"type":"Point","coordinates":[16.55170619,61.25320078]},"properties":{"name":"Norrbyn södergående","road":"83","bearing":6}},{"type":"Feature","geometry":{"type":"Point","coordinates":[16.508600969,61.28883172]},"properties":{"name":"Böle norrgående","road":"83","bearing":131}},{"type":"Feature","geometry":{"type":"Point","coordinates":[16.500081838,61.292158633]},"properties":{"name":"Böle södergående","road":"83","bearing":312}},{"type":"Feature","geometry":{"type":"Point","coordinates":[16.426890734,61.321949797]},"properties":{"name":"Vik norrgående","road":"83","bearing":123}},{"type":"Feature","geometry":{"type":"Point","coordinates":[15.405065365,60.741516949]},"properties":{"name":"Rexbo södergående","road":"69","bearing":285}},{"type":"Feature","geometry":{"type":"Point","coordinates":[15.253115167,60.823070984]},"properties":{"name":"Mårtanberg norrgående","road":"69","bearing":144}},{"type":"Feature","geometry":{"type":"Point","coordinates":[15.249947562,60.824782769]},"properties":{"name":"Mårtanberg södergående","road":"69","bearing":320}},{"type":"Feature","geometry":{"type":"Point","coordinates":[15.108780568,60.856547249]},"properties":{"name":"Altsarbyn norrgående","road":"69","bearing":160}},{"type":"Feature","geometry":{"type":"Point","coordinates":[15.316655582,60.774148482]},"properties":{"name":"Rällsjön södergående","road":"69","bearing":356}},{"type":"Feature","geometry":{"type":"Point","coordinates":[15.272031934,60.796665006]},"properties":{"name":"N Bertilsbo södergående","road":"69","bearing":336}},{"type":"Feature","geometry":{"type":"Point","coordinates":[18.354694365,59.339131343]},"properties":{"name":"Nilstorp 2","road":"642","bearing":34}},{"type":"Feature","geometry":{"type":"Point","coordinates":[18.370230468,59.349254747]},"properties":{"name":"Stora Kovik","road":"642","bearing":103}},{"type":"Feature","geometry":{"type":"Point","coordinates":[18.342967381,59.330445359]},"properties":{"name":"Insjön","road":"622","bearing":256}},{"type":"Feature","geometry":{"type":"Point","coordinates":[18.377878015,59.348112952]},"properties":{"name":"Skevik","road":"642","bearing":282}},{"type":"Feature","geometry":{"type":"Point","coordinates":[18.384363653,59.347854724]},"properties":{"name":"Anneberg","road":"642","bearing":55}},{"type":"Feature","geometry":{"type":"Point","coordinates":[15.335888673,60.757662468]},"properties":{"name":"Rällsjön norrgående","road":"69","bearing":130}},{"type":"Feature","geometry":{"type":"Point","coordinates":[15.276302816,60.793397188]},"properties":{"name":" N Bertilsbo norrgående","road":"69","bearing":150}},{"type":"Feature","geometry":{"type":"Point","coordinates":[15.130483977,60.843617406]},"properties":{"name":"Söderås norrgående","road":"69","bearing":80}},{"type":"Feature","geometry":{"type":"Point","coordinates":[21.611947123,65.836864983]},"properties":{"name":"Ågärdan södergående","road":"97","bearing":332}},{"type":"Feature","geometry":{"type":"Point","coordinates":[23.54320761,65.856801561]},"properties":{"name":"Kallfällamyran norrgående","road":"E4","bearing":279}},{"type":"Feature","geometry":{"type":"Point","coordinates":[23.680868966,65.843793427]},"properties":{"name":"Säivis södergående","road":"E4","bearing":76}},{"type":"Feature","geometry":{"type":"Point","coordinates":[22.817375543,66.293120712]},"properties":{"name":"Vippabacken norrgående","road":"E10","bearing":174}},{"type":"Feature","geometry":{"type":"Point","coordinates":[22.815879166,66.29630215]},"properties":{"name":"Vippabacken södergående","road":"E10","bearing":341}},{"type":"Feature","geometry":{"type":"Point","coordinates":[20.819652581,64.870477979]},"properties":{"name":"Kusmark östgående","road":"867","bearing":314}},{"type":"Feature","geometry":{"type":"Point","coordinates":[21.731364939,65.845143684]},"properties":{"name":"Brändkläppen norrgående","road":"356","bearing":183}},{"type":"Feature","geometry":{"type":"Point","coordinates":[21.3538187,65.635594594]},"properties":{"name":"Tenträsket östgående","road":"94","bearing":301}},{"type":"Feature","geometry":{"type":"Point","coordinates":[21.233592776,65.651950091]},"properties":{"name":"Pålsträsk västgående","road":"94","bearing":126}},{"type":"Feature","geometry":{"type":"Point","coordinates":[21.230369537,65.65315431]},"properties":{"name":"Pålsträsk östgående","road":"94","bearing":315}},{"type":"Feature","geometry":{"type":"Point","coordinates":[21.106183261,65.671916618]},"properties":{"name":"Vernerslund östgående","road":"94","bearing":252}},{"type":"Feature","geometry":{"type":"Point","coordinates":[21.105638284,65.671920516]},"properties":{"name":"Vernerslund västgående","road":"94","bearing":72}},{"type":"Feature","geometry":{"type":"Point","coordinates":[13.671540499,55.418095904]},"properties":{"name":"Skarviken","road":"9","bearing":95}},{"type":"Feature","geometry":{"type":"Point","coordinates":[13.671028523,56.457682259]},"properties":{"name":"Vekaboda","road":"15","bearing":93}},{"type":"Feature","geometry":{"type":"Point","coordinates":[13.890206351,56.422358965]},"properties":{"name":"Gräsljunga","road":"15","bearing":310}},{"type":"Feature","geometry":{"type":"Point","coordinates":[13.89947575,56.419692129]},"properties":{"name":"Kulhult","road":"15","bearing":115}},{"type":"Feature","geometry":{"type":"Point","coordinates":[13.698200236,55.42412498]},"properties":{"name":"Balkåkra","road":"9","bearing":240}},{"type":"Feature","geometry":{"type":"Point","coordinates":[13.132579921,59.865083014]},"properties":{"name":"Ulvsby herrgård norrgående","road":"E45","bearing":209}},{"type":"Feature","geometry":{"type":"Point","coordinates":[13.136012329,59.868535745]},"properties":{"name":"Ulvsby herrgård södergående","road":"E45","bearing":31}},{"type":"Feature","geometry":{"type":"Point","coordinates":[13.134720312,59.904669118]},"properties":{"name":"Spelsnäs norrgående","road":"E45","bearing":184}},{"type":"Feature","geometry":{"type":"Point","coordinates":[13.107608195,59.95907156]},"properties":{"name":"Stöpafors norrgående","road":"E45","bearing":170}},{"type":"Feature","geometry":{"type":"Point","coordinates":[13.075123336,60.025013099]},"properties":{"name":"Bjälverud norrgående","road":"E45","bearing":174}},{"type":"Feature","geometry":{"type":"Point","coordinates":[13.051850213,60.065781671]},"properties":{"name":"Åshagen","road":"E45","bearing":339}},{"type":"Feature","geometry":{"type":"Point","coordinates":[13.029309981,60.085773514]},"properties":{"name":"Torsby camping norrgående","road":"E45","bearing":160}},{"type":"Feature","geometry":{"type":"Point","coordinates":[13.501831942,55.940085965]},"properties":{"name":"Maglasäte ","road":"13","bearing":275}},{"type":"Feature","geometry":{"type":"Point","coordinates":[13.493494366,55.940388671]},"properties":{"name":"Kärrarp","road":"13","bearing":100}},{"type":"Feature","geometry":{"type":"Point","coordinates":[13.45139324,55.948592295]},"properties":{"name":"Munkarp","road":"13","bearing":285}},{"type":"Feature","geometry":{"type":"Point","coordinates":[17.959307616,59.563231815]},"properties":{"name":"Harg säteri","road":"858","bearing":208}},{"type":"Feature","geometry":{"type":"Point","coordinates":[16.895848211,59.217108074]},"properties":{"name":"St Lida","road":"55","bearing":270}},{"type":"Feature","geometry":{"type":"Point","coordinates":[16.283521017,59.316714205]},"properties":{"name":"Hallsta","road":"230","bearing":252}},{"type":"Feature","geometry":{"type":"Point","coordinates":[16.374590363,59.319476709]},"properties":{"name":"Östergården","road":"230","bearing":275}},{"type":"Feature","geometry":{"type":"Point","coordinates":[16.408024801,59.323637427]},"properties":{"name":"Dalhagen","road":"230","bearing":70}},{"type":"Feature","geometry":{"type":"Point","coordinates":[15.957982924,58.482324502]},"properties":{"name":"Dalen","road":"210","bearing":273}},{"type":"Feature","geometry":{"type":"Point","coordinates":[16.022960495,58.480987624]},"properties":{"name":"Karlberg F","road":"210","bearing":255}},{"type":"Feature","geometry":{"type":"Point","coordinates":[16.041562062,57.150865807]},"properties":{"name":"Stabygården","road":"34","bearing":155}},{"type":"Feature","geometry":{"type":"Point","coordinates":[21.289813643,65.931984546]},"properties":{"name":"Övre Bredåker södergående","road":"97","bearing":312}},{"type":"Feature","geometry":{"type":"Point","coordinates":[16.295892508,59.317705441]},"properties":{"name":"Mörbyholm","road":"230","bearing":94}},{"type":"Feature","geometry":{"type":"Point","coordinates":[16.720384798,58.850591505]},"properties":{"name":"Länninge","road":"52","bearing":310}},{"type":"Feature","geometry":{"type":"Point","coordinates":[12.399102038,58.275045125]},"properties":{"name":"Härstad södergående","road":"42","bearing":0}},{"type":"Feature","geometry":{"type":"Point","coordinates":[13.65424518,56.459621956]},"properties":{"name":"Fjärholma","road":"15","bearing":310}},{"type":"Feature","geometry":{"type":"Point","coordinates":[13.900443808,58.706502173]},"properties":{"name":"Lövåsen östergående ","road":"202","bearing":286}},{"type":"Feature","geometry":{"type":"Point","coordinates":[18.702183765,59.891884942]},"properties":{"name":"Söderby-Karl, norrgående","road":"283","bearing":183}},{"type":"Feature","geometry":{"type":"Point","coordinates":[18.353102637,59.337976988]},"properties":{"name":"Nilstorp 1","road":"642","bearing":228}},{"type":"Feature","geometry":{"type":"Point","coordinates":[15.508016909,61.937321154]},"properties":{"name":"Laforsen västgående","road":"84","bearing":110}},{"type":"Feature","geometry":{"type":"Point","coordinates":[14.80698235,58.782978232]},"properties":{"name":"Aspa","road":"49","bearing":55}},{"type":"Feature","geometry":{"type":"Point","coordinates":[14.75112347,63.22751561]},"properties":{"name":"Kläppe norrgående","road":"E45","bearing":226}},{"type":"Feature","geometry":{"type":"Point","coordinates":[14.75889483,63.230930532]},"properties":{"name":"Kläppe södergående","road":"E45","bearing":46}},{"type":"Feature","geometry":{"type":"Point","coordinates":[20.848059953,64.062000385]},"properties":{"name":"Bygdeå Norra","road":"E4","bearing":184}},{"type":"Feature","geometry":{"type":"Point","coordinates":[14.00630476,57.231074823]},"properties":{"name":"Vällersten","road":"151","bearing":177}},{"type":"Feature","geometry":{"type":"Point","coordinates":[15.123123159,60.123063572]},"properties":{"name":"Skeppmora södergående","road":"50","bearing":34}},{"type":"Feature","geometry":{"type":"Point","coordinates":[17.771071762,59.315752608]},"properties":{"name":"Troxhammar","road":"800","bearing":344}},{"type":"Feature","geometry":{"type":"Point","coordinates":[14.509783553,59.748791368]},"properties":{"name":"Östra Hammarn","road":"244","bearing":163}},{"type":"Feature","geometry":{"type":"Point","coordinates":[16.947770227,60.153781207]},"properties":{"name":"Tärnsjö, södergående","road":"56","bearing":20}},{"type":"Feature","geometry":{"type":"Point","coordinates":[17.972491166,59.88273907]},"properties":{"name":"Kolbo","road":"282","bearing":215}},{"type":"Feature","geometry":{"type":"Point","coordinates":[12.601677815,57.038799668]},"properties":{"name":"Klittarna södergående","road":"154","bearing":32}},{"type":"Feature","geometry":{"type":"Point","coordinates":[12.603784824,57.041661819]},"properties":{"name":"Klittarna norrgående","road":"154","bearing":198}},{"type":"Feature","geometry":{"type":"Point","coordinates":[17.12175586,61.265471262]},"properties":{"name":"Östansbo södergående","road":"583","bearing":310}},{"type":"Feature","geometry":{"type":"Point","coordinates":[18.311037276,59.74075379]},"properties":{"name":"Stora Brosätra","road":"77","bearing":264}},{"type":"Feature","geometry":{"type":"Point","coordinates":[18.515901653,59.739919735]},"properties":{"name":"Vallbyberg","road":"77","bearing":64}},{"type":"Feature","geometry":{"type":"Point","coordinates":[18.369172967,59.692540527]},"properties":{"name":"Lövsta","road":"280","bearing":149}},{"type":"Feature","geometry":{"type":"Point","coordinates":[20.790801159,64.00013863]},"properties":{"name":"Djäkneboda Södergående","road":"E4","bearing":40}},{"type":"Feature","geometry":{"type":"Point","coordinates":[15.21604073,58.481811414]},"properties":{"name":"Äsplunda","road":"1050","bearing":115}},{"type":"Feature","geometry":{"type":"Point","coordinates":[18.651230799,59.818685534]},"properties":{"name":"Estuna","road":"76","bearing":15}},{"type":"Feature","geometry":{"type":"Point","coordinates":[13.332159696,57.055152378]},"properties":{"name":"Nyarp Södergående","road":"26","bearing":58}},{"type":"Feature","geometry":{"type":"Point","coordinates":[13.360183822,57.075495811]},"properties":{"name":"Hållplats Björnaryd","road":"26","bearing":204}},{"type":"Feature","geometry":{"type":"Point","coordinates":[16.766064645,60.895407825]},"properties":{"name":"Stenbäcken östgående","road":"303","bearing":331}},{"type":"Feature","geometry":{"type":"Point","coordinates":[16.783222763,60.888087063]},"properties":{"name":"Björklunda västgående","road":"303","bearing":97}},{"type":"Feature","geometry":{"type":"Point","coordinates":[14.86680375,59.186528791]},"properties":{"name":"Lugnet","road":"204","bearing":223}},{"type":"Feature","geometry":{"type":"Point","coordinates":[16.037031888,59.450046769]},"properties":{"name":"Kungs-Barkarö k:a 2","road":"250","bearing":311}},{"type":"Feature","geometry":{"type":"Point","coordinates":[16.100755306,59.239155382]},"properties":{"name":"Hjälmaresund","road":"56","bearing":169}},{"type":"Feature","geometry":{"type":"Point","coordinates":[15.300166342,60.533986252]},"properties":{"name":"Koppslagårdarna norrgående","road":"E16","bearing":136}},{"type":"Feature","geometry":{"type":"Point","coordinates":[15.264145509,60.550358457]},"properties":{"name":"Gimsbärke södergående","road":"E16","bearing":292}},{"type":"Feature","geometry":{"type":"Point","coordinates":[16.094068245,62.49896767]},"properties":{"name":"Ljungaverk västgående","road":"E14","bearing":84}},{"type":"Feature","geometry":{"type":"Point","coordinates":[12.973609156,56.597078076]},"properties":{"name":"Eldsberga norrgående","road":"15","bearing":140}},{"type":"Feature","geometry":{"type":"Point","coordinates":[12.974229684,56.596441173]},"properties":{"name":"Eldsberga södergående","road":"15","bearing":322}},{"type":"Feature","geometry":{"type":"Point","coordinates":[22.718277733,66.37251092]},"properties":{"name":"Gyljen S","road":"E10","bearing":130}},{"type":"Feature","geometry":{"type":"Point","coordinates":[22.702971317,66.376784097]},"properties":{"name":"Gyljen N","road":"E10","bearing":305}},{"type":"Feature","geometry":{"type":"Point","coordinates":[13.134353649,55.774930755]},"properties":{"name":"Vasatorp","road":"108","bearing":183}},{"type":"Feature","geometry":{"type":"Point","coordinates":[13.133611404,55.781785569]},"properties":{"name":"Framnäs","road":"108","bearing":354}},{"type":"Feature","geometry":{"type":"Point","coordinates":[17.525420216,59.807488683]},"properties":{"name":"Focksta","road":"596","bearing":300}},{"type":"Feature","geometry":{"type":"Point","coordinates":[16.218716251,60.544225531]},"properties":{"name":"Edsken västgående ","road":"E16","bearing":90}},{"type":"Feature","geometry":{"type":"Point","coordinates":[16.243890661,60.541793461]},"properties":{"name":"Furulund östgående ","road":"E16","bearing":270}},{"type":"Feature","geometry":{"type":"Point","coordinates":[14.492212011,61.047415032]},"properties":{"name":"Frostkitten södergående","road":"70","bearing":298}},{"type":"Feature","geometry":{"type":"Point","coordinates":[14.347281602,61.076034086]},"properties":{"name":"Björka fäbod norrgående","road":"70","bearing":117}},{"type":"Feature","geometry":{"type":"Point","coordinates":[13.989253054,58.836735337]},"properties":{"name":"Sjötorp Norr kanalen","road":"26","bearing":9}},{"type":"Feature","geometry":{"type":"Point","coordinates":[18.770644259,64.529813395]},"properties":{"name":"Ringaborg, västgående","road":"E12","bearing":145}},{"type":"Feature","geometry":{"type":"Point","coordinates":[18.732246645,64.554225947]},"properties":{"name":"Hede, östgående","road":"E12","bearing":345}},{"type":"Feature","geometry":{"type":"Point","coordinates":[13.70278768,58.641554923]},"properties":{"name":"Lugnås","road":"E20","bearing":236}},{"type":"Feature","geometry":{"type":"Point","coordinates":[15.741909317,62.575982985]},"properties":{"name":"Granboda östgående","road":"E14","bearing":324}},{"type":"Feature","geometry":{"type":"Point","coordinates":[12.561047699,57.516220763]},"properties":{"name":"Hjorttorp västgående","road":"156","bearing":136}},{"type":"Feature","geometry":{"type":"Point","coordinates":[12.581080897,57.509255828]},"properties":{"name":"Skene skog östgående","road":"156","bearing":313}},{"type":"Feature","geometry":{"type":"Point","coordinates":[12.881800957,59.664254174]},"properties":{"name":"Vikene, östgående färdriktning","road":"61","bearing":283}},{"type":"Feature","geometry":{"type":"Point","coordinates":[20.847689561,64.062096353]},"properties":{"name":"Bygdeå Södergående","road":"E4","bearing":6}},{"type":"Feature","geometry":{"type":"Point","coordinates":[16.872173337,58.740817238]},"properties":{"name":"Svalsta","road":"800","bearing":88}},{"type":"Feature","geometry":{"type":"Point","coordinates":[16.197383497,58.967458106]},"properties":{"name":"Djulö","road":"555","bearing":33}},{"type":"Feature","geometry":{"type":"Point","coordinates":[15.771310298,60.723821293]},"properties":{"name":"Toftbyn södergående","road":"50","bearing":335}},{"type":"Feature","geometry":{"type":"Point","coordinates":[15.752011618,60.796110143]},"properties":{"name":"Enviken norrgående","road":"50","bearing":182}},{"type":"Feature","geometry":{"type":"Point","coordinates":[21.128606688,65.344246233]},"properties":{"name":"Stockbäcken östgående","road":"373","bearing":300}},{"type":"Feature","geometry":{"type":"Point","coordinates":[16.464949279,61.804350589]},"properties":{"name":"Långbacka östgående","road":"84","bearing":287}},{"type":"Feature","geometry":{"type":"Point","coordinates":[12.58673292,57.50836663]},"properties":{"name":"Skene skog västgående","road":"156","bearing":97}},{"type":"Feature","geometry":{"type":"Point","coordinates":[13.678082097,59.583098171]},"properties":{"name":"Rudsberg","road":"63","bearing":70}},{"type":"Feature","geometry":{"type":"Point","coordinates":[13.716218052,59.597703285]},"properties":{"name":"Sjöändan","road":"63","bearing":242}},{"type":"Feature","geometry":{"type":"Point","coordinates":[21.733641851,65.847945492]},"properties":{"name":"Brändkläppen södergående","road":"356","bearing":31}},{"type":"Feature","geometry":{"type":"Point","coordinates":[17.957947256,58.912000367]},"properties":{"name":"Mysingsvägen","road":"73","bearing":185}},{"type":"Feature","geometry":{"type":"Point","coordinates":[17.931617578,58.929287831]},"properties":{"name":"Teknikervägen 2","road":"73","bearing":305}},{"type":"Feature","geometry":{"type":"Point","coordinates":[18.148344317,60.16514371]},"properties":{"name":"Edsmossen","road":"292","bearing":88}},{"type":"Feature","geometry":{"type":"Point","coordinates":[18.065221801,59.117523662]},"properties":{"name":"Krigslida","road":"257","bearing":232}},{"type":"Feature","geometry":{"type":"Point","coordinates":[13.391708718,55.939632123]},"properties":{"name":"Rönneholm","road":"13","bearing":50}},{"type":"Feature","geometry":{"type":"Point","coordinates":[13.364904886,55.945731509]},"properties":{"name":"Stockamöllan","road":"13","bearing":272}},{"type":"Feature","geometry":{"type":"Point","coordinates":[19.043570433,64.398332048]},"properties":{"name":"Lillsele, östlig riktning","road":"E12","bearing":305}},{"type":"Feature","geometry":{"type":"Point","coordinates":[19.056690137,64.396585489]},"properties":{"name":"Lillsele, västlig riktning","road":"E12","bearing":102}},{"type":"Feature","geometry":{"type":"Point","coordinates":[15.518844106,58.765536185]},"properties":{"name":"Nältorp","road":"51","bearing":344}},{"type":"Feature","geometry":{"type":"Point","coordinates":[15.511338312,58.777133855]},"properties":{"name":"Karstorp","road":"51","bearing":157}},{"type":"Feature","geometry":{"type":"Point","coordinates":[15.498219099,58.786094444]},"properties":{"name":"Höga mon","road":"51","bearing":318}},{"type":"Feature","geometry":{"type":"Point","coordinates":[13.350598474,55.949638611]},"properties":{"name":"Gunnaröd","road":"13","bearing":155}},{"type":"Feature","geometry":{"type":"Point","coordinates":[15.084749521,60.099002723]},"properties":{"name":"Klenshyttan norrgående","road":"50","bearing":245}},{"type":"Feature","geometry":{"type":"Point","coordinates":[15.109738685,60.113440756]},"properties":{"name":"Skeppmora norrgående","road":"50","bearing":205}},{"type":"Feature","geometry":{"type":"Point","coordinates":[12.481795475,57.359520479]},"properties":{"name":"Horred norrgående","road":"41","bearing":213}},{"type":"Feature","geometry":{"type":"Point","coordinates":[12.482194036,57.360499007]},"properties":{"name":"Horred södergående","road":"41","bearing":12}},{"type":"Feature","geometry":{"type":"Point","coordinates":[16.159380209,61.747925655]},"properties":{"name":"Skästra 2","road":"83","bearing":5}},{"type":"Feature","geometry":{"type":"Point","coordinates":[14.406142296,59.438902207]},"properties":{"name":"Kyrkstenskorset norrgående","road":"237","bearing":148}},{"type":"Feature","geometry":{"type":"Point","coordinates":[14.403199559,59.440810574]},"properties":{"name":"Kyrkstenskorset södergående","road":"237","bearing":327}},{"type":"Feature","geometry":{"type":"Point","coordinates":[12.39936153,58.274762861]},"properties":{"name":"Härstad norrgående","road":"42","bearing":181}},{"type":"Feature","geometry":{"type":"Point","coordinates":[14.176085478,59.126706119]},"properties":{"name":"Visnum norrgående","road":"26","bearing":188}},{"type":"Feature","geometry":{"type":"Point","coordinates":[14.446868696,59.275728452]},"properties":{"name":"Lervik","road":"205","bearing":46}},{"type":"Feature","geometry":{"type":"Point","coordinates":[12.864831676,57.753663505]},"properties":{"name":"Ebbared","road":"180","bearing":291}},{"type":"Feature","geometry":{"type":"Point","coordinates":[12.796622285,57.77414978]},"properties":{"name":"Gränstorp","road":"180","bearing":106}},{"type":"Feature","geometry":{"type":"Point","coordinates":[12.711747622,57.829621981]},"properties":{"name":"Gantarås norrgående","road":"180","bearing":126}},{"type":"Feature","geometry":{"type":"Point","coordinates":[12.765742109,57.794616663]},"properties":{"name":"Hällered","road":"180","bearing":310}},{"type":"Feature","geometry":{"type":"Point","coordinates":[11.351106489,58.48482403]},"properties":{"name":"Pinan östergående","road":"174","bearing":274}},{"type":"Feature","geometry":{"type":"Point","coordinates":[11.356962518,58.485628882]},"properties":{"name":"Pinan västergående","road":"174","bearing":67}},{"type":"Feature","geometry":{"type":"Point","coordinates":[11.318208553,58.456212546]},"properties":{"name":"Uleberg södergående","road":"174","bearing":72}},{"type":"Feature","geometry":{"type":"Point","coordinates":[11.317240516,58.450548099]},"properties":{"name":"Uleberg norrgående","road":"174","bearing":185}},{"type":"Feature","geometry":{"type":"Point","coordinates":[16.729563296,59.59516313]},"properties":{"name":"Irsta Kyrkby","road":"693","bearing":258}},{"type":"Feature","geometry":{"type":"Point","coordinates":[16.762501554,59.594553436]},"properties":{"name":"Gottsta","road":"693","bearing":97}},{"type":"Feature","geometry":{"type":"Point","coordinates":[16.100417589,57.116682495]},"properties":{"name":"Ruda","road":"34","bearing":340}},{"type":"Feature","geometry":{"type":"Point","coordinates":[11.680874831,58.014029218]},"properties":{"name":"Gunneby östergående","road":"169","bearing":214}},{"type":"Feature","geometry":{"type":"Point","coordinates":[14.233373162,55.938668455]},"properties":{"name":"Kavrö öster","road":"1648","bearing":115}},{"type":"Feature","geometry":{"type":"Point","coordinates":[12.196354451,57.424798469]},"properties":{"name":"Tom - Södergående","road":"916","bearing":322}},{"type":"Feature","geometry":{"type":"Point","coordinates":[12.198946238,57.423148538]},"properties":{"name":"Tom - Norrgående","road":"916","bearing":148}},{"type":"Feature","geometry":{"type":"Point","coordinates":[12.221894491,57.407210057]},"properties":{"name":"Torpa Dala - norrgående","road":"916","bearing":164}},{"type":"Feature","geometry":{"type":"Point","coordinates":[13.738035606,56.09027758]},"properties":{"name":"Nösdala","road":"1902","bearing":350}},{"type":"Feature","geometry":{"type":"Point","coordinates":[12.228800764,58.767695114]},"properties":{"name":"Teåker","road":"166","bearing":285}},{"type":"Feature","geometry":{"type":"Point","coordinates":[18.78866301,59.733145985]},"properties":{"name":"Vreta östlig riktning","road":"E18","bearing":289}},{"type":"Feature","geometry":{"type":"Point","coordinates":[18.791456238,59.732813594]},"properties":{"name":"Vreta västlig riktning","road":"E18","bearing":108}},{"type":"Feature","geometry":{"type":"Point","coordinates":[18.849312985,59.727173362]},"properties":{"name":"Grovö östlig riktning","road":"E18","bearing":285}},{"type":"Feature","geometry":{"type":"Point","coordinates":[18.852005834,59.726905532]},"properties":{"name":"Grovö västlig riktning","road":"E18","bearing":105}},{"type":"Feature","geometry":{"type":"Point","coordinates":[17.520252519,58.93935344]},"properties":{"name":"Marieberg","road":"218","bearing":156}},{"type":"Feature","geometry":{"type":"Point","coordinates":[17.519625925,58.940057479]},"properties":{"name":"Kroka","road":"218","bearing":350}},{"type":"Feature","geometry":{"type":"Point","coordinates":[12.008765218,58.479063312]},"properties":{"name":"Dalen södergående","road":"172","bearing":353}},{"type":"Feature","geometry":{"type":"Point","coordinates":[12.008968419,58.479095014]},"properties":{"name":"Dalen norrgående","road":"172","bearing":172}},{"type":"Feature","geometry":{"type":"Point","coordinates":[12.618486887,59.630962404]},"properties":{"name":"Dottevik norrgående","road":"175","bearing":189}},{"type":"Feature","geometry":{"type":"Point","coordinates":[12.283007154,58.441037429]},"properties":{"name":"Busshållplats Flybo, södergående","road":"E45","bearing":350}},{"type":"Feature","geometry":{"type":"Point","coordinates":[12.282941612,58.441665059]},"properties":{"name":"Busshållplats Flybo, norrgående","road":"E45","bearing":170}},{"type":"Feature","geometry":{"type":"Point","coordinates":[14.880563895,57.565914305]},"properties":{"name":"Aggarp","road":"31","bearing":315}},{"type":"Feature","geometry":{"type":"Point","coordinates":[14.861530591,57.586276556]},"properties":{"name":"Skärsboda","road":"31","bearing":165}},{"type":"Feature","geometry":{"type":"Point","coordinates":[11.681287257,58.014696156]},"properties":{"name":"Gunneby västergående","road":"169","bearing":30}},{"type":"Feature","geometry":{"type":"Point","coordinates":[14.984091279,58.735217054]},"properties":{"name":"St. Forsa","road":"50","bearing":170}},{"type":"Feature","geometry":{"type":"Point","coordinates":[16.824180366,59.204794149]},"properties":{"name":"Björndammen","road":"55","bearing":86}},{"type":"Feature","geometry":{"type":"Point","coordinates":[13.742421404,58.653337707]},"properties":{"name":"Prästkvarn","road":"E20","bearing":69}},{"type":"Feature","geometry":{"type":"Point","coordinates":[13.69991344,58.640546855]},"properties":{"name":"Lugnås","road":"E20","bearing":57}},{"type":"Feature","geometry":{"type":"Point","coordinates":[14.79469949,63.106726389]},"properties":{"name":"Optand","road":"E14","bearing":9}},{"type":"Feature","geometry":{"type":"Point","coordinates":[16.858930321,59.213850419]},"properties":{"name":"Svartenstorp","road":"55","bearing":72}},{"type":"Feature","geometry":{"type":"Point","coordinates":[16.822285001,59.204721922]},"properties":{"name":"Björndammen","road":"55","bearing":269}},{"type":"Feature","geometry":{"type":"Point","coordinates":[13.92173135,57.177372684]},"properties":{"name":"Kärda västergående","road":"27","bearing":65}},{"type":"Feature","geometry":{"type":"Point","coordinates":[13.918849108,57.176377631]},"properties":{"name":"Kärda östergående","road":"27","bearing":243}},{"type":"Feature","geometry":{"type":"Point","coordinates":[15.689950548,58.718381889]},"properties":{"name":"Björkhaga","road":"51","bearing":305}},{"type":"Feature","geometry":{"type":"Point","coordinates":[16.477978788,59.668116999]},"properties":{"name":"Åkesta","road":"681","bearing":147}},{"type":"Feature","geometry":{"type":"Point","coordinates":[15.706086221,58.714594174]},"properties":{"name":"Bönnergården","road":"51","bearing":124}},{"type":"Feature","geometry":{"type":"Point","coordinates":[12.325047835,58.304122617]},"properties":{"name":"Stallbacka norrgående","road":"E45","bearing":152}},{"type":"Feature","geometry":{"type":"Point","coordinates":[12.324895116,58.304110435]},"properties":{"name":"Stallbacka södergående","road":"E45","bearing":334}},{"type":"Feature","geometry":{"type":"Point","coordinates":[13.905688008,56.085803098]},"properties":{"name":"Vanneberga norrgående","road":"21","bearing":130}},{"type":"Feature","geometry":{"type":"Point","coordinates":[13.904291745,56.086302884]},"properties":{"name":"Vanneberga södergående","road":"21","bearing":315}},{"type":"Feature","geometry":{"type":"Point","coordinates":[12.306320482,58.317145564]},"properties":{"name":"Trafikplats Överby, norrgående","road":"E45","bearing":144}},{"type":"Feature","geometry":{"type":"Point","coordinates":[16.429437581,59.701821931]},"properties":{"name":"Skultuna Kyrka","road":"681","bearing":5}},{"type":"Feature","geometry":{"type":"Point","coordinates":[19.925513866,63.641994061]},"properties":{"name":"Hörnefors Norra, Södergående","road":"E4","bearing":47}},{"type":"Feature","geometry":{"type":"Point","coordinates":[15.03553829,56.859582177]},"properties":{"name":"Furubykorset väst","road":"25","bearing":330}},{"type":"Feature","geometry":{"type":"Point","coordinates":[15.037062331,56.858431822]},"properties":{"name":"Furubykorset öst","road":"25","bearing":150}},{"type":"Feature","geometry":{"type":"Point","coordinates":[15.039215945,56.502235414]},"properties":{"name":"Hensmåla östergående","road":"120","bearing":307}},{"type":"Feature","geometry":{"type":"Point","coordinates":[15.058396879,56.499200198]},"properties":{"name":"Hensmåla västergående","road":"120","bearing":100}},{"type":"Feature","geometry":{"type":"Point","coordinates":[21.220572795,65.477259957]},"properties":{"name":"Arnemark norrgående","road":"374","bearing":179}},{"type":"Feature","geometry":{"type":"Point","coordinates":[18.306746374,60.318896947]},"properties":{"name":"Grindsund","road":"1100","bearing":221}},{"type":"Feature","geometry":{"type":"Point","coordinates":[15.462493696,56.120217965]},"properties":{"name":"Hasslö","road":"673","bearing":140}},{"type":"Feature","geometry":{"type":"Point","coordinates":[15.465717402,56.184672036]},"properties":{"name":"Wambåsa","road":"673","bearing":14}},{"type":"Feature","geometry":{"type":"Point","coordinates":[15.72222454,56.110939931]},"properties":{"name":"Skällenäs","road":"738","bearing":255}},{"type":"Feature","geometry":{"type":"Point","coordinates":[21.513698402,65.599472639]},"properties":{"name":"Bjursträsk västgående","road":"94","bearing":82}},{"type":"Feature","geometry":{"type":"Point","coordinates":[21.415744659,65.619581471]},"properties":{"name":"Klöverträsk västgående","road":"94","bearing":112}},{"type":"Feature","geometry":{"type":"Point","coordinates":[21.238796375,65.454773287]},"properties":{"name":"Stridholm norrgående","road":"374","bearing":161}},{"type":"Feature","geometry":{"type":"Point","coordinates":[15.755988052,56.143461467]},"properties":{"name":"Möcklöbron","road":"738","bearing":30}},{"type":"Feature","geometry":{"type":"Point","coordinates":[15.759198654,56.147943284]},"properties":{"name":"Möcklö","road":"738","bearing":200}},{"type":"Feature","geometry":{"type":"Point","coordinates":[15.753278473,56.167027728]},"properties":{"name":"Trummenäset","road":"738","bearing":277}},{"type":"Feature","geometry":{"type":"Point","coordinates":[15.730945677,56.172292216]},"properties":{"name":"Torstäva","road":"738","bearing":110}},{"type":"Feature","geometry":{"type":"Point","coordinates":[13.749753158,55.42632522]},"properties":{"name":"Västerholmen","road":"9","bearing":275}},{"type":"Feature","geometry":{"type":"Point","coordinates":[21.930298036,65.626736814]},"properties":{"name":"Bälinge södergående","road":"616","bearing":320}},{"type":"Feature","geometry":{"type":"Point","coordinates":[21.930604537,65.626821966]},"properties":{"name":"Bälinge norrgående","road":"616","bearing":135}},{"type":"Feature","geometry":{"type":"Point","coordinates":[21.879901913,65.64736109]},"properties":{"name":"Sandnäset södergående","road":"616","bearing":308}},{"type":"Feature","geometry":{"type":"Point","coordinates":[21.879567848,65.647664729]},"properties":{"name":"Sandnäset norrgående","road":"616","bearing":129}},{"type":"Feature","geometry":{"type":"Point","coordinates":[21.821926906,65.663988843]},"properties":{"name":"Stenudden norrgående","road":"616","bearing":129}},{"type":"Feature","geometry":{"type":"Point","coordinates":[14.602784295,62.992583127]},"properties":{"name":"Fåker södergående","road":"E45","bearing":52}},{"type":"Feature","geometry":{"type":"Point","coordinates":[12.967596414,63.397615675]},"properties":{"name":"Tegefjäll östgående","road":"E14","bearing":248}},{"type":"Feature","geometry":{"type":"Point","coordinates":[16.94522488,60.151258836]},"properties":{"name":"Tärnsjö, norrgående","road":"56","bearing":223}},{"type":"Feature","geometry":{"type":"Point","coordinates":[19.751935718,63.96259887]},"properties":{"name":"Stennäs Norrgående","road":"E12","bearing":165}},{"type":"Feature","geometry":{"type":"Point","coordinates":[19.751035682,63.963563696]},"properties":{"name":"Stennäs Södergående","road":"E12","bearing":327}},{"type":"Feature","geometry":{"type":"Point","coordinates":[19.724497444,63.999162767]},"properties":{"name":"Tväråbäck norrgående","road":"E12","bearing":156}},{"type":"Feature","geometry":{"type":"Point","coordinates":[19.724335147,63.999051152]},"properties":{"name":"Tväråbäck södergående","road":"E12","bearing":339}},{"type":"Feature","geometry":{"type":"Point","coordinates":[18.3249621,60.323771189]},"properties":{"name":"Fridhem","road":"1100","bearing":74}},{"type":"Feature","geometry":{"type":"Point","coordinates":[16.600182457,59.619746201]},"properties":{"name":"Österleden södergående","road":"Österleden","bearing":345}},{"type":"Feature","geometry":{"type":"Point","coordinates":[16.31642149,59.457759796]},"properties":{"name":"Kvicksund, norrgående","road":"56","bearing":170}},{"type":"Feature","geometry":{"type":"Point","coordinates":[16.594353819,59.614221768]},"properties":{"name":"Skiljebo, västgående","road":"693","bearing":95}},{"type":"Feature","geometry":{"type":"Point","coordinates":[17.956182401,58.916147515]},"properties":{"name":"Raffinaderivägen","road":"73","bearing":5}},{"type":"Feature","geometry":{"type":"Point","coordinates":[19.652497792,63.914734451]},"properties":{"name":"Penglund västgående","road":"92","bearing":128}},{"type":"Feature","geometry":{"type":"Point","coordinates":[22.037001899,65.524163549]},"properties":{"name":"Edsbacken norrgående","road":"580","bearing":253}},{"type":"Feature","geometry":{"type":"Point","coordinates":[22.04044087,65.52458034]},"properties":{"name":"Edsbacken södergående","road":"580","bearing":63}},{"type":"Feature","geometry":{"type":"Point","coordinates":[19.65033376,63.915478498]},"properties":{"name":"Penglund östgående","road":"92","bearing":311}},{"type":"Feature","geometry":{"type":"Point","coordinates":[21.240769401,65.45125088]},"properties":{"name":"Rönnberget södergående","road":"374","bearing":342}},{"type":"Feature","geometry":{"type":"Point","coordinates":[21.218365638,65.484907823]},"properties":{"name":"Arnemark södergående","road":"374","bearing":340}},{"type":"Feature","geometry":{"type":"Point","coordinates":[12.391733896,58.72476668]},"properties":{"name":"Gunnarsnäs norrgående","road":"166","bearing":135}},{"type":"Feature","geometry":{"type":"Point","coordinates":[12.399931409,58.719559206]},"properties":{"name":"Gunnarsnäs södergående","road":"166","bearing":323}},{"type":"Feature","geometry":{"type":"Point","coordinates":[15.0077133,62.977425003]},"properties":{"name":"Nedersvedje","road":"E14","bearing":320}},{"type":"Feature","geometry":{"type":"Point","coordinates":[18.008455003,59.207116061]},"properties":{"name":"Stensättra","road":"259","bearing":26}},{"type":"Feature","geometry":{"type":"Point","coordinates":[17.933753684,58.92844858]},"properties":{"name":"Teknikervägen 1","road":"73","bearing":142}},{"type":"Feature","geometry":{"type":"Point","coordinates":[16.024356871,58.481236963]},"properties":{"name":"Karlberg B","road":"210","bearing":80}},{"type":"Feature","geometry":{"type":"Point","coordinates":[16.081785652,58.486621975]},"properties":{"name":"Mariedal F","road":"210","bearing":260}},{"type":"Feature","geometry":{"type":"Point","coordinates":[16.082269665,58.486743643]},"properties":{"name":"Mariedal B","road":"210","bearing":75}},{"type":"Feature","geometry":{"type":"Point","coordinates":[16.144988347,58.491750346]},"properties":{"name":"Tvärdala","road":"210","bearing":92}}]}