{"type":"FeatureCollection","features":[{"type":"Feature","geometry":{"type":"Point","coordinates":[13.0677,58.29577]},"properties":{"land":"SE","name":"1602 Dönstorp Fjärryta","t":"2026-09-04T04:15:03.002Z","yta":14.8,"luft":null,"nbd":null,"sno":false}},{"type":"Feature","geometry":{"type":"Point","coordinates":[18.31182,59.32886]},"properties":{"land":"SE","name":"218 Gustavsberg Fjärryta","t":"2026-09-04T04:00:03.001Z","yta":9.7,"luft":null,"nbd":null,"sno":false}},{"type":"Feature","geometry":{"type":"Point","coordinates":[13.4718,57.38772]},"properties":{"land":"SE","name":"Grönhult","t":"2026-09-04T04:15:03.001Z","yta":null,"luft":11.9,"nbd":"no","sno":false}},{"type":"Feature","geometry":{"type":"Point","coordinates":[12.59233,57.50803]},"properties":{"land":"SE","name":"Skeneskog","t":"2026-09-04T04:15:03.001Z","yta":13.5,"luft":12.6,"nbd":"rain","sno":false}},{"type":"Feature","geometry":{"type":"Point","coordinates":[11.27528,58.8764]},"properties":{"land":"SE","name":"Sältermotet","t":"2026-09-04T04:15:03.001Z","yta":14.2,"luft":12.6,"nbd":"no","sno":false}},{"type":"Feature","geometry":{"type":"Point","coordinates":[11.99112,58.50847]},"properties":{"land":"SE","name":"Ellenö","t":"2026-09-04T04:15:03.001Z","yta":13.8,"luft":13.1,"nbd":"no","sno":false}},{"type":"Feature","geometry":{"type":"Point","coordinates":[12.8853,57.71248]},"properties":{"land":"SE","name":"Viared","t":"2026-09-04T04:15:03.000Z","yta":13,"luft":12.7,"nbd":"no","sno":false}},{"type":"Feature","geometry":{"type":"Point","coordinates":[12.47049,57.58524]},"properties":{"land":"SE","name":"Björlanda","t":"2026-09-04T04:15:03.001Z","yta":14.1,"luft":13.2,"nbd":"rain","sno":false}},{"type":"Feature","geometry":{"type":"Point","coordinates":[12.84788,57.757]},"properties":{"land":"SE","name":"Götsered","t":"2026-09-04T04:15:03.001Z","yta":12.9,"luft":11.7,"nbd":"no","sno":false}},{"type":"Feature","geometry":{"type":"Point","coordinates":[11.25226,59.09292]},"properties":{"land":"SE","name":"Svinesundsbron","t":"2026-09-04T04:15:03.001Z","yta":13,"luft":11.7,"nbd":"rain","sno":false}},{"type":"Feature","geometry":{"type":"Point","coordinates":[11.23927,59.02018]},"properties":{"land":"SE","name":"Hogdalsmotet","t":"2026-09-04T04:15:03.000Z","yta":14.7,"luft":12.3,"nbd":"rain","sno":false}},{"type":"Feature","geometry":{"type":"Point","coordinates":[12.2356,58.23814]},"properties":{"land":"SE","name":"Raddetorp","t":"2026-09-04T04:15:03.000Z","yta":15.3,"luft":13.5,"nbd":"rain","sno":false}},{"type":"Feature","geometry":{"type":"Point","coordinates":[12.08143,57.45995]},"properties":{"land":"SE","name":"Kungsbacka","t":"2026-09-04T04:15:03.001Z","yta":14,"luft":15.2,"nbd":"no","sno":false}},{"type":"Feature","geometry":{"type":"Point","coordinates":[12.66302,56.86238]},"properties":{"land":"SE","name":"Broen","t":"2026-09-04T04:15:03.001Z","yta":14.9,"luft":15.4,"nbd":"no","sno":false}},{"type":"Feature","geometry":{"type":"Point","coordinates":[12.93935,57.11995]},"properties":{"land":"SE","name":"Ätran","t":"2026-09-04T04:15:03.001Z","yta":13.6,"luft":13.1,"nbd":"no","sno":false}},{"type":"Feature","geometry":{"type":"Point","coordinates":[13.06551,56.92288]},"properties":{"land":"SE","name":"Hinnakullsberg","t":"2026-09-04T04:15:03.000Z","yta":12.9,"luft":12.9,"nbd":"no","sno":false}},{"type":"Feature","geometry":{"type":"Point","coordinates":[14.26996,55.91338]},"properties":{"land":"SE","name":"Åhus","t":"2026-09-04T04:15:03.001Z","yta":14.4,"luft":15.1,"nbd":"no","sno":false}},{"type":"Feature","geometry":{"type":"Point","coordinates":[14.25555,55.4479]},"properties":{"land":"SE","name":"Örnahusen","t":"2026-09-04T04:15:03.001Z","yta":15.4,"luft":15.1,"nbd":"no","sno":false}},{"type":"Feature","geometry":{"type":"Point","coordinates":[14.39957,56.39047]},"properties":{"land":"SE","name":"Hunshult","t":"2026-09-04T04:15:03.001Z","yta":13.9,"luft":12.9,"nbd":"no","sno":false}},{"type":"Feature","geometry":{"type":"Point","coordinates":[14.52867,56.2582]},"properties":{"land":"SE","name":"Olofström","t":"2026-09-04T04:15:03.000Z","yta":14.2,"luft":14,"nbd":"no","sno":false}},{"type":"Feature","geometry":{"type":"Point","coordinates":[16.08381,56.53142]},"properties":{"land":"SE","name":"Söderåkra","t":"2026-09-04T04:20:03.000Z","yta":14.4,"luft":13.4,"nbd":"no","sno":false}},{"type":"Feature","geometry":{"type":"Point","coordinates":[16.24542,57.04218]},"properties":{"land":"SE","name":"Värlebo","t":"2026-09-04T04:20:03.001Z","yta":15.4,"luft":13.8,"nbd":"no","sno":false}},{"type":"Feature","geometry":{"type":"Point","coordinates":[14.63957,57.09455]},"properties":{"land":"SE","name":"Bredhult","t":"2026-09-04T04:20:03.001Z","yta":13.1,"luft":12.1,"nbd":"no","sno":false}},{"type":"Feature","geometry":{"type":"Point","coordinates":[15.2667,56.55308]},"properties":{"land":"SE","name":"Rävemåla","t":"2026-09-04T04:20:03.001Z","yta":13.4,"luft":12.5,"nbd":"no","sno":false}},{"type":"Feature","geometry":{"type":"Point","coordinates":[13.01448,55.61158]},"properties":{"land":"SE","name":"Malmö GBG","t":"2026-09-04T04:20:03.000Z","yta":null,"luft":16,"nbd":"no","sno":false}},{"type":"Feature","geometry":{"type":"Point","coordinates":[14.69168,56.82573]},"properties":{"land":"SE","name":"Nöbbele","t":"2026-09-04T04:20:03.001Z","yta":12.9,"luft":12.3,"nbd":"no","sno":false}},{"type":"Feature","geometry":{"type":"Point","coordinates":[14.54612,56.92254]},"properties":{"land":"SE","name":"Alvesta","t":"2026-09-04T04:20:03.000Z","yta":13,"luft":12.5,"nbd":"no","sno":false}},{"type":"Feature","geometry":{"type":"Point","coordinates":[13.71439,56.75617]},"properties":{"land":"SE","name":"Annerstad","t":"2026-09-04T04:20:03.002Z","yta":12.8,"luft":12.7,"nbd":"no","sno":false}},{"type":"Feature","geometry":{"type":"Point","coordinates":[14.55003,56.5178]},"properties":{"land":"SE","name":"Häradsbäck","t":"2026-09-04T04:20:03.000Z","yta":13.1,"luft":12.7,"nbd":"no","sno":false}},{"type":"Feature","geometry":{"type":"Point","coordinates":[13.76299,56.61594]},"properties":{"land":"SE","name":"Sjöboda","t":"2026-09-04T04:20:03.000Z","yta":13.1,"luft":12.8,"nbd":"no","sno":false}},{"type":"Feature","geometry":{"type":"Point","coordinates":[15.64424,62.52549]},"properties":{"land":"SE","name":"Ånge GBG","t":"2026-09-04T04:20:03.001Z","yta":null,"luft":9.1,"nbd":"no","sno":false}},{"type":"Feature","geometry":{"type":"Point","coordinates":[14.16355,56.87238]},"properties":{"land":"SE","name":"Ryssby","t":"2026-09-04T04:20:03.001Z","yta":12.8,"luft":12.7,"nbd":"no","sno":false}},{"type":"Feature","geometry":{"type":"Point","coordinates":[13.15882,55.36937]},"properties":{"land":"SE","name":"Trelleborg GBG","t":"2026-09-04T04:20:03.001Z","yta":null,"luft":15.6,"nbd":"no","sno":false}},{"type":"Feature","geometry":{"type":"Point","coordinates":[13.9348,57.87394]},"properties":{"land":"SE","name":"Håknarp2","t":"2026-09-04T04:20:03.001Z","yta":13.5,"luft":12.2,"nbd":"no","sno":false}},{"type":"Feature","geometry":{"type":"Point","coordinates":[14.52073,57.67535]},"properties":{"land":"SE","name":"Kullebo","t":"2026-09-04T04:20:03.001Z","yta":12.7,"luft":12,"nbd":"no","sno":false}},{"type":"Feature","geometry":{"type":"Point","coordinates":[12.84793,57.9411]},"properties":{"land":"SE","name":"Ljurhalla","t":"2026-09-04T04:20:03.001Z","yta":13.8,"luft":12.7,"nbd":"no","sno":false}},{"type":"Feature","geometry":{"type":"Point","coordinates":[16.47907,58.31747]},"properties":{"land":"SE","name":"Ringarum","t":"2026-09-02T10:35:03.001Z","yta":28.4,"luft":18.9,"nbd":"no","sno":false}},{"type":"Feature","geometry":{"type":"Point","coordinates":[16.60597,59.23813]},"properties":{"land":"SE","name":"417 Slytan Fjärryta","t":"2026-09-04T04:15:03.001Z","yta":9,"luft":null,"nbd":null,"sno":false}},{"type":"Feature","geometry":{"type":"Point","coordinates":[12.32818,57.88645]},"properties":{"land":"SE","name":"Björboholm","t":"2026-09-04T04:15:03.000Z","yta":14.3,"luft":13.2,"nbd":"no","sno":false}},{"type":"Feature","geometry":{"type":"Point","coordinates":[12.19413,57.74217]},"properties":{"land":"SE","name":"Jeriko","t":"2026-09-04T04:15:03.000Z","yta":13.9,"luft":14,"nbd":"no","sno":false}},{"type":"Feature","geometry":{"type":"Point","coordinates":[13.92695,55.9565]},"properties":{"land":"SE","name":"Skättilljunga","t":"2026-09-04T04:15:03.001Z","yta":14.5,"luft":15.1,"nbd":"no","sno":false}},{"type":"Feature","geometry":{"type":"Point","coordinates":[14.0933,55.72301]},"properties":{"land":"SE","name":"Brösarp","t":"2026-09-04T04:15:03.001Z","yta":14.7,"luft":14.3,"nbd":"no","sno":false}},{"type":"Feature","geometry":{"type":"Point","coordinates":[14.22989,55.63866]},"properties":{"land":"SE","name":"Rörum","t":"2026-09-04T04:15:03.001Z","yta":14.7,"luft":14.7,"nbd":"no","sno":false}},{"type":"Feature","geometry":{"type":"Point","coordinates":[15.07646,56.40534]},"properties":{"land":"SE","name":"Bokön","t":"2026-09-04T04:15:03.001Z","yta":12.5,"luft":13.1,"nbd":"no","sno":false}},{"type":"Feature","geometry":{"type":"Point","coordinates":[14.12254,56.50001]},"properties":{"land":"SE","name":"Killeberg","t":"2026-09-04T04:15:03.001Z","yta":13.8,"luft":13.4,"nbd":"no","sno":false}},{"type":"Feature","geometry":{"type":"Point","coordinates":[14.8669,57.84756]},"properties":{"land":"SE","name":"Blå grindar","t":"2026-09-04T04:20:03.002Z","yta":14,"luft":12.3,"nbd":"rain","sno":false}},{"type":"Feature","geometry":{"type":"Point","coordinates":[14.94066,56.9566]},"properties":{"land":"SE","name":"Kråkenäsryd","t":"2026-09-04T04:20:03.000Z","yta":13.4,"luft":12.2,"nbd":"no","sno":false}},{"type":"Feature","geometry":{"type":"Point","coordinates":[14.09819,57.45602]},"properties":{"land":"SE","name":"Skillingaryd","t":"2026-09-04T04:20:03.002Z","yta":13.2,"luft":12.7,"nbd":"no","sno":false}},{"type":"Feature","geometry":{"type":"Point","coordinates":[13.47901,57.25984]},"properties":{"land":"SE","name":"Gislaved","t":"2026-09-04T04:20:03.001Z","yta":12.7,"luft":12.2,"nbd":"no","sno":false}},{"type":"Feature","geometry":{"type":"Point","coordinates":[15.16164,57.79896]},"properties":{"land":"SE","name":"Rydsnäs","t":"2026-09-04T04:20:03.001Z","yta":13.3,"luft":12.1,"nbd":"rain","sno":false}},{"type":"Feature","geometry":{"type":"Point","coordinates":[15.69264,57.91148]},"properties":{"land":"SE","name":"Vadstugan","t":"2026-09-04T04:20:03.001Z","yta":12.9,"luft":11.2,"nbd":"rain","sno":false}},{"type":"Feature","geometry":{"type":"Point","coordinates":[16.51286,58.5754]},"properties":{"land":"SE","name":"Östra Husby","t":"2026-09-04T04:20:03.002Z","yta":12.3,"luft":9.7,"nbd":"no","sno":false}},{"type":"Feature","geometry":{"type":"Point","coordinates":[15.33283,58.37723]},"properties":{"land":"SE","name":"Mantorp","t":"2026-09-04T04:20:03.002Z","yta":14.4,"luft":12.2,"nbd":null,"sno":false}},{"type":"Feature","geometry":{"type":"Point","coordinates":[14.97674,58.43858]},"properties":{"land":"SE","name":"Vadstena","t":"2026-09-04T04:20:03.001Z","yta":14.4,"luft":12.1,"nbd":null,"sno":false}},{"type":"Feature","geometry":{"type":"Point","coordinates":[17.89332,59.64336]},"properties":{"land":"SE","name":"Arlanda","t":"2026-09-04T04:20:03.001Z","yta":8.1,"luft":4.7,"nbd":"no","sno":false}},{"type":"Feature","geometry":{"type":"Point","coordinates":[18.39315,59.14079]},"properties":{"land":"SE","name":"Dalarö","t":"2026-09-04T04:20:03.001Z","yta":11.3,"luft":5.3,"nbd":"no","sno":false}},{"type":"Feature","geometry":{"type":"Point","coordinates":[17.36961,62.19534]},"properties":{"land":"SE","name":"Armsjön","t":"2026-09-04T04:20:03.001Z","yta":9.6,"luft":6.7,"nbd":"no","sno":false}},{"type":"Feature","geometry":{"type":"Point","coordinates":[17.70954,62.56162]},"properties":{"land":"SE","name":"Högsnäs","t":"2026-09-04T04:20:03.000Z","yta":7.4,"luft":6.8,"nbd":"no","sno":false}},{"type":"Feature","geometry":{"type":"Point","coordinates":[18.22338,59.4285]},"properties":{"land":"SE","name":"Vaxholm","t":"2026-09-04T04:20:03.001Z","yta":8.2,"luft":5.5,"nbd":"no","sno":false}},{"type":"Feature","geometry":{"type":"Point","coordinates":[16.74834,60.76107]},"properties":{"land":"SE","name":"Ockelbo","t":"2026-09-04T04:20:03.001Z","yta":8.4,"luft":3.6,"nbd":"no","sno":false}},{"type":"Feature","geometry":{"type":"Point","coordinates":[18.31442,59.32924]},"properties":{"land":"SE","name":"Gustavsberg","t":"2026-09-04T04:20:03.001Z","yta":10.2,"luft":7.4,"nbd":"no","sno":false}},{"type":"Feature","geometry":{"type":"Point","coordinates":[17.34482,62.43064]},"properties":{"land":"SE","name":"Råsta","t":"2026-09-04T04:20:03.001Z","yta":7.8,"luft":6.2,"nbd":"no","sno":false}},{"type":"Feature","geometry":{"type":"Point","coordinates":[19.11791,63.34339]},"properties":{"land":"SE","name":"Husum","t":"2026-09-04T04:20:03.001Z","yta":8.7,"luft":5.7,"nbd":"no","sno":false}},{"type":"Feature","geometry":{"type":"Point","coordinates":[18.38751,63.11516]},"properties":{"land":"SE","name":"Skuleberget","t":"2026-09-04T04:20:03.001Z","yta":6.9,"luft":3.9,"nbd":"no","sno":false}},{"type":"Feature","geometry":{"type":"Point","coordinates":[16.56223,59.77214]},"properties":{"land":"SE","name":"Tomta","t":"2026-09-04T04:20:03.001Z","yta":9.8,"luft":5.1,"nbd":"no","sno":false}},{"type":"Feature","geometry":{"type":"Point","coordinates":[16.66186,59.62021]},"properties":{"land":"SE","name":"Irsta","t":"2026-09-04T04:20:03.000Z","yta":null,"luft":5.4,"nbd":"no","sno":false}},{"type":"Feature","geometry":{"type":"Point","coordinates":[15.03675,59.01531]},"properties":{"land":"SE","name":"Kassmyra 2","t":"2026-09-04T04:20:03.001Z","yta":11.7,"luft":6.2,"nbd":"no","sno":false}},{"type":"Feature","geometry":{"type":"Point","coordinates":[18.12015,59.24056]},"properties":{"land":"SE","name":"215 Farsta Fjärryta","t":"2026-09-04T04:10:03.000Z","yta":null,"luft":null,"nbd":null,"sno":false}},{"type":"Feature","geometry":{"type":"Point","coordinates":[15.77119,59.671]},"properties":{"land":"SE","name":"Bernshammar","t":"2026-09-04T04:20:03.001Z","yta":11.3,"luft":3.7,"nbd":"no","sno":false}},{"type":"Feature","geometry":{"type":"Point","coordinates":[15.13371,59.4561]},"properties":{"land":"SE","name":"Skärmarboda","t":"2026-09-04T04:20:03.000Z","yta":12,"luft":7.7,"nbd":"no","sno":false}},{"type":"Feature","geometry":{"type":"Point","coordinates":[14.71316,59.42773]},"properties":{"land":"SE","name":"Älvsnabben","t":"2026-09-04T04:20:03.001Z","yta":11.1,"luft":6.9,"nbd":"no","sno":false}},{"type":"Feature","geometry":{"type":"Point","coordinates":[14.99338,58.76905]},"properties":{"land":"SE","name":"Brattebro","t":"2026-09-04T04:20:03.001Z","yta":12.7,"luft":11.3,"nbd":"no","sno":false}},{"type":"Feature","geometry":{"type":"Point","coordinates":[12.90176,59.6663]},"properties":{"land":"SE","name":"Slorud","t":"2026-09-04T04:20:03.001Z","yta":12.7,"luft":7,"nbd":"no","sno":false}},{"type":"Feature","geometry":{"type":"Point","coordinates":[13.01152,60.24761]},"properties":{"land":"SE","name":"1740 Vadje Fjärryta","t":"2026-09-04T03:30:03.000Z","yta":9.8,"luft":null,"nbd":null,"sno":false}},{"type":"Feature","geometry":{"type":"Point","coordinates":[11.66164,58.45711]},"properties":{"land":"SE","name":"Bergsäter","t":"2026-09-04T04:15:03.000Z","yta":14.5,"luft":13.3,"nbd":"rain","sno":false}},{"type":"Feature","geometry":{"type":"Point","coordinates":[15.62289,58.43358]},"properties":{"land":"SE","name":"527 Linköping Fjärryta","t":"2026-09-04T04:20:03.000Z","yta":14.1,"luft":null,"nbd":null,"sno":false}},{"type":"Feature","geometry":{"type":"Point","coordinates":[13.63035,58.39416]},"properties":{"land":"SE","name":"Hushaga","t":"2026-08-25T21:45:03.001Z","yta":null,"luft":11.9,"nbd":"no","sno":false}},{"type":"Feature","geometry":{"type":"Point","coordinates":[16.56565,62.07392]},"properties":{"land":"SE","name":"Furuberg","t":"2026-09-04T04:20:03.000Z","yta":7.7,"luft":3.2,"nbd":"no","sno":false}},{"type":"Feature","geometry":{"type":"Point","coordinates":[17.09141,60.67351]},"properties":{"land":"SE","name":"Gävle","t":"2026-09-04T04:20:03.000Z","yta":null,"luft":4.4,"nbd":"no","sno":false}},{"type":"Feature","geometry":{"type":"Point","coordinates":[16.02407,61.81902]},"properties":{"land":"SE","name":"Ljusdal","t":"2026-09-04T04:20:03.053Z","yta":null,"luft":5.7,"nbd":"no","sno":false}},{"type":"Feature","geometry":{"type":"Point","coordinates":[17.30748,60.50476]},"properties":{"land":"SE","name":"Hyttön","t":"2026-09-04T04:20:03.001Z","yta":9.7,"luft":3.9,"nbd":"no","sno":false}},{"type":"Feature","geometry":{"type":"Point","coordinates":[16.53741,60.57883]},"properties":{"land":"SE","name":"Storvik","t":"2026-09-04T04:20:03.085Z","yta":null,"luft":3.6,"nbd":"no","sno":false}},{"type":"Feature","geometry":{"type":"Point","coordinates":[16.19347,61.81609]},"properties":{"land":"SE","name":"Snäre","t":"2026-09-04T04:20:03.001Z","yta":9.4,"luft":5.7,"nbd":"no","sno":false}},{"type":"Feature","geometry":{"type":"Point","coordinates":[17.27754,62.0778]},"properties":{"land":"SE","name":"Gryttjesjön","t":"2026-09-04T04:20:03.001Z","yta":6.8,"luft":5.5,"nbd":"no","sno":false}},{"type":"Feature","geometry":{"type":"Point","coordinates":[16.77012,61.19249]},"properties":{"land":"SE","name":"Hamnäs","t":"2026-09-04T04:20:03.002Z","yta":9.9,"luft":6.8,"nbd":"no","sno":false}},{"type":"Feature","geometry":{"type":"Point","coordinates":[16.16065,61.75329]},"properties":{"land":"SE","name":"Edevågen","t":"2026-09-04T04:20:03.000Z","yta":10.3,"luft":7.5,"nbd":"no","sno":false}},{"type":"Feature","geometry":{"type":"Point","coordinates":[17.91823,59.20973]},"properties":{"land":"SE","name":"Tullinge","t":"2026-09-04T04:20:03.001Z","yta":10.7,"luft":5.9,"nbd":"no","sno":false}},{"type":"Feature","geometry":{"type":"Point","coordinates":[16.78866,61.75801]},"properties":{"land":"SE","name":"Djupdal","t":"2026-09-04T04:20:03.001Z","yta":8.5,"luft":6,"nbd":"no","sno":false}},{"type":"Feature","geometry":{"type":"Point","coordinates":[16.98676,61.0053]},"properties":{"land":"SE","name":"Högbacka","t":"2026-09-04T04:20:03.001Z","yta":null,"luft":7.5,"nbd":"no","sno":false}},{"type":"Feature","geometry":{"type":"Point","coordinates":[15.13507,61.16663]},"properties":{"land":"SE","name":"Furudal","t":"2026-09-04T04:20:03.000Z","yta":10.9,"luft":4.9,"nbd":"no","sno":false}},{"type":"Feature","geometry":{"type":"Point","coordinates":[15.56767,60.54666]},"properties":{"land":"SE","name":"Karlsvik","t":"2026-09-04T04:20:03.001Z","yta":null,"luft":3.2,"nbd":"no","sno":false}},{"type":"Feature","geometry":{"type":"Point","coordinates":[13.11398,61.15832]},"properties":{"land":"SE","name":"Högfjällshotellet","t":"2026-09-04T04:20:03.000Z","yta":8.9,"luft":5,"nbd":"no","sno":false}},{"type":"Feature","geometry":{"type":"Point","coordinates":[13.61997,61.07876]},"properties":{"land":"SE","name":"Mångsbodarna","t":"2026-09-04T04:20:03.000Z","yta":10.6,"luft":4.4,"nbd":"no","sno":false}},{"type":"Feature","geometry":{"type":"Point","coordinates":[14.83506,60.92175]},"properties":{"land":"SE","name":"Garsås","t":"2026-09-04T04:20:03.001Z","yta":9,"luft":3.9,"nbd":"no","sno":false}},{"type":"Feature","geometry":{"type":"Point","coordinates":[13.43257,60.79871]},"properties":{"land":"SE","name":"Limskogen","t":"2026-09-04T04:20:03.001Z","yta":9.6,"luft":2.1,"nbd":"no","sno":false}},{"type":"Feature","geometry":{"type":"Point","coordinates":[15.3182,60.329]},"properties":{"land":"SE","name":"Myggsjön","t":"2026-09-04T04:20:03.001Z","yta":null,"luft":3.6,"nbd":"no","sno":false}},{"type":"Feature","geometry":{"type":"Point","coordinates":[13.47749,61.41966]},"properties":{"land":"SE","name":"Bunkris","t":"2026-09-04T04:20:03.001Z","yta":7.4,"luft":4,"nbd":"no","sno":false}},{"type":"Feature","geometry":{"type":"Point","coordinates":[14.28152,61.10679]},"properties":{"land":"SE","name":"Spjutmosjön","t":"2026-09-04T04:20:03.001Z","yta":8.8,"luft":6.2,"nbd":"no","sno":false}},{"type":"Feature","geometry":{"type":"Point","coordinates":[16.82582,59.93722]},"properties":{"land":"SE","name":"Heby","t":"2026-09-04T04:20:03.001Z","yta":9.3,"luft":5.3,"nbd":"no","sno":false}},{"type":"Feature","geometry":{"type":"Point","coordinates":[15.6589,60.38464]},"properties":{"land":"SE","name":"Solvarbo","t":"2026-09-04T04:20:03.001Z","yta":null,"luft":3.7,"nbd":"no","sno":false}},{"type":"Feature","geometry":{"type":"Point","coordinates":[15.91547,60.06724]},"properties":{"land":"SE","name":"Norberg","t":"2026-09-04T04:20:03.001Z","yta":10.6,"luft":6.2,"nbd":"no","sno":false}},{"type":"Feature","geometry":{"type":"Point","coordinates":[15.31488,60.53019]},"properties":{"land":"SE","name":"Gagnbro","t":"2026-09-04T04:20:03.001Z","yta":8.5,"luft":4,"nbd":"no","sno":false}},{"type":"Feature","geometry":{"type":"Point","coordinates":[16.51121,59.61718]},"properties":{"land":"SE","name":"Vallbymotet","t":"2026-09-04T04:20:03.001Z","yta":9.3,"luft":6.2,"nbd":"no","sno":false}},{"type":"Feature","geometry":{"type":"Point","coordinates":[15.00863,59.24345]},"properties":{"land":"SE","name":"1809 Lanna Fjärryta","t":"2026-09-04T04:20:03.000Z","yta":9.6,"luft":null,"nbd":null,"sno":false}},{"type":"Feature","geometry":{"type":"Point","coordinates":[14.65981,59.60277]},"properties":{"land":"SE","name":"Lohällen","t":"2026-09-04T04:20:03.001Z","yta":10.3,"luft":8.9,"nbd":"no","sno":false}},{"type":"Feature","geometry":{"type":"Point","coordinates":[18.29064,63.01178]},"properties":{"land":"SE","name":"Sjöland","t":"2026-09-04T04:20:03.000Z","yta":8.6,"luft":6,"nbd":"no","sno":false}},{"type":"Feature","geometry":{"type":"Point","coordinates":[14.65541,59.81675]},"properties":{"land":"SE","name":"Sirsjön","t":"2026-09-04T04:20:03.000Z","yta":9.8,"luft":4.2,"nbd":"no","sno":false}},{"type":"Feature","geometry":{"type":"Point","coordinates":[15.98738,59.40687]},"properties":{"land":"SE","name":"Reutersberg","t":"2026-09-04T04:20:03.001Z","yta":10.7,"luft":5.1,"nbd":"no","sno":false}},{"type":"Feature","geometry":{"type":"Point","coordinates":[13.83507,58.03624]},"properties":{"land":"SE","name":"Slättäng","t":"2026-09-04T04:20:03.000Z","yta":14,"luft":12.4,"nbd":"no","sno":false}},{"type":"Feature","geometry":{"type":"Point","coordinates":[16.03036,58.53155]},"properties":{"land":"SE","name":"528 Lövstad Fjärryta","t":"2026-09-04T04:15:03.000Z","yta":null,"luft":null,"nbd":null,"sno":false}},{"type":"Feature","geometry":{"type":"Point","coordinates":[13.84107,57.67227]},"properties":{"land":"SE","name":"616 Röksberg Fjärryta","t":"2026-09-04T03:55:03.001Z","yta":null,"luft":null,"nbd":null,"sno":false}},{"type":"Feature","geometry":{"type":"Point","coordinates":[12.10703,59.19603]},"properties":{"land":"SE","name":"Gustavsfors","t":"2026-09-04T04:15:03.001Z","yta":15.3,"luft":11,"nbd":"rain","sno":false}},{"type":"Feature","geometry":{"type":"Point","coordinates":[13.02697,57.41912]},"properties":{"land":"SE","name":"Tommared","t":"2026-09-04T04:15:03.000Z","yta":13.1,"luft":12.2,"nbd":"no","sno":false}},{"type":"Feature","geometry":{"type":"Point","coordinates":[12.52558,58.30369]},"properties":{"land":"SE","name":"Vittene","t":"2026-09-04T04:15:03.000Z","yta":15.3,"luft":13.5,"nbd":"no","sno":false}},{"type":"Feature","geometry":{"type":"Point","coordinates":[13.19335,57.94644]},"properties":{"land":"SE","name":"Od","t":"2026-09-04T04:15:03.002Z","yta":13.6,"luft":12.7,"nbd":"no","sno":false}},{"type":"Feature","geometry":{"type":"Point","coordinates":[18.04218,59.38418]},"properties":{"land":"SE","name":"222 Stocksund Fjärryta","t":"2026-09-04T04:00:03.001Z","yta":10.5,"luft":null,"nbd":null,"sno":false}},{"type":"Feature","geometry":{"type":"Point","coordinates":[12.44534,58.13707]},"properties":{"land":"SE","name":"Lagmansered","t":"2026-09-04T04:15:03.001Z","yta":14.3,"luft":13.2,"nbd":"no","sno":false}},{"type":"Feature","geometry":{"type":"Point","coordinates":[13.50452,57.80146]},"properties":{"land":"SE","name":"Duvered","t":"2026-09-04T04:15:03.001Z","yta":12.8,"luft":11.7,"nbd":"no","sno":false}},{"type":"Feature","geometry":{"type":"Point","coordinates":[13.67684,57.77605]},"properties":{"land":"SE","name":"Strängsered","t":"2026-09-04T04:15:03.001Z","yta":12.6,"luft":12.1,"nbd":"rain","sno":false}},{"type":"Feature","geometry":{"type":"Point","coordinates":[15.51939,56.73684]},"properties":{"land":"SE","name":"Eriksmåla","t":"2026-09-04T04:20:03.001Z","yta":13.1,"luft":12.3,"nbd":"no","sno":false}},{"type":"Feature","geometry":{"type":"Point","coordinates":[15.5462,56.9071]},"properties":{"land":"SE","name":"Målerås","t":"2026-09-04T04:20:03.001Z","yta":14.4,"luft":12.2,"nbd":"no","sno":false}},{"type":"Feature","geometry":{"type":"Point","coordinates":[16.55952,56.76099]},"properties":{"land":"SE","name":"Rälla","t":"2026-09-04T04:20:03.001Z","yta":15.7,"luft":14.2,"nbd":"no","sno":false}},{"type":"Feature","geometry":{"type":"Point","coordinates":[18.53907,57.63393]},"properties":{"land":"SE","name":"907 Krampebro Fjärryta","t":"2026-09-04T04:20:03.000Z","yta":13.9,"luft":null,"nbd":null,"sno":false}},{"type":"Feature","geometry":{"type":"Point","coordinates":[13.0966,59.99269]},"properties":{"land":"SE","name":"1727 Stöpafors Fjärryta","t":"2026-09-04T04:20:03.001Z","yta":10,"luft":null,"nbd":null,"sno":false}},{"type":"Feature","geometry":{"type":"Point","coordinates":[12.86425,58.14418]},"properties":{"land":"SE","name":"Lekåsa","t":"2026-09-04T04:20:03.001Z","yta":14.5,"luft":13.3,"nbd":"rain","sno":false}},{"type":"Feature","geometry":{"type":"Point","coordinates":[13.26903,59.39096]},"properties":{"land":"SE","name":"Mon","t":"2026-09-04T04:20:03.001Z","yta":12,"luft":7.7,"nbd":"no","sno":false}},{"type":"Feature","geometry":{"type":"Point","coordinates":[13.80741,59.6105]},"properties":{"land":"SE","name":"Högåsen","t":"2026-09-04T04:20:03.001Z","yta":14.6,"luft":7.5,"nbd":"no","sno":false}},{"type":"Feature","geometry":{"type":"Point","coordinates":[12.99542,59.25535]},"properties":{"land":"SE","name":"Valnäs","t":"2026-09-04T04:20:03.000Z","yta":13.4,"luft":8.6,"nbd":"no","sno":false}},{"type":"Feature","geometry":{"type":"Point","coordinates":[13.84679,58.78122]},"properties":{"land":"SE","name":"Torsöbron V","t":"2026-09-04T04:20:03.001Z","yta":15.4,"luft":12.9,"nbd":null,"sno":false}},{"type":"Feature","geometry":{"type":"Point","coordinates":[12.46399,59.28568]},"properties":{"land":"SE","name":"Norane","t":"2026-09-04T04:20:03.001Z","yta":11.6,"luft":9.3,"nbd":"no","sno":false}},{"type":"Feature","geometry":{"type":"Point","coordinates":[14.07169,59.6851]},"properties":{"land":"SE","name":"Bolhyttan","t":"2026-09-04T04:20:03.001Z","yta":null,"luft":6.7,"nbd":"no","sno":false}},{"type":"Feature","geometry":{"type":"Point","coordinates":[13.79436,58.29451]},"properties":{"land":"SE","name":"Borgunda","t":"2026-09-04T04:20:03.001Z","yta":13.9,"luft":12.6,"nbd":"rain","sno":false}},{"type":"Feature","geometry":{"type":"Point","coordinates":[13.40779,58.51089]},"properties":{"land":"SE","name":"Skälvum","t":"2026-09-04T04:20:03.000Z","yta":14.8,"luft":13,"nbd":"no","sno":false}},{"type":"Feature","geometry":{"type":"Point","coordinates":[13.5819,58.1579]},"properties":{"land":"SE","name":"Falköping","t":"2026-09-04T04:20:03.001Z","yta":13.7,"luft":12.4,"nbd":"no","sno":false}},{"type":"Feature","geometry":{"type":"Point","coordinates":[14.01107,58.61324]},"properties":{"land":"SE","name":"Moholm","t":"2026-09-04T04:20:03.001Z","yta":14.9,"luft":12.3,"nbd":"rain","sno":false}},{"type":"Feature","geometry":{"type":"Point","coordinates":[13.64841,58.60894]},"properties":{"land":"SE","name":"Motorp","t":"2026-09-04T04:20:03.000Z","yta":14.4,"luft":12.6,"nbd":"rain","sno":false}},{"type":"Feature","geometry":{"type":"Point","coordinates":[12.46181,57.35535]},"properties":{"land":"SE","name":"Horred V","t":"2026-09-04T04:20:03.001Z","yta":14.1,"luft":13.9,"nbd":"no","sno":false}},{"type":"Feature","geometry":{"type":"Point","coordinates":[13.07089,58.29612]},"properties":{"land":"SE","name":"Dönstorp","t":"2026-09-04T04:20:03.001Z","yta":14.6,"luft":13.5,"nbd":"no","sno":false}},{"type":"Feature","geometry":{"type":"Point","coordinates":[13.24527,58.44701]},"properties":{"land":"SE","name":"Vinninga","t":"2026-09-04T04:20:03.001Z","yta":16.4,"luft":13.3,"nbd":"rain","sno":false}},{"type":"Feature","geometry":{"type":"Point","coordinates":[13.06149,57.74338]},"properties":{"land":"SE","name":"Sörbo2","t":"2026-09-04T04:20:03.000Z","yta":12.9,"luft":12,"nbd":"rain","sno":false}},{"type":"Feature","geometry":{"type":"Point","coordinates":[12.01967,58.58064]},"properties":{"land":"SE","name":"Nysäter","t":"2026-09-04T04:20:03.000Z","yta":14.6,"luft":12.8,"nbd":"no","sno":false}},{"type":"Feature","geometry":{"type":"Point","coordinates":[12.27987,58.44641]},"properties":{"land":"SE","name":"Gömman","t":"2026-09-04T04:20:03.001Z","yta":15.2,"luft":13.6,"nbd":"no","sno":false}},{"type":"Feature","geometry":{"type":"Point","coordinates":[12.47896,58.36418]},"properties":{"land":"SE","name":"Lilleskog","t":"2026-09-04T04:20:03.001Z","yta":14.4,"luft":13.6,"nbd":"rain","sno":false}},{"type":"Feature","geometry":{"type":"Point","coordinates":[13.51947,57.95454]},"properties":{"land":"SE","name":"Humla","t":"2026-09-04T04:20:03.002Z","yta":14,"luft":12.6,"nbd":"no","sno":false}},{"type":"Feature","geometry":{"type":"Point","coordinates":[14.07109,59.68498]},"properties":{"land":"SE","name":"1713 Bolhyttan Fjärryta","t":"2026-09-04T04:05:03.001Z","yta":null,"luft":null,"nbd":null,"sno":false}},{"type":"Feature","geometry":{"type":"Point","coordinates":[16.90414,60.62591]},"properties":{"land":"SE","name":"2102 Forsbacka Fjärryta","t":"2026-09-04T04:05:03.001Z","yta":null,"luft":null,"nbd":null,"sno":false}},{"type":"Feature","geometry":{"type":"Point","coordinates":[12.54185,57.66438]},"properties":{"land":"SE","name":"Kulla","t":"2026-09-04T04:15:03.000Z","yta":14.1,"luft":13.2,"nbd":"no","sno":false}},{"type":"Feature","geometry":{"type":"Point","coordinates":[18.27452,57.62329]},"properties":{"land":"SE","name":"Hamnbacken Visby","t":"2026-09-04T04:20:03.001Z","yta":15.4,"luft":15.5,"nbd":"no","sno":false}},{"type":"Feature","geometry":{"type":"Point","coordinates":[15.82524,57.42323]},"properties":{"land":"SE","name":"Storgöl","t":"2026-09-04T04:20:03.001Z","yta":13.8,"luft":12.8,"nbd":"rain","sno":false}},{"type":"Feature","geometry":{"type":"Point","coordinates":[18.91674,57.83317]},"properties":{"land":"SE","name":"Rute","t":"2026-09-04T04:20:03.001Z","yta":16.3,"luft":13.8,"nbd":"no","sno":false}},{"type":"Feature","geometry":{"type":"Point","coordinates":[13.6529,56.50588]},"properties":{"land":"SE","name":"Markaryd","t":"2026-09-04T04:20:03.001Z","yta":14.1,"luft":12.8,"nbd":"no","sno":false}},{"type":"Feature","geometry":{"type":"Point","coordinates":[16.3394,56.78152]},"properties":{"land":"SE","name":"Rockneby","t":"2026-09-04T04:20:03.001Z","yta":14.9,"luft":14.1,"nbd":"no","sno":false}},{"type":"Feature","geometry":{"type":"Point","coordinates":[16.48495,57.12576]},"properties":{"land":"SE","name":"Påskallavik","t":"2026-09-04T04:20:03.001Z","yta":14.8,"luft":13.8,"nbd":"rain","sno":false}},{"type":"Feature","geometry":{"type":"Point","coordinates":[16.40657,56.32072]},"properties":{"land":"SE","name":"Albrunna","t":"2026-09-04T04:20:03.001Z","yta":15.1,"luft":15.3,"nbd":null,"sno":false}},{"type":"Feature","geometry":{"type":"Point","coordinates":[15.41958,60.47459]},"properties":{"land":"SE","name":"Borlänge GBG","t":"2026-09-04T04:20:03.001Z","yta":null,"luft":3.7,"nbd":"no","sno":false}},{"type":"Feature","geometry":{"type":"Point","coordinates":[14.17775,57.76393]},"properties":{"land":"SE","name":"Jönköping GBG","t":"2026-09-04T04:20:03.001Z","yta":null,"luft":13.5,"nbd":"no","sno":false}},{"type":"Feature","geometry":{"type":"Point","coordinates":[16.21562,56.63826]},"properties":{"land":"SE","name":"Hossmo","t":"2026-09-04T04:20:03.001Z","yta":14.5,"luft":14.1,"nbd":"no","sno":false}},{"type":"Feature","geometry":{"type":"Point","coordinates":[15.91562,56.72643]},"properties":{"land":"SE","name":"Nybro","t":"2026-09-04T04:20:03.000Z","yta":14.5,"luft":13,"nbd":"no","sno":false}},{"type":"Feature","geometry":{"type":"Point","coordinates":[18.28024,57.1313]},"properties":{"land":"SE","name":"Näs","t":"2026-09-04T04:20:03.000Z","yta":16.1,"luft":14.6,"nbd":"no","sno":false}},{"type":"Feature","geometry":{"type":"Point","coordinates":[16.1503,56.68526]},"properties":{"land":"SE","name":"Trekanten","t":"2026-09-04T04:20:03.001Z","yta":14.5,"luft":13.6,"nbd":"no","sno":false}},{"type":"Feature","geometry":{"type":"Point","coordinates":[15.56741,57.29443]},"properties":{"land":"SE","name":"819 Virserum Fjärryta","t":"2026-09-04T04:20:03.001Z","yta":null,"luft":null,"nbd":null,"sno":false}},{"type":"Feature","geometry":{"type":"Point","coordinates":[15.5674,57.29442]},"properties":{"land":"SE","name":"Virserum","t":"2026-09-04T04:20:03.001Z","yta":14,"luft":12.8,"nbd":"rain","sno":false}},{"type":"Feature","geometry":{"type":"Point","coordinates":[18.53916,57.63388]},"properties":{"land":"SE","name":"Krampebro","t":"2026-09-04T04:20:03.000Z","yta":15.9,"luft":13,"nbd":"no","sno":false}},{"type":"Feature","geometry":{"type":"Point","coordinates":[19.23691,57.9576]},"properties":{"land":"SE","name":"Sudersand","t":"2026-09-04T04:20:03.001Z","yta":16.5,"luft":14.2,"nbd":"no","sno":false}},{"type":"Feature","geometry":{"type":"Point","coordinates":[18.4252,57.54391]},"properties":{"land":"SE","name":"Roma","t":"2026-09-04T04:20:03.001Z","yta":15.1,"luft":13.8,"nbd":"no","sno":false}},{"type":"Feature","geometry":{"type":"Point","coordinates":[15.27145,57.00413]},"properties":{"land":"SE","name":"Lenhovda","t":"2026-09-04T04:20:03.001Z","yta":13.6,"luft":12,"nbd":"rain","sno":false}},{"type":"Feature","geometry":{"type":"Point","coordinates":[16.49526,58.00814]},"properties":{"land":"SE","name":"Västra Ed","t":"2026-09-04T04:20:03.000Z","yta":13.9,"luft":12.2,"nbd":"no","sno":false}},{"type":"Feature","geometry":{"type":"Point","coordinates":[16.46101,56.66693]},"properties":{"land":"SE","name":"Ölandsbron låg","t":"2026-09-04T04:20:03.001Z","yta":14.2,"luft":15.3,"nbd":null,"sno":false}},{"type":"Feature","geometry":{"type":"Point","coordinates":[15.62516,57.63533]},"properties":{"land":"SE","name":"Mariannelund","t":"2026-09-04T04:20:03.000Z","yta":13.7,"luft":11.7,"nbd":"rain","sno":false}},{"type":"Feature","geometry":{"type":"Point","coordinates":[18.46715,57.76062]},"properties":{"land":"SE","name":"Martebo","t":"2026-09-04T04:20:03.000Z","yta":15.5,"luft":12.8,"nbd":"no","sno":false}},{"type":"Feature","geometry":{"type":"Point","coordinates":[18.82076,57.4284]},"properties":{"land":"SE","name":"Östergarn","t":"2026-09-04T04:20:03.000Z","yta":15.8,"luft":13.7,"nbd":"no","sno":false}},{"type":"Feature","geometry":{"type":"Point","coordinates":[15.24502,57.12038]},"properties":{"land":"SE","name":"Flybo","t":"2026-09-04T04:20:03.001Z","yta":13.5,"luft":12,"nbd":"no","sno":false}},{"type":"Feature","geometry":{"type":"Point","coordinates":[12.13222,57.96451]},"properties":{"land":"SE","name":"Kattleberg","t":"2026-09-04T04:20:03.001Z","yta":14.7,"luft":14.8,"nbd":"no","sno":false}},{"type":"Feature","geometry":{"type":"Point","coordinates":[12.01358,57.82452]},"properties":{"land":"SE","name":"Surte","t":"2026-09-04T04:20:03.001Z","yta":15.1,"luft":14.9,"nbd":"no","sno":false}},{"type":"Feature","geometry":{"type":"Point","coordinates":[17.76466,59.48378]},"properties":{"land":"SE","name":"233 Kungsängen Fjärryta","t":"2026-09-04T04:10:03.001Z","yta":11,"luft":null,"nbd":null,"sno":false}},{"type":"Feature","geometry":{"type":"Point","coordinates":[14.10714,57.75738]},"properties":{"land":"SE","name":"651 Göteborgsbacken, övre Fjärryta","t":"2026-09-04T04:15:03.000Z","yta":14.5,"luft":null,"nbd":null,"sno":false}},{"type":"Feature","geometry":{"type":"Point","coordinates":[11.94128,57.64602]},"properties":{"land":"SE","name":"Järnbrottsmotet","t":"2026-09-04T04:15:03.000Z","yta":13.7,"luft":15.6,"nbd":"no","sno":false}},{"type":"Feature","geometry":{"type":"Point","coordinates":[12.13453,57.74009]},"properties":{"land":"SE","name":"Skulltorpsmotet","t":"2026-09-04T04:15:03.001Z","yta":14.2,"luft":15.3,"nbd":"no","sno":false}},{"type":"Feature","geometry":{"type":"Point","coordinates":[15.05991,59.06042]},"properties":{"land":"SE","name":"Hallsberg GBG","t":"2026-09-04T04:20:03.001Z","yta":null,"luft":7.8,"nbd":"no","sno":false}},{"type":"Feature","geometry":{"type":"Point","coordinates":[12.72302,56.02482]},"properties":{"land":"SE","name":"Helsingborg GBG","t":"2026-09-04T04:20:03.000Z","yta":null,"luft":15.6,"nbd":"no","sno":false}},{"type":"Feature","geometry":{"type":"Point","coordinates":[15.13831,56.79012]},"properties":{"land":"SE","name":"Nya Hovmantorp","t":"2026-09-04T04:20:03.000Z","yta":13.7,"luft":12.5,"nbd":"no","sno":false}},{"type":"Feature","geometry":{"type":"Point","coordinates":[13.99538,56.93932]},"properties":{"land":"SE","name":"Laganrasten","t":"2026-09-04T04:20:03.001Z","yta":13.2,"luft":12.8,"nbd":"no","sno":false}},{"type":"Feature","geometry":{"type":"Point","coordinates":[14.73242,57.65382]},"properties":{"land":"SE","name":"Nässjö","t":"2026-09-04T04:20:03.001Z","yta":13.5,"luft":12.1,"nbd":"no","sno":false}},{"type":"Feature","geometry":{"type":"Point","coordinates":[14.8829,56.81089]},"properties":{"land":"SE","name":"Tegnaby","t":"2026-09-04T04:20:03.001Z","yta":13.3,"luft":12,"nbd":"no","sno":false}},{"type":"Feature","geometry":{"type":"Point","coordinates":[15.0023,57.50777]},"properties":{"land":"SE","name":"Ekenäslid","t":"2026-09-04T04:20:03.001Z","yta":13.4,"luft":12.5,"nbd":"no","sno":false}},{"type":"Feature","geometry":{"type":"Point","coordinates":[14.43481,56.71193]},"properties":{"land":"SE","name":"Taglarmyren","t":"2026-09-04T04:20:03.001Z","yta":13,"luft":12,"nbd":"no","sno":false}},{"type":"Feature","geometry":{"type":"Point","coordinates":[14.95136,58.03265]},"properties":{"land":"SE","name":"Tranås","t":"2026-09-04T04:20:03.000Z","yta":14.1,"luft":12.1,"nbd":"rain","sno":false}},{"type":"Feature","geometry":{"type":"Point","coordinates":[14.95516,56.54841]},"properties":{"land":"SE","name":"Nya Tingsryd","t":"2026-09-04T04:20:03.001Z","yta":12.5,"luft":12.6,"nbd":"no","sno":false}},{"type":"Feature","geometry":{"type":"Point","coordinates":[14.67848,57.78851]},"properties":{"land":"SE","name":"Boafall","t":"2026-09-04T04:20:03.001Z","yta":13.9,"luft":12.2,"nbd":"no","sno":false}},{"type":"Feature","geometry":{"type":"Point","coordinates":[14.10719,57.75742]},"properties":{"land":"SE","name":"Göteborgsbacken, övre","t":"2026-09-04T04:20:03.000Z","yta":13.6,"luft":12.4,"nbd":"no","sno":false}},{"type":"Feature","geometry":{"type":"Point","coordinates":[14.26385,57.79037]},"properties":{"land":"SE","name":"Huskvarna","t":"2026-09-04T04:20:03.000Z","yta":14.2,"luft":13.5,"nbd":"no","sno":false}},{"type":"Feature","geometry":{"type":"Point","coordinates":[15.06459,57.64397]},"properties":{"land":"SE","name":"Björnshult","t":"2026-09-04T04:20:03.001Z","yta":13.2,"luft":12.3,"nbd":"no","sno":false}},{"type":"Feature","geometry":{"type":"Point","coordinates":[15.13169,57.28582]},"properties":{"land":"SE","name":"Knixhult","t":"2026-09-04T04:20:03.000Z","yta":14.1,"luft":12.3,"nbd":"no","sno":false}},{"type":"Feature","geometry":{"type":"Point","coordinates":[14.05709,56.5512]},"properties":{"land":"SE","name":"Brokhult","t":"2026-09-04T04:20:03.001Z","yta":13.4,"luft":12.8,"nbd":"no","sno":false}},{"type":"Feature","geometry":{"type":"Point","coordinates":[13.66306,57.47933]},"properties":{"land":"SE","name":"Öreryd","t":"2026-09-04T04:20:03.001Z","yta":13.5,"luft":12.6,"nbd":"no","sno":false}},{"type":"Feature","geometry":{"type":"Point","coordinates":[14.75434,57.46356]},"properties":{"land":"SE","name":"N Sandsjö","t":"2026-09-04T04:20:03.001Z","yta":13.5,"luft":12.4,"nbd":"rain","sno":false}},{"type":"Feature","geometry":{"type":"Point","coordinates":[14.51549,57.21369]},"properties":{"land":"SE","name":"Björka","t":"2026-09-04T04:20:03.001Z","yta":13.2,"luft":11.9,"nbd":"no","sno":false}},{"type":"Feature","geometry":{"type":"Point","coordinates":[14.65297,58.01212]},"properties":{"land":"SE","name":"Adelöv","t":"2026-09-04T04:20:03.001Z","yta":14,"luft":11.9,"nbd":"rain","sno":false}},{"type":"Feature","geometry":{"type":"Point","coordinates":[14.33634,57.32534]},"properties":{"land":"SE","name":"Nydala","t":"2026-09-04T04:20:03.000Z","yta":13.4,"luft":12.3,"nbd":"no","sno":false}},{"type":"Feature","geometry":{"type":"Point","coordinates":[14.07749,57.23603]},"properties":{"land":"SE","name":"Karlsbro","t":"2026-09-04T04:20:03.001Z","yta":13,"luft":12.3,"nbd":"no","sno":false}},{"type":"Feature","geometry":{"type":"Point","coordinates":[14.11573,57.75093]},"properties":{"land":"SE","name":"Göteborgsbacken, nedre","t":"2026-09-04T04:20:03.000Z","yta":13.8,"luft":12.6,"nbd":"rain","sno":false}},{"type":"Feature","geometry":{"type":"Point","coordinates":[14.06288,57.07867]},"properties":{"land":"SE","name":"Tånnö","t":"2026-09-04T04:20:03.001Z","yta":12.9,"luft":12.6,"nbd":"no","sno":false}},{"type":"Feature","geometry":{"type":"Point","coordinates":[18.16699,59.25785]},"properties":{"land":"SE","name":"216 Älta Fjärryta","t":"2026-09-04T04:00:03.001Z","yta":8.8,"luft":null,"nbd":null,"sno":false}},{"type":"Feature","geometry":{"type":"Point","coordinates":[19.05551,63.32863]},"properties":{"land":"SE","name":"Kasa","t":"2026-09-04T04:20:03.000Z","yta":7.6,"luft":1.8,"nbd":"no","sno":false}},{"type":"Feature","geometry":{"type":"Point","coordinates":[17.4529,62.51641]},"properties":{"land":"SE","name":"2221 Deltavägen Fjärryta","t":"2026-09-04T04:20:03.000Z","yta":6.6,"luft":null,"nbd":null,"sno":false}},{"type":"Feature","geometry":{"type":"Point","coordinates":[17.12191,62.55283]},"properties":{"land":"SE","name":"Kävstabron","t":"2026-09-04T04:20:03.001Z","yta":10.3,"luft":7.2,"nbd":"no","sno":false}},{"type":"Feature","geometry":{"type":"Point","coordinates":[13.68793,56.31459]},"properties":{"land":"SE","name":"Bjärnum","t":"2026-09-04T04:15:03.001Z","yta":13,"luft":13.2,"nbd":"no","sno":false}},{"type":"Feature","geometry":{"type":"Point","coordinates":[14.32617,56.18188]},"properties":{"land":"SE","name":"Vånga","t":"2026-09-04T04:15:03.001Z","yta":13.8,"luft":14.1,"nbd":"no","sno":false}},{"type":"Feature","geometry":{"type":"Point","coordinates":[13.94019,56.25934]},"properties":{"land":"SE","name":"Hästveda","t":"2026-09-04T04:15:03.001Z","yta":13.8,"luft":13.6,"nbd":"no","sno":false}},{"type":"Feature","geometry":{"type":"Point","coordinates":[12.94354,56.40401]},"properties":{"land":"SE","name":"Hallandsåsen","t":"2026-09-04T04:15:03.001Z","yta":13.6,"luft":13.9,"nbd":"no","sno":false}},{"type":"Feature","geometry":{"type":"Point","coordinates":[15.74366,56.13783]},"properties":{"land":"SE","name":"1024 Möcklösund Fjärryta","t":"2026-09-04T03:55:03.001Z","yta":14.8,"luft":null,"nbd":null,"sno":false}},{"type":"Feature","geometry":{"type":"Point","coordinates":[15.11305,56.21701]},"properties":{"land":"SE","name":"Bräkne-Hoby","t":"2026-09-04T04:15:03.001Z","yta":14.2,"luft":13.9,"nbd":"no","sno":false}},{"type":"Feature","geometry":{"type":"Point","coordinates":[15.92265,56.23595]},"properties":{"land":"SE","name":"Törnåkra","t":"2026-09-04T04:15:03.000Z","yta":14.5,"luft":14,"nbd":"no","sno":false}},{"type":"Feature","geometry":{"type":"Point","coordinates":[14.73224,56.17752]},"properties":{"land":"SE","name":"Mörrum","t":"2026-09-04T04:15:03.001Z","yta":14.3,"luft":14.5,"nbd":"no","sno":false}},{"type":"Feature","geometry":{"type":"Point","coordinates":[13.02323,56.18141]},"properties":{"land":"SE","name":"Ö Ljungby","t":"2026-09-04T04:15:03.001Z","yta":4.3,"luft":14.3,"nbd":"no","sno":false}},{"type":"Feature","geometry":{"type":"Point","coordinates":[12.95447,56.43987]},"properties":{"land":"SE","name":"Ö Karup","t":"2026-09-04T04:15:03.000Z","yta":14.5,"luft":14.9,"nbd":"no","sno":false}},{"type":"Feature","geometry":{"type":"Point","coordinates":[13.3512,56.13423]},"properties":{"land":"SE","name":"Perstorp","t":"2026-09-04T04:15:03.001Z","yta":13.9,"luft":13.8,"nbd":"no","sno":false}},{"type":"Feature","geometry":{"type":"Point","coordinates":[15.74281,56.13741]},"properties":{"land":"SE","name":"Möcklösund","t":"2026-09-04T04:15:03.001Z","yta":15.1,"luft":15.3,"nbd":"no","sno":false}},{"type":"Feature","geometry":{"type":"Point","coordinates":[17.14719,60.68384]},"properties":{"land":"SE","name":"Gävle GBG","t":"2026-09-04T04:20:03.001Z","yta":null,"luft":5.7,"nbd":"no","sno":false}},{"type":"Feature","geometry":{"type":"Point","coordinates":[14.75419,57.46357]},"properties":{"land":"SE","name":"639 N Sandsjö Fjärryta","t":"2026-09-04T04:20:03.001Z","yta":13.1,"luft":null,"nbd":null,"sno":false}},{"type":"Feature","geometry":{"type":"Point","coordinates":[13.97445,57.1845]},"properties":{"land":"SE","name":"Bältarebo","t":"2026-09-04T04:20:03.001Z","yta":12.8,"luft":12.2,"nbd":"no","sno":false}},{"type":"Feature","geometry":{"type":"Point","coordinates":[13.77624,57.16828]},"properties":{"land":"SE","name":"Bredaryd","t":"2026-09-04T04:20:03.000Z","yta":13.3,"luft":12.5,"nbd":"no","sno":false}},{"type":"Feature","geometry":{"type":"Point","coordinates":[14.2728,57.002]},"properties":{"land":"SE","name":"Upplid","t":"2026-09-04T04:20:03.001Z","yta":12.6,"luft":11.8,"nbd":"no","sno":false}},{"type":"Feature","geometry":{"type":"Point","coordinates":[14.15961,57.68915]},"properties":{"land":"SE","name":"Torsvik","t":"2026-09-04T04:20:03.001Z","yta":14,"luft":12.6,"nbd":"no","sno":false}},{"type":"Feature","geometry":{"type":"Point","coordinates":[13.79289,57.33462]},"properties":{"land":"SE","name":"Marås","t":"2026-09-04T04:20:03.001Z","yta":13.2,"luft":12.1,"nbd":"no","sno":false}},{"type":"Feature","geometry":{"type":"Point","coordinates":[14.25498,57.75673]},"properties":{"land":"SE","name":"Järabacken","t":"2026-09-04T04:20:03.001Z","yta":13.4,"luft":12.3,"nbd":"no","sno":false}},{"type":"Feature","geometry":{"type":"Point","coordinates":[14.34147,57.94626]},"properties":{"land":"SE","name":"Gunneryd","t":"2026-09-04T04:20:03.001Z","yta":13.3,"luft":13.2,"nbd":"no","sno":false}},{"type":"Feature","geometry":{"type":"Point","coordinates":[13.84111,57.67232]},"properties":{"land":"SE","name":"Röksberg","t":"2026-09-04T04:20:03.000Z","yta":13.5,"luft":12.3,"nbd":"no","sno":false}},{"type":"Feature","geometry":{"type":"Point","coordinates":[14.26726,57.5396]},"properties":{"land":"SE","name":"Hok","t":"2026-09-04T04:20:03.001Z","yta":13.5,"luft":12.5,"nbd":"no","sno":false}},{"type":"Feature","geometry":{"type":"Point","coordinates":[14.44188,57.99484]},"properties":{"land":"SE","name":"Gyllene Uttern","t":"2026-09-04T04:20:03.000Z","yta":14.2,"luft":13.1,"nbd":"no","sno":false}},{"type":"Feature","geometry":{"type":"Point","coordinates":[16.89748,58.492]},"properties":{"land":"SE","name":"Arkösund","t":"2026-09-04T04:20:03.000Z","yta":14.6,"luft":10.1,"nbd":"no","sno":false}},{"type":"Feature","geometry":{"type":"Point","coordinates":[14.10016,57.82997]},"properties":{"land":"SE","name":"Månseryd","t":"2026-09-04T04:20:03.001Z","yta":13.6,"luft":13.1,"nbd":"rain","sno":false}},{"type":"Feature","geometry":{"type":"Point","coordinates":[16.01379,58.66651]},"properties":{"land":"SE","name":"Svärtinge","t":"2026-09-04T04:20:03.001Z","yta":13.3,"luft":9.7,"nbd":"no","sno":false}},{"type":"Feature","geometry":{"type":"Point","coordinates":[13.99871,57.75756]},"properties":{"land":"SE","name":"Knutshult","t":"2026-09-04T04:20:03.000Z","yta":13,"luft":12.3,"nbd":"rain","sno":false}},{"type":"Feature","geometry":{"type":"Point","coordinates":[16.06282,58.16255]},"properties":{"land":"SE","name":"Gullebo","t":"2026-09-04T04:20:03.001Z","yta":14.9,"luft":11.3,"nbd":"rain","sno":false}},{"type":"Feature","geometry":{"type":"Point","coordinates":[15.91217,58.69465]},"properties":{"land":"SE","name":"Finspång","t":"2026-09-04T04:20:03.001Z","yta":12.1,"luft":8.2,"nbd":"no","sno":false}},{"type":"Feature","geometry":{"type":"Point","coordinates":[14.98801,58.57393]},"properties":{"land":"SE","name":"Motala","t":"2026-09-04T04:20:03.001Z","yta":13.7,"luft":11.7,"nbd":"rain","sno":false}},{"type":"Feature","geometry":{"type":"Point","coordinates":[14.52885,58.06883]},"properties":{"land":"SE","name":"Brahehus","t":"2026-09-04T04:20:03.001Z","yta":14.4,"luft":12.6,"nbd":"rain","sno":false}},{"type":"Feature","geometry":{"type":"Point","coordinates":[15.81174,58.37349]},"properties":{"land":"SE","name":"Bankekind","t":"2026-09-04T04:20:03.001Z","yta":13.6,"luft":11.7,"nbd":"rain","sno":false}},{"type":"Feature","geometry":{"type":"Point","coordinates":[13.02332,56.1814]},"properties":{"land":"SE","name":"1106 Ö Ljungby Fjärryta","t":"2026-09-04T04:10:03.001Z","yta":14.1,"luft":null,"nbd":null,"sno":false}},{"type":"Feature","geometry":{"type":"Point","coordinates":[15.17377,56.32266]},"properties":{"land":"SE","name":"Backaryd","t":"2026-09-04T04:10:03.000Z","yta":14,"luft":13.5,"nbd":"no","sno":false}},{"type":"Feature","geometry":{"type":"Point","coordinates":[15.28293,58.57303]},"properties":{"land":"SE","name":"Borensberg","t":"2026-09-04T04:20:03.001Z","yta":13.8,"luft":11.4,"nbd":"rain","sno":false}},{"type":"Feature","geometry":{"type":"Point","coordinates":[17.31354,62.4709]},"properties":{"land":"SE","name":"2216 Timrå Fjärryta","t":"2026-09-04T04:05:03.001Z","yta":null,"luft":null,"nbd":null,"sno":false}},{"type":"Feature","geometry":{"type":"Point","coordinates":[13.56296,59.90513]},"properties":{"land":"SE","name":"1710 Höje Fjärryta","t":"2026-09-04T04:15:03.001Z","yta":null,"luft":null,"nbd":null,"sno":false}},{"type":"Feature","geometry":{"type":"Point","coordinates":[15.0498,58.46851]},"properties":{"land":"SE","name":"Fågelsta","t":"2026-09-04T04:20:03.001Z","yta":14.2,"luft":11.7,"nbd":"rain","sno":false}},{"type":"Feature","geometry":{"type":"Point","coordinates":[15.61933,58.43383]},"properties":{"land":"SE","name":"Linköping","t":"2026-09-04T04:20:03.000Z","yta":null,"luft":13.2,"nbd":null,"sno":false}},{"type":"Feature","geometry":{"type":"Point","coordinates":[14.94874,58.30111]},"properties":{"land":"SE","name":"Väderstad","t":"2026-09-04T04:20:03.001Z","yta":15.1,"luft":12.6,"nbd":"rain","sno":false}},{"type":"Feature","geometry":{"type":"Point","coordinates":[16.22177,59.05229]},"properties":{"land":"SE","name":"Strängstorp","t":"2026-09-04T04:20:03.003Z","yta":10.4,"luft":3.3,"nbd":"no","sno":false}},{"type":"Feature","geometry":{"type":"Point","coordinates":[14.69192,58.23123]},"properties":{"land":"SE","name":"Ödeshög","t":"2026-09-04T04:20:03.001Z","yta":14.3,"luft":12.5,"nbd":"rain","sno":false}},{"type":"Feature","geometry":{"type":"Point","coordinates":[15.61917,58.23925]},"properties":{"land":"SE","name":"Brokind","t":"2026-09-04T04:20:03.001Z","yta":12.9,"luft":11.9,"nbd":"rain","sno":false}},{"type":"Feature","geometry":{"type":"Point","coordinates":[16.53458,58.14137]},"properties":{"land":"SE","name":"Valdemarsvik","t":"2026-09-04T04:20:03.001Z","yta":14.3,"luft":12.2,"nbd":"no","sno":false}},{"type":"Feature","geometry":{"type":"Point","coordinates":[16.86082,59.63517]},"properties":{"land":"SE","name":"330 Lillån Fjärryta","t":"2026-09-04T04:20:03.001Z","yta":null,"luft":null,"nbd":null,"sno":false}},{"type":"Feature","geometry":{"type":"Point","coordinates":[17.5113,60.32441]},"properties":{"land":"SE","name":"329 Tierp Fjärryta","t":"2026-09-04T04:20:03.000Z","yta":7.6,"luft":null,"nbd":null,"sno":false}},{"type":"Feature","geometry":{"type":"Point","coordinates":[17.3137,62.47091]},"properties":{"land":"SE","name":"Timrå","t":"2026-09-04T04:20:03.001Z","yta":7.2,"luft":3.7,"nbd":"no","sno":false}},{"type":"Feature","geometry":{"type":"Point","coordinates":[17.05474,61.61682]},"properties":{"land":"SE","name":"Njutånger","t":"2026-09-04T04:20:03.000Z","yta":8.4,"luft":4.2,"nbd":"no","sno":false}},{"type":"Feature","geometry":{"type":"Point","coordinates":[17.24117,61.97238]},"properties":{"land":"SE","name":"Jättendal","t":"2026-09-04T04:20:03.001Z","yta":null,"luft":8.3,"nbd":"no","sno":false}},{"type":"Feature","geometry":{"type":"Point","coordinates":[16.08531,60.84889]},"properties":{"land":"SE","name":"Vintjärn","t":"2026-09-04T04:20:03.001Z","yta":8.2,"luft":5.1,"nbd":"no","sno":false}},{"type":"Feature","geometry":{"type":"Point","coordinates":[16.17699,61.13231]},"properties":{"land":"SE","name":"Gruvberget","t":"2026-09-04T04:20:03.001Z","yta":7.1,"luft":-0.1,"nbd":"no","sno":false}},{"type":"Feature","geometry":{"type":"Point","coordinates":[15.06947,60.82718]},"properties":{"land":"SE","name":"Kullsbjörken","t":"2026-09-04T04:20:03.001Z","yta":8.3,"luft":4.6,"nbd":"no","sno":false}},{"type":"Feature","geometry":{"type":"Point","coordinates":[13.49569,60.51606]},"properties":{"land":"SE","name":"Lisskogsåsen","t":"2026-09-04T04:20:03.000Z","yta":9.5,"luft":6.4,"nbd":"no","sno":false}},{"type":"Feature","geometry":{"type":"Point","coordinates":[15.97345,60.56871]},"properties":{"land":"SE","name":"Ryggen","t":"2026-09-04T04:20:03.001Z","yta":6.6,"luft":4.8,"nbd":"no","sno":false}},{"type":"Feature","geometry":{"type":"Point","coordinates":[16.95893,60.24063]},"properties":{"land":"SE","name":"Kerstinbo","t":"2026-09-04T04:20:03.000Z","yta":null,"luft":2.5,"nbd":"no","sno":false}},{"type":"Feature","geometry":{"type":"Point","coordinates":[13.95575,60.50087]},"properties":{"land":"SE","name":"Nötberget","t":"2026-09-04T04:20:03.000Z","yta":10.4,"luft":1.2,"nbd":"no","sno":false}},{"type":"Feature","geometry":{"type":"Point","coordinates":[17.20328,60.14499]},"properties":{"land":"SE","name":"Lindsbro","t":"2026-09-04T04:20:03.001Z","yta":9.3,"luft":4.2,"nbd":"no","sno":false}},{"type":"Feature","geometry":{"type":"Point","coordinates":[15.65741,59.38135]},"properties":{"land":"SE","name":"Urvalla","t":"2026-09-04T04:20:03.001Z","yta":10,"luft":5.4,"nbd":"no","sno":false}},{"type":"Feature","geometry":{"type":"Point","coordinates":[16.23854,59.71932]},"properties":{"land":"SE","name":"Surahammar","t":"2026-09-04T04:20:03.001Z","yta":8.7,"luft":2.1,"nbd":"no","sno":false}},{"type":"Feature","geometry":{"type":"Point","coordinates":[16.30543,59.48335]},"properties":{"land":"SE","name":"Mellansundet","t":"2026-09-04T04:20:03.001Z","yta":9.5,"luft":5.2,"nbd":"no","sno":false}},{"type":"Feature","geometry":{"type":"Point","coordinates":[16.17169,59.41764]},"properties":{"land":"SE","name":"Höksta","t":"2026-09-04T04:20:03.001Z","yta":8.9,"luft":3.3,"nbd":"no","sno":false}},{"type":"Feature","geometry":{"type":"Point","coordinates":[15.95162,59.91839]},"properties":{"land":"SE","name":"Åmänningen","t":"2026-09-04T04:20:03.001Z","yta":null,"luft":5.8,"nbd":"no","sno":false}},{"type":"Feature","geometry":{"type":"Point","coordinates":[14.59621,59.31758]},"properties":{"land":"SE","name":"Immetorp","t":"2026-09-04T04:20:03.001Z","yta":10.5,"luft":6.4,"nbd":"no","sno":false}},{"type":"Feature","geometry":{"type":"Point","coordinates":[15.57859,59.84512]},"properties":{"land":"SE","name":"Riddarhyttan","t":"2026-09-04T04:20:03.002Z","yta":10.1,"luft":10.2,"nbd":"no","sno":false}},{"type":"Feature","geometry":{"type":"Point","coordinates":[16.63289,59.86078]},"properties":{"land":"SE","name":"Kumla","t":"2026-09-04T04:20:03.000Z","yta":null,"luft":3.1,"nbd":"no","sno":false}},{"type":"Feature","geometry":{"type":"Point","coordinates":[16.05002,59.55642]},"properties":{"land":"SE","name":"Sörberga","t":"2026-09-04T04:20:03.001Z","yta":null,"luft":2.5,"nbd":"no","sno":false}},{"type":"Feature","geometry":{"type":"Point","coordinates":[15.41173,58.86538]},"properties":{"land":"SE","name":"Emma","t":"2026-09-04T04:20:03.000Z","yta":12.2,"luft":5.2,"nbd":"no","sno":false}},{"type":"Feature","geometry":{"type":"Point","coordinates":[16.19885,59.63191]},"properties":{"land":"SE","name":"Hallstahammar","t":"2026-09-04T04:20:03.001Z","yta":9.8,"luft":3.9,"nbd":"no","sno":false}},{"type":"Feature","geometry":{"type":"Point","coordinates":[16.36495,60.02016]},"properties":{"land":"SE","name":"Jordbron","t":"2026-09-04T04:20:03.001Z","yta":null,"luft":4.1,"nbd":"no","sno":false}},{"type":"Feature","geometry":{"type":"Point","coordinates":[13.39536,60.28843]},"properties":{"land":"SE","name":"1732 Fastnäs Fjärryta","t":"2026-09-04T04:20:03.000Z","yta":7.5,"luft":null,"nbd":null,"sno":false}},{"type":"Feature","geometry":{"type":"Point","coordinates":[12.50682,58.78001]},"properties":{"land":"SE","name":"Köpmannebro","t":"2026-09-04T04:20:03.001Z","yta":15.2,"luft":12.7,"nbd":"rain","sno":false}},{"type":"Feature","geometry":{"type":"Point","coordinates":[12.96634,57.48908]},"properties":{"land":"SE","name":"Reaskäl","t":"2026-09-04T04:15:03.001Z","yta":13.8,"luft":12.4,"nbd":"rain","sno":false}},{"type":"Feature","geometry":{"type":"Point","coordinates":[12.69623,57.67733]},"properties":{"land":"SE","name":"Råddeby","t":"2026-09-04T04:15:03.000Z","yta":13.5,"luft":12.5,"nbd":"rain","sno":false}},{"type":"Feature","geometry":{"type":"Point","coordinates":[14.44187,57.99488]},"properties":{"land":"SE","name":"601 Gyllene Uttern Fjärryta","t":"2026-09-04T04:20:03.000Z","yta":null,"luft":null,"nbd":null,"sno":false}},{"type":"Feature","geometry":{"type":"Point","coordinates":[17.09528,61.76464]},"properties":{"land":"SE","name":"Skogsta","t":"2026-09-04T04:20:03.001Z","yta":8.2,"luft":3.6,"nbd":"no","sno":false}},{"type":"Feature","geometry":{"type":"Point","coordinates":[17.66268,59.19916]},"properties":{"land":"SE","name":"206 Moraberg Fjärryta","t":"2026-09-04T04:20:03.001Z","yta":null,"luft":null,"nbd":null,"sno":false}},{"type":"Feature","geometry":{"type":"Point","coordinates":[17.66354,59.19915]},"properties":{"land":"SE","name":"Moraberg","t":"2026-09-04T04:20:03.001Z","yta":9,"luft":7.7,"nbd":"no","sno":false}},{"type":"Feature","geometry":{"type":"Point","coordinates":[14.61004,60.60374]},"properties":{"land":"SE","name":"Älgberget","t":"2026-09-04T04:20:03.000Z","yta":null,"luft":1.1,"nbd":"no","sno":false}},{"type":"Feature","geometry":{"type":"Point","coordinates":[17.64272,59.18437]},"properties":{"land":"SE","name":"Södertälje","t":"2026-09-04T04:20:03.001Z","yta":10.2,"luft":9.1,"nbd":"no","sno":false}},{"type":"Feature","geometry":{"type":"Point","coordinates":[17.07296,61.70624]},"properties":{"land":"SE","name":"Vibodlångsjön","t":"2026-09-04T04:20:03.001Z","yta":9.7,"luft":3.6,"nbd":"no","sno":false}},{"type":"Feature","geometry":{"type":"Point","coordinates":[13.073,61.38492]},"properties":{"land":"SE","name":"Sörsjön","t":"2026-09-04T04:20:03.001Z","yta":8.9,"luft":1.1,"nbd":"no","sno":false}},{"type":"Feature","geometry":{"type":"Point","coordinates":[15.25262,60.82338]},"properties":{"land":"SE","name":"Mårtanberg","t":"2026-09-04T04:20:03.000Z","yta":7.2,"luft":0.2,"nbd":"no","sno":false}},{"type":"Feature","geometry":{"type":"Point","coordinates":[15.46065,60.71369]},"properties":{"land":"SE","name":"Smälingen","t":"2026-09-04T04:20:03.000Z","yta":null,"luft":5.6,"nbd":"no","sno":false}},{"type":"Feature","geometry":{"type":"Point","coordinates":[14.67408,60.46694]},"properties":{"land":"SE","name":"Fänforsen","t":"2026-09-04T04:20:03.001Z","yta":12.3,"luft":2,"nbd":"no","sno":false}},{"type":"Feature","geometry":{"type":"Point","coordinates":[14.57236,61.00965]},"properties":{"land":"SE","name":"Mora","t":"2026-09-04T04:20:03.000Z","yta":11,"luft":6.4,"nbd":"no","sno":false}},{"type":"Feature","geometry":{"type":"Point","coordinates":[12.28758,61.84026]},"properties":{"land":"SE","name":"Storbo/Idre","t":"2026-09-04T04:20:03.052Z","yta":10.4,"luft":4.2,"nbd":"no","sno":false}},{"type":"Feature","geometry":{"type":"Point","coordinates":[15.66647,59.99664]},"properties":{"land":"SE","name":"Viksberg","t":"2026-09-04T04:20:03.001Z","yta":11.1,"luft":6.2,"nbd":"no","sno":false}},{"type":"Feature","geometry":{"type":"Point","coordinates":[17.76257,59.21243]},"properties":{"land":"SE","name":"Salem","t":"2026-09-04T04:20:03.000Z","yta":8.3,"luft":6.8,"nbd":"no","sno":false}},{"type":"Feature","geometry":{"type":"Point","coordinates":[15.12289,60.12292]},"properties":{"land":"SE","name":"Skeppmora","t":"2026-09-04T04:20:03.000Z","yta":9.8,"luft":5,"nbd":"no","sno":false}},{"type":"Feature","geometry":{"type":"Point","coordinates":[16.02833,60.24068]},"properties":{"land":"SE","name":"2044 Grådö V Fjärryta","t":"2026-09-04T04:20:03.000Z","yta":null,"luft":null,"nbd":null,"sno":false}},{"type":"Feature","geometry":{"type":"Point","coordinates":[17.44746,59.05332]},"properties":{"land":"SE","name":"Mölnbo","t":"2026-09-04T04:20:03.001Z","yta":7.9,"luft":5,"nbd":"no","sno":false}},{"type":"Feature","geometry":{"type":"Point","coordinates":[16.32031,60.55791]},"properties":{"land":"SE","name":"Hoforsbacken","t":"2026-09-04T04:20:03.000Z","yta":9.8,"luft":4.9,"nbd":"no","sno":false}},{"type":"Feature","geometry":{"type":"Point","coordinates":[16.02826,60.24094]},"properties":{"land":"SE","name":"Grådö V","t":"2026-09-04T04:20:03.000Z","yta":11.7,"luft":6.5,"nbd":"no","sno":false}},{"type":"Feature","geometry":{"type":"Point","coordinates":[17.80685,59.17678]},"properties":{"land":"SE","name":"Tumba","t":"2026-09-04T04:20:03.001Z","yta":8.9,"luft":6.2,"nbd":"no","sno":false}},{"type":"Feature","geometry":{"type":"Point","coordinates":[16.90422,60.6258]},"properties":{"land":"SE","name":"Forsbacka","t":"2026-09-04T04:20:03.001Z","yta":null,"luft":3.6,"nbd":"no","sno":false}},{"type":"Feature","geometry":{"type":"Point","coordinates":[14.52263,60.1602]},"properties":{"land":"SE","name":"Ulriksberg","t":"2026-09-04T04:20:03.000Z","yta":7.8,"luft":2.5,"nbd":"no","sno":false}},{"type":"Feature","geometry":{"type":"Point","coordinates":[14.84721,61.49486]},"properties":{"land":"SE","name":"Noppikoski","t":"2026-09-04T04:20:03.001Z","yta":6.1,"luft":0.4,"nbd":"no","sno":false}},{"type":"Feature","geometry":{"type":"Point","coordinates":[14.19978,60.32658]},"properties":{"land":"SE","name":"Kroktorp","t":"2026-09-04T04:20:03.000Z","yta":9.3,"luft":6.2,"nbd":"no","sno":false}},{"type":"Feature","geometry":{"type":"Point","coordinates":[16.66183,59.62016]},"properties":{"land":"SE","name":"1923 Irsta Fjärryta","t":"2026-09-04T04:20:03.000Z","yta":null,"luft":null,"nbd":null,"sno":false}},{"type":"Feature","geometry":{"type":"Point","coordinates":[14.81104,59.25935]},"properties":{"land":"SE","name":"Lekhyttan","t":"2026-09-04T04:20:03.000Z","yta":null,"luft":6.4,"nbd":"no","sno":false}},{"type":"Feature","geometry":{"type":"Point","coordinates":[13.8491,58.7808]},"properties":{"land":"SE","name":"1635 Torsöbron V Fjärryta","t":"2026-09-04T04:20:03.001Z","yta":15.3,"luft":null,"nbd":null,"sno":false}},{"type":"Feature","geometry":{"type":"Point","coordinates":[14.12331,58.34579]},"properties":{"land":"SE","name":"1623 Habolstorp Fjärryta","t":"2026-09-04T04:15:03.000Z","yta":null,"luft":null,"nbd":null,"sno":false}},{"type":"Feature","geometry":{"type":"Point","coordinates":[12.46385,59.28575]},"properties":{"land":"SE","name":"1704 Norane Fjärryta","t":"2026-09-04T03:55:03.000Z","yta":11.9,"luft":null,"nbd":null,"sno":false}},{"type":"Feature","geometry":{"type":"Point","coordinates":[11.83942,58.32777]},"properties":{"land":"SE","name":"1431 Uddevallabron Fjärryta","t":"2026-09-04T03:55:03.001Z","yta":14.9,"luft":null,"nbd":null,"sno":false}},{"type":"Feature","geometry":{"type":"Point","coordinates":[12.17196,59.38785]},"properties":{"land":"SE","name":"1733 Årjäng Fjärryta","t":"2026-09-04T04:00:03.001Z","yta":10.8,"luft":null,"nbd":null,"sno":false}},{"type":"Feature","geometry":{"type":"Point","coordinates":[12.10688,59.19609]},"properties":{"land":"SE","name":"1552 Gustavsfors Fjärryta","t":"2026-09-04T04:00:03.001Z","yta":12.1,"luft":null,"nbd":null,"sno":false}},{"type":"Feature","geometry":{"type":"Point","coordinates":[12.41303,58.60033]},"properties":{"land":"SE","name":"1530 Bergarud Fjärryta","t":"2026-09-04T04:00:03.000Z","yta":13.9,"luft":null,"nbd":null,"sno":false}},{"type":"Feature","geometry":{"type":"Point","coordinates":[12.9848,56.58983]},"properties":{"land":"SE","name":"Fladje","t":"2026-09-04T04:15:03.000Z","yta":14.6,"luft":15.2,"nbd":"no","sno":false}},{"type":"Feature","geometry":{"type":"Point","coordinates":[13.00702,55.45453]},"properties":{"land":"SE","name":"Vellinge","t":"2026-09-04T04:15:03.001Z","yta":15.1,"luft":15.7,"nbd":"no","sno":false}},{"type":"Feature","geometry":{"type":"Point","coordinates":[13.35538,55.33904]},"properties":{"land":"SE","name":"Smygehamn","t":"2026-09-04T04:15:03.003Z","yta":14.6,"luft":15.1,"nbd":"no","sno":false}},{"type":"Feature","geometry":{"type":"Point","coordinates":[13.28244,55.99556]},"properties":{"land":"SE","name":"Röstånga","t":"2026-09-04T04:15:03.000Z","yta":13.8,"luft":14,"nbd":"no","sno":false}},{"type":"Feature","geometry":{"type":"Point","coordinates":[13.32586,55.50842]},"properties":{"land":"SE","name":"Svedala Ö","t":"2026-09-04T04:15:03.000Z","yta":15.4,"luft":15.1,"nbd":"no","sno":false}},{"type":"Feature","geometry":{"type":"Point","coordinates":[12.8885,55.85769]},"properties":{"land":"SE","name":"Landskrona S","t":"2026-09-04T04:15:03.001Z","yta":15.8,"luft":15.8,"nbd":null,"sno":false}},{"type":"Feature","geometry":{"type":"Point","coordinates":[13.2242,55.71807]},"properties":{"land":"SE","name":"Lund N","t":"2026-09-04T04:15:03.000Z","yta":14.6,"luft":15.1,"nbd":"no","sno":false}},{"type":"Feature","geometry":{"type":"Point","coordinates":[14.12036,55.49531]},"properties":{"land":"SE","name":"Hammenhög V","t":"2026-09-04T04:15:03.005Z","yta":14.6,"luft":14.4,"nbd":"no","sno":false}},{"type":"Feature","geometry":{"type":"Point","coordinates":[12.79073,58.31918]},"properties":{"land":"SE","name":"1604 Gunnarstorp Fjärryta","t":"2026-09-04T04:10:03.001Z","yta":13.9,"luft":null,"nbd":null,"sno":false}},{"type":"Feature","geometry":{"type":"Point","coordinates":[16.83477,59.08184]},"properties":{"land":"SE","name":"410 Sparreholm Fjärryta","t":"2026-09-04T04:20:03.001Z","yta":11,"luft":null,"nbd":null,"sno":false}},{"type":"Feature","geometry":{"type":"Point","coordinates":[16.91662,60.29538]},"properties":{"land":"SE","name":"Gysinge","t":"2026-09-04T04:20:03.000Z","yta":9.7,"luft":3.5,"nbd":"no","sno":false}},{"type":"Feature","geometry":{"type":"Point","coordinates":[12.77232,60.75702]},"properties":{"land":"SE","name":"Brattmon","t":"2026-09-04T04:20:03.000Z","yta":11.3,"luft":4.2,"nbd":"no","sno":false}},{"type":"Feature","geometry":{"type":"Point","coordinates":[13.98515,59.37442]},"properties":{"land":"SE","name":"Ölme","t":"2026-09-04T04:20:03.001Z","yta":11.4,"luft":7.4,"nbd":"rain","sno":false}},{"type":"Feature","geometry":{"type":"Point","coordinates":[12.23626,59.57759]},"properties":{"land":"SE","name":"Mörtnäs","t":"2026-09-04T04:20:03.000Z","yta":9.7,"luft":8.1,"nbd":"no","sno":false}},{"type":"Feature","geometry":{"type":"Point","coordinates":[13.4534,58.16364]},"properties":{"land":"SE","name":"1620 Marka Fjärryta","t":"2026-09-04T04:20:03.001Z","yta":12.5,"luft":null,"nbd":null,"sno":false}},{"type":"Feature","geometry":{"type":"Point","coordinates":[13.97871,58.06277]},"properties":{"land":"SE","name":"Härja","t":"2026-09-04T04:20:03.000Z","yta":14.1,"luft":12.1,"nbd":"no","sno":false}},{"type":"Feature","geometry":{"type":"Point","coordinates":[14.12302,58.34589]},"properties":{"land":"SE","name":"Habolstorp","t":"2026-09-04T04:20:03.002Z","yta":14.6,"luft":12.8,"nbd":"rain","sno":false}},{"type":"Feature","geometry":{"type":"Point","coordinates":[14.09442,58.98836]},"properties":{"land":"SE","name":"Gullspång","t":"2026-09-04T04:20:03.001Z","yta":12.1,"luft":11.3,"nbd":"no","sno":false}},{"type":"Feature","geometry":{"type":"Point","coordinates":[13.11978,58.56907]},"properties":{"land":"SE","name":"Tolsjö","t":"2026-09-04T04:20:03.001Z","yta":15.9,"luft":13.3,"nbd":"no","sno":false}},{"type":"Feature","geometry":{"type":"Point","coordinates":[13.78451,58.07955]},"properties":{"land":"SE","name":"Kymbo","t":"2026-09-04T04:20:03.001Z","yta":13.6,"luft":12.6,"nbd":null,"sno":false}},{"type":"Feature","geometry":{"type":"Point","coordinates":[13.46387,58.30824]},"properties":{"land":"SE","name":"Bjärklunda","t":"2026-09-04T04:20:03.001Z","yta":13.9,"luft":12.9,"nbd":"rain","sno":false}},{"type":"Feature","geometry":{"type":"Point","coordinates":[13.74892,58.38795]},"properties":{"land":"SE","name":"Stensbordet","t":"2026-09-04T04:20:03.001Z","yta":13.6,"luft":12.3,"nbd":"rain","sno":false}},{"type":"Feature","geometry":{"type":"Point","coordinates":[14.31777,58.89297]},"properties":{"land":"SE","name":"Vallsjön","t":"2026-09-04T04:20:03.000Z","yta":12.6,"luft":9.6,"nbd":"no","sno":false}},{"type":"Feature","geometry":{"type":"Point","coordinates":[12.0197,58.58065]},"properties":{"land":"SE","name":"1548 Nysäter Fjärryta","t":"2026-09-04T04:15:03.001Z","yta":13.2,"luft":null,"nbd":null,"sno":false}},{"type":"Feature","geometry":{"type":"Point","coordinates":[12.41298,58.60068]},"properties":{"land":"SE","name":"Bergarud","t":"2026-09-04T04:15:03.000Z","yta":14.8,"luft":13.4,"nbd":"rain","sno":false}},{"type":"Feature","geometry":{"type":"Point","coordinates":[11.92694,57.69788]},"properties":{"land":"SE","name":"Fiskhamnsmotet","t":"2026-09-04T04:15:03.001Z","yta":15.8,"luft":15.5,"nbd":"no","sno":false}},{"type":"Feature","geometry":{"type":"Point","coordinates":[13.14119,57.60835]},"properties":{"land":"SE","name":"Kila","t":"2026-09-04T04:15:03.001Z","yta":13.7,"luft":12.5,"nbd":"rain","sno":false}},{"type":"Feature","geometry":{"type":"Point","coordinates":[11.78093,58.05927]},"properties":{"land":"SE","name":"Tjörnbron","t":"2026-09-04T04:15:03.001Z","yta":13.3,"luft":14.7,"nbd":"no","sno":false}},{"type":"Feature","geometry":{"type":"Point","coordinates":[11.99854,57.79973]},"properties":{"land":"SE","name":"Angered","t":"2026-09-04T04:15:03.001Z","yta":14.1,"luft":14.7,"nbd":"no","sno":false}},{"type":"Feature","geometry":{"type":"Point","coordinates":[11.88375,58.2789]},"properties":{"land":"SE","name":"Forshällaån","t":"2026-09-04T04:15:03.001Z","yta":15.4,"luft":14.2,"nbd":"no","sno":false}},{"type":"Feature","geometry":{"type":"Point","coordinates":[12.37147,57.6707]},"properties":{"land":"SE","name":"Huvdaby","t":"2026-09-04T04:15:03.000Z","yta":13.8,"luft":12.9,"nbd":"no","sno":false}},{"type":"Feature","geometry":{"type":"Point","coordinates":[12.02085,57.65095]},"properties":{"land":"SE","name":"Åbro","t":"2026-09-04T04:15:03.001Z","yta":null,"luft":15.5,"nbd":"no","sno":false}},{"type":"Feature","geometry":{"type":"Point","coordinates":[12.05344,57.55174]},"properties":{"land":"SE","name":"Sandsjöbacka","t":"2026-09-04T04:15:03.001Z","yta":null,"luft":14.9,"nbd":"no","sno":false}},{"type":"Feature","geometry":{"type":"Point","coordinates":[17.01562,57.33878]},"properties":{"land":"SE","name":"Byxelkrok","t":"2026-09-04T04:20:03.000Z","yta":15.1,"luft":15.1,"nbd":"no","sno":false}},{"type":"Feature","geometry":{"type":"Point","coordinates":[16.61841,56.56934]},"properties":{"land":"SE","name":"Sandby","t":"2026-09-04T04:20:03.000Z","yta":14.5,"luft":14.4,"nbd":"no","sno":false}},{"type":"Feature","geometry":{"type":"Point","coordinates":[15.83667,57.67282]},"properties":{"land":"SE","name":"Vimmerby","t":"2026-09-04T04:20:03.001Z","yta":13.5,"luft":11.7,"nbd":"rain","sno":false}},{"type":"Feature","geometry":{"type":"Point","coordinates":[18.27346,57.62549]},"properties":{"land":"SE","name":"910 Hamnbacken Visby Fjärryta","t":"2026-09-04T04:20:03.001Z","yta":15.3,"luft":null,"nbd":null,"sno":false}},{"type":"Feature","geometry":{"type":"Point","coordinates":[13.65241,56.50421]},"properties":{"land":"SE","name":"722 Markaryd Fjärryta","t":"2026-09-04T04:20:03.001Z","yta":13,"luft":null,"nbd":null,"sno":false}},{"type":"Feature","geometry":{"type":"Point","coordinates":[18.37971,57.3321]},"properties":{"land":"SE","name":"Lojsta","t":"2026-09-04T04:20:03.000Z","yta":15.7,"luft":13.7,"nbd":"no","sno":false}},{"type":"Feature","geometry":{"type":"Point","coordinates":[15.9295,56.92821]},"properties":{"land":"SE","name":"Alsterbro","t":"2026-09-04T04:20:03.001Z","yta":14.6,"luft":13.3,"nbd":"no","sno":false}},{"type":"Feature","geometry":{"type":"Point","coordinates":[19.59428,64.31308]},"properties":{"land":"SE","name":"Hjuken/Hällnäs","t":"2026-09-04T04:20:03.000Z","yta":10,"luft":3.1,"nbd":"no","sno":false}},{"type":"Feature","geometry":{"type":"Point","coordinates":[19.31765,63.93495]},"properties":{"land":"SE","name":"Bjurholm","t":"2026-09-04T04:20:03.001Z","yta":9,"luft":4.9,"nbd":"no","sno":false}},{"type":"Feature","geometry":{"type":"Point","coordinates":[14.304,58.46761]},"properties":{"land":"SE","name":"1612 Fagersanna Fjärryta","t":"2026-09-04T04:20:03.001Z","yta":null,"luft":null,"nbd":null,"sno":false}},{"type":"Feature","geometry":{"type":"Point","coordinates":[14.09947,58.80486]},"properties":{"land":"SE","name":"Lyrestad","t":"2026-09-04T04:20:03.000Z","yta":13.8,"luft":11.3,"nbd":"rain","sno":false}},{"type":"Feature","geometry":{"type":"Point","coordinates":[12.55323,57.90569]},"properties":{"land":"SE","name":"Alingsås","t":"2026-09-04T04:20:03.000Z","yta":14,"luft":13.1,"nbd":"no","sno":false}},{"type":"Feature","geometry":{"type":"Point","coordinates":[12.79072,58.31912]},"properties":{"land":"SE","name":"Gunnarstorp","t":"2026-09-04T04:20:03.000Z","yta":14.8,"luft":13.4,"nbd":"no","sno":false}},{"type":"Feature","geometry":{"type":"Point","coordinates":[14.1445,58.01682]},"properties":{"land":"SE","name":"Baskarp","t":"2026-09-04T04:20:03.001Z","yta":14.2,"luft":12.9,"nbd":"no","sno":false}},{"type":"Feature","geometry":{"type":"Point","coordinates":[12.8908,58.42964]},"properties":{"land":"SE","name":"Lavad","t":"2026-09-04T04:20:03.000Z","yta":14.1,"luft":13.4,"nbd":"rain","sno":false}},{"type":"Feature","geometry":{"type":"Point","coordinates":[13.46248,58.40419]},"properties":{"land":"SE","name":"Skaraberg","t":"2026-09-04T04:20:03.001Z","yta":15,"luft":13.2,"nbd":"rain","sno":false}},{"type":"Feature","geometry":{"type":"Point","coordinates":[12.18171,58.7872]},"properties":{"land":"SE","name":"Bäckefors","t":"2026-09-04T04:20:03.001Z","yta":14.4,"luft":11.4,"nbd":"no","sno":false}},{"type":"Feature","geometry":{"type":"Point","coordinates":[12.74234,57.51286]},"properties":{"land":"SE","name":"Gullberg","t":"2026-09-04T04:20:03.000Z","yta":13.5,"luft":13,"nbd":"no","sno":false}},{"type":"Feature","geometry":{"type":"Point","coordinates":[13.43095,57.67339]},"properties":{"land":"SE","name":"Gällstad","t":"2026-09-04T04:20:03.001Z","yta":13.8,"luft":12.4,"nbd":"no","sno":false}},{"type":"Feature","geometry":{"type":"Point","coordinates":[12.81466,57.37576]},"properties":{"land":"SE","name":"Öxabäck","t":"2026-09-04T04:20:03.000Z","yta":13.5,"luft":12.4,"nbd":"rain","sno":false}},{"type":"Feature","geometry":{"type":"Point","coordinates":[11.86621,58.87572]},"properties":{"land":"SE","name":"Skattebacka","t":"2026-09-04T04:20:03.000Z","yta":13.7,"luft":11.5,"nbd":"no","sno":false}},{"type":"Feature","geometry":{"type":"Point","coordinates":[12.67693,59.05306]},"properties":{"land":"SE","name":"Åmål","t":"2026-09-04T04:20:03.001Z","yta":13.9,"luft":10.5,"nbd":"rain","sno":false}},{"type":"Feature","geometry":{"type":"Point","coordinates":[13.80851,58.55244]},"properties":{"land":"SE","name":"Låstad","t":"2026-09-04T04:20:03.001Z","yta":14.2,"luft":12.3,"nbd":"no","sno":false}},{"type":"Feature","geometry":{"type":"Point","coordinates":[16.71417,57.90735]},"properties":{"land":"SE","name":"Loftahammar","t":"2026-09-04T04:20:03.001Z","yta":14,"luft":11.6,"nbd":"no","sno":false}},{"type":"Feature","geometry":{"type":"Point","coordinates":[16.47321,57.60982]},"properties":{"land":"SE","name":"Blankaholm","t":"2026-09-04T04:20:03.001Z","yta":14.6,"luft":12.4,"nbd":"rain","sno":false}},{"type":"Feature","geometry":{"type":"Point","coordinates":[16.50226,57.80555]},"properties":{"land":"SE","name":"Västervik","t":"2026-09-04T04:20:03.000Z","yta":14.6,"luft":12.7,"nbd":"rain","sno":false}},{"type":"Feature","geometry":{"type":"Point","coordinates":[18.61617,57.32709]},"properties":{"land":"SE","name":"Alskog","t":"2026-09-04T04:20:03.001Z","yta":16,"luft":13.6,"nbd":"no","sno":false}},{"type":"Feature","geometry":{"type":"Point","coordinates":[18.42533,57.54362]},"properties":{"land":"SE","name":"903 Roma Fjärryta","t":"2026-09-04T04:10:03.001Z","yta":15,"luft":null,"nbd":null,"sno":false}},{"type":"Feature","geometry":{"type":"Point","coordinates":[15.6034,56.50224]},"properties":{"land":"SE","name":"Vissefjärda","t":"2026-09-04T04:20:03.001Z","yta":14.4,"luft":12.9,"nbd":"no","sno":false}},{"type":"Feature","geometry":{"type":"Point","coordinates":[16.28228,57.69671]},"properties":{"land":"SE","name":"Ankarsrum","t":"2026-09-04T04:20:03.001Z","yta":13.7,"luft":12.2,"nbd":"rain","sno":false}},{"type":"Feature","geometry":{"type":"Point","coordinates":[16.20318,58.05519]},"properties":{"land":"SE","name":"Överum","t":"2026-09-04T04:20:03.001Z","yta":14.1,"luft":11.8,"nbd":"rain","sno":false}},{"type":"Feature","geometry":{"type":"Point","coordinates":[14.90223,56.38469]},"properties":{"land":"SE","name":"G/K Länsgräns Väg 29","t":"2026-09-04T04:20:03.001Z","yta":13.7,"luft":13.3,"nbd":"no","sno":false}},{"type":"Feature","geometry":{"type":"Point","coordinates":[18.7465,57.58913]},"properties":{"land":"SE","name":"Botvaldevik","t":"2026-09-04T04:20:03.000Z","yta":15.8,"luft":13.8,"nbd":"no","sno":false}},{"type":"Feature","geometry":{"type":"Point","coordinates":[16.50864,59.5959]},"properties":{"land":"SE","name":"Västerås västra GBG","t":"2026-09-04T04:20:03.001Z","yta":null,"luft":5.7,"nbd":"no","sno":false}},{"type":"Feature","geometry":{"type":"Point","coordinates":[14.11584,57.75071]},"properties":{"land":"SE","name":"653 Göteborgsbacken, nedre Fjärryta","t":"2026-09-04T04:20:03.000Z","yta":14.4,"luft":null,"nbd":null,"sno":false}},{"type":"Feature","geometry":{"type":"Point","coordinates":[14.78556,57.38834]},"properties":{"land":"SE","name":"Hultagård","t":"2026-09-04T04:20:03.001Z","yta":13.1,"luft":12.1,"nbd":"rain","sno":false}},{"type":"Feature","geometry":{"type":"Point","coordinates":[15.35787,58.49096]},"properties":{"land":"SE","name":"Klockrike","t":"2026-09-04T04:20:03.001Z","yta":14.6,"luft":11.1,"nbd":"rain","sno":false}},{"type":"Feature","geometry":{"type":"Point","coordinates":[16.82301,59.20472]},"properties":{"land":"SE","name":"Björndammen","t":"2026-09-04T04:20:03.001Z","yta":10.1,"luft":6.2,"nbd":"no","sno":false}},{"type":"Feature","geometry":{"type":"Point","coordinates":[16.55832,59.03738]},"properties":{"land":"SE","name":"Lidaviken","t":"2026-09-04T04:20:03.000Z","yta":null,"luft":4.5,"nbd":"no","sno":false}},{"type":"Feature","geometry":{"type":"Point","coordinates":[16.36514,58.44882]},"properties":{"land":"SE","name":"Braberg","t":"2026-09-04T04:20:03.001Z","yta":14.9,"luft":10.8,"nbd":"no","sno":false}},{"type":"Feature","geometry":{"type":"Point","coordinates":[15.51887,58.76549]},"properties":{"land":"SE","name":"Hällestad","t":"2026-09-04T04:20:03.001Z","yta":12,"luft":8.8,"nbd":"no","sno":false}},{"type":"Feature","geometry":{"type":"Point","coordinates":[16.371,59.40762]},"properties":{"land":"SE","name":"Gröndal","t":"2026-09-04T04:20:03.000Z","yta":9.2,"luft":6.3,"nbd":"no","sno":false}},{"type":"Feature","geometry":{"type":"Point","coordinates":[21.25805,64.5074]},"properties":{"land":"SE","name":"Övre Bäck","t":"2026-09-04T04:20:03.001Z","yta":12.1,"luft":10.5,"nbd":"no","sno":false}},{"type":"Feature","geometry":{"type":"Point","coordinates":[18.45865,65.4361]},"properties":{"land":"SE","name":"Ljungby","t":"2026-09-04T04:20:03.000Z","yta":11,"luft":9.7,"nbd":"no","sno":false}},{"type":"Feature","geometry":{"type":"Point","coordinates":[17.64195,65.02058]},"properties":{"land":"SE","name":"Gunnarn","t":"2026-09-04T04:20:03.001Z","yta":8.2,"luft":7.5,"nbd":"no","sno":false}},{"type":"Feature","geometry":{"type":"Point","coordinates":[15.37878,64.96776]},"properties":{"land":"SE","name":"Saxnäs","t":"2026-09-04T04:20:03.001Z","yta":8.2,"luft":5.9,"nbd":"no","sno":false}},{"type":"Feature","geometry":{"type":"Point","coordinates":[19.44012,63.57175]},"properties":{"land":"SE","name":"Nordmaling","t":"2026-09-04T04:20:03.001Z","yta":8.7,"luft":4.7,"nbd":"no","sno":false}},{"type":"Feature","geometry":{"type":"Point","coordinates":[19.05483,65.05477]},"properties":{"land":"SE","name":"Rentjärn","t":"2026-09-04T04:20:03.001Z","yta":11.1,"luft":7.7,"nbd":"no","sno":false}},{"type":"Feature","geometry":{"type":"Point","coordinates":[16.79644,64.43596]},"properties":{"land":"SE","name":"Meselefors","t":"2026-09-04T04:20:03.000Z","yta":10.2,"luft":7.2,"nbd":"no","sno":false}},{"type":"Feature","geometry":{"type":"Point","coordinates":[20.70839,63.96865]},"properties":{"land":"SE","name":"Sävträsk","t":"2026-09-04T04:20:03.000Z","yta":9.4,"luft":4.4,"nbd":"no","sno":false}},{"type":"Feature","geometry":{"type":"Point","coordinates":[14.72438,63.16598]},"properties":{"land":"SE","name":"Torvalla","t":"2026-09-04T04:20:03.001Z","yta":8.7,"luft":8,"nbd":"no","sno":false}},{"type":"Feature","geometry":{"type":"Point","coordinates":[20.22874,64.26622]},"properties":{"land":"SE","name":"Botsmark","t":"2026-09-04T04:20:03.001Z","yta":8,"luft":5,"nbd":"no","sno":false}},{"type":"Feature","geometry":{"type":"Point","coordinates":[15.7963,61.07116]},"properties":{"land":"SE","name":"Södra Flät","t":"2026-09-04T04:20:03.001Z","yta":8.7,"luft":3.7,"nbd":"no","sno":false}},{"type":"Feature","geometry":{"type":"Point","coordinates":[18.43926,63.17608]},"properties":{"land":"SE","name":"Spjute/Bjästa","t":"2026-09-04T04:20:03.001Z","yta":7.9,"luft":2.8,"nbd":"no","sno":false}},{"type":"Feature","geometry":{"type":"Point","coordinates":[17.08122,60.74456]},"properties":{"land":"SE","name":"Testeboån","t":"2026-09-04T04:20:03.000Z","yta":null,"luft":5.4,"nbd":"no","sno":false}},{"type":"Feature","geometry":{"type":"Point","coordinates":[16.98209,61.51511]},"properties":{"land":"SE","name":"Enånger","t":"2026-09-04T04:20:03.001Z","yta":8.5,"luft":4.9,"nbd":"no","sno":false}},{"type":"Feature","geometry":{"type":"Point","coordinates":[16.03359,61.33787]},"properties":{"land":"SE","name":"Alfta","t":"2026-09-04T04:20:03.001Z","yta":10.1,"luft":5.2,"nbd":"no","sno":false}},{"type":"Feature","geometry":{"type":"Point","coordinates":[15.54248,61.33549]},"properties":{"land":"SE","name":"Finnstuga","t":"2026-09-04T04:20:03.001Z","yta":8.6,"luft":1.3,"nbd":"no","sno":false}},{"type":"Feature","geometry":{"type":"Point","coordinates":[15.2103,61.85417]},"properties":{"land":"SE","name":"Johannesberg","t":"2026-09-04T04:20:03.001Z","yta":8.9,"luft":6.3,"nbd":"no","sno":false}},{"type":"Feature","geometry":{"type":"Point","coordinates":[11.96773,57.55022]},"properties":{"land":"SE","name":"1302 Kullavik Fjärryta","t":"2026-09-04T03:55:03.001Z","yta":null,"luft":null,"nbd":null,"sno":false}},{"type":"Feature","geometry":{"type":"Point","coordinates":[12.80505,56.77891]},"properties":{"land":"SE","name":"1336 Lynghög Fjärryta","t":"2026-09-04T04:15:03.001Z","yta":14.1,"luft":null,"nbd":null,"sno":false}},{"type":"Feature","geometry":{"type":"Point","coordinates":[14.71286,56.89818]},"properties":{"land":"SE","name":"Kvälleberg","t":"2026-09-04T04:20:03.001Z","yta":12.8,"luft":11.9,"nbd":"no","sno":false}},{"type":"Feature","geometry":{"type":"Point","coordinates":[16.16469,58.71628]},"properties":{"land":"SE","name":"Åby 2","t":"2026-09-04T04:20:03.001Z","yta":11.7,"luft":8.6,"nbd":"no","sno":false}},{"type":"Feature","geometry":{"type":"Point","coordinates":[14.73568,61.69752]},"properties":{"land":"SE","name":"Tandsjöborg","t":"2026-09-04T04:20:03.001Z","yta":7.1,"luft":1.1,"nbd":"no","sno":false}},{"type":"Feature","geometry":{"type":"Point","coordinates":[17.79342,59.09575]},"properties":{"land":"SE","name":"Grödinge","t":"2026-09-04T04:20:03.001Z","yta":9.6,"luft":5.4,"nbd":"no","sno":false}},{"type":"Feature","geometry":{"type":"Point","coordinates":[17.02963,60.89522]},"properties":{"land":"SE","name":"Hagsta","t":"2026-09-04T04:20:03.001Z","yta":8.4,"luft":5.9,"nbd":"no","sno":false}},{"type":"Feature","geometry":{"type":"Point","coordinates":[15.67114,62.26322]},"properties":{"land":"SE","name":"Norrhög","t":"2026-09-04T04:20:03.001Z","yta":10,"luft":4.7,"nbd":"no","sno":false}},{"type":"Feature","geometry":{"type":"Point","coordinates":[17.18516,61.90038]},"properties":{"land":"SE","name":"Hammarbacken","t":"2026-09-04T04:20:03.001Z","yta":8.2,"luft":6,"nbd":"no","sno":false}},{"type":"Feature","geometry":{"type":"Point","coordinates":[15.81385,61.79915]},"properties":{"land":"SE","name":"Färila","t":"2026-09-04T04:20:03.001Z","yta":7.6,"luft":4.3,"nbd":"no","sno":false}},{"type":"Feature","geometry":{"type":"Point","coordinates":[14.33417,60.85978]},"properties":{"land":"SE","name":"Gruvorna","t":"2026-09-04T04:20:03.000Z","yta":6.5,"luft":1.9,"nbd":"no","sno":false}},{"type":"Feature","geometry":{"type":"Point","coordinates":[16.31745,61.57569]},"properties":{"land":"SE","name":"Simeå","t":"2026-09-04T04:20:03.001Z","yta":8.3,"luft":2.5,"nbd":"no","sno":false}},{"type":"Feature","geometry":{"type":"Point","coordinates":[16.51295,61.3508]},"properties":{"land":"SE","name":"Rengsjö","t":"2026-09-04T04:20:03.001Z","yta":9.8,"luft":3.3,"nbd":"no","sno":false}},{"type":"Feature","geometry":{"type":"Point","coordinates":[14.79805,61.3877]},"properties":{"land":"SE","name":"Koppången","t":"2026-09-04T04:20:03.000Z","yta":6.9,"luft":2.8,"nbd":"no","sno":false}},{"type":"Feature","geometry":{"type":"Point","coordinates":[14.46917,58.94775]},"properties":{"land":"SE","name":"Herrefallet","t":"2026-09-04T04:20:03.000Z","yta":12.9,"luft":9.9,"nbd":"no","sno":false}},{"type":"Feature","geometry":{"type":"Point","coordinates":[14.46499,59.19336]},"properties":{"land":"SE","name":"Luten","t":"2026-09-04T04:20:03.000Z","yta":12.8,"luft":6.9,"nbd":"no","sno":false}},{"type":"Feature","geometry":{"type":"Point","coordinates":[15.0086,59.2435]},"properties":{"land":"SE","name":"Lanna","t":"2026-09-04T04:20:03.000Z","yta":10.6,"luft":6,"nbd":"no","sno":false}},{"type":"Feature","geometry":{"type":"Point","coordinates":[15.41206,59.23004]},"properties":{"land":"SE","name":"Resta","t":"2026-09-04T04:20:03.001Z","yta":10.6,"luft":6.2,"nbd":"no","sno":false}},{"type":"Feature","geometry":{"type":"Point","coordinates":[14.92733,58.83945]},"properties":{"land":"SE","name":"Lilla Hammarsund","t":"2026-09-04T04:20:03.001Z","yta":13.2,"luft":9.9,"nbd":"no","sno":false}},{"type":"Feature","geometry":{"type":"Point","coordinates":[15.13717,59.64346]},"properties":{"land":"SE","name":"Hellabacken","t":"2026-09-04T04:20:03.000Z","yta":10.2,"luft":6.7,"nbd":"no","sno":false}},{"type":"Feature","geometry":{"type":"Point","coordinates":[15.47218,59.76081]},"properties":{"land":"SE","name":"Hägernäs","t":"2026-09-04T04:20:03.001Z","yta":10.4,"luft":5.2,"nbd":"no","sno":false}},{"type":"Feature","geometry":{"type":"Point","coordinates":[11.81582,59.50657]},"properties":{"land":"SE","name":"Töcksfors","t":"2026-09-04T04:20:03.000Z","yta":11.9,"luft":8.8,"nbd":"no","sno":false}},{"type":"Feature","geometry":{"type":"Point","coordinates":[15.23628,59.13025]},"properties":{"land":"SE","name":"Kvarntorp","t":"2026-09-04T04:20:03.000Z","yta":9.2,"luft":6.2,"nbd":"no","sno":false}},{"type":"Feature","geometry":{"type":"Point","coordinates":[15.48433,59.46093]},"properties":{"land":"SE","name":"Sverkesta","t":"2026-09-04T04:20:03.001Z","yta":10.1,"luft":4.5,"nbd":"no","sno":false}},{"type":"Feature","geometry":{"type":"Point","coordinates":[15.01808,59.89607]},"properties":{"land":"SE","name":"Kopparberg","t":"2026-09-04T04:20:03.001Z","yta":8.1,"luft":2.1,"nbd":"no","sno":false}},{"type":"Feature","geometry":{"type":"Point","coordinates":[14.97861,60.02542]},"properties":{"land":"SE","name":"Basttjärn","t":"2026-09-04T04:20:03.001Z","yta":9.8,"luft":6.9,"nbd":"no","sno":false}},{"type":"Feature","geometry":{"type":"Point","coordinates":[14.3313,59.78517]},"properties":{"land":"SE","name":"Pickarbo","t":"2026-09-04T04:20:03.001Z","yta":8,"luft":6,"nbd":"no","sno":false}},{"type":"Feature","geometry":{"type":"Point","coordinates":[12.62267,60.02018]},"properties":{"land":"SE","name":"Bogen","t":"2026-09-04T04:20:03.001Z","yta":8.5,"luft":4.7,"nbd":"no","sno":false}},{"type":"Feature","geometry":{"type":"Point","coordinates":[13.25744,60.42345]},"properties":{"land":"SE","name":"Stöllet","t":"2026-09-04T04:20:03.001Z","yta":11.7,"luft":2.8,"nbd":"no","sno":false}},{"type":"Feature","geometry":{"type":"Point","coordinates":[15.12504,59.19265]},"properties":{"land":"SE","name":"Mosås","t":"2026-09-04T04:20:03.001Z","yta":10,"luft":5.8,"nbd":"no","sno":false}},{"type":"Feature","geometry":{"type":"Point","coordinates":[13.01138,60.24733]},"properties":{"land":"SE","name":"Vadje","t":"2026-09-04T04:20:03.000Z","yta":10.7,"luft":4.6,"nbd":"no","sno":false}},{"type":"Feature","geometry":{"type":"Point","coordinates":[13.13367,59.72571]},"properties":{"land":"SE","name":"S Berga","t":"2026-09-04T04:20:03.006Z","yta":11.4,"luft":7.6,"nbd":"no","sno":false}},{"type":"Feature","geometry":{"type":"Point","coordinates":[13.70538,59.81202]},"properties":{"land":"SE","name":"Mångstorp","t":"2026-09-04T04:20:03.000Z","yta":8.9,"luft":5.7,"nbd":"no","sno":false}},{"type":"Feature","geometry":{"type":"Point","coordinates":[12.60872,60.20856]},"properties":{"land":"SE","name":"Vittjärn","t":"2026-09-04T04:20:03.001Z","yta":9.8,"luft":3.2,"nbd":"no","sno":false}},{"type":"Feature","geometry":{"type":"Point","coordinates":[13.0968,59.99261]},"properties":{"land":"SE","name":"Stöpafors","t":"2026-09-04T04:20:03.001Z","yta":10.5,"luft":6.9,"nbd":"no","sno":false}},{"type":"Feature","geometry":{"type":"Point","coordinates":[13.39538,60.28845]},"properties":{"land":"SE","name":"Fastnäs","t":"2026-09-04T04:20:03.000Z","yta":11.2,"luft":3.8,"nbd":"no","sno":false}},{"type":"Feature","geometry":{"type":"Point","coordinates":[12.27461,59.91077]},"properties":{"land":"SE","name":"Eda","t":"2026-09-04T04:20:03.000Z","yta":10.7,"luft":5.8,"nbd":"no","sno":false}},{"type":"Feature","geometry":{"type":"Point","coordinates":[17.54124,59.00724]},"properties":{"land":"SE","name":"404 Lillsjön Fjärryta","t":"2026-09-04T03:55:03.000Z","yta":8.1,"luft":null,"nbd":null,"sno":false}},{"type":"Feature","geometry":{"type":"Point","coordinates":[18.1046,59.35698]},"properties":{"land":"SE","name":"251 Lidingöbron Fjärryta","t":"2026-09-04T04:15:03.001Z","yta":11.4,"luft":null,"nbd":null,"sno":false}},{"type":"Feature","geometry":{"type":"Point","coordinates":[16.08126,57.262]},"properties":{"land":"SE","name":"Bockara","t":"2026-09-04T04:20:03.000Z","yta":14.9,"luft":13.5,"nbd":"rain","sno":false}},{"type":"Feature","geometry":{"type":"Point","coordinates":[16.51541,59.61865]},"properties":{"land":"SE","name":"1924 Vallbymotet Fjärryta","t":"2026-09-04T04:05:03.001Z","yta":8.7,"luft":null,"nbd":null,"sno":false}},{"type":"Feature","geometry":{"type":"Point","coordinates":[15.57707,57.40869]},"properties":{"land":"SE","name":"Järnforsen","t":"2026-09-04T04:20:03.001Z","yta":14.2,"luft":12.9,"nbd":"no","sno":false}},{"type":"Feature","geometry":{"type":"Point","coordinates":[16.45862,57.29351]},"properties":{"land":"SE","name":"Oskarshamn","t":"2026-09-04T04:20:03.001Z","yta":14.3,"luft":13.2,"nbd":"rain","sno":false}},{"type":"Feature","geometry":{"type":"Point","coordinates":[16.7322,56.88985]},"properties":{"land":"SE","name":"Borgholm","t":"2026-09-04T04:20:03.001Z","yta":15.7,"luft":14.8,"nbd":"no","sno":false}},{"type":"Feature","geometry":{"type":"Point","coordinates":[15.60767,57.14977]},"properties":{"land":"SE","name":"Fagerhult","t":"2026-09-04T04:20:03.001Z","yta":13.9,"luft":12.5,"nbd":"no","sno":false}},{"type":"Feature","geometry":{"type":"Point","coordinates":[15.86829,59.06712]},"properties":{"land":"SE","name":"Hacksta","t":"2026-09-04T04:20:03.000Z","yta":11.4,"luft":4.8,"nbd":"no","sno":false}},{"type":"Feature","geometry":{"type":"Point","coordinates":[17.1767,59.24178]},"properties":{"land":"SE","name":"Läggesta","t":"2026-09-04T04:20:03.001Z","yta":8.9,"luft":3.9,"nbd":"no","sno":false}},{"type":"Feature","geometry":{"type":"Point","coordinates":[16.53657,58.90833]},"properties":{"land":"SE","name":"412 Hål Fjärryta","t":"2026-09-04T04:20:03.001Z","yta":null,"luft":null,"nbd":null,"sno":false}},{"type":"Feature","geometry":{"type":"Point","coordinates":[16.83437,59.08184]},"properties":{"land":"SE","name":"Sparreholm","t":"2026-09-04T04:20:03.001Z","yta":12,"luft":6.2,"nbd":"no","sno":false}},{"type":"Feature","geometry":{"type":"Point","coordinates":[16.60295,59.24119]},"properties":{"land":"SE","name":"Slytan","t":"2026-09-04T04:20:03.001Z","yta":8.9,"luft":4.6,"nbd":"no","sno":false}},{"type":"Feature","geometry":{"type":"Point","coordinates":[17.33014,58.9081]},"properties":{"land":"SE","name":"Brohagen","t":"2026-09-04T04:20:03.001Z","yta":7.4,"luft":3.8,"nbd":"no","sno":false}},{"type":"Feature","geometry":{"type":"Point","coordinates":[16.19792,58.84261]},"properties":{"land":"SE","name":"Västeråsen","t":"2026-09-04T04:20:03.001Z","yta":9,"luft":5.6,"nbd":"no","sno":false}},{"type":"Feature","geometry":{"type":"Point","coordinates":[16.85329,58.75713]},"properties":{"land":"SE","name":"Enstaberga","t":"2026-09-04T04:20:03.001Z","yta":9.7,"luft":7.2,"nbd":"no","sno":false}},{"type":"Feature","geometry":{"type":"Point","coordinates":[17.22561,59.05559]},"properties":{"land":"SE","name":"Grinda","t":"2026-09-04T04:20:03.001Z","yta":8.5,"luft":2.2,"nbd":"no","sno":false}},{"type":"Feature","geometry":{"type":"Point","coordinates":[17.14962,58.82191]},"properties":{"land":"SE","name":"Svärta","t":"2026-09-04T04:20:03.001Z","yta":10.2,"luft":6.1,"nbd":"no","sno":false}},{"type":"Feature","geometry":{"type":"Point","coordinates":[16.85856,59.63481]},"properties":{"land":"SE","name":"Lillån","t":"2026-09-04T04:20:03.001Z","yta":null,"luft":3.1,"nbd":"no","sno":false}},{"type":"Feature","geometry":{"type":"Point","coordinates":[17.51135,60.32439]},"properties":{"land":"SE","name":"Tierp","t":"2026-09-04T04:20:03.000Z","yta":8.9,"luft":3.7,"nbd":"no","sno":false}},{"type":"Feature","geometry":{"type":"Point","coordinates":[17.54102,59.00632]},"properties":{"land":"SE","name":"Lillsjön","t":"2026-09-04T04:20:03.001Z","yta":9,"luft":4.6,"nbd":"no","sno":false}},{"type":"Feature","geometry":{"type":"Point","coordinates":[16.75354,58.83006]},"properties":{"land":"SE","name":"Nykyrka","t":"2026-09-04T04:20:03.000Z","yta":10.1,"luft":7.5,"nbd":"no","sno":false}},{"type":"Feature","geometry":{"type":"Point","coordinates":[17.49551,60.21591]},"properties":{"land":"SE","name":"Nya Månkarbo","t":"2026-09-04T04:20:03.001Z","yta":9.5,"luft":4.7,"nbd":"no","sno":false}},{"type":"Feature","geometry":{"type":"Point","coordinates":[16.89506,59.77428]},"properties":{"land":"SE","name":"Simtuna","t":"2026-09-04T04:20:03.005Z","yta":9.7,"luft":2,"nbd":"no","sno":false}},{"type":"Feature","geometry":{"type":"Point","coordinates":[17.65585,59.94887]},"properties":{"land":"SE","name":"326 Uppsala Fjärryta","t":"2026-09-04T04:20:03.001Z","yta":9.7,"luft":null,"nbd":null,"sno":false}},{"type":"Feature","geometry":{"type":"Point","coordinates":[21.83118,65.69458]},"properties":{"land":"SE","name":"N Sunderbyn","t":"2026-09-04T04:20:03.001Z","yta":12,"luft":11.6,"nbd":"no","sno":false}},{"type":"Feature","geometry":{"type":"Point","coordinates":[20.45339,63.87147]},"properties":{"land":"SE","name":"Täfteböle","t":"2026-09-04T04:20:03.001Z","yta":7.9,"luft":2.6,"nbd":"no","sno":false}},{"type":"Feature","geometry":{"type":"Point","coordinates":[17.63416,65.20836]},"properties":{"land":"SE","name":"Lomselenäs","t":"2026-09-04T04:20:03.001Z","yta":10.7,"luft":9.6,"nbd":"no","sno":false}},{"type":"Feature","geometry":{"type":"Point","coordinates":[16.53743,60.57876]},"properties":{"land":"SE","name":"2135 Storvik Fjärryta","t":"2026-09-04T04:20:03.085Z","yta":null,"luft":null,"nbd":null,"sno":false}},{"type":"Feature","geometry":{"type":"Point","coordinates":[17.03246,61.23232]},"properties":{"land":"SE","name":"2108 Ljusne Fjärryta","t":"2026-09-04T04:20:03.000Z","yta":null,"luft":null,"nbd":null,"sno":false}},{"type":"Feature","geometry":{"type":"Point","coordinates":[17.03194,61.23234]},"properties":{"land":"SE","name":"Ljusne","t":"2026-09-04T04:20:03.000Z","yta":8.9,"luft":6.1,"nbd":"no","sno":false}},{"type":"Feature","geometry":{"type":"Point","coordinates":[13.40264,59.86734]},"properties":{"land":"SE","name":"Annefors","t":"2026-09-04T04:20:03.001Z","yta":11.4,"luft":7.3,"nbd":"no","sno":false}},{"type":"Feature","geometry":{"type":"Point","coordinates":[14.17572,60.11296]},"properties":{"land":"SE","name":"Lönnhöjden","t":"2026-09-04T04:20:03.001Z","yta":9.1,"luft":1.7,"nbd":"no","sno":false}},{"type":"Feature","geometry":{"type":"Point","coordinates":[12.50797,61.02176]},"properties":{"land":"SE","name":"Storberget","t":"2026-09-04T04:20:03.001Z","yta":8.8,"luft":3.5,"nbd":"no","sno":false}},{"type":"Feature","geometry":{"type":"Point","coordinates":[12.55393,59.7097]},"properties":{"land":"SE","name":"Speked","t":"2026-09-04T04:20:03.001Z","yta":11.7,"luft":8.3,"nbd":"rain","sno":false}},{"type":"Feature","geometry":{"type":"Point","coordinates":[13.80746,59.61059]},"properties":{"land":"SE","name":"1707 Högåsen Fjärryta","t":"2026-09-04T04:20:03.001Z","yta":null,"luft":null,"nbd":null,"sno":false}},{"type":"Feature","geometry":{"type":"Point","coordinates":[15.48451,59.46091]},"properties":{"land":"SE","name":"1804 Sverkesta Fjärryta","t":"2026-09-04T04:15:03.001Z","yta":8.7,"luft":null,"nbd":null,"sno":false}},{"type":"Feature","geometry":{"type":"Point","coordinates":[13.13351,59.726]},"properties":{"land":"SE","name":"1738 S Berga Fjärryta","t":"2026-09-04T04:15:03.000Z","yta":null,"luft":null,"nbd":null,"sno":false}},{"type":"Feature","geometry":{"type":"Point","coordinates":[15.58133,56.30454]},"properties":{"land":"SE","name":"Norr Rödeby","t":"2026-09-04T04:15:03.000Z","yta":13.7,"luft":13.3,"nbd":"no","sno":false}},{"type":"Feature","geometry":{"type":"Point","coordinates":[14.24952,56.36816]},"properties":{"land":"SE","name":"Lönsboda","t":"2026-09-04T04:15:03.001Z","yta":13.6,"luft":12.8,"nbd":"no","sno":false}},{"type":"Feature","geometry":{"type":"Point","coordinates":[13.26916,59.39091]},"properties":{"land":"SE","name":"1702 Mon Fjärryta","t":"2026-09-04T04:05:03.001Z","yta":null,"luft":null,"nbd":null,"sno":false}},{"type":"Feature","geometry":{"type":"Point","coordinates":[15.3724,56.43346]},"properties":{"land":"SE","name":"Eringsboda","t":"2026-09-04T04:15:03.000Z","yta":14,"luft":12.9,"nbd":"no","sno":false}},{"type":"Feature","geometry":{"type":"Point","coordinates":[15.95172,59.91844]},"properties":{"land":"SE","name":"1912 Åmänningen Fjärryta","t":"2026-09-04T04:10:03.001Z","yta":null,"luft":null,"nbd":null,"sno":false}},{"type":"Feature","geometry":{"type":"Point","coordinates":[14.90455,56.18801]},"properties":{"land":"SE","name":"Karlshamn","t":"2026-09-04T04:15:03.001Z","yta":13.7,"luft":14.2,"nbd":"no","sno":false}},{"type":"Feature","geometry":{"type":"Point","coordinates":[15.21282,56.22175]},"properties":{"land":"SE","name":"Galtsjön","t":"2026-09-04T04:15:03.000Z","yta":14,"luft":14,"nbd":"no","sno":false}},{"type":"Feature","geometry":{"type":"Point","coordinates":[15.58156,56.21324]},"properties":{"land":"SE","name":"Rosenholm K.krona","t":"2026-09-04T04:15:03.000Z","yta":14.6,"luft":14.2,"nbd":"no","sno":false}},{"type":"Feature","geometry":{"type":"Point","coordinates":[14.55171,56.06482]},"properties":{"land":"SE","name":"Sissebäck","t":"2026-09-04T04:15:03.001Z","yta":14,"luft":14.6,"nbd":"no","sno":false}},{"type":"Feature","geometry":{"type":"Point","coordinates":[14.92666,58.83919]},"properties":{"land":"SE","name":"1802 Lilla Hammarsund Fjärryta","t":"2026-09-04T04:20:03.001Z","yta":12.6,"luft":null,"nbd":null,"sno":false}},{"type":"Feature","geometry":{"type":"Point","coordinates":[14.39915,59.32109]},"properties":{"land":"SE","name":"Linnebäck","t":"2026-09-04T04:20:03.001Z","yta":9.9,"luft":6.5,"nbd":"no","sno":false}},{"type":"Feature","geometry":{"type":"Point","coordinates":[13.9089,60.02189]},"properties":{"land":"SE","name":"Gumhöjden","t":"2026-09-04T04:20:03.001Z","yta":6.1,"luft":2.6,"nbd":"no","sno":false}},{"type":"Feature","geometry":{"type":"Point","coordinates":[17.84313,59.24745]},"properties":{"land":"SE","name":"Hallunda","t":"2026-09-04T04:20:03.001Z","yta":10.1,"luft":7.6,"nbd":"no","sno":false}},{"type":"Feature","geometry":{"type":"Point","coordinates":[12.78825,59.40579]},"properties":{"land":"SE","name":"Stömne","t":"2026-09-04T04:20:03.001Z","yta":12.8,"luft":10.2,"nbd":"no","sno":false}},{"type":"Feature","geometry":{"type":"Point","coordinates":[13.25258,60.20662]},"properties":{"land":"SE","name":"Knappåsen","t":"2026-09-04T04:20:03.000Z","yta":8.2,"luft":4.5,"nbd":"no","sno":false}},{"type":"Feature","geometry":{"type":"Point","coordinates":[12.70407,60.65446]},"properties":{"land":"SE","name":"Kindsjön","t":"2026-09-04T04:20:03.001Z","yta":10.7,"luft":4.9,"nbd":"no","sno":false}},{"type":"Feature","geometry":{"type":"Point","coordinates":[14.18282,59.19912]},"properties":{"land":"SE","name":"Stormon","t":"2026-09-04T04:20:03.001Z","yta":11.2,"luft":8.4,"nbd":"no","sno":false}},{"type":"Feature","geometry":{"type":"Point","coordinates":[12.17169,59.3878]},"properties":{"land":"SE","name":"Årjäng","t":"2026-09-04T04:20:03.001Z","yta":11.6,"luft":7.8,"nbd":"no","sno":false}},{"type":"Feature","geometry":{"type":"Point","coordinates":[12.55664,59.70938]},"properties":{"land":"SE","name":"1739 Speked Fjärryta","t":"2026-09-04T04:20:03.001Z","yta":11.9,"luft":null,"nbd":null,"sno":false}},{"type":"Feature","geometry":{"type":"Point","coordinates":[13.59619,59.39983]},"properties":{"land":"SE","name":"Alster","t":"2026-09-04T04:20:03.001Z","yta":12.3,"luft":9.3,"nbd":"no","sno":false}},{"type":"Feature","geometry":{"type":"Point","coordinates":[12.6148,60.3851]},"properties":{"land":"SE","name":"Röjdåfors","t":"2026-09-04T04:20:03.000Z","yta":9.7,"luft":5.8,"nbd":"no","sno":false}},{"type":"Feature","geometry":{"type":"Point","coordinates":[13.56298,59.90514]},"properties":{"land":"SE","name":"Höje","t":"2026-09-04T04:20:03.001Z","yta":9.5,"luft":5.5,"nbd":"no","sno":false}},{"type":"Feature","geometry":{"type":"Point","coordinates":[13.17176,60.35375]},"properties":{"land":"SE","name":"Ruskåsen","t":"2026-09-04T04:20:03.001Z","yta":8,"luft":1.9,"nbd":"no","sno":false}},{"type":"Feature","geometry":{"type":"Point","coordinates":[13.46294,59.54196]},"properties":{"land":"SE","name":"Forshaga","t":"2026-09-04T04:20:03.000Z","yta":12.2,"luft":8.5,"nbd":"no","sno":false}},{"type":"Feature","geometry":{"type":"Point","coordinates":[14.33808,58.68268]},"properties":{"land":"SE","name":"Grindstugan","t":"2026-09-04T04:20:03.000Z","yta":16,"luft":11.4,"nbd":"no","sno":false}},{"type":"Feature","geometry":{"type":"Point","coordinates":[14.29202,59.30978]},"properties":{"land":"SE","name":"Ristjärn","t":"2026-09-04T04:20:03.001Z","yta":10.4,"luft":10.1,"nbd":"no","sno":false}},{"type":"Feature","geometry":{"type":"Point","coordinates":[14.23533,59.44107]},"properties":{"land":"SE","name":"Nässundet","t":"2026-09-04T04:20:03.001Z","yta":null,"luft":9.3,"nbd":"no","sno":false}},{"type":"Feature","geometry":{"type":"Point","coordinates":[14.19634,59.68604]},"properties":{"land":"SE","name":"Stensta","t":"2026-09-04T04:20:03.001Z","yta":11.6,"luft":6.7,"nbd":"no","sno":false}},{"type":"Feature","geometry":{"type":"Point","coordinates":[14.09895,58.80494]},"properties":{"land":"SE","name":"1609 Lyrestad Fjärryta","t":"2026-09-04T04:05:03.001Z","yta":null,"luft":null,"nbd":null,"sno":false}},{"type":"Feature","geometry":{"type":"Point","coordinates":[12.50679,58.78002]},"properties":{"land":"SE","name":"1531 Köpmannebro Fjärryta","t":"2026-09-04T04:15:03.001Z","yta":13.7,"luft":null,"nbd":null,"sno":false}},{"type":"Feature","geometry":{"type":"Point","coordinates":[16.87831,63.44002]},"properties":{"land":"SE","name":"Nämforsen","t":"2026-09-04T04:20:03.001Z","yta":10.3,"luft":2.3,"nbd":"no","sno":false}},{"type":"Feature","geometry":{"type":"Point","coordinates":[16.73914,62.76284]},"properties":{"land":"SE","name":"Sillre","t":"2026-09-04T04:20:03.001Z","yta":9.1,"luft":6.2,"nbd":"no","sno":false}},{"type":"Feature","geometry":{"type":"Point","coordinates":[17.6701,63.03237]},"properties":{"land":"SE","name":"Okenberget","t":"2026-09-04T04:20:03.001Z","yta":7.1,"luft":3.7,"nbd":"no","sno":false}},{"type":"Feature","geometry":{"type":"Point","coordinates":[18.2542,63.41774]},"properties":{"land":"SE","name":"Mellansel","t":"2026-09-04T04:20:03.001Z","yta":7.4,"luft":1.9,"nbd":"no","sno":false}},{"type":"Feature","geometry":{"type":"Point","coordinates":[17.45301,62.51646]},"properties":{"land":"SE","name":"Deltavägen","t":"2026-09-04T04:20:03.000Z","yta":8.2,"luft":5.7,"nbd":"no","sno":false}},{"type":"Feature","geometry":{"type":"Point","coordinates":[16.86308,63.48617]},"properties":{"land":"SE","name":"Holafors/Näsåker","t":"2026-09-04T04:20:03.000Z","yta":8.1,"luft":1.6,"nbd":"no","sno":false}},{"type":"Feature","geometry":{"type":"Point","coordinates":[16.87648,62.37616]},"properties":{"land":"SE","name":"Nedansjö","t":"2026-09-04T04:20:03.001Z","yta":null,"luft":8,"nbd":"no","sno":false}},{"type":"Feature","geometry":{"type":"Point","coordinates":[18.64384,59.57512]},"properties":{"land":"SE","name":"Vätterhaga","t":"2026-09-04T04:20:03.001Z","yta":9.9,"luft":4.7,"nbd":"no","sno":false}},{"type":"Feature","geometry":{"type":"Point","coordinates":[17.68126,63.77018]},"properties":{"land":"SE","name":"Solberg","t":"2026-09-04T04:20:03.001Z","yta":7.2,"luft":4.6,"nbd":"no","sno":false}},{"type":"Feature","geometry":{"type":"Point","coordinates":[18.12075,59.23986]},"properties":{"land":"SE","name":"Farsta","t":"2026-09-04T04:20:03.001Z","yta":9.4,"luft":7.2,"nbd":"no","sno":false}},{"type":"Feature","geometry":{"type":"Point","coordinates":[17.03914,61.68189]},"properties":{"land":"SE","name":"Stor Yan","t":"2026-09-04T04:20:03.001Z","yta":10.9,"luft":6.9,"nbd":"no","sno":false}},{"type":"Feature","geometry":{"type":"Point","coordinates":[17.69184,63.15141]},"properties":{"land":"SE","name":"Grillom","t":"2026-09-04T04:20:03.002Z","yta":10.7,"luft":4.1,"nbd":"no","sno":false}},{"type":"Feature","geometry":{"type":"Point","coordinates":[17.04746,62.36276]},"properties":{"land":"SE","name":"Vattjom","t":"2026-09-04T04:20:03.000Z","yta":8.4,"luft":6.5,"nbd":"no","sno":false}},{"type":"Feature","geometry":{"type":"Point","coordinates":[15.3148,61.98233]},"properties":{"land":"SE","name":"Kårböle 2","t":"2026-09-04T04:20:03.000Z","yta":10.1,"luft":7,"nbd":"no","sno":false}},{"type":"Feature","geometry":{"type":"Point","coordinates":[17.97234,63.27099]},"properties":{"land":"SE","name":"Gålsjö","t":"2026-09-04T04:20:03.001Z","yta":null,"luft":1,"nbd":"no","sno":false}},{"type":"Feature","geometry":{"type":"Point","coordinates":[18.16655,59.25792]},"properties":{"land":"SE","name":"Älta","t":"2026-09-04T04:20:03.001Z","yta":9.7,"luft":7.9,"nbd":"no","sno":false}},{"type":"Feature","geometry":{"type":"Point","coordinates":[18.22075,59.4958]},"properties":{"land":"SE","name":"Åkersberga","t":"2026-09-04T04:20:03.000Z","yta":8.5,"luft":5.3,"nbd":"no","sno":false}},{"type":"Feature","geometry":{"type":"Point","coordinates":[18.67241,63.2954]},"properties":{"land":"SE","name":"Örnsköldsvik","t":"2026-09-04T04:20:03.001Z","yta":8.3,"luft":5.2,"nbd":"no","sno":false}},{"type":"Feature","geometry":{"type":"Point","coordinates":[13.45325,58.16376]},"properties":{"land":"SE","name":"Marka","t":"2026-09-04T04:20:03.001Z","yta":14.2,"luft":12.3,"nbd":"no","sno":false}},{"type":"Feature","geometry":{"type":"Point","coordinates":[14.09601,58.98877]},"properties":{"land":"SE","name":"1630 Gullspång Fjärryta","t":"2026-09-04T04:20:03.001Z","yta":null,"luft":null,"nbd":null,"sno":false}},{"type":"Feature","geometry":{"type":"Point","coordinates":[12.54188,57.66438]},"properties":{"land":"SE","name":"1506 Kulla Fjärryta","t":"2026-09-04T04:10:03.000Z","yta":null,"luft":null,"nbd":null,"sno":false}},{"type":"Feature","geometry":{"type":"Point","coordinates":[14.30406,58.46764]},"properties":{"land":"SE","name":"Fagersanna","t":"2026-09-04T04:20:03.001Z","yta":null,"luft":12.9,"nbd":"rain","sno":false}},{"type":"Feature","geometry":{"type":"Point","coordinates":[13.34506,57.81732]},"properties":{"land":"SE","name":"Röstesjön","t":"2026-09-04T04:20:03.000Z","yta":13.3,"luft":12.4,"nbd":"rain","sno":false}},{"type":"Feature","geometry":{"type":"Point","coordinates":[17.38256,59.6229]},"properties":{"land":"SE","name":"317 Ekolsundsbron Fjärryta","t":"2026-09-04T04:15:03.000Z","yta":9.1,"luft":null,"nbd":null,"sno":false}},{"type":"Feature","geometry":{"type":"Point","coordinates":[16.47254,58.74248]},"properties":{"land":"SE","name":"Nya Korsbäcken","t":"2026-09-04T04:20:03.001Z","yta":9.3,"luft":6.2,"nbd":"no","sno":false}},{"type":"Feature","geometry":{"type":"Point","coordinates":[17.32995,58.90815]},"properties":{"land":"SE","name":"405 Brohagen Fjärryta","t":"2026-09-04T03:55:03.001Z","yta":null,"luft":null,"nbd":null,"sno":false}},{"type":"Feature","geometry":{"type":"Point","coordinates":[16.28378,58.67749]},"properties":{"land":"SE","name":"Kolmården","t":"2026-09-04T04:20:03.001Z","yta":11,"luft":8.5,"nbd":"no","sno":false}},{"type":"Feature","geometry":{"type":"Point","coordinates":[17.83397,60.1951]},"properties":{"land":"SE","name":"Dannemora","t":"2026-09-03T00:35:03.001Z","yta":13.5,"luft":9.3,"nbd":"no","sno":false}},{"type":"Feature","geometry":{"type":"Point","coordinates":[16.03046,58.53154]},"properties":{"land":"SE","name":"Lövstad","t":"2026-09-04T04:20:03.000Z","yta":12.9,"luft":9.7,"nbd":"no","sno":false}},{"type":"Feature","geometry":{"type":"Point","coordinates":[16.92078,59.36031]},"properties":{"land":"SE","name":"Härad","t":"2026-09-04T04:20:03.001Z","yta":8.1,"luft":2.4,"nbd":"no","sno":false}},{"type":"Feature","geometry":{"type":"Point","coordinates":[16.8522,58.95001]},"properties":{"land":"SE","name":"Vallhalla","t":"2026-09-04T04:20:03.000Z","yta":8.9,"luft":4.1,"nbd":"no","sno":false}},{"type":"Feature","geometry":{"type":"Point","coordinates":[17.04798,58.69095]},"properties":{"land":"SE","name":"Oxelösund","t":"2026-09-04T04:20:03.000Z","yta":12.1,"luft":8.6,"nbd":"no","sno":false}},{"type":"Feature","geometry":{"type":"Point","coordinates":[16.78022,59.38015]},"properties":{"land":"SE","name":"429 Eskilstuna Ö Fjärryta","t":"2026-09-04T04:20:03.001Z","yta":null,"luft":null,"nbd":null,"sno":false}},{"type":"Feature","geometry":{"type":"Point","coordinates":[16.78683,59.37887]},"properties":{"land":"SE","name":"Eskilstuna Ö","t":"2026-09-04T04:20:03.001Z","yta":9.3,"luft":3.5,"nbd":"no","sno":false}},{"type":"Feature","geometry":{"type":"Point","coordinates":[15.08343,58.24846]},"properties":{"land":"SE","name":"Öringe","t":"2026-09-04T04:20:03.000Z","yta":15.3,"luft":12.1,"nbd":"rain","sno":false}},{"type":"Feature","geometry":{"type":"Point","coordinates":[17.01225,59.44863]},"properties":{"land":"SE","name":"Björndalsviken","t":"2026-09-04T04:20:03.000Z","yta":8.6,"luft":4.7,"nbd":"no","sno":false}},{"type":"Feature","geometry":{"type":"Point","coordinates":[16.53666,58.90833]},"properties":{"land":"SE","name":"Hål","t":"2026-09-04T04:20:03.001Z","yta":12,"luft":3.8,"nbd":"no","sno":false}},{"type":"Feature","geometry":{"type":"Point","coordinates":[17.87957,60.40186]},"properties":{"land":"SE","name":"Lövstabruk","t":"2026-09-04T04:20:03.001Z","yta":11.2,"luft":3.8,"nbd":"no","sno":false}},{"type":"Feature","geometry":{"type":"Point","coordinates":[16.99639,59.58524]},"properties":{"land":"SE","name":"Svinnegarn","t":"2026-09-04T04:20:03.001Z","yta":9.6,"luft":1.7,"nbd":"no","sno":false}},{"type":"Feature","geometry":{"type":"Point","coordinates":[21.67568,67.66733]},"properties":{"land":"SE","name":"Vittangi","t":"2026-09-04T04:20:03.001Z","yta":11.4,"luft":9.1,"nbd":"rain","sno":false}},{"type":"Feature","geometry":{"type":"Point","coordinates":[23.50581,66.02773]},"properties":{"land":"SE","name":"Lappträsk","t":"2026-09-04T04:20:03.000Z","yta":12.8,"luft":11.2,"nbd":"no","sno":false}},{"type":"Feature","geometry":{"type":"Point","coordinates":[18.36681,67.4741]},"properties":{"land":"SE","name":"Stora Sjöfallet","t":"2026-09-04T04:20:03.001Z","yta":10.5,"luft":8.8,"nbd":"no","sno":false}},{"type":"Feature","geometry":{"type":"Point","coordinates":[19.82094,66.96028]},"properties":{"land":"SE","name":"Porjus","t":"2026-09-04T04:20:03.000Z","yta":10.4,"luft":8.7,"nbd":"no","sno":false}},{"type":"Feature","geometry":{"type":"Point","coordinates":[23.70938,66.19995]},"properties":{"land":"SE","name":"Bäckesta","t":"2026-09-04T04:20:03.000Z","yta":12.3,"luft":11,"nbd":"no","sno":false}},{"type":"Feature","geometry":{"type":"Point","coordinates":[18.57499,68.4342]},"properties":{"land":"SE","name":"Tornehamn","t":"2026-09-04T04:20:03.001Z","yta":9.9,"luft":7.7,"nbd":"no","sno":false}},{"type":"Feature","geometry":{"type":"Point","coordinates":[20.73824,65.32655]},"properties":{"land":"SE","name":"Önusberget","t":"2026-09-04T04:20:03.000Z","yta":11.7,"luft":8.9,"nbd":"rain","sno":false}},{"type":"Feature","geometry":{"type":"Point","coordinates":[21.76374,65.7576]},"properties":{"land":"SE","name":"Sävastön","t":"2026-09-04T04:20:03.000Z","yta":12.3,"luft":11.5,"nbd":"no","sno":false}},{"type":"Feature","geometry":{"type":"Point","coordinates":[21.45077,65.39206]},"properties":{"land":"SE","name":"Bertnäs","t":"2026-09-04T04:20:03.001Z","yta":11.7,"luft":11.1,"nbd":"rain","sno":false}},{"type":"Feature","geometry":{"type":"Point","coordinates":[19.02747,67.86012]},"properties":{"land":"SE","name":"Nikkaluokta","t":"2026-09-04T04:20:03.001Z","yta":10.5,"luft":8.6,"nbd":"no","sno":false}},{"type":"Feature","geometry":{"type":"Point","coordinates":[18.11643,68.43262]},"properties":{"land":"SE","name":"Riksgränsen","t":"2026-09-04T04:20:03.001Z","yta":8.4,"luft":7.3,"nbd":"no","sno":false}},{"type":"Feature","geometry":{"type":"Point","coordinates":[18.44375,65.58448]},"properties":{"land":"SE","name":"Fiskträsk","t":"2026-09-04T04:20:03.000Z","yta":10.4,"luft":8.9,"nbd":"no","sno":false}},{"type":"Feature","geometry":{"type":"Point","coordinates":[17.54373,65.85957]},"properties":{"land":"SE","name":"Maskaur","t":"2026-09-04T04:20:03.001Z","yta":null,"luft":9.4,"nbd":"rain","sno":false}},{"type":"Feature","geometry":{"type":"Point","coordinates":[19.31239,65.70871]},"properties":{"land":"SE","name":"Rönnberg","t":"2026-09-04T04:20:03.001Z","yta":10.9,"luft":8.9,"nbd":"no","sno":false}},{"type":"Feature","geometry":{"type":"Point","coordinates":[21.75469,68.044]},"properties":{"land":"SE","name":"Nedre Soppero","t":"2026-09-04T04:20:03.001Z","yta":11.4,"luft":8.5,"nbd":"no","sno":false}},{"type":"Feature","geometry":{"type":"Point","coordinates":[18.53652,66.33968]},"properties":{"land":"SE","name":"Lutton","t":"2026-09-04T04:20:03.001Z","yta":null,"luft":8.9,"nbd":"no","sno":false}},{"type":"Feature","geometry":{"type":"Point","coordinates":[19.67458,66.50505]},"properties":{"land":"SE","name":"Vajmat","t":"2026-09-04T04:20:03.001Z","yta":10.8,"luft":9.6,"nbd":"no","sno":false}},{"type":"Feature","geometry":{"type":"Point","coordinates":[16.41673,66.48595]},"properties":{"land":"SE","name":"Roparudden","t":"2026-09-04T04:20:03.001Z","yta":8.6,"luft":8.6,"nbd":"no","sno":false}},{"type":"Feature","geometry":{"type":"Point","coordinates":[12.15406,58.1997]},"properties":{"land":"SE","name":"1523 Torpabron Fjärryta","t":"2026-09-04T04:10:03.001Z","yta":14,"luft":null,"nbd":null,"sno":false}},{"type":"Feature","geometry":{"type":"Point","coordinates":[12.15405,58.19976]},"properties":{"land":"SE","name":"Torpabron","t":"2026-09-04T04:15:03.001Z","yta":15,"luft":14.3,"nbd":"no","sno":false}},{"type":"Feature","geometry":{"type":"Point","coordinates":[22.48294,66.48496]},"properties":{"land":"SE","name":"Lansån","t":"2026-09-04T04:20:03.001Z","yta":11.9,"luft":11.4,"nbd":"rain","sno":false}},{"type":"Feature","geometry":{"type":"Point","coordinates":[18.36792,65.89413]},"properties":{"land":"SE","name":"Allejaur","t":"2026-09-04T04:20:03.001Z","yta":10.1,"luft":9,"nbd":"no","sno":false}},{"type":"Feature","geometry":{"type":"Point","coordinates":[22.40316,67.424]},"properties":{"land":"SE","name":"Junosuando","t":"2026-09-04T04:20:03.000Z","yta":13.4,"luft":9.6,"nbd":"no","sno":false}},{"type":"Feature","geometry":{"type":"Point","coordinates":[18.05399,60.05141]},"properties":{"land":"SE","name":"Alunda","t":"2026-09-04T04:20:03.001Z","yta":9.2,"luft":4.2,"nbd":"no","sno":false}},{"type":"Feature","geometry":{"type":"Point","coordinates":[21.19325,67.05215]},"properties":{"land":"SE","name":"Leipojärvi","t":"2026-09-04T04:20:03.000Z","yta":10.5,"luft":8.9,"nbd":"no","sno":false}},{"type":"Feature","geometry":{"type":"Point","coordinates":[21.04867,67.27606]},"properties":{"land":"SE","name":"Avvakko","t":"2026-09-04T04:20:03.001Z","yta":9,"luft":7.3,"nbd":"no","sno":false}},{"type":"Feature","geometry":{"type":"Point","coordinates":[21.98351,66.01574]},"properties":{"land":"SE","name":"Niemisel","t":"2026-09-04T04:20:03.001Z","yta":13,"luft":11.7,"nbd":"no","sno":false}},{"type":"Feature","geometry":{"type":"Point","coordinates":[16.0113,66.73128]},"properties":{"land":"SE","name":"Merkenäs Ö","t":"2026-09-04T04:20:03.001Z","yta":7.5,"luft":7.3,"nbd":"no","sno":false}},{"type":"Feature","geometry":{"type":"Point","coordinates":[20.67108,65.7858]},"properties":{"land":"SE","name":"Riddarhällan","t":"2026-09-04T04:20:03.001Z","yta":11.1,"luft":10.1,"nbd":"rain","sno":false}},{"type":"Feature","geometry":{"type":"Point","coordinates":[17.09409,66.32424]},"properties":{"land":"SE","name":"Jäkkvik","t":"2026-09-04T04:20:03.001Z","yta":9.9,"luft":8.4,"nbd":"rain","sno":false}},{"type":"Feature","geometry":{"type":"Point","coordinates":[15.88305,66.75991]},"properties":{"land":"SE","name":"Merkenäs V","t":"2026-09-04T04:20:03.001Z","yta":8.2,"luft":6.6,"nbd":"rain","sno":false}},{"type":"Feature","geometry":{"type":"Point","coordinates":[19.95864,65.67301]},"properties":{"land":"SE","name":"Lauker","t":"2026-09-04T04:20:03.001Z","yta":11.6,"luft":9.3,"nbd":"rain","sno":false}},{"type":"Feature","geometry":{"type":"Point","coordinates":[17.72085,66.95166]},"properties":{"land":"SE","name":"Kvikkjokk","t":"2026-09-04T04:20:03.001Z","yta":10.3,"luft":9.1,"nbd":"no","sno":false}},{"type":"Feature","geometry":{"type":"Point","coordinates":[20.72594,66.36436]},"properties":{"land":"SE","name":"Rimjokk","t":"2026-09-04T04:20:03.001Z","yta":12.5,"luft":11.1,"nbd":"no","sno":false}},{"type":"Feature","geometry":{"type":"Point","coordinates":[22.0513,67.45409]},"properties":{"land":"SE","name":"Masugnsbyn","t":"2026-09-04T04:20:03.001Z","yta":11.2,"luft":8.7,"nbd":"no","sno":false}},{"type":"Feature","geometry":{"type":"Point","coordinates":[19.98354,66.15222]},"properties":{"land":"SE","name":"Kåbdalis","t":"2026-09-04T04:20:03.001Z","yta":10.5,"luft":9.9,"nbd":"no","sno":false}},{"type":"Feature","geometry":{"type":"Point","coordinates":[21.87487,66.76504]},"properties":{"land":"SE","name":"Skröven","t":"2026-09-04T04:20:03.000Z","yta":11.7,"luft":10.8,"nbd":"no","sno":false}},{"type":"Feature","geometry":{"type":"Point","coordinates":[23.87031,66.75348]},"properties":{"land":"SE","name":"Valkeakoski","t":"2026-09-04T04:20:03.000Z","yta":12.5,"luft":11.1,"nbd":"no","sno":false}},{"type":"Feature","geometry":{"type":"Point","coordinates":[18.10454,59.35688]},"properties":{"land":"SE","name":"Lidingöbron","t":"2026-09-04T04:20:03.001Z","yta":12.8,"luft":9.7,"nbd":"no","sno":false}},{"type":"Feature","geometry":{"type":"Point","coordinates":[21.3548,65.63538]},"properties":{"land":"SE","name":"Klöverträsk","t":"2026-09-04T04:20:03.001Z","yta":11.8,"luft":10.7,"nbd":"no","sno":false}},{"type":"Feature","geometry":{"type":"Point","coordinates":[21.49879,65.17207]},"properties":{"land":"SE","name":"Jävrebyn","t":"2026-09-04T04:20:03.001Z","yta":12,"luft":10.2,"nbd":"no","sno":false}},{"type":"Feature","geometry":{"type":"Point","coordinates":[19.78166,68.14824]},"properties":{"land":"SE","name":"Bergfors","t":"2026-09-04T04:20:03.001Z","yta":8.6,"luft":6.7,"nbd":"no","sno":false}},{"type":"Feature","geometry":{"type":"Point","coordinates":[23.9912,65.80951]},"properties":{"land":"SE","name":"Salmis","t":"2026-09-04T04:20:03.000Z","yta":11.8,"luft":10.9,"nbd":"no","sno":false}},{"type":"Feature","geometry":{"type":"Point","coordinates":[22.6116,65.90197]},"properties":{"land":"SE","name":"Töre","t":"2026-09-04T04:20:03.001Z","yta":12.3,"luft":11.3,"nbd":"no","sno":false}},{"type":"Feature","geometry":{"type":"Point","coordinates":[21.13018,64.65151]},"properties":{"land":"SE","name":"Bureå","t":"2026-09-04T04:20:03.000Z","yta":13.1,"luft":10.6,"nbd":"no","sno":false}},{"type":"Feature","geometry":{"type":"Point","coordinates":[19.82462,63.61553]},"properties":{"land":"SE","name":"Ängersjö2","t":"2026-09-04T04:20:03.000Z","yta":10.2,"luft":7.9,"nbd":"no","sno":false}},{"type":"Feature","geometry":{"type":"Point","coordinates":[15.88401,64.54342]},"properties":{"land":"SE","name":"Bredsele","t":"2026-09-04T04:20:03.001Z","yta":7.5,"luft":3.3,"nbd":"no","sno":false}},{"type":"Feature","geometry":{"type":"Point","coordinates":[19.30894,63.77245]},"properties":{"land":"SE","name":"Nyåker","t":"2026-09-04T04:20:03.000Z","yta":7.5,"luft":1.6,"nbd":"no","sno":false}},{"type":"Feature","geometry":{"type":"Point","coordinates":[19.9229,64.43465]},"properties":{"land":"SE","name":"Storasävarträsk","t":"2026-09-04T04:20:03.001Z","yta":null,"luft":5.3,"nbd":"no","sno":false}},{"type":"Feature","geometry":{"type":"Point","coordinates":[17.49861,64.19857]},"properties":{"land":"SE","name":"Älgsjö","t":"2026-09-04T04:20:03.001Z","yta":null,"luft":2.3,"nbd":"no","sno":false}},{"type":"Feature","geometry":{"type":"Point","coordinates":[18.84674,64.20992]},"properties":{"land":"SE","name":"Skarda","t":"2026-09-04T04:20:03.000Z","yta":6.8,"luft":2.3,"nbd":"no","sno":false}},{"type":"Feature","geometry":{"type":"Point","coordinates":[14.80457,66.11838]},"properties":{"land":"SE","name":"Kåtaviken","t":"2026-09-04T04:20:03.001Z","yta":null,"luft":7.9,"nbd":"no","sno":false}},{"type":"Feature","geometry":{"type":"Point","coordinates":[20.6659,65.13633]},"properties":{"land":"SE","name":"Fällfors","t":"2026-09-04T04:20:03.001Z","yta":null,"luft":8.8,"nbd":"rain","sno":false}},{"type":"Feature","geometry":{"type":"Point","coordinates":[12.45101,57.83962]},"properties":{"land":"SE","name":"Lillhem","t":"2026-09-04T04:20:03.001Z","yta":13.6,"luft":13.7,"nbd":"no","sno":false}},{"type":"Feature","geometry":{"type":"Point","coordinates":[13.14093,57.60843]},"properties":{"land":"SE","name":"1502 Kila Fjärryta","t":"2026-09-04T04:10:03.001Z","yta":13.3,"luft":null,"nbd":null,"sno":false}},{"type":"Feature","geometry":{"type":"Point","coordinates":[21.02237,66.76056]},"properties":{"land":"SE","name":"Nattavaara by","t":"2026-09-04T04:20:03.001Z","yta":11,"luft":9,"nbd":"no","sno":false}},{"type":"Feature","geometry":{"type":"Point","coordinates":[22.80753,66.16889]},"properties":{"land":"SE","name":"Räktforsen","t":"2026-09-04T04:20:03.000Z","yta":12.2,"luft":11.3,"nbd":"no","sno":false}},{"type":"Feature","geometry":{"type":"Point","coordinates":[21.29114,65.93131]},"properties":{"land":"SE","name":"Bredåker","t":"2026-09-04T04:20:03.003Z","yta":null,"luft":11.1,"nbd":"rain","sno":false}},{"type":"Feature","geometry":{"type":"Point","coordinates":[22.63156,67.15809]},"properties":{"land":"SE","name":"Tärendö","t":"2026-09-04T04:20:03.001Z","yta":null,"luft":10.4,"nbd":"no","sno":false}},{"type":"Feature","geometry":{"type":"Point","coordinates":[23.24254,67.7733]},"properties":{"land":"SE","name":"Kitkiöjoki","t":"2026-09-04T04:20:03.000Z","yta":10.9,"luft":8.7,"nbd":"rain","sno":false}},{"type":"Feature","geometry":{"type":"Point","coordinates":[22.89922,66.68881]},"properties":{"land":"SE","name":"Limingojärvi","t":"2026-09-04T04:20:03.001Z","yta":12.2,"luft":11.1,"nbd":"no","sno":false}},{"type":"Feature","geometry":{"type":"Point","coordinates":[22.14802,66.19946]},"properties":{"land":"SE","name":"Långsel","t":"2026-09-04T04:20:03.001Z","yta":null,"luft":10.9,"nbd":"no","sno":false}},{"type":"Feature","geometry":{"type":"Point","coordinates":[20.1495,63.8262]},"properties":{"land":"SE","name":"Umåker","t":"2026-09-04T04:20:03.001Z","yta":8.7,"luft":6,"nbd":"no","sno":false}},{"type":"Feature","geometry":{"type":"Point","coordinates":[15.19118,64.82152]},"properties":{"land":"SE","name":"Solberg2","t":"2026-09-04T04:20:03.001Z","yta":6.5,"luft":2.4,"nbd":"no","sno":false}},{"type":"Feature","geometry":{"type":"Point","coordinates":[17.59579,59.08173]},"properties":{"land":"SE","name":"Järna","t":"2026-09-04T04:20:03.000Z","yta":8.9,"luft":4.7,"nbd":"no","sno":false}},{"type":"Feature","geometry":{"type":"Point","coordinates":[19.96772,64.61368]},"properties":{"land":"SE","name":"Åsträsk","t":"2026-09-04T04:20:03.000Z","yta":9.2,"luft":7.9,"nbd":"no","sno":false}},{"type":"Feature","geometry":{"type":"Point","coordinates":[18.01997,59.36857]},"properties":{"land":"SE","name":"Solna","t":"2026-09-04T04:20:03.001Z","yta":10.8,"luft":9.3,"nbd":"no","sno":false}},{"type":"Feature","geometry":{"type":"Point","coordinates":[20.35683,63.712]},"properties":{"land":"SE","name":"Holmsund","t":"2026-09-04T04:20:03.000Z","yta":9.8,"luft":8.8,"nbd":"no","sno":false}},{"type":"Feature","geometry":{"type":"Point","coordinates":[17.876,64.64089]},"properties":{"land":"SE","name":"Vinliden","t":"2026-09-04T04:20:03.000Z","yta":8.7,"luft":7.1,"nbd":"no","sno":false}},{"type":"Feature","geometry":{"type":"Point","coordinates":[16.56652,65.3552]},"properties":{"land":"SE","name":"Adolfslund","t":"2026-09-04T04:20:03.001Z","yta":7.5,"luft":5.7,"nbd":"no","sno":false}},{"type":"Feature","geometry":{"type":"Point","coordinates":[14.81495,65.42227]},"properties":{"land":"SE","name":"Gränssjö","t":"2026-09-04T04:20:03.000Z","yta":10,"luft":7.7,"nbd":"no","sno":false}},{"type":"Feature","geometry":{"type":"Point","coordinates":[19.03595,64.40163]},"properties":{"land":"SE","name":"Lillsele","t":"2026-09-04T04:20:03.001Z","yta":8.7,"luft":6.3,"nbd":"no","sno":false}},{"type":"Feature","geometry":{"type":"Point","coordinates":[18.7966,64.82426]},"properties":{"land":"SE","name":"Ruskträsk","t":"2026-09-04T04:20:03.000Z","yta":10,"luft":5.8,"nbd":"no","sno":false}},{"type":"Feature","geometry":{"type":"Point","coordinates":[20.06001,63.71248]},"properties":{"land":"SE","name":"Stugunäs","t":"2026-09-04T04:20:03.001Z","yta":null,"luft":7.7,"nbd":"no","sno":false}},{"type":"Feature","geometry":{"type":"Point","coordinates":[17.1039,65.52031]},"properties":{"land":"SE","name":"Giltjaur","t":"2026-09-04T04:20:03.000Z","yta":9.7,"luft":8.5,"nbd":"no","sno":false}},{"type":"Feature","geometry":{"type":"Point","coordinates":[18.11518,65.24643]},"properties":{"land":"SE","name":"Holmfors 2","t":"2026-09-04T04:20:03.000Z","yta":9.3,"luft":4.4,"nbd":"no","sno":false}},{"type":"Feature","geometry":{"type":"Point","coordinates":[19.70408,65.24462]},"properties":{"land":"SE","name":"Missenträsk","t":"2026-09-04T04:20:03.001Z","yta":10.2,"luft":8.8,"nbd":"rain","sno":false}},{"type":"Feature","geometry":{"type":"Point","coordinates":[16.21224,65.95607]},"properties":{"land":"SE","name":"Ammarnäs","t":"2026-09-04T04:20:03.000Z","yta":9.8,"luft":7.8,"nbd":"rain","sno":false}},{"type":"Feature","geometry":{"type":"Point","coordinates":[19.74408,64.9725]},"properties":{"land":"SE","name":"Bjurträsk","t":"2026-09-04T04:20:03.002Z","yta":9.1,"luft":7.9,"nbd":"no","sno":false}},{"type":"Feature","geometry":{"type":"Point","coordinates":[18.47932,59.34467]},"properties":{"land":"SE","name":"Värmdö","t":"2026-09-04T04:20:03.001Z","yta":9.8,"luft":7.9,"nbd":"no","sno":false}},{"type":"Feature","geometry":{"type":"Point","coordinates":[17.75951,59.27791]},"properties":{"land":"SE","name":"241 Ekerö Fjärryta","t":"2026-09-04T04:20:03.000Z","yta":null,"luft":null,"nbd":null,"sno":false}},{"type":"Feature","geometry":{"type":"Point","coordinates":[17.75933,59.27802]},"properties":{"land":"SE","name":"Ekerö","t":"2026-09-04T04:20:03.000Z","yta":11.6,"luft":9.3,"nbd":"no","sno":false}},{"type":"Feature","geometry":{"type":"Point","coordinates":[20.27178,64.88797]},"properties":{"land":"SE","name":"Renström","t":"2026-09-04T04:20:03.001Z","yta":10.1,"luft":9.2,"nbd":"no","sno":false}},{"type":"Feature","geometry":{"type":"Point","coordinates":[20.98781,64.8453]},"properties":{"land":"SE","name":"Kåge","t":"2026-09-04T04:20:03.001Z","yta":11.2,"luft":9.2,"nbd":"no","sno":false}},{"type":"Feature","geometry":{"type":"Point","coordinates":[19.67621,64.04967]},"properties":{"land":"SE","name":"Älgmyran","t":"2026-09-04T04:20:03.001Z","yta":7.2,"luft":-0.2,"nbd":"no","sno":false}},{"type":"Feature","geometry":{"type":"Point","coordinates":[15.90064,65.48067]},"properties":{"land":"SE","name":"Forsmark 2","t":"2026-09-04T04:20:03.001Z","yta":10.8,"luft":8.3,"nbd":"no","sno":false}},{"type":"Feature","geometry":{"type":"Point","coordinates":[18.01109,59.34099]},"properties":{"land":"SE","name":"Essingeleden, Karlb.","t":"2026-09-04T04:20:03.000Z","yta":11.6,"luft":11.2,"nbd":"no","sno":false}},{"type":"Feature","geometry":{"type":"Point","coordinates":[18.37734,64.07201]},"properties":{"land":"SE","name":"Fredrika","t":"2026-09-04T04:20:03.001Z","yta":6.7,"luft":2.3,"nbd":"no","sno":false}},{"type":"Feature","geometry":{"type":"Point","coordinates":[19.23951,64.68265]},"properties":{"land":"SE","name":"Mårdsele","t":"2026-09-04T04:20:03.001Z","yta":10.1,"luft":6.2,"nbd":"no","sno":false}},{"type":"Feature","geometry":{"type":"Point","coordinates":[16.9911,64.87458]},"properties":{"land":"SE","name":"Norrheden","t":"2026-09-04T04:20:03.001Z","yta":9.5,"luft":7.8,"nbd":"no","sno":false}},{"type":"Feature","geometry":{"type":"Point","coordinates":[18.67223,63.29515]},"properties":{"land":"SE","name":"2218 Örnsköldsvik Fjärryta","t":"2026-09-04T04:20:03.001Z","yta":7.9,"luft":null,"nbd":null,"sno":false}},{"type":"Feature","geometry":{"type":"Point","coordinates":[12.48993,59.05335]},"properties":{"land":"SE","name":"Edsleskog","t":"2026-09-04T04:15:03.000Z","yta":12.3,"luft":10.4,"nbd":"rain","sno":false}},{"type":"Feature","geometry":{"type":"Point","coordinates":[22.96527,65.88341]},"properties":{"land":"SE","name":"Åkroken 2","t":"2026-09-04T04:20:03.001Z","yta":12.4,"luft":11.6,"nbd":"no","sno":false}},{"type":"Feature","geometry":{"type":"Point","coordinates":[17.92358,58.93432]},"properties":{"land":"SE","name":"Nynäshamn","t":"2026-09-04T04:20:03.001Z","yta":8.5,"luft":4.7,"nbd":"no","sno":false}},{"type":"Feature","geometry":{"type":"Point","coordinates":[23.43694,65.83687]},"properties":{"land":"SE","name":"Sangiskvarn","t":"2026-09-04T04:20:03.001Z","yta":12.1,"luft":11.1,"nbd":"no","sno":false}},{"type":"Feature","geometry":{"type":"Point","coordinates":[18.26902,68.42948]},"properties":{"land":"SE","name":"Vassijaure","t":"2026-09-04T04:20:03.001Z","yta":6.9,"luft":6.6,"nbd":"no","sno":false}},{"type":"Feature","geometry":{"type":"Point","coordinates":[20.37368,64.89635]},"properties":{"land":"SE","name":"Bastunäs","t":"2026-09-04T04:20:03.001Z","yta":10.6,"luft":9.2,"nbd":"no","sno":false}},{"type":"Feature","geometry":{"type":"Point","coordinates":[20.67919,64.80764]},"properties":{"land":"SE","name":"Varuträsk","t":"2026-09-04T04:20:03.001Z","yta":11.7,"luft":9.2,"nbd":"no","sno":false}},{"type":"Feature","geometry":{"type":"Point","coordinates":[20.68828,64.49138]},"properties":{"land":"SE","name":"Burträsk","t":"2026-09-04T04:20:03.001Z","yta":12.9,"luft":9.7,"nbd":"no","sno":false}},{"type":"Feature","geometry":{"type":"Point","coordinates":[21.05257,64.27449]},"properties":{"land":"SE","name":"Ånäset","t":"2026-09-04T04:20:03.001Z","yta":13.1,"luft":10.2,"nbd":"no","sno":false}},{"type":"Feature","geometry":{"type":"Point","coordinates":[18.06065,64.425]},"properties":{"land":"SE","name":"Åttonträsk","t":"2026-09-04T04:20:03.001Z","yta":9.2,"luft":5.9,"nbd":"no","sno":false}},{"type":"Feature","geometry":{"type":"Point","coordinates":[21.27981,64.43595]},"properties":{"land":"SE","name":"Hökmarksberget","t":"2026-09-04T04:20:03.001Z","yta":12.1,"luft":10.5,"nbd":"no","sno":false}},{"type":"Feature","geometry":{"type":"Point","coordinates":[17.40331,64.73432]},"properties":{"land":"SE","name":"Risträsk","t":"2026-09-04T04:20:03.000Z","yta":8.8,"luft":7.1,"nbd":"no","sno":false}},{"type":"Feature","geometry":{"type":"Point","coordinates":[17.5717,59.5608]},"properties":{"land":"SE","name":"Ö Bålsta","t":"2026-09-04T04:20:03.000Z","yta":9.9,"luft":6.2,"nbd":"no","sno":false}},{"type":"Feature","geometry":{"type":"Point","coordinates":[18.16868,64.75711]},"properties":{"land":"SE","name":"Kattisavan","t":"2026-09-04T04:20:03.000Z","yta":10,"luft":8,"nbd":"no","sno":false}},{"type":"Feature","geometry":{"type":"Point","coordinates":[20.03746,63.99501]},"properties":{"land":"SE","name":"Långviksvallen","t":"2026-09-04T04:20:03.001Z","yta":8.4,"luft":4.8,"nbd":"no","sno":false}},{"type":"Feature","geometry":{"type":"Point","coordinates":[15.01478,63.85821]},"properties":{"land":"SE","name":"Flykälen","t":"2026-09-04T04:20:03.000Z","yta":6.9,"luft":7,"nbd":"no","sno":false}},{"type":"Feature","geometry":{"type":"Point","coordinates":[13.78964,63.09901]},"properties":{"land":"SE","name":"Bydalen","t":"2026-09-04T04:20:03.000Z","yta":9.3,"luft":5,"nbd":"no","sno":false}},{"type":"Feature","geometry":{"type":"Point","coordinates":[18.80948,59.98992]},"properties":{"land":"SE","name":"Väddö","t":"2026-09-04T04:20:03.002Z","yta":10.2,"luft":6.5,"nbd":"no","sno":false}},{"type":"Feature","geometry":{"type":"Point","coordinates":[18.63276,59.89256]},"properties":{"land":"SE","name":"Sonö","t":"2026-09-04T04:20:03.002Z","yta":8.5,"luft":5,"nbd":"no","sno":false}},{"type":"Feature","geometry":{"type":"Point","coordinates":[15.09514,66.01046]},"properties":{"land":"SE","name":"Umasjö","t":"2026-09-04T04:20:03.001Z","yta":null,"luft":4.9,"nbd":"no","sno":false}},{"type":"Feature","geometry":{"type":"Point","coordinates":[18.02088,59.30288]},"properties":{"land":"SE","name":"Essingeleden, Västb.","t":"2026-09-04T04:20:03.001Z","yta":11.2,"luft":9.3,"nbd":"no","sno":false}},{"type":"Feature","geometry":{"type":"Point","coordinates":[15.8574,63.97011]},"properties":{"land":"SE","name":"Lövberga","t":"2026-09-04T04:20:03.001Z","yta":10.3,"luft":6.2,"nbd":"no","sno":false}},{"type":"Feature","geometry":{"type":"Point","coordinates":[14.81715,62.25957]},"properties":{"land":"SE","name":"Överhogdal","t":"2026-09-04T04:20:03.001Z","yta":8.3,"luft":3.6,"nbd":"no","sno":false}},{"type":"Feature","geometry":{"type":"Point","coordinates":[13.85875,63.66569]},"properties":{"land":"SE","name":"Rönnöfors","t":"2026-09-04T04:20:03.001Z","yta":7.3,"luft":5.1,"nbd":"no","sno":false}},{"type":"Feature","geometry":{"type":"Point","coordinates":[13.02034,63.56908]},"properties":{"land":"SE","name":"Vassnäs","t":"2026-09-04T04:20:03.001Z","yta":8.6,"luft":8.2,"nbd":"no","sno":false}},{"type":"Feature","geometry":{"type":"Point","coordinates":[14.03957,61.8432]},"properties":{"land":"SE","name":"Lillhärdal","t":"2026-09-04T04:20:03.000Z","yta":6.1,"luft":0.2,"nbd":"no","sno":false}},{"type":"Feature","geometry":{"type":"Point","coordinates":[17.85471,59.3024]},"properties":{"land":"SE","name":"Drottningholm","t":"2026-09-04T04:20:03.001Z","yta":10.5,"luft":8.7,"nbd":"no","sno":false}},{"type":"Feature","geometry":{"type":"Point","coordinates":[16.40409,63.8461]},"properties":{"land":"SE","name":"Norr Backe","t":"2026-09-04T04:20:03.000Z","yta":9.9,"luft":6.3,"nbd":"no","sno":false}},{"type":"Feature","geometry":{"type":"Point","coordinates":[16.66254,63.01157]},"properties":{"land":"SE","name":"Fors 2","t":"2026-09-04T04:20:03.000Z","yta":10.6,"luft":6.4,"nbd":"no","sno":false}},{"type":"Feature","geometry":{"type":"Point","coordinates":[19.89699,63.90224]},"properties":{"land":"SE","name":"Brattby","t":"2026-09-04T04:20:03.001Z","yta":7.7,"luft":3.2,"nbd":"no","sno":false}},{"type":"Feature","geometry":{"type":"Point","coordinates":[12.954,62.40071]},"properties":{"land":"SE","name":"Lossendammen","t":"2026-09-04T04:20:03.001Z","yta":7.2,"luft":3,"nbd":"no","sno":false}},{"type":"Feature","geometry":{"type":"Point","coordinates":[15.1236,63.43446]},"properties":{"land":"SE","name":"Ollsta","t":"2026-09-04T04:20:03.002Z","yta":null,"luft":3.4,"nbd":"no","sno":false}},{"type":"Feature","geometry":{"type":"Point","coordinates":[14.07164,62.47962]},"properties":{"land":"SE","name":"Vemdalsskalet","t":"2026-09-04T04:20:03.001Z","yta":3.5,"luft":-0.4,"nbd":"no","sno":false}},{"type":"Feature","geometry":{"type":"Point","coordinates":[12.4024,63.52372]},"properties":{"land":"SE","name":"Medstugan","t":"2026-09-04T04:20:03.001Z","yta":8.5,"luft":7,"nbd":"no","sno":false}},{"type":"Feature","geometry":{"type":"Point","coordinates":[12.08744,63.3178]},"properties":{"land":"SE","name":"Storlien 2","t":"2026-09-04T04:20:03.001Z","yta":7.7,"luft":5.9,"nbd":"no","sno":false}},{"type":"Feature","geometry":{"type":"Point","coordinates":[15.16571,63.19345]},"properties":{"land":"SE","name":"Lillsjöhögen","t":"2026-09-04T04:20:03.001Z","yta":8.9,"luft":6.2,"nbd":"no","sno":false}},{"type":"Feature","geometry":{"type":"Point","coordinates":[15.67918,62.92543]},"properties":{"land":"SE","name":"Nyhem","t":"2026-09-04T04:20:03.001Z","yta":10.1,"luft":7.9,"nbd":"no","sno":false}},{"type":"Feature","geometry":{"type":"Point","coordinates":[14.293,63.0761]},"properties":{"land":"SE","name":"Månsåsen","t":"2026-09-04T04:20:03.001Z","yta":9.3,"luft":7.3,"nbd":"no","sno":false}},{"type":"Feature","geometry":{"type":"Point","coordinates":[17.76478,59.48371]},"properties":{"land":"SE","name":"Kungsängen","t":"2026-09-04T04:20:03.001Z","yta":11.2,"luft":10,"nbd":"no","sno":false}},{"type":"Feature","geometry":{"type":"Point","coordinates":[13.21465,63.26193]},"properties":{"land":"SE","name":"Trillevallen","t":"2026-09-04T04:20:03.001Z","yta":4.6,"luft":1.8,"nbd":"no","sno":false}},{"type":"Feature","geometry":{"type":"Point","coordinates":[13.16064,63.37374]},"properties":{"land":"SE","name":"Åre","t":"2026-09-04T04:20:03.001Z","yta":5.4,"luft":4.9,"nbd":"no","sno":false}},{"type":"Feature","geometry":{"type":"Point","coordinates":[16.27726,64.16534]},"properties":{"land":"SE","name":"Rörström","t":"2026-09-04T04:20:03.000Z","yta":10.1,"luft":5.3,"nbd":"no","sno":false}},{"type":"Feature","geometry":{"type":"Point","coordinates":[15.00113,63.61424]},"properties":{"land":"SE","name":"Raftsjöhöjden","t":"2026-09-04T04:20:03.000Z","yta":4.9,"luft":5.8,"nbd":"no","sno":false}},{"type":"Feature","geometry":{"type":"Point","coordinates":[16.73011,63.04099]},"properties":{"land":"SE","name":"Fångsjöbacken","t":"2026-09-04T04:20:03.000Z","yta":9.4,"luft":5,"nbd":"no","sno":false}},{"type":"Feature","geometry":{"type":"Point","coordinates":[14.85313,63.26642]},"properties":{"land":"SE","name":"Mosjön 2","t":"2026-09-04T04:20:03.001Z","yta":7.6,"luft":5.5,"nbd":"no","sno":false}},{"type":"Feature","geometry":{"type":"Point","coordinates":[13.87308,62.1957]},"properties":{"land":"SE","name":"Ransjö","t":"2026-09-04T04:20:03.001Z","yta":7,"luft":1.5,"nbd":"no","sno":false}},{"type":"Feature","geometry":{"type":"Point","coordinates":[14.66694,64.36281]},"properties":{"land":"SE","name":"Fågelberget","t":"2026-09-04T04:20:03.000Z","yta":8.2,"luft":5.3,"nbd":"no","sno":false}},{"type":"Feature","geometry":{"type":"Point","coordinates":[14.38937,62.68376]},"properties":{"land":"SE","name":"Brånan","t":"2026-09-04T04:20:03.001Z","yta":7.4,"luft":5.5,"nbd":"no","sno":false}},{"type":"Feature","geometry":{"type":"Point","coordinates":[15.99327,63.14861]},"properties":{"land":"SE","name":"Stadsberget","t":"2026-09-04T04:20:03.001Z","yta":11.8,"luft":8.4,"nbd":"no","sno":false}},{"type":"Feature","geometry":{"type":"Point","coordinates":[14.1453,64.0654]},"properties":{"land":"SE","name":"Valsjöbyn","t":"2026-09-04T04:20:03.001Z","yta":7.7,"luft":6.9,"nbd":"no","sno":false}},{"type":"Feature","geometry":{"type":"Point","coordinates":[17.8647,59.40587]},"properties":{"land":"SE","name":"Barkarby","t":"2026-09-04T04:20:03.001Z","yta":null,"luft":6.1,"nbd":"no","sno":false}},{"type":"Feature","geometry":{"type":"Point","coordinates":[18.93107,59.71923]},"properties":{"land":"SE","name":"Rådmansö","t":"2026-09-04T04:20:03.001Z","yta":11,"luft":8.2,"nbd":null,"sno":false}},{"type":"Feature","geometry":{"type":"Point","coordinates":[14.95222,61.99926]},"properties":{"land":"SE","name":"Vänsjö","t":"2026-09-04T04:20:03.000Z","yta":9.6,"luft":6.8,"nbd":"no","sno":false}},{"type":"Feature","geometry":{"type":"Point","coordinates":[14.57243,62.98301]},"properties":{"land":"SE","name":"Näs/Fåker","t":"2026-09-04T04:20:03.001Z","yta":7.3,"luft":6.2,"nbd":"no","sno":false}},{"type":"Feature","geometry":{"type":"Point","coordinates":[14.44999,62.51325]},"properties":{"land":"SE","name":"Rätan","t":"2026-09-04T04:20:03.001Z","yta":6.9,"luft":3,"nbd":"no","sno":false}},{"type":"Feature","geometry":{"type":"Point","coordinates":[12.7017,63.36647]},"properties":{"land":"SE","name":"Gevsjön","t":"2026-09-04T04:20:03.001Z","yta":8.4,"luft":6,"nbd":"no","sno":false}},{"type":"Feature","geometry":{"type":"Point","coordinates":[14.03971,64.77191]},"properties":{"land":"SE","name":"Blåsjöfjället","t":"2026-09-04T04:20:03.000Z","yta":9,"luft":7.2,"nbd":"no","sno":false}},{"type":"Feature","geometry":{"type":"Point","coordinates":[14.93756,63.01819]},"properties":{"land":"SE","name":"Österböle","t":"2026-09-04T04:20:03.000Z","yta":9.1,"luft":7.5,"nbd":"no","sno":false}},{"type":"Feature","geometry":{"type":"Point","coordinates":[12.7276,62.72792]},"properties":{"land":"SE","name":"Flatruet","t":"2026-09-04T04:20:03.001Z","yta":null,"luft":2.8,"nbd":"no","sno":false}},{"type":"Feature","geometry":{"type":"Point","coordinates":[18.0469,59.74758]},"properties":{"land":"SE","name":"Åby","t":"2026-09-04T04:20:03.001Z","yta":8.4,"luft":2.5,"nbd":"no","sno":false}},{"type":"Feature","geometry":{"type":"Point","coordinates":[12.93904,62.17469]},"properties":{"land":"SE","name":"Sörvattnet","t":"2026-09-04T04:20:03.001Z","yta":5.7,"luft":-1.2,"nbd":"no","sno":false}},{"type":"Feature","geometry":{"type":"Point","coordinates":[17.51769,63.09903]},"properties":{"land":"SE","name":"Gammbodarna","t":"2026-09-04T04:20:03.001Z","yta":5.2,"luft":3.6,"nbd":"no","sno":false}},{"type":"Feature","geometry":{"type":"Point","coordinates":[14.99271,62.42945]},"properties":{"land":"SE","name":"Ytterturingen 2","t":"2026-09-04T04:20:03.000Z","yta":9.5,"luft":4.1,"nbd":"no","sno":false}},{"type":"Feature","geometry":{"type":"Point","coordinates":[18.44596,62.87643]},"properties":{"land":"SE","name":"Bönhamn","t":"2026-09-04T04:20:03.001Z","yta":10.1,"luft":6.9,"nbd":"no","sno":false}},{"type":"Feature","geometry":{"type":"Point","coordinates":[12.23492,62.57038]},"properties":{"land":"SE","name":"Fjällnäs","t":"2026-09-04T04:20:03.000Z","yta":6.4,"luft":1.7,"nbd":"no","sno":false}},{"type":"Feature","geometry":{"type":"Point","coordinates":[17.91777,59.47614]},"properties":{"land":"SE","name":"Rotebro","t":"2026-09-04T04:20:03.001Z","yta":9.1,"luft":6.3,"nbd":"no","sno":false}},{"type":"Feature","geometry":{"type":"Point","coordinates":[17.74203,59.62757]},"properties":{"land":"SE","name":"231 Sigtuna Fjärryta","t":"2026-09-04T04:20:03.001Z","yta":null,"luft":null,"nbd":null,"sno":false}},{"type":"Feature","geometry":{"type":"Point","coordinates":[12.38533,63.26783]},"properties":{"land":"SE","name":"Handöl","t":"2026-09-04T04:20:03.001Z","yta":7.1,"luft":4.8,"nbd":"no","sno":false}},{"type":"Feature","geometry":{"type":"Point","coordinates":[17.74555,59.62774]},"properties":{"land":"SE","name":"Sigtuna","t":"2026-09-04T04:20:03.001Z","yta":10.7,"luft":7.9,"nbd":"no","sno":false}},{"type":"Feature","geometry":{"type":"Point","coordinates":[13.87663,63.30547]},"properties":{"land":"SE","name":"Mattmar","t":"2026-09-04T04:20:03.001Z","yta":7.9,"luft":6.3,"nbd":"no","sno":false}},{"type":"Feature","geometry":{"type":"Point","coordinates":[15.49267,63.74515]},"properties":{"land":"SE","name":"Hallviken","t":"2026-09-04T04:20:03.000Z","yta":7.5,"luft":3.2,"nbd":"no","sno":false}},{"type":"Feature","geometry":{"type":"Point","coordinates":[17.75481,59.81606]},"properties":{"land":"SE","name":"313 Sävjaån Fjärryta","t":"2026-09-04T04:15:03.001Z","yta":null,"luft":null,"nbd":null,"sno":false}},{"type":"Feature","geometry":{"type":"Point","coordinates":[17.56706,59.99548]},"properties":{"land":"SE","name":"Drälinge","t":"2026-09-04T04:20:03.001Z","yta":9.5,"luft":3.4,"nbd":"no","sno":false}},{"type":"Feature","geometry":{"type":"Point","coordinates":[17.62225,60.04968]},"properties":{"land":"SE","name":"Björklinge","t":"2026-09-04T04:20:03.001Z","yta":9.2,"luft":4.5,"nbd":"no","sno":false}},{"type":"Feature","geometry":{"type":"Point","coordinates":[17.28482,59.87777]},"properties":{"land":"SE","name":"Åland","t":"2026-09-04T04:20:03.001Z","yta":11,"luft":2.9,"nbd":"no","sno":false}},{"type":"Feature","geometry":{"type":"Point","coordinates":[17.48843,59.81709]},"properties":{"land":"SE","name":"Skärfälten","t":"2026-09-04T04:20:03.001Z","yta":9.2,"luft":3.7,"nbd":"no","sno":false}},{"type":"Feature","geometry":{"type":"Point","coordinates":[21.87581,67.01018]},"properties":{"land":"SE","name":"Ullati","t":"2026-09-04T04:20:03.001Z","yta":11.9,"luft":9.9,"nbd":"no","sno":false}},{"type":"Feature","geometry":{"type":"Point","coordinates":[17.45077,60.60268]},"properties":{"land":"SE","name":"310 Överboda Fjärryta","t":"2026-09-04T04:20:03.001Z","yta":10.9,"luft":null,"nbd":null,"sno":false}},{"type":"Feature","geometry":{"type":"Point","coordinates":[22.683,66.76414]},"properties":{"land":"SE","name":"Narken","t":"2026-09-04T04:20:03.003Z","yta":12.9,"luft":11.9,"nbd":"no","sno":false}},{"type":"Feature","geometry":{"type":"Point","coordinates":[17.45239,60.60235]},"properties":{"land":"SE","name":"Överboda","t":"2026-09-04T04:20:03.001Z","yta":10.1,"luft":5.7,"nbd":"no","sno":false}},{"type":"Feature","geometry":{"type":"Point","coordinates":[17.38179,59.62309]},"properties":{"land":"SE","name":"Ekolsundsbron","t":"2026-09-04T04:20:03.001Z","yta":9.4,"luft":7.3,"nbd":"no","sno":false}},{"type":"Feature","geometry":{"type":"Point","coordinates":[17.73935,60.48604]},"properties":{"land":"SE","name":"Skärplinge","t":"2026-09-04T04:20:03.001Z","yta":9.5,"luft":2.6,"nbd":"no","sno":false}},{"type":"Feature","geometry":{"type":"Point","coordinates":[17.7549,59.81608]},"properties":{"land":"SE","name":"Sävjaån","t":"2026-09-04T04:20:03.001Z","yta":8.6,"luft":4.3,"nbd":"no","sno":false}},{"type":"Feature","geometry":{"type":"Point","coordinates":[18.48878,59.70307]},"properties":{"land":"SE","name":"Ledinge","t":"2026-09-04T04:20:03.000Z","yta":9.4,"luft":7,"nbd":"no","sno":false}},{"type":"Feature","geometry":{"type":"Point","coordinates":[17.26433,59.66158]},"properties":{"land":"SE","name":"Litslena","t":"2026-09-04T04:20:03.001Z","yta":9.7,"luft":2.4,"nbd":"no","sno":false}},{"type":"Feature","geometry":{"type":"Point","coordinates":[17.79602,59.76167]},"properties":{"land":"SE","name":"Dalbo","t":"2026-09-04T04:20:03.000Z","yta":8.2,"luft":4.4,"nbd":"no","sno":false}},{"type":"Feature","geometry":{"type":"Point","coordinates":[23.31109,68.12011]},"properties":{"land":"SE","name":"Kätkesuando","t":"2026-09-04T04:20:03.000Z","yta":10.7,"luft":8.6,"nbd":"no","sno":false}},{"type":"Feature","geometry":{"type":"Point","coordinates":[18.4994,60.03803]},"properties":{"land":"SE","name":"Sättra","t":"2026-09-04T04:20:03.000Z","yta":8.4,"luft":3.4,"nbd":"no","sno":false}},{"type":"Feature","geometry":{"type":"Point","coordinates":[17.65582,59.94895]},"properties":{"land":"SE","name":"Uppsala","t":"2026-09-04T04:20:03.001Z","yta":9.5,"luft":3.9,"nbd":"no","sno":false}},{"type":"Feature","geometry":{"type":"Point","coordinates":[17.4103,60.42]},"properties":{"land":"SE","name":"Mehedeby","t":"2026-09-04T04:20:03.001Z","yta":10.2,"luft":6.9,"nbd":"no","sno":false}},{"type":"Feature","geometry":{"type":"Point","coordinates":[20.29367,67.85654]},"properties":{"land":"SE","name":"Kiruna","t":"2026-09-04T04:20:03.001Z","yta":9.4,"luft":7.3,"nbd":"no","sno":false}},{"type":"Feature","geometry":{"type":"Point","coordinates":[23.80691,65.74642]},"properties":{"land":"SE","name":"Seskarö","t":"2026-09-04T04:20:03.001Z","yta":14.1,"luft":11.7,"nbd":"no","sno":false}},{"type":"Feature","geometry":{"type":"Point","coordinates":[18.17542,59.88074]},"properties":{"land":"SE","name":"Glugga","t":"2026-09-04T04:20:03.001Z","yta":8.4,"luft":2.5,"nbd":"no","sno":false}},{"type":"Feature","geometry":{"type":"Point","coordinates":[23.48217,67.44146]},"properties":{"land":"SE","name":"Aareavaara","t":"2026-09-04T04:20:03.000Z","yta":11.4,"luft":10.3,"nbd":"no","sno":false}},{"type":"Feature","geometry":{"type":"Point","coordinates":[23.6244,66.39659]},"properties":{"land":"SE","name":"Övertorneå","t":"2026-09-04T04:20:03.001Z","yta":13,"luft":11.5,"nbd":"no","sno":false}},{"type":"Feature","geometry":{"type":"Point","coordinates":[21.10576,67.61179]},"properties":{"land":"SE","name":"Svappavaara","t":"2026-09-04T04:20:03.001Z","yta":10.6,"luft":7.7,"nbd":"rain","sno":false}},{"type":"Feature","geometry":{"type":"Point","coordinates":[22.31332,65.84931]},"properties":{"land":"SE","name":"Råneå","t":"2026-09-04T04:20:03.000Z","yta":null,"luft":11.6,"nbd":"no","sno":false}},{"type":"Feature","geometry":{"type":"Point","coordinates":[18.14261,59.1299]},"properties":{"land":"SE","name":"Västerhaninge","t":"2026-09-04T04:20:03.001Z","yta":8.5,"luft":4.1,"nbd":"no","sno":false}},{"type":"Feature","geometry":{"type":"Point","coordinates":[18.00268,59.04415]},"properties":{"land":"SE","name":"Landfjärden","t":"2026-09-04T04:20:03.001Z","yta":8,"luft":4.4,"nbd":"no","sno":false}},{"type":"Feature","geometry":{"type":"Point","coordinates":[18.2319,59.56339]},"properties":{"land":"SE","name":"Brottby","t":"2026-09-04T04:20:03.001Z","yta":8,"luft":3.3,"nbd":"no","sno":false}},{"type":"Feature","geometry":{"type":"Point","coordinates":[17.43894,59.19397]},"properties":{"land":"SE","name":"Turinge","t":"2026-09-04T04:20:03.001Z","yta":8.6,"luft":3.6,"nbd":"no","sno":false}},{"type":"Feature","geometry":{"type":"Point","coordinates":[21.77514,65.51313]},"properties":{"land":"SE","name":"Ersnäs","t":"2026-09-04T04:20:03.001Z","yta":12.2,"luft":11,"nbd":"no","sno":false}},{"type":"Feature","geometry":{"type":"Point","coordinates":[18.0975,62.9271]},"properties":{"land":"SE","name":"Gallsäter","t":"2026-09-04T04:20:03.001Z","yta":8.2,"luft":2.9,"nbd":"no","sno":false}},{"type":"Feature","geometry":{"type":"Point","coordinates":[16.36673,62.4734]},"properties":{"land":"SE","name":"Torpshammar","t":"2026-09-04T04:20:03.001Z","yta":10.9,"luft":7.2,"nbd":"no","sno":false}},{"type":"Feature","geometry":{"type":"Point","coordinates":[17.84698,62.68591]},"properties":{"land":"SE","name":"Älandsbro","t":"2026-09-04T04:20:03.000Z","yta":7.7,"luft":2.4,"nbd":"no","sno":false}},{"type":"Feature","geometry":{"type":"Point","coordinates":[16.17365,63.59451]},"properties":{"land":"SE","name":"Flyn","t":"2026-09-04T04:20:03.000Z","yta":10.4,"luft":5.9,"nbd":"no","sno":false}},{"type":"Feature","geometry":{"type":"Point","coordinates":[18.16462,59.48921]},"properties":{"land":"SE","name":"Ullnasjön","t":"2026-09-04T04:20:03.001Z","yta":8.8,"luft":5.5,"nbd":"no","sno":false}},{"type":"Feature","geometry":{"type":"Point","coordinates":[19.01686,63.59045]},"properties":{"land":"SE","name":"Långvattnet","t":"2026-09-03T07:40:03.001Z","yta":12,"luft":11.2,"nbd":"no","sno":false}},{"type":"Feature","geometry":{"type":"Point","coordinates":[12.07677,58.33095]},"properties":{"land":"SE","name":"Skottekasen","t":"2026-09-04T04:15:03.000Z","yta":14.8,"luft":13.9,"nbd":"rain","sno":false}},{"type":"Feature","geometry":{"type":"Point","coordinates":[11.49825,58.15973]},"properties":{"land":"SE","name":"Månsemyr","t":"2026-09-04T04:15:03.000Z","yta":14.8,"luft":13.7,"nbd":"no","sno":false}},{"type":"Feature","geometry":{"type":"Point","coordinates":[11.56399,58.29175]},"properties":{"land":"SE","name":"Bokenäs","t":"2026-09-04T04:15:03.000Z","yta":16.2,"luft":14.6,"nbd":"no","sno":false}},{"type":"Feature","geometry":{"type":"Point","coordinates":[11.87924,58.11465]},"properties":{"land":"SE","name":"Ödsmål","t":"2026-09-04T04:15:03.000Z","yta":14.3,"luft":13.5,"nbd":"no","sno":false}},{"type":"Feature","geometry":{"type":"Point","coordinates":[11.68935,58.1912]},"properties":{"land":"SE","name":"Kalseröd","t":"2026-09-04T04:15:03.001Z","yta":15.3,"luft":14,"nbd":"no","sno":false}},{"type":"Feature","geometry":{"type":"Point","coordinates":[11.97834,57.86199]},"properties":{"land":"SE","name":"Kungälv","t":"2026-09-04T04:15:03.001Z","yta":14.5,"luft":15.1,"nbd":"no","sno":false}},{"type":"Feature","geometry":{"type":"Point","coordinates":[11.83904,58.32756]},"properties":{"land":"SE","name":"Uddevallabron","t":"2026-09-04T04:15:03.000Z","yta":14.3,"luft":14,"nbd":"rain","sno":false}},{"type":"Feature","geometry":{"type":"Point","coordinates":[11.97531,58.15282]},"properties":{"land":"SE","name":"Huveröd","t":"2026-09-04T04:15:03.000Z","yta":14.3,"luft":12.5,"nbd":"no","sno":false}},{"type":"Feature","geometry":{"type":"Point","coordinates":[12.3929,57.69677]},"properties":{"land":"SE","name":"Rya","t":"2026-09-04T04:15:03.000Z","yta":13.6,"luft":12.9,"nbd":"no","sno":false}},{"type":"Feature","geometry":{"type":"Point","coordinates":[12.90382,56.64022]},"properties":{"land":"SE","name":"Halmstad","t":"2026-09-04T04:15:03.000Z","yta":15.6,"luft":15.9,"nbd":"no","sno":false}},{"type":"Feature","geometry":{"type":"Point","coordinates":[11.59824,58.80433]},"properties":{"land":"SE","name":"1428 Sladdåsen Fjärryta","t":"2026-09-04T04:15:03.001Z","yta":null,"luft":null,"nbd":null,"sno":false}},{"type":"Feature","geometry":{"type":"Point","coordinates":[11.59826,58.80433]},"properties":{"land":"SE","name":"Sladdåsen","t":"2026-09-04T04:15:03.001Z","yta":14.3,"luft":11.7,"nbd":"no","sno":false}},{"type":"Feature","geometry":{"type":"Point","coordinates":[11.47654,58.56469]},"properties":{"land":"SE","name":"1437 Grindmotet Fjärryta","t":"2026-09-04T04:15:03.000Z","yta":null,"luft":null,"nbd":null,"sno":false}},{"type":"Feature","geometry":{"type":"Point","coordinates":[11.47645,58.5647]},"properties":{"land":"SE","name":"Grindmotet","t":"2026-09-04T04:15:03.000Z","yta":15.4,"luft":13.5,"nbd":"rain","sno":false}},{"type":"Feature","geometry":{"type":"Point","coordinates":[12.06925,57.67407]},"properties":{"land":"SE","name":"Delsjön","t":"2026-09-04T04:15:03.002Z","yta":13.7,"luft":14.7,"nbd":"no","sno":false}},{"type":"Feature","geometry":{"type":"Point","coordinates":[11.68119,58.01463]},"properties":{"land":"SE","name":"Gunneby","t":"2026-09-04T04:15:03.000Z","yta":14.5,"luft":14.8,"nbd":"no","sno":false}},{"type":"Feature","geometry":{"type":"Point","coordinates":[11.48181,58.31182]},"properties":{"land":"SE","name":"Bua","t":"2026-09-04T04:15:03.001Z","yta":14.9,"luft":14.2,"nbd":"no","sno":false}},{"type":"Feature","geometry":{"type":"Point","coordinates":[11.97951,57.40758]},"properties":{"land":"SE","name":"Mariedal","t":"2026-09-04T04:15:03.000Z","yta":14.9,"luft":15.3,"nbd":"no","sno":false}},{"type":"Feature","geometry":{"type":"Point","coordinates":[11.84119,57.9791]},"properties":{"land":"SE","name":"Jörlanda","t":"2026-09-04T04:15:03.000Z","yta":14.2,"luft":15,"nbd":"no","sno":false}},{"type":"Feature","geometry":{"type":"Point","coordinates":[13.32662,56.72066]},"properties":{"land":"SE","name":"Härsängen","t":"2026-09-04T04:15:03.001Z","yta":12.7,"luft":12.8,"nbd":"no","sno":false}},{"type":"Feature","geometry":{"type":"Point","coordinates":[12.24922,57.20089]},"properties":{"land":"SE","name":"Torild","t":"2026-09-04T04:15:03.001Z","yta":13.6,"luft":14.8,"nbd":"no","sno":false}},{"type":"Feature","geometry":{"type":"Point","coordinates":[13.1499,56.22857]},"properties":{"land":"SE","name":"Eket","t":"2026-08-31T06:30:03.000Z","yta":17.3,"luft":14.9,"nbd":"no","sno":false}},{"type":"Feature","geometry":{"type":"Point","coordinates":[12.65512,57.06879]},"properties":{"land":"SE","name":"Köinge","t":"2026-09-04T04:15:03.001Z","yta":13.5,"luft":14.5,"nbd":"no","sno":false}},{"type":"Feature","geometry":{"type":"Point","coordinates":[17.34096,62.38865]},"properties":{"land":"SE","name":"Sundsvall 2","t":"2026-09-04T04:20:03.001Z","yta":7.9,"luft":6.7,"nbd":"no","sno":false}},{"type":"Feature","geometry":{"type":"Point","coordinates":[18.34007,59.65588]},"properties":{"land":"SE","name":"Söderhall","t":"2026-09-04T04:20:03.000Z","yta":7.3,"luft":1.6,"nbd":"no","sno":false}},{"type":"Feature","geometry":{"type":"Point","coordinates":[16.7094,63.28752]},"properties":{"land":"SE","name":"Ärtrik","t":"2026-09-04T04:20:03.000Z","yta":6.2,"luft":0.7,"nbd":"no","sno":false}},{"type":"Feature","geometry":{"type":"Point","coordinates":[17.93824,62.79775]},"properties":{"land":"SE","name":"Högakusten","t":"2026-09-04T04:20:03.000Z","yta":7.6,"luft":6.9,"nbd":null,"sno":false}},{"type":"Feature","geometry":{"type":"Point","coordinates":[18.04221,59.38437]},"properties":{"land":"SE","name":"Stocksund","t":"2026-09-04T04:20:03.001Z","yta":11.2,"luft":9.3,"nbd":"no","sno":false}},{"type":"Feature","geometry":{"type":"Point","coordinates":[17.21393,63.88879]},"properties":{"land":"SE","name":"Hällbydammen","t":"2026-09-04T04:20:03.000Z","yta":9,"luft":4.3,"nbd":"no","sno":false}},{"type":"Feature","geometry":{"type":"Point","coordinates":[17.23215,62.9353]},"properties":{"land":"SE","name":"Åkroken","t":"2026-09-04T04:20:03.001Z","yta":6.8,"luft":2.7,"nbd":"no","sno":false}},{"type":"Feature","geometry":{"type":"Point","coordinates":[17.0136,63.11954]},"properties":{"land":"SE","name":"Graninge","t":"2026-09-04T04:20:03.001Z","yta":6.7,"luft":2.2,"nbd":"no","sno":false}},{"type":"Feature","geometry":{"type":"Point","coordinates":[15.48949,62.48681]},"properties":{"land":"SE","name":"Alby","t":"2026-09-04T04:20:03.001Z","yta":12.2,"luft":8.9,"nbd":"no","sno":false}},{"type":"Feature","geometry":{"type":"Point","coordinates":[15.85131,62.55525]},"properties":{"land":"SE","name":"Tälje","t":"2026-09-04T04:20:03.001Z","yta":10.9,"luft":8.1,"nbd":"no","sno":false}},{"type":"Feature","geometry":{"type":"Point","coordinates":[11.27981,58.41295]},"properties":{"land":"SE","name":"Soten","t":"2026-09-04T04:15:03.000Z","yta":14.8,"luft":14.4,"nbd":"no","sno":false}},{"type":"Feature","geometry":{"type":"Point","coordinates":[15.21276,56.22176]},"properties":{"land":"SE","name":"1005 Galtsjön Fjärryta","t":"2026-09-04T04:05:03.001Z","yta":null,"luft":null,"nbd":null,"sno":false}},{"type":"Feature","geometry":{"type":"Point","coordinates":[13.14617,56.71937]},"properties":{"land":"SE","name":"Simlångsdalen","t":"2026-09-04T04:15:03.001Z","yta":13.2,"luft":13.6,"nbd":"no","sno":false}},{"type":"Feature","geometry":{"type":"Point","coordinates":[12.38559,57.02854]},"properties":{"land":"SE","name":"Kärragärde","t":"2026-09-04T04:15:03.000Z","yta":null,"luft":15.3,"nbd":"no","sno":false}},{"type":"Feature","geometry":{"type":"Point","coordinates":[12.87792,57.27538]},"properties":{"land":"SE","name":"Ingasjön","t":"2026-09-04T04:15:03.001Z","yta":13.3,"luft":12.4,"nbd":"no","sno":false}},{"type":"Feature","geometry":{"type":"Point","coordinates":[12.95216,56.77581]},"properties":{"land":"SE","name":"Fjellgime","t":"2026-09-04T04:15:03.000Z","yta":13.7,"luft":13.7,"nbd":"no","sno":false}},{"type":"Feature","geometry":{"type":"Point","coordinates":[11.96758,57.5506]},"properties":{"land":"SE","name":"Kullavik","t":"2026-09-04T04:15:03.001Z","yta":13.9,"luft":14.8,"nbd":"no","sno":false}},{"type":"Feature","geometry":{"type":"Point","coordinates":[13.37187,57.09672]},"properties":{"land":"SE","name":"Bökhult","t":"2026-09-04T04:15:03.001Z","yta":12.8,"luft":12.4,"nbd":"no","sno":false}},{"type":"Feature","geometry":{"type":"Point","coordinates":[12.70202,56.72434]},"properties":{"land":"SE","name":"Brotorpet","t":"2026-09-04T04:15:03.000Z","yta":14.1,"luft":15.5,"nbd":"no","sno":false}},{"type":"Feature","geometry":{"type":"Point","coordinates":[13.07605,55.39007]},"properties":{"land":"SE","name":"Maglarp","t":"2026-09-04T04:15:03.000Z","yta":15.6,"luft":15.6,"nbd":"no","sno":false}},{"type":"Feature","geometry":{"type":"Point","coordinates":[13.15111,56.38994]},"properties":{"land":"SE","name":"Klämman","t":"2026-09-04T04:15:03.002Z","yta":13.5,"luft":13.5,"nbd":"no","sno":false}},{"type":"Feature","geometry":{"type":"Point","coordinates":[12.59042,57.15218]},"properties":{"land":"SE","name":"Svarten","t":"2026-09-04T04:15:03.000Z","yta":13.1,"luft":13.4,"nbd":"no","sno":false}},{"type":"Feature","geometry":{"type":"Point","coordinates":[12.1906,57.38759]},"properties":{"land":"SE","name":"Torpa","t":"2026-09-04T04:15:03.000Z","yta":13.7,"luft":14.7,"nbd":"no","sno":false}},{"type":"Feature","geometry":{"type":"Point","coordinates":[12.80515,56.77877]},"properties":{"land":"SE","name":"Lynghög","t":"2026-09-04T04:15:03.001Z","yta":14.5,"luft":15.1,"nbd":"no","sno":false}},{"type":"Feature","geometry":{"type":"Point","coordinates":[13.10841,55.92927]},"properties":{"land":"SE","name":"Svalöv","t":"2026-09-04T04:15:03.002Z","yta":14.5,"luft":14.8,"nbd":"no","sno":false}},{"type":"Feature","geometry":{"type":"Point","coordinates":[12.96606,56.52382]},"properties":{"land":"SE","name":"Hökafältet","t":"2026-09-04T04:15:03.002Z","yta":15.2,"luft":15.8,"nbd":"no","sno":false}},{"type":"Feature","geometry":{"type":"Point","coordinates":[12.28902,57.07145]},"properties":{"land":"SE","name":"Nygård","t":"2026-09-04T04:15:03.001Z","yta":13.8,"luft":15.4,"nbd":"no","sno":false}},{"type":"Feature","geometry":{"type":"Point","coordinates":[13.44676,57.00116]},"properties":{"land":"SE","name":"Gräshult","t":"2026-09-04T04:15:03.001Z","yta":12.8,"luft":12.5,"nbd":"no","sno":false}},{"type":"Feature","geometry":{"type":"Point","coordinates":[12.79389,56.95058]},"properties":{"land":"SE","name":"Mossjön","t":"2026-09-04T04:15:03.000Z","yta":13,"luft":13.7,"nbd":"no","sno":false}},{"type":"Feature","geometry":{"type":"Point","coordinates":[12.21556,57.28403]},"properties":{"land":"SE","name":"Stråvalla","t":"2026-09-04T04:15:03.000Z","yta":null,"luft":13.9,"nbd":"no","sno":false}},{"type":"Feature","geometry":{"type":"Point","coordinates":[13.72786,55.9005]},"properties":{"land":"SE","name":"Hörby N","t":"2026-09-04T04:15:03.001Z","yta":14.3,"luft":14.1,"nbd":"no","sno":false}},{"type":"Feature","geometry":{"type":"Point","coordinates":[14.90454,56.18794]},"properties":{"land":"SE","name":"1019 Karlshamn Fjärryta","t":"2026-09-04T04:15:03.001Z","yta":null,"luft":null,"nbd":null,"sno":false}},{"type":"Feature","geometry":{"type":"Point","coordinates":[14.55166,56.06495]},"properties":{"land":"SE","name":"1018 Sissebäck Fjärryta","t":"2026-09-04T04:15:03.001Z","yta":14.1,"luft":null,"nbd":null,"sno":false}},{"type":"Feature","geometry":{"type":"Point","coordinates":[17.12206,62.55289]},"properties":{"land":"SE","name":"2214 Kävstabron Fjärryta","t":"2026-09-04T04:20:03.001Z","yta":10.8,"luft":null,"nbd":null,"sno":false}},{"type":"Feature","geometry":{"type":"Point","coordinates":[16.36452,60.02005]},"properties":{"land":"SE","name":"1916 Jordbron Fjärryta","t":"2026-09-04T04:05:03.001Z","yta":null,"luft":null,"nbd":null,"sno":false}},{"type":"Feature","geometry":{"type":"Point","coordinates":[11.99049,58.50898]},"properties":{"land":"SE","name":"1534 Ellenö Fjärryta","t":"2026-09-04T04:15:03.001Z","yta":13.8,"luft":null,"nbd":null,"sno":false}},{"type":"Feature","geometry":{"type":"Point","coordinates":[11.23924,59.02022]},"properties":{"land":"SE","name":"1436 Hogdalsmotet Fjärryta","t":"2026-09-04T04:15:03.000Z","yta":null,"luft":null,"nbd":null,"sno":false}},{"type":"Feature","geometry":{"type":"Point","coordinates":[12.6628,56.86256]},"properties":{"land":"SE","name":"1335 Broen Fjärryta","t":"2026-09-04T04:15:03.001Z","yta":14.2,"luft":null,"nbd":null,"sno":false}},{"type":"Feature","geometry":{"type":"Point","coordinates":[12.98461,56.58997]},"properties":{"land":"SE","name":"1337 Fladje Fjärryta","t":"2026-09-04T04:10:03.001Z","yta":null,"luft":null,"nbd":null,"sno":false}},{"type":"Feature","geometry":{"type":"Point","coordinates":[12.32125,57.24188]},"properties":{"land":"SE","name":"1306 Derome Fjärryta","t":"2026-09-04T04:05:03.001Z","yta":12.9,"luft":null,"nbd":null,"sno":false}},{"type":"Feature","geometry":{"type":"Point","coordinates":[13.77309,55.61339]},"properties":{"land":"SE","name":"Sjöbo VSK","t":"2026-09-04T04:15:03.001Z","yta":14.7,"luft":14.3,"nbd":"no","sno":false}},{"type":"Feature","geometry":{"type":"Point","coordinates":[13.38066,56.49619]},"properties":{"land":"SE","name":"Putsered","t":"2026-09-04T04:15:03.001Z","yta":13.5,"luft":12.8,"nbd":"no","sno":false}},{"type":"Feature","geometry":{"type":"Point","coordinates":[13.33155,55.90092]},"properties":{"land":"SE","name":"Eslöv N","t":"2026-09-04T04:15:03.001Z","yta":14,"luft":14.4,"nbd":"no","sno":false}},{"type":"Feature","geometry":{"type":"Point","coordinates":[12.88275,56.72412]},"properties":{"land":"SE","name":"Vrangelsro","t":"2026-09-04T04:15:03.001Z","yta":14.1,"luft":14.9,"nbd":"no","sno":false}},{"type":"Feature","geometry":{"type":"Point","coordinates":[12.56263,56.18271]},"properties":{"land":"SE","name":"Höganäs S","t":"2026-09-04T04:15:03.001Z","yta":14.3,"luft":15.9,"nbd":"no","sno":false}},{"type":"Feature","geometry":{"type":"Point","coordinates":[13.67515,55.77952]},"properties":{"land":"SE","name":"Östraby","t":"2026-09-04T04:15:03.001Z","yta":14.2,"luft":14,"nbd":"no","sno":false}},{"type":"Feature","geometry":{"type":"Point","coordinates":[12.78523,56.08747]},"properties":{"land":"SE","name":"Helsingborg N","t":"2026-09-04T04:15:03.000Z","yta":14.7,"luft":15.3,"nbd":"no","sno":false}},{"type":"Feature","geometry":{"type":"Point","coordinates":[13.50002,55.58467]},"properties":{"land":"SE","name":"Dörröd","t":"2026-09-04T04:15:03.001Z","yta":14.5,"luft":14.3,"nbd":"no","sno":false}},{"type":"Feature","geometry":{"type":"Point","coordinates":[12.82087,55.93618]},"properties":{"land":"SE","name":"Glumslöv","t":"2026-09-04T04:15:03.001Z","yta":15.2,"luft":15,"nbd":"no","sno":false}},{"type":"Feature","geometry":{"type":"Point","coordinates":[12.94881,55.99942]},"properties":{"land":"SE","name":"Ekeby","t":"2026-09-04T04:15:03.000Z","yta":13.8,"luft":14.2,"nbd":"no","sno":false}},{"type":"Feature","geometry":{"type":"Point","coordinates":[13.56001,56.22063]},"properties":{"land":"SE","name":"Källstorp","t":"2026-09-04T04:15:03.001Z","yta":13.1,"luft":13.4,"nbd":"no","sno":false}},{"type":"Feature","geometry":{"type":"Point","coordinates":[13.30573,55.76808]},"properties":{"land":"SE","name":"1213 Gårdstånga Fjärryta","t":"2026-09-04T04:15:03.001Z","yta":14.2,"luft":null,"nbd":null,"sno":false}},{"type":"Feature","geometry":{"type":"Point","coordinates":[12.32142,57.24271]},"properties":{"land":"SE","name":"Derome","t":"2026-09-04T04:15:03.001Z","yta":13.3,"luft":14.9,"nbd":"no","sno":false}},{"type":"Feature","geometry":{"type":"Point","coordinates":[13.3044,55.76772]},"properties":{"land":"SE","name":"Gårdstånga","t":"2026-09-04T04:15:03.001Z","yta":14.6,"luft":15,"nbd":"no","sno":false}},{"type":"Feature","geometry":{"type":"Point","coordinates":[13.01509,55.74944]},"properties":{"land":"SE","name":"1211 Löddeköpinge Fjärryta","t":"2026-09-04T04:15:03.000Z","yta":null,"luft":null,"nbd":null,"sno":false}},{"type":"Feature","geometry":{"type":"Point","coordinates":[13.91451,55.56067]},"properties":{"land":"SE","name":"Tomelilla","t":"2026-09-04T04:15:03.001Z","yta":14.6,"luft":14.9,"nbd":"no","sno":false}},{"type":"Feature","geometry":{"type":"Point","coordinates":[13.01544,55.74926]},"properties":{"land":"SE","name":"Löddeköpinge","t":"2026-09-04T04:15:03.000Z","yta":null,"luft":15.1,"nbd":"no","sno":false}},{"type":"Feature","geometry":{"type":"Point","coordinates":[13.131,55.7912]},"properties":{"land":"SE","name":"Kävlinge","t":"2026-09-04T04:15:03.000Z","yta":14.6,"luft":14.9,"nbd":"no","sno":false}},{"type":"Feature","geometry":{"type":"Point","coordinates":[13.60991,55.98556]},"properties":{"land":"SE","name":"Tjörnarp","t":"2026-09-04T04:15:03.001Z","yta":14.5,"luft":14.1,"nbd":"no","sno":false}},{"type":"Feature","geometry":{"type":"Point","coordinates":[13.87537,56.43083]},"properties":{"land":"SE","name":"Visseltofta","t":"2026-09-04T04:15:03.000Z","yta":13.5,"luft":13.4,"nbd":"no","sno":false}},{"type":"Feature","geometry":{"type":"Point","coordinates":[14.10275,56.0239]},"properties":{"land":"SE","name":"Kristianstad","t":"2026-09-04T04:15:03.000Z","yta":14.8,"luft":14.9,"nbd":"no","sno":false}},{"type":"Feature","geometry":{"type":"Point","coordinates":[13.10679,55.64147]},"properties":{"land":"SE","name":"Malmö Ö","t":"2026-09-04T04:15:03.001Z","yta":14.9,"luft":15.6,"nbd":"no","sno":false}},{"type":"Feature","geometry":{"type":"Point","coordinates":[13.66835,55.47412]},"properties":{"land":"SE","name":"Rynge","t":"2026-09-04T04:15:03.001Z","yta":14.6,"luft":14.9,"nbd":"no","sno":false}},{"type":"Feature","geometry":{"type":"Point","coordinates":[12.7828,56.08729]},"properties":{"land":"SE","name":"1222 Helsingborg N Fjärryta","t":"2026-09-04T04:10:03.000Z","yta":null,"luft":null,"nbd":null,"sno":false}},{"type":"Feature","geometry":{"type":"Point","coordinates":[13.82772,55.92576]},"properties":{"land":"SE","name":"Linderöd","t":"2026-09-04T04:15:03.000Z","yta":13.8,"luft":14,"nbd":"no","sno":false}},{"type":"Feature","geometry":{"type":"Point","coordinates":[13.64239,55.85583]},"properties":{"land":"SE","name":"Hörby","t":"2026-09-04T04:15:03.002Z","yta":13.8,"luft":14.4,"nbd":"no","sno":false}},{"type":"Feature","geometry":{"type":"Point","coordinates":[13.66833,55.47412]},"properties":{"land":"SE","name":"1206 Rynge Fjärryta","t":"2026-09-04T04:10:03.001Z","yta":null,"luft":null,"nbd":null,"sno":false}},{"type":"Feature","geometry":{"type":"Point","coordinates":[13.76364,56.08563]},"properties":{"land":"SE","name":"Hässleholm S","t":"2026-09-04T04:15:03.000Z","yta":14.4,"luft":14.1,"nbd":"no","sno":false}},{"type":"Feature","geometry":{"type":"Point","coordinates":[14.07317,56.22339]},"properties":{"land":"SE","name":"Anilla","t":"2026-09-04T04:15:03.000Z","yta":15.2,"luft":14.3,"nbd":"no","sno":false}},{"type":"Feature","geometry":{"type":"Point","coordinates":[13.51021,56.38603]},"properties":{"land":"SE","name":"Skånes-Fagerhult","t":"2026-09-04T04:15:03.000Z","yta":12.7,"luft":13.4,"nbd":"no","sno":false}},{"type":"Feature","geometry":{"type":"Point","coordinates":[12.7222,56.4337]},"properties":{"land":"SE","name":"Hov","t":"2026-09-04T04:15:03.001Z","yta":14.3,"luft":14.7,"nbd":"no","sno":false}},{"type":"Feature","geometry":{"type":"Point","coordinates":[13.40638,55.65469]},"properties":{"land":"SE","name":"Knivsåsen","t":"2026-09-04T04:15:03.001Z","yta":14.6,"luft":14.7,"nbd":"no","sno":false}},{"type":"Feature","geometry":{"type":"Point","coordinates":[13.08482,55.55881]},"properties":{"land":"SE","name":"Oxie","t":"2026-09-04T04:15:03.001Z","yta":15.4,"luft":15.5,"nbd":"no","sno":false}},{"type":"Feature","geometry":{"type":"Point","coordinates":[24.235628,60.536835]},"properties":{"land":"FI","name":"vt2_Karkkila_Korpi","t":"2026-09-04T01:12:35.000Z","yta":9.3,"luft":6.6,"nbd":"Dry","sno":false}},{"type":"Feature","geometry":{"type":"Point","coordinates":[25.166158,60.261944]},"properties":{"land":"FI","name":"vt7_Helsinki_Itäsalmi","t":"2026-09-04T01:11:35.000Z","yta":8.2,"luft":6.5,"nbd":"Dry","sno":false}},{"type":"Feature","geometry":{"type":"Point","coordinates":[25.409835,60.314793]},"properties":{"land":"FI","name":"vt7_Sipoo_Box","t":"2026-09-04T01:11:35.000Z","yta":8.7,"luft":5.7,"nbd":"Dry","sno":false}},{"type":"Feature","geometry":{"type":"Point","coordinates":[25.261519,60.364585]},"properties":{"land":"FI","name":"st148_Sipoo_Brobölentie","t":"2026-09-04T01:15:35.000Z","yta":9,"luft":5.1,"nbd":"Dry","sno":false}},{"type":"Feature","geometry":{"type":"Point","coordinates":[23.914357,60.632845]},"properties":{"land":"FI","name":"vt2_Lohja_Salkola","t":"2026-09-04T01:15:35.000Z","yta":9.1,"luft":8.2,"nbd":"Dry","sno":false}},{"type":"Feature","geometry":{"type":"Point","coordinates":[24.527783,60.458818]},"properties":{"land":"FI","name":"vt25_Vihti_Haimoo","t":"2026-09-04T01:15:35.000Z","yta":9.1,"luft":4.1,"nbd":"Dry","sno":false}},{"type":"Feature","geometry":{"type":"Point","coordinates":[24.848197,60.205298]},"properties":{"land":"FI","name":"vt1_Helsinki_Tarvo","t":"2026-09-04T01:15:35.000Z","yta":11.3,"luft":9.8,"nbd":"Dry","sno":false}},{"type":"Feature","geometry":{"type":"Point","coordinates":[24.734924,60.201777]},"properties":{"land":"FI","name":"vt1_Espoo_Sepänkylä","t":"2026-09-04T01:11:35.000Z","yta":10,"luft":7.3,"nbd":"Dry","sno":false}},{"type":"Feature","geometry":{"type":"Point","coordinates":[24.824601,60.416649]},"properties":{"land":"FI","name":"vt3_Klaukkala_Nummimäki","t":"2026-09-04T01:11:35.000Z","yta":8.9,"luft":5,"nbd":"Dry","sno":false}},{"type":"Feature","geometry":{"type":"Point","coordinates":[24.24131,60.311607]},"properties":{"land":"FI","name":"vt25_Vihti_Myllylampi_Silta","t":"2026-09-04T01:15:35.000Z","yta":10,"luft":5.7,"nbd":"Dry","sno":false}},{"type":"Feature","geometry":{"type":"Point","coordinates":[24.86676,60.296227]},"properties":{"land":"FI","name":"kt50_Vantaa_Vantaankoski","t":"2026-09-04T01:12:35.000Z","yta":9,"luft":7.6,"nbd":"Dry","sno":false}},{"type":"Feature","geometry":{"type":"Point","coordinates":[21.594519,60.96268]},"properties":{"land":"FI","name":"vt8_Pyhäranta_Ihode","t":"2026-09-04T01:14:35.000Z","yta":11,"luft":8.4,"nbd":"Dry","sno":false}},{"type":"Feature","geometry":{"type":"Point","coordinates":[21.694177,61.280479]},"properties":{"land":"FI","name":"vt8_Eurajoki_Pinkjärvi","t":"2026-09-04T01:13:35.000Z","yta":12,"luft":8,"nbd":"Dry","sno":false}},{"type":"Feature","geometry":{"type":"Point","coordinates":[23.232385,60.383077]},"properties":{"land":"FI","name":"st110_Salo_Tupuri","t":"2026-09-04T01:12:35.000Z","yta":9.7,"luft":9.3,"nbd":"Moist","sno":false}},{"type":"Feature","geometry":{"type":"Point","coordinates":[22.447849,61.20855]},"properties":{"land":"FI","name":"vt2_Kokemäki_Seppälänahde","t":"2026-09-04T01:12:35.000Z","yta":11,"luft":8.4,"nbd":"Dry","sno":false}},{"type":"Feature","geometry":{"type":"Point","coordinates":[22.99236,61.787861]},"properties":{"land":"FI","name":"vt3_Ikaalinen_Teikangas","t":"2026-09-04T01:15:35.000Z","yta":9.1,"luft":7.1,"nbd":"Dry","sno":false}},{"type":"Feature","geometry":{"type":"Point","coordinates":[21.929591,60.737125]},"properties":{"land":"FI","name":"vt8_Mynämäki_Motelli","t":"2026-09-04T01:14:35.000Z","yta":10.1,"luft":6.9,"nbd":"Dry","sno":false}},{"type":"Feature","geometry":{"type":"Point","coordinates":[21.758195,61.651109]},"properties":{"land":"FI","name":"vt8_Pori_Ahlainen","t":"2026-09-04T01:14:35.000Z","yta":8.9,"luft":6.8,"nbd":"Dry","sno":false}},{"type":"Feature","geometry":{"type":"Point","coordinates":[23.01663,62.112084]},"properties":{"land":"FI","name":"vt3_Parkano_Lamminkoski","t":"2026-09-04T01:13:35.000Z","yta":8.7,"luft":4.7,"nbd":"Dry","sno":false}},{"type":"Feature","geometry":{"type":"Point","coordinates":[22.883857,60.784596]},"properties":{"land":"FI","name":"vt9_Loimaa_Mellilä","t":"2026-09-04T01:13:35.000Z","yta":10.5,"luft":9.8,"nbd":"Dry","sno":false}},{"type":"Feature","geometry":{"type":"Point","coordinates":[23.129454,60.691675]},"properties":{"land":"FI","name":"vt10_Koski_TL","t":"2026-09-04T01:15:35.000Z","yta":9.6,"luft":7.2,"nbd":"Dry","sno":false}},{"type":"Feature","geometry":{"type":"Point","coordinates":[22.34721,61.466854]},"properties":{"land":"FI","name":"vt11_Ulvila_Sääkskoski","t":"2026-09-04T01:13:35.000Z","yta":8.8,"luft":5.9,"nbd":"Dry","sno":false}},{"type":"Feature","geometry":{"type":"Point","coordinates":[22.290034,61.800246]},"properties":{"land":"FI","name":"vt23_Kankaanpää_Hapua","t":"2026-09-04T01:11:35.000Z","yta":8.6,"luft":4.4,"nbd":"Dry","sno":false}},{"type":"Feature","geometry":{"type":"Point","coordinates":[22.382762,60.467151]},"properties":{"land":"FI","name":"kt40_Lieto_Auranlaakso","t":"2026-09-04T01:11:35.000Z","yta":11.4,"luft":11.6,"nbd":"Dry","sno":false}},{"type":"Feature","geometry":{"type":"Point","coordinates":[22.656507,61.109734]},"properties":{"land":"FI","name":"kt41_Huittinen_Jokisivu","t":"2026-09-04T01:12:35.000Z","yta":12.5,"luft":9,"nbd":"Dry","sno":false}},{"type":"Feature","geometry":{"type":"Point","coordinates":[23.117187,61.367909]},"properties":{"land":"FI","name":"vt12_Sastamala_Kärppälä","t":"2026-09-04T01:14:35.000Z","yta":9.8,"luft":7.2,"nbd":"Dry","sno":false}},{"type":"Feature","geometry":{"type":"Point","coordinates":[23.148542,60.173689]},"properties":{"land":"FI","name":"kt52_Salo_Perniö","t":"2026-09-04T01:14:35.000Z","yta":10,"luft":9.2,"nbd":"Dry","sno":false}},{"type":"Feature","geometry":{"type":"Point","coordinates":[22.325291,60.314314]},"properties":{"land":"FI","name":"st180_Parainen","t":"2026-09-04T01:15:35.000Z","yta":11.3,"luft":11.6,"nbd":"Dry","sno":false}},{"type":"Feature","geometry":{"type":"Point","coordinates":[21.63253,61.532138]},"properties":{"land":"FI","name":"vt2_Pori_Kähkönen","t":"2026-09-04T01:11:35.000Z","yta":10.6,"luft":8,"nbd":"Dry","sno":false}},{"type":"Feature","geometry":{"type":"Point","coordinates":[21.742946,60.62772]},"properties":{"land":"FI","name":"st192_Vehmaa_Vehmassalmi","t":"2026-09-04T01:13:35.000Z","yta":10.5,"luft":9.3,"nbd":"Moist","sno":false}},{"type":"Feature","geometry":{"type":"Point","coordinates":[22.485968,60.044041]},"properties":{"land":"FI","name":"st183_Kemiönsaari_Taalintehdas","t":"2026-09-04T01:12:35.000Z","yta":11.6,"luft":10.1,"nbd":"Moist","sno":false}},{"type":"Feature","geometry":{"type":"Point","coordinates":[21.6155,60.831722]},"properties":{"land":"FI","name":"kt43_Uusikaupunki_Kalanti","t":"2026-09-04T01:13:35.000Z","yta":11.7,"luft":7.9,"nbd":"Dry","sno":false}},{"type":"Feature","geometry":{"type":"Point","coordinates":[21.624488,61.943607]},"properties":{"land":"FI","name":"vt8_Merikarvia_Kuvaskangas","t":"2026-09-04T01:13:35.000Z","yta":8.5,"luft":5.9,"nbd":"Moist","sno":false}},{"type":"Feature","geometry":{"type":"Point","coordinates":[22.510463,60.615549]},"properties":{"land":"FI","name":"vt9_Aura_Järvenoja","t":"2026-09-04T01:13:35.000Z","yta":9.6,"luft":7.6,"nbd":"Dry","sno":false}},{"type":"Feature","geometry":{"type":"Point","coordinates":[22.622723,60.542807]},"properties":{"land":"FI","name":"vt10_Lieto_Yliskulma","t":"2026-09-04T01:12:35.000Z","yta":10.9,"luft":9.7,"nbd":"Dry","sno":false}},{"type":"Feature","geometry":{"type":"Point","coordinates":[22.177219,61.137375]},"properties":{"land":"FI","name":"vt12_Eura","t":"2026-09-04T01:15:35.000Z","yta":10.8,"luft":8.5,"nbd":"Dry","sno":false}},{"type":"Feature","geometry":{"type":"Point","coordinates":[22.284284,60.497849]},"properties":{"land":"FI","name":"vt9_Turku_Kärsämäki","t":"2026-09-04T01:15:35.000Z","yta":12.5,"luft":11.3,"nbd":"Dry","sno":false}},{"type":"Feature","geometry":{"type":"Point","coordinates":[22.948212,60.377119]},"properties":{"land":"FI","name":"st110_Salo_Korvenpää","t":"2026-09-04T01:12:35.000Z","yta":9.3,"luft":5.8,"nbd":"Dry","sno":false}},{"type":"Feature","geometry":{"type":"Point","coordinates":[21.78628,60.169432]},"properties":{"land":"FI","name":"st180_Parainen_Nauvo","t":"2026-09-04T01:12:35.000Z","yta":11.3,"luft":9.4,"nbd":"Dry","sno":false}},{"type":"Feature","geometry":{"type":"Point","coordinates":[22.402281,60.42401]},"properties":{"land":"FI","name":"vt1_Kaarina_Hiiskanmäki","t":"2026-09-04T01:15:35.000Z","yta":10.7,"luft":7.4,"nbd":"Dry","sno":false}},{"type":"Feature","geometry":{"type":"Point","coordinates":[22.534723,60.44587]},"properties":{"land":"FI","name":"vt1_Kaarina_Piikkiö_S","t":"2026-09-04T01:14:35.000Z","yta":9.5,"luft":10,"nbd":"Dry","sno":false}},{"type":"Feature","geometry":{"type":"Point","coordinates":[22.840145,60.428319]},"properties":{"land":"FI","name":"vt1_Paimio_Pitkäporras","t":"2026-09-04T01:12:35.000Z","yta":9.6,"luft":7.6,"nbd":"Dry","sno":false}},{"type":"Feature","geometry":{"type":"Point","coordinates":[22.969139,60.435149]},"properties":{"land":"FI","name":"vt1_Salo_Hajala","t":"2026-09-04T01:13:35.000Z","yta":9.7,"luft":7.7,"nbd":"Dry","sno":false}},{"type":"Feature","geometry":{"type":"Point","coordinates":[23.106354,60.4173]},"properties":{"land":"FI","name":"vt1_Salo_Halikko","t":"2026-09-04T01:13:35.000Z","yta":8.5,"luft":6.1,"nbd":"Dry","sno":false}},{"type":"Feature","geometry":{"type":"Point","coordinates":[23.211233,60.407402]},"properties":{"land":"FI","name":"vt1_Salo_Haukkala","t":"2026-09-04T01:11:35.000Z","yta":11,"luft":10.2,"nbd":"Dry","sno":false}},{"type":"Feature","geometry":{"type":"Point","coordinates":[19.618722,60.211657]},"properties":{"land":"FI","name":"Åland_Eckerö","t":"2026-09-04T01:11:35.000Z","yta":11.2,"luft":6.6,"nbd":"Dry","sno":false}},{"type":"Feature","geometry":{"type":"Point","coordinates":[23.291923,60.388679]},"properties":{"land":"FI","name":"vt1_Salo_Muurla","t":"2026-09-04T01:11:35.000Z","yta":9.9,"luft":7.1,"nbd":"Dry","sno":false}},{"type":"Feature","geometry":{"type":"Point","coordinates":[23.748878,60.381313]},"properties":{"land":"FI","name":"st110_Salo_Kettulanmäki","t":"2026-09-04T01:13:35.000Z","yta":10.3,"luft":9.7,"nbd":"Dry","sno":false}},{"type":"Feature","geometry":{"type":"Point","coordinates":[23.663891,60.372046]},"properties":{"land":"FI","name":"st110_Salo_Kolmperä","t":"2026-09-04T01:13:35.000Z","yta":10.4,"luft":8.8,"nbd":"Dry","sno":false}},{"type":"Feature","geometry":{"type":"Point","coordinates":[23.575594,60.380729]},"properties":{"land":"FI","name":"st110_Salo_Aneriojärvi","t":"2026-09-04T01:14:35.000Z","yta":9.4,"luft":5.2,"nbd":"Dry","sno":false}},{"type":"Feature","geometry":{"type":"Point","coordinates":[23.413415,60.36956]},"properties":{"land":"FI","name":"st110_Salo_Valkjärvi","t":"2026-09-04T01:13:35.000Z","yta":10.4,"luft":9.6,"nbd":"Dry","sno":false}},{"type":"Feature","geometry":{"type":"Point","coordinates":[22.426053,60.497686]},"properties":{"land":"FI","name":"vt10_Lieto_Vierunkoski","t":"2026-09-04T01:13:35.000Z","yta":11.4,"luft":9.8,"nbd":"Dry","sno":false}},{"type":"Feature","geometry":{"type":"Point","coordinates":[21.545124,61.138804]},"properties":{"land":"FI","name":"vt8_Rauma_Luostarinkylä","t":"2026-09-04T01:13:35.000Z","yta":11.2,"luft":8.6,"nbd":"Dry","sno":false}},{"type":"Feature","geometry":{"type":"Point","coordinates":[22.123911,60.549148]},"properties":{"land":"FI","name":"vt8_Masku_Humikkala","t":"2026-09-04T01:15:35.000Z","yta":10.9,"luft":10.8,"nbd":"Dry","sno":false}},{"type":"Feature","geometry":{"type":"Point","coordinates":[21.983758,60.459147]},"properties":{"land":"FI","name":"st189_Naantali_Luonnonmaa","t":"2026-09-04T01:12:35.000Z","yta":10.7,"luft":9.2,"nbd":"Dry","sno":false}},{"type":"Feature","geometry":{"type":"Point","coordinates":[22.849562,61.106727]},"properties":{"land":"FI","name":"vt2_Huittinen_Korvenmaa","t":"2026-09-04T01:15:35.000Z","yta":11.7,"luft":8.3,"nbd":"Dry","sno":false}},{"type":"Feature","geometry":{"type":"Point","coordinates":[22.740708,60.163807]},"properties":{"land":"FI","name":"st183_Kemiönsaari_Engelsby","t":"2026-09-04T01:11:35.000Z","yta":9.9,"luft":6,"nbd":"Dry","sno":false}},{"type":"Feature","geometry":{"type":"Point","coordinates":[22.174671,60.488183]},"properties":{"land":"FI","name":"kt40_Raisio","t":"2026-09-04T01:13:35.000Z","yta":11.2,"luft":9.3,"nbd":"Dry","sno":false}},{"type":"Feature","geometry":{"type":"Point","coordinates":[26.995752,60.550431]},"properties":{"land":"FI","name":"vt7_Kotka_Karhunkangas","t":"2026-09-04T01:11:35.000Z","yta":8.8,"luft":6.1,"nbd":"Dry","sno":false}},{"type":"Feature","geometry":{"type":"Point","coordinates":[27.088203,60.569293]},"properties":{"land":"FI","name":"vt7_Hamina_Summa","t":"2026-09-04T01:11:35.000Z","yta":9,"luft":5.6,"nbd":"Dry","sno":false}},{"type":"Feature","geometry":{"type":"Point","coordinates":[28.262171,61.482832]},"properties":{"land":"FI","name":"kt62_Puumala_Huuhkaala","t":"2026-09-04T01:12:35.000Z","yta":9,"luft":9.1,"nbd":"Moist","sno":false}},{"type":"Feature","geometry":{"type":"Point","coordinates":[27.249406,61.677657]},"properties":{"land":"FI","name":"vt5_Mikkeli","t":"2026-09-04T01:13:35.000Z","yta":9.9,"luft":8.8,"nbd":"Dry","sno":false}},{"type":"Feature","geometry":{"type":"Point","coordinates":[29.197074,61.843469]},"properties":{"land":"FI","name":"vt14_Savonlinna_Kulennoinen","t":"2026-09-04T01:15:35.000Z","yta":9.3,"luft":7.6,"nbd":"Dry","sno":false}},{"type":"Feature","geometry":{"type":"Point","coordinates":[26.883019,60.501096]},"properties":{"land":"FI","name":"vt7_Kotka_Sutela","t":"2026-09-04T01:11:35.000Z","yta":9.5,"luft":8.2,"nbd":"Dry","sno":false}},{"type":"Feature","geometry":{"type":"Point","coordinates":[26.800056,60.496159]},"properties":{"land":"FI","name":"st170_Pyhtää_Mokra","t":"2026-09-04T01:14:35.000Z","yta":9.3,"luft":5.5,"nbd":"Dry","sno":false}},{"type":"Feature","geometry":{"type":"Point","coordinates":[27.059063,61.074285]},"properties":{"land":"FI","name":"vt15_Kouvola_Tuohikotti_ET","t":"2026-09-04T01:15:35.000Z","yta":9.4,"luft":6.7,"nbd":"Dry","sno":false}},{"type":"Feature","geometry":{"type":"Point","coordinates":[28.363533,61.038441]},"properties":{"land":"FI","name":"vt13_Lappeenranta_Karhusjärvi","t":"2026-09-04T01:15:35.000Z","yta":9,"luft":8.4,"nbd":"Dry","sno":false}},{"type":"Feature","geometry":{"type":"Point","coordinates":[26.921375,60.463926]},"properties":{"land":"FI","name":"vt15_Kotka_Kotkansaari","t":"2026-09-04T01:12:35.000Z","yta":10.9,"luft":12.6,"nbd":"Moist","sno":false}},{"type":"Feature","geometry":{"type":"Point","coordinates":[26.386503,61.399125]},"properties":{"land":"FI","name":"vt5_Pertunmaa_Kuortti","t":"2026-09-04T01:12:35.000Z","yta":7.8,"luft":5.7,"nbd":"Dry","sno":false}},{"type":"Feature","geometry":{"type":"Point","coordinates":[27.622619,61.588222]},"properties":{"land":"FI","name":"kt62_Mikkeli_Anttola","t":"2026-09-04T01:13:35.000Z","yta":9,"luft":8.6,"nbd":"Moist","sno":false}},{"type":"Feature","geometry":{"type":"Point","coordinates":[27.396584,60.563741]},"properties":{"land":"FI","name":"st170_Virolahti_Kattilainen","t":"2026-09-04T01:12:35.000Z","yta":8.9,"luft":6.2,"nbd":"Dry","sno":false}},{"type":"Feature","geometry":{"type":"Point","coordinates":[28.1243,61.036434]},"properties":{"land":"FI","name":"vt6_Lappeenranta_Kärki","t":"2026-09-04T01:13:35.000Z","yta":8.5,"luft":6.8,"nbd":"Dry","sno":false}},{"type":"Feature","geometry":{"type":"Point","coordinates":[27.216293,60.630506]},"properties":{"land":"FI","name":"vt26_Hamina_Myllykylä","t":"2026-09-04T01:14:35.000Z","yta":8.7,"luft":5.6,"nbd":"Dry","sno":false}},{"type":"Feature","geometry":{"type":"Point","coordinates":[26.81947,60.886259]},"properties":{"land":"FI","name":"vt6_Kouvola_Utti_YPS","t":"2026-09-04T01:12:35.000Z","yta":8.6,"luft":6.4,"nbd":"Dry","sno":false}},{"type":"Feature","geometry":{"type":"Point","coordinates":[26.701896,60.49989]},"properties":{"land":"FI","name":"vt7_Pyhtää_Siltakylä","t":"2026-09-04T01:13:35.000Z","yta":10,"luft":5.3,"nbd":"Dry","sno":false}},{"type":"Feature","geometry":{"type":"Point","coordinates":[27.255293,60.595403]},"properties":{"land":"FI","name":"vt7_Hamina_Kolsila_itä","t":"2026-09-04T01:12:35.000Z","yta":9.3,"luft":5.5,"nbd":"Dry","sno":false}},{"type":"Feature","geometry":{"type":"Point","coordinates":[27.166383,60.592428]},"properties":{"land":"FI","name":"vt7_Hamina_Husula","t":"2026-09-04T01:13:35.000Z","yta":8.9,"luft":5.5,"nbd":"Dry","sno":false}},{"type":"Feature","geometry":{"type":"Point","coordinates":[28.651145,60.880972]},"properties":{"land":"FI","name":"Saimaan_Kanavatie","t":"2026-09-04T01:13:35.000Z","yta":9,"luft":7.1,"nbd":"Dry","sno":false}},{"type":"Feature","geometry":{"type":"Point","coordinates":[27.475349,60.596463]},"properties":{"land":"FI","name":"vt7_Virolahti_Ravijoki","t":"2026-09-04T01:11:35.000Z","yta":9,"luft":5.3,"nbd":"Dry","sno":false}},{"type":"Feature","geometry":{"type":"Point","coordinates":[27.756659,60.605852]},"properties":{"land":"FI","name":"vt7_Virolahti_Mattila","t":"2026-09-04T01:13:35.000Z","yta":10.5,"luft":7.2,"nbd":"Dry","sno":false}},{"type":"Feature","geometry":{"type":"Point","coordinates":[27.226161,60.906625]},"properties":{"land":"FI","name":"vt6_Luumäki_Pajari","t":"2026-09-04T01:11:35.000Z","yta":9.9,"luft":8,"nbd":"Dry","sno":false}},{"type":"Feature","geometry":{"type":"Point","coordinates":[25.349865,61.226205]},"properties":{"land":"FI","name":"vt24_Asikkala_Iso-Äiniö","t":"2026-09-04T01:13:35.000Z","yta":8.1,"luft":7.4,"nbd":"Dry","sno":false}},{"type":"Feature","geometry":{"type":"Point","coordinates":[24.490775,60.954417]},"properties":{"land":"FI","name":"vt3_Hämeenlinna_Miemala","t":"2026-09-04T01:14:35.000Z","yta":9.3,"luft":8.1,"nbd":"Dry","sno":false}},{"type":"Feature","geometry":{"type":"Point","coordinates":[23.422976,61.501564]},"properties":{"land":"FI","name":"vt11_Nokia_Sorrinlammi","t":"2026-09-04T01:12:35.000Z","yta":8.5,"luft":6.1,"nbd":"Dry","sno":false}},{"type":"Feature","geometry":{"type":"Point","coordinates":[23.765038,61.408411]},"properties":{"land":"FI","name":"vt3_Lempäälä_Kulju","t":"2026-09-04T01:13:35.000Z","yta":8.9,"luft":7.5,"nbd":"Dry","sno":false}},{"type":"Feature","geometry":{"type":"Point","coordinates":[24.058328,61.148562]},"properties":{"land":"FI","name":"st130_Valkeakoski_Jutikkala","t":"2026-09-04T01:11:35.000Z","yta":10.3,"luft":8.1,"nbd":"Dry","sno":false}},{"type":"Feature","geometry":{"type":"Point","coordinates":[24.001411,60.827277]},"properties":{"land":"FI","name":"vt10_Tammela_Heinivaho","t":"2026-09-04T01:13:35.000Z","yta":9.9,"luft":6.4,"nbd":"Dry","sno":false}},{"type":"Feature","geometry":{"type":"Point","coordinates":[24.737346,60.706054]},"properties":{"land":"FI","name":"vt3_Riihimäki_Parmala","t":"2026-09-04T01:13:35.000Z","yta":9.1,"luft":6.6,"nbd":"Dry","sno":false}},{"type":"Feature","geometry":{"type":"Point","coordinates":[25.281987,61.004725]},"properties":{"land":"FI","name":"vt12_Hollola_Hämeenkoski","t":"2026-09-04T01:11:35.000Z","yta":8.2,"luft":7.4,"nbd":"Dry","sno":false}},{"type":"Feature","geometry":{"type":"Point","coordinates":[24.681809,61.159489]},"properties":{"land":"FI","name":"vt12_Hämeenlinna_Hauho","t":"2026-09-04T01:12:35.000Z","yta":8.9,"luft":8.1,"nbd":"Dry","sno":false}},{"type":"Feature","geometry":{"type":"Point","coordinates":[24.293627,61.308423]},"properties":{"land":"FI","name":"vt12_Pälkäne_Kollolanharju","t":"2026-09-04T01:11:35.000Z","yta":10.4,"luft":9.6,"nbd":"Dry","sno":false}},{"type":"Feature","geometry":{"type":"Point","coordinates":[24.219303,61.645095]},"properties":{"land":"FI","name":"vt9_Orivesi_Kutema","t":"2026-09-04T01:13:35.000Z","yta":7.4,"luft":5.6,"nbd":"Dry","sno":false}},{"type":"Feature","geometry":{"type":"Point","coordinates":[24.024142,62.017254]},"properties":{"land":"FI","name":"kt66_Ruovesi_Ruojärvi","t":"2026-09-04T01:15:35.000Z","yta":8.8,"luft":7.7,"nbd":"Moist","sno":false}},{"type":"Feature","geometry":{"type":"Point","coordinates":[23.807369,62.24889]},"properties":{"land":"FI","name":"vt23_Virrat_Puttoskylä","t":"2026-09-04T01:13:35.000Z","yta":7.5,"luft":5.2,"nbd":"Moist","sno":false}},{"type":"Feature","geometry":{"type":"Point","coordinates":[23.917511,61.497141]},"properties":{"land":"FI","name":"vt12_Tampere_Atala","t":"2026-09-04T01:13:35.000Z","yta":7.9,"luft":6.4,"nbd":"Dry","sno":false}},{"type":"Feature","geometry":{"type":"Point","coordinates":[23.699541,61.507698]},"properties":{"land":"FI","name":"vt12_Tre_Paasikiventie","t":"2026-09-04T01:12:35.000Z","yta":9.8,"luft":9.7,"nbd":"Dry","sno":false}},{"type":"Feature","geometry":{"type":"Point","coordinates":[23.647442,61.115356]},"properties":{"land":"FI","name":"vt9_Akaa_Kylmäkoski","t":"2026-09-04T01:12:35.000Z","yta":11,"luft":7.9,"nbd":"Dry","sno":false}},{"type":"Feature","geometry":{"type":"Point","coordinates":[25.05672,60.819556]},"properties":{"land":"FI","name":"kt54_Hausjärvi_Mommila","t":"2026-09-04T01:11:35.000Z","yta":9.2,"luft":7.3,"nbd":"Dry","sno":false}},{"type":"Feature","geometry":{"type":"Point","coordinates":[24.610931,61.977972]},"properties":{"land":"FI","name":"kt58_Mänttä_Kuoreniemi","t":"2026-09-04T01:11:35.000Z","yta":8.3,"luft":5.4,"nbd":"Dry","sno":false}},{"type":"Feature","geometry":{"type":"Point","coordinates":[23.47546,61.577097]},"properties":{"land":"FI","name":"vt3_Ylöjärvi_Metsäkylä","t":"2026-09-04T01:15:35.000Z","yta":9.5,"luft":8.3,"nbd":"Dry","sno":false}},{"type":"Feature","geometry":{"type":"Point","coordinates":[23.836093,61.255318]},"properties":{"land":"FI","name":"vt3_Lempäälä_Lippo","t":"2026-09-04T01:13:35.000Z","yta":10.5,"luft":7.2,"nbd":"Dry","sno":false}},{"type":"Feature","geometry":{"type":"Point","coordinates":[23.63602,61.452635]},"properties":{"land":"FI","name":"vt3_Pirkkala_Huovi","t":"2026-09-04T01:12:35.000Z","yta":9.5,"luft":7.7,"nbd":"Dry","sno":false}},{"type":"Feature","geometry":{"type":"Point","coordinates":[24.071716,61.54979]},"properties":{"land":"FI","name":"vt9_Kangasala_Suinula","t":"2026-09-04T01:15:35.000Z","yta":7.5,"luft":5.5,"nbd":"Moist","sno":false}},{"type":"Feature","geometry":{"type":"Point","coordinates":[24.475165,61.708726]},"properties":{"land":"FI","name":"vt9_Orivesi_Leppähammas","t":"2026-09-04T01:11:35.000Z","yta":7.6,"luft":5.2,"nbd":"Dry","sno":false}},{"type":"Feature","geometry":{"type":"Point","coordinates":[24.708928,61.731515]},"properties":{"land":"FI","name":"vt9_Orivesi_Talviainen","t":"2026-09-04T01:13:35.000Z","yta":8.3,"luft":6.4,"nbd":"Moist","sno":false}},{"type":"Feature","geometry":{"type":"Point","coordinates":[23.774446,61.477226]},"properties":{"land":"FI","name":"yt3495_Tampere_Rautaharkko","t":"2026-09-04T01:13:35.000Z","yta":9.5,"luft":8.3,"nbd":"Dry","sno":false}},{"type":"Feature","geometry":{"type":"Point","coordinates":[26.03436,61.66544]},"properties":{"land":"FI","name":"vt4_Hartola_Kettuvuori","t":"2026-09-04T01:13:35.000Z","yta":9.2,"luft":9.4,"nbd":"Moist","sno":false}},{"type":"Feature","geometry":{"type":"Point","coordinates":[24.698591,61.059496]},"properties":{"land":"FI","name":"vt10_Hämeenlinna_Eteläinen","t":"2026-09-04T01:13:35.000Z","yta":9.2,"luft":5.5,"nbd":"Dry","sno":false}},{"type":"Feature","geometry":{"type":"Point","coordinates":[25.649538,60.956574]},"properties":{"land":"FI","name":"vt12_Lahti_Laune","t":"2026-09-04T01:13:35.000Z","yta":9.1,"luft":5.9,"nbd":"Dry","sno":false}},{"type":"Feature","geometry":{"type":"Point","coordinates":[24.060703,61.461774]},"properties":{"land":"FI","name":"vt12_Kangasala","t":"2026-09-04T01:15:35.000Z","yta":10.1,"luft":8.3,"nbd":"Dry","sno":false}},{"type":"Feature","geometry":{"type":"Point","coordinates":[25.534522,60.960679]},"properties":{"land":"FI","name":"vt12_Hollola_Okeroinen","t":"2026-09-04T01:13:35.000Z","yta":8.8,"luft":4.3,"nbd":"Dry","sno":false}},{"type":"Feature","geometry":{"type":"Point","coordinates":[25.728599,60.802649]},"properties":{"land":"FI","name":"st167_Orimattila","t":"2026-09-04T01:11:35.000Z","yta":10.2,"luft":7.5,"nbd":"Dry","sno":false}},{"type":"Feature","geometry":{"type":"Point","coordinates":[25.538166,60.505138]},"properties":{"land":"FI","name":"kt55_Askola_Monninkylä","t":"2026-09-04T01:15:35.000Z","yta":8.8,"luft":7.1,"nbd":"Dry","sno":false}},{"type":"Feature","geometry":{"type":"Point","coordinates":[26.302983,60.699375]},"properties":{"land":"FI","name":"vt6_Lapinjärvi_Kimonkylä","t":"2026-09-04T01:15:35.000Z","yta":6.5,"luft":4.4,"nbd":"Dry","sno":false}},{"type":"Feature","geometry":{"type":"Point","coordinates":[23.725555,61.877441]},"properties":{"land":"FI","name":"kt65_Ylöjärvi_Kuru","t":"2026-09-04T01:15:35.000Z","yta":8.6,"luft":5.9,"nbd":"Dry","sno":false}},{"type":"Feature","geometry":{"type":"Point","coordinates":[26.484738,60.776254]},"properties":{"land":"FI","name":"vt6_Kouvola_Elimäki","t":"2026-09-04T01:15:35.000Z","yta":9.3,"luft":6.1,"nbd":"Dry","sno":false}},{"type":"Feature","geometry":{"type":"Point","coordinates":[28.856199,61.229996]},"properties":{"land":"FI","name":"vt6_Imatra_Rönkkä","t":"2026-09-04T01:11:35.000Z","yta":8.5,"luft":7.8,"nbd":"Dry","sno":false}},{"type":"Feature","geometry":{"type":"Point","coordinates":[29.580662,61.645189]},"properties":{"land":"FI","name":"vt6_Parikkala_Rautalahti","t":"2026-09-04T01:15:35.000Z","yta":8.7,"luft":8.3,"nbd":"Dry","sno":false}},{"type":"Feature","geometry":{"type":"Point","coordinates":[27.664768,60.934604]},"properties":{"land":"FI","name":"vt6_Luumäki_kko","t":"2026-09-04T01:11:35.000Z","yta":9,"luft":6.9,"nbd":"Dry","sno":false}},{"type":"Feature","geometry":{"type":"Point","coordinates":[28.310615,61.071963]},"properties":{"land":"FI","name":"vt6_Lappeenranta_Mälkiä","t":"2026-09-04T01:12:35.000Z","yta":8.9,"luft":7.8,"nbd":"Dry","sno":false}},{"type":"Feature","geometry":{"type":"Point","coordinates":[26.179069,60.913218]},"properties":{"land":"FI","name":"vt12_Iitti_Mankala","t":"2026-09-04T01:13:35.000Z","yta":7.5,"luft":4.5,"nbd":"Dry","sno":false}},{"type":"Feature","geometry":{"type":"Point","coordinates":[27.726795,60.587054]},"properties":{"land":"FI","name":"st170_Virolahti_Virojoki","t":"2026-09-04T01:14:35.000Z","yta":9.9,"luft":7.4,"nbd":"Dry","sno":false}},{"type":"Feature","geometry":{"type":"Point","coordinates":[27.350013,60.777388]},"properties":{"land":"FI","name":"vt26_Hamina_Pyhältö","t":"2026-09-04T01:13:35.000Z","yta":8.8,"luft":5,"nbd":"Dry","sno":false}},{"type":"Feature","geometry":{"type":"Point","coordinates":[27.97993,60.765037]},"properties":{"land":"FI","name":"st387_Lappeenranta_Ylämaa","t":"2026-09-04T01:12:35.000Z","yta":7.8,"luft":6.7,"nbd":"Dry","sno":false}},{"type":"Feature","geometry":{"type":"Point","coordinates":[27.745739,61.168881]},"properties":{"land":"FI","name":"vt13_Savitaipale_Ellosenpää","t":"2026-09-04T01:12:35.000Z","yta":9.3,"luft":7.9,"nbd":"Dry","sno":false}},{"type":"Feature","geometry":{"type":"Point","coordinates":[27.842359,60.594107]},"properties":{"land":"FI","name":"vt7_Vaalimaa_rekkaparkki","t":"2026-09-04T01:11:35.000Z","yta":10.7,"luft":7.6,"nbd":"Dry","sno":false}},{"type":"Feature","geometry":{"type":"Point","coordinates":[25.905355,61.098739]},"properties":{"land":"FI","name":"vt4_Heinola_Vierumäki","t":"2026-09-04T01:15:35.000Z","yta":8.7,"luft":4.8,"nbd":"Dry","sno":false}},{"type":"Feature","geometry":{"type":"Point","coordinates":[26.751013,61.4799]},"properties":{"land":"FI","name":"vt5_Mäntyharju_Toivola","t":"2026-09-04T01:12:35.000Z","yta":9.7,"luft":9.2,"nbd":"Dry","sno":false}},{"type":"Feature","geometry":{"type":"Point","coordinates":[27.598307,61.795714]},"properties":{"land":"FI","name":"vt5_Juva_Nuutilanmäki","t":"2026-09-04T01:11:35.000Z","yta":8.7,"luft":6.4,"nbd":"Moist","sno":false}},{"type":"Feature","geometry":{"type":"Point","coordinates":[27.806766,62.057329]},"properties":{"land":"FI","name":"vt5_Joroinen_Puunkolo","t":"2026-09-04T01:15:35.000Z","yta":8.8,"luft":8.2,"nbd":"Moist","sno":false}},{"type":"Feature","geometry":{"type":"Point","coordinates":[28.527503,61.939801]},"properties":{"land":"FI","name":"vt14_Rantasalmi_Parkumäki","t":"2026-09-04T01:13:35.000Z","yta":7.9,"luft":7.3,"nbd":"Moist","sno":false}},{"type":"Feature","geometry":{"type":"Point","coordinates":[28.922122,62.533823]},"properties":{"land":"FI","name":"vt23_Heinävesi_Suurmäki","t":"2026-09-04T01:11:35.000Z","yta":8.9,"luft":8.6,"nbd":"Wet","sno":false}},{"type":"Feature","geometry":{"type":"Point","coordinates":[27.402798,62.29078]},"properties":{"land":"FI","name":"vt23_Pieksämäki_Siikamäki","t":"2026-09-04T01:13:35.000Z","yta":7.5,"luft":6.1,"nbd":"Dry","sno":false}},{"type":"Feature","geometry":{"type":"Point","coordinates":[26.929848,61.903356]},"properties":{"land":"FI","name":"vt13_Mikkeli_Läsänkoski","t":"2026-09-04T01:15:35.000Z","yta":7.9,"luft":5.7,"nbd":"Moist","sno":false}},{"type":"Feature","geometry":{"type":"Point","coordinates":[28.318466,61.799361]},"properties":{"land":"FI","name":"st435_Sulkava_Pieksuu","t":"2026-09-04T01:11:35.000Z","yta":10.3,"luft":9.2,"nbd":"Moist","sno":false}},{"type":"Feature","geometry":{"type":"Point","coordinates":[28.46415,62.524064]},"properties":{"land":"FI","name":"vt23_Heinävesi_Lamminpää","t":"2026-09-04T01:13:35.000Z","yta":9.3,"luft":8.5,"nbd":"Moist","sno":false}},{"type":"Feature","geometry":{"type":"Point","coordinates":[26.318696,62.159236]},"properties":{"land":"FI","name":"vt13_Kangasniemi_Häppälä","t":"2026-09-04T01:13:35.000Z","yta":7.3,"luft":6,"nbd":"Dry","sno":false}},{"type":"Feature","geometry":{"type":"Point","coordinates":[29.78648,62.661611]},"properties":{"land":"FI","name":"vt6_Kontiolahti_Lehmo","t":"2026-09-04T01:13:35.000Z","yta":11.2,"luft":9.7,"nbd":"Wet","sno":false}},{"type":"Feature","geometry":{"type":"Point","coordinates":[29.731179,61.797315]},"properties":{"land":"FI","name":"vt6_Kitee_Kesälahti","t":"2026-09-04T01:12:35.000Z","yta":9.6,"luft":8.9,"nbd":"Dry","sno":false}},{"type":"Feature","geometry":{"type":"Point","coordinates":[29.104238,62.684135]},"properties":{"land":"FI","name":"vt9_Liperi_Ahonkylä","t":"2026-09-04T01:12:35.000Z","yta":9.7,"luft":9.1,"nbd":"Moist","sno":false}},{"type":"Feature","geometry":{"type":"Point","coordinates":[30.134792,63.225774]},"properties":{"land":"FI","name":"kt73_Lieksa_Mökkivaara","t":"2026-09-04T01:13:35.000Z","yta":10.9,"luft":10.2,"nbd":"Moist","sno":false}},{"type":"Feature","geometry":{"type":"Point","coordinates":[30.107904,62.239962]},"properties":{"land":"FI","name":"vt6_Tohmajärvi_Vinska","t":"2026-09-04T01:13:35.000Z","yta":8.8,"luft":7.4,"nbd":"Moist","sno":false}},{"type":"Feature","geometry":{"type":"Point","coordinates":[28.910815,63.628601]},"properties":{"land":"FI","name":"vt6_Valtimo_Myllykylä","t":"2026-09-04T01:11:35.000Z","yta":10.3,"luft":8.1,"nbd":"Dry","sno":false}},{"type":"Feature","geometry":{"type":"Point","coordinates":[30.691845,62.585064]},"properties":{"land":"FI","name":"kt74_Joensuu_Onkimäki","t":"2026-09-04T01:15:35.000Z","yta":10.2,"luft":9.1,"nbd":"Dry","sno":false}},{"type":"Feature","geometry":{"type":"Point","coordinates":[30.525612,62.178713]},"properties":{"land":"FI","name":"vt9_Tohmajärvi_Värtsilä","t":"2026-09-04T01:12:35.000Z","yta":9.9,"luft":9.3,"nbd":"Moist","sno":false}},{"type":"Feature","geometry":{"type":"Point","coordinates":[29.340875,62.632521]},"properties":{"land":"FI","name":"vt9_Liperi_Käsämä","t":"2026-09-04T01:13:35.000Z","yta":10.3,"luft":9.5,"nbd":"Moist","sno":false}},{"type":"Feature","geometry":{"type":"Point","coordinates":[30.090165,62.400806]},"properties":{"land":"FI","name":"vt6_Joensuu_Tikkala","t":"2026-09-04T01:12:35.000Z","yta":9.3,"luft":8.7,"nbd":"Moist","sno":false}},{"type":"Feature","geometry":{"type":"Point","coordinates":[30.100103,62.797111]},"properties":{"land":"FI","name":"kt73_Eno_Louhioja","t":"2026-09-04T01:13:35.000Z","yta":11.7,"luft":10.3,"nbd":"Wet","sno":false}},{"type":"Feature","geometry":{"type":"Point","coordinates":[31.277053,62.929197]},"properties":{"land":"FI","name":"st522_Ilomantsi_Hattuvaara","t":"2026-09-04T01:12:35.000Z","yta":11.9,"luft":10.8,"nbd":"Dry","sno":false}},{"type":"Feature","geometry":{"type":"Point","coordinates":[29.780862,62.614218]},"properties":{"land":"FI","name":"vt6_Joensuu","t":"2026-09-04T01:13:35.000Z","yta":10.2,"luft":10.1,"nbd":"Moist","sno":false}},{"type":"Feature","geometry":{"type":"Point","coordinates":[29.457395,63.82408]},"properties":{"land":"FI","name":"kt75_Nurmes_Mujejärvi","t":"2026-09-04T01:11:35.000Z","yta":10.3,"luft":8.7,"nbd":"Dry","sno":false}},{"type":"Feature","geometry":{"type":"Point","coordinates":[29.995605,63.523624]},"properties":{"land":"FI","name":"st524_Lieksa_Nurmijärvi","t":"2026-09-04T01:12:35.000Z","yta":12.1,"luft":10.3,"nbd":"Dry","sno":false}},{"type":"Feature","geometry":{"type":"Point","coordinates":[29.873687,61.974388]},"properties":{"land":"FI","name":"vt6_Kitee_Kousa","t":"2026-09-04T01:14:35.000Z","yta":9.3,"luft":9.5,"nbd":"Moist","sno":false}},{"type":"Feature","geometry":{"type":"Point","coordinates":[29.862258,62.530883]},"properties":{"land":"FI","name":"vt6_Joensuu_Reijola","t":"2026-09-04T01:12:35.000Z","yta":10,"luft":9.6,"nbd":"Moist","sno":false}},{"type":"Feature","geometry":{"type":"Point","coordinates":[27.607599,62.841376]},"properties":{"land":"FI","name":"vt5_Kuopio_Kuvelampi","t":"2026-09-04T01:15:35.000Z","yta":8.7,"luft":7.3,"nbd":"Dry","sno":false}},{"type":"Feature","geometry":{"type":"Point","coordinates":[27.809276,62.383576]},"properties":{"land":"FI","name":"vt5_Leppävirta_Poijinpelto","t":"2026-09-04T01:12:35.000Z","yta":8.4,"luft":6.4,"nbd":"Dry","sno":false}},{"type":"Feature","geometry":{"type":"Point","coordinates":[27.450941,63.303119]},"properties":{"land":"FI","name":"vt5_Lapinlahti_Mäntylahti","t":"2026-09-04T01:15:35.000Z","yta":11.5,"luft":9.6,"nbd":"Dry","sno":false}},{"type":"Feature","geometry":{"type":"Point","coordinates":[27.285323,63.666126]},"properties":{"land":"FI","name":"vt5_Iisalmi_Ryhälänmäki","t":"2026-09-04T01:13:35.000Z","yta":11,"luft":9.1,"nbd":"Dry","sno":false}},{"type":"Feature","geometry":{"type":"Point","coordinates":[27.671272,63.060328]},"properties":{"land":"FI","name":"vt5_Siilinjärvi_Oikeakätinen","t":"2026-09-04T01:15:35.000Z","yta":10.6,"luft":9.5,"nbd":"Dry","sno":false}},{"type":"Feature","geometry":{"type":"Point","coordinates":[26.949473,63.232122]},"properties":{"land":"FI","name":"kt77_Pielavesi_Löytynjärvi","t":"2026-09-04T01:11:35.000Z","yta":9.7,"luft":8.6,"nbd":"Moist","sno":false}},{"type":"Feature","geometry":{"type":"Point","coordinates":[27.048434,62.58601]},"properties":{"land":"FI","name":"vt9_Suonenjoki_Levä","t":"2026-09-04T01:13:35.000Z","yta":8.8,"luft":7,"nbd":"Moist","sno":false}},{"type":"Feature","geometry":{"type":"Point","coordinates":[26.8432,63.614118]},"properties":{"land":"FI","name":"vt27_Iisalmi_Runni","t":"2026-09-04T01:13:35.000Z","yta":11.2,"luft":9.4,"nbd":"Dry","sno":false}},{"type":"Feature","geometry":{"type":"Point","coordinates":[28.042812,62.93157]},"properties":{"land":"FI","name":"vt9_Kuopio_Vartiala","t":"2026-09-04T01:11:35.000Z","yta":9,"luft":7.9,"nbd":"Dry","sno":false}},{"type":"Feature","geometry":{"type":"Point","coordinates":[27.858781,62.959315]},"properties":{"land":"FI","name":"vt9_Kuopio_Jännevirta","t":"2026-09-04T01:13:35.000Z","yta":10.2,"luft":9.8,"nbd":"Dry","sno":false}},{"type":"Feature","geometry":{"type":"Point","coordinates":[25.015549,60.284854]},"properties":{"land":"FI","name":"kt50_Vantaa_Suutarila_Itä","t":"2026-09-04T01:15:35.000Z","yta":10.2,"luft":8.7,"nbd":"Dry","sno":false}},{"type":"Feature","geometry":{"type":"Point","coordinates":[27.523779,62.715944]},"properties":{"land":"FI","name":"vt9_Kuopio_Vehmasmäki","t":"2026-09-04T01:13:35.000Z","yta":6.9,"luft":4.6,"nbd":"Dry","sno":false}},{"type":"Feature","geometry":{"type":"Point","coordinates":[26.730313,63.910761]},"properties":{"land":"FI","name":"kt88_Vieremä_Isomäki","t":"2026-09-04T01:12:35.000Z","yta":10.9,"luft":8.3,"nbd":"Dry","sno":false}},{"type":"Feature","geometry":{"type":"Point","coordinates":[27.800543,63.60667]},"properties":{"land":"FI","name":"kt87_Sonkajärvi_Koirakoski","t":"2026-09-04T01:14:35.000Z","yta":11.4,"luft":8.1,"nbd":"Dry","sno":false}},{"type":"Feature","geometry":{"type":"Point","coordinates":[26.389087,62.927206]},"properties":{"land":"FI","name":"st551_Vesanto_Löttökorpi","t":"2026-09-04T01:12:35.000Z","yta":7.8,"luft":4.8,"nbd":"Dry","sno":false}},{"type":"Feature","geometry":{"type":"Point","coordinates":[27.636252,62.885114]},"properties":{"land":"FI","name":"vt5_Kuopio_Siikalahti","t":"2026-09-04T01:15:35.000Z","yta":9.4,"luft":8.6,"nbd":"Dry","sno":false}},{"type":"Feature","geometry":{"type":"Point","coordinates":[27.604964,62.589621]},"properties":{"land":"FI","name":"vt5_Leppävirta_Oravikoski","t":"2026-09-04T01:14:35.000Z","yta":8.7,"luft":7,"nbd":"Dry","sno":false}},{"type":"Feature","geometry":{"type":"Point","coordinates":[28.165408,62.407354]},"properties":{"land":"FI","name":"vt23_Leppävirta_Soisalo","t":"2026-09-04T01:15:35.000Z","yta":8,"luft":6.7,"nbd":"Moist","sno":false}},{"type":"Feature","geometry":{"type":"Point","coordinates":[27.671233,62.946849]},"properties":{"land":"FI","name":"vt5_Kuopio_Tikkalansaari","t":"2026-09-04T01:15:35.000Z","yta":9.9,"luft":10.4,"nbd":"Dry","sno":false}},{"type":"Feature","geometry":{"type":"Point","coordinates":[27.577415,62.71901]},"properties":{"land":"FI","name":"vt5_Kuopio_Vehmasmäki","t":"2026-09-04T01:14:35.000Z","yta":8.2,"luft":6.8,"nbd":"Dry","sno":false}},{"type":"Feature","geometry":{"type":"Point","coordinates":[26.05186,62.05144]},"properties":{"land":"FI","name":"vt4_Toivakka_Vestonmäki","t":"2026-09-04T01:12:35.000Z","yta":7.7,"luft":7.1,"nbd":"Moist","sno":false}},{"type":"Feature","geometry":{"type":"Point","coordinates":[25.500411,61.999365]},"properties":{"land":"FI","name":"vt9_Jyväskylä_Korpilahti","t":"2026-09-04T01:11:35.000Z","yta":7.5,"luft":6.3,"nbd":"Moist","sno":false}},{"type":"Feature","geometry":{"type":"Point","coordinates":[25.393709,62.271619]},"properties":{"land":"FI","name":"vt18_Petäjävesi_Vehkasuo","t":"2026-09-04T01:12:35.000Z","yta":7.2,"luft":6,"nbd":"Moist","sno":false}},{"type":"Feature","geometry":{"type":"Point","coordinates":[25.810019,62.877732]},"properties":{"land":"FI","name":"vt4_Äänekoski_Kalaniemi","t":"2026-09-04T01:13:35.000Z","yta":6.9,"luft":3.5,"nbd":"Moist","sno":false}},{"type":"Feature","geometry":{"type":"Point","coordinates":[25.295385,61.631933]},"properties":{"land":"FI","name":"vt24_Kuhmoinen_Iso-Sääksjärvi","t":"2026-09-04T01:11:35.000Z","yta":8.4,"luft":7.5,"nbd":"Moist","sno":false}},{"type":"Feature","geometry":{"type":"Point","coordinates":[26.104345,62.252642]},"properties":{"land":"FI","name":"vt9_Laukaa_Lievestuore","t":"2026-09-04T01:15:35.000Z","yta":8,"luft":7.1,"nbd":"Dry","sno":false}},{"type":"Feature","geometry":{"type":"Point","coordinates":[25.663308,63.224397]},"properties":{"land":"FI","name":"vt4_Viitasaari_Löytänä","t":"2026-09-04T01:15:35.000Z","yta":10.3,"luft":8.7,"nbd":"Dry","sno":false}},{"type":"Feature","geometry":{"type":"Point","coordinates":[25.099198,62.778171]},"properties":{"land":"FI","name":"vt13_Saarijärvi_Kalmari","t":"2026-09-04T01:14:35.000Z","yta":7.9,"luft":5.2,"nbd":"Dry","sno":false}},{"type":"Feature","geometry":{"type":"Point","coordinates":[24.69727,63.000425]},"properties":{"land":"FI","name":"vt13_Kyyjärvi_Oikari","t":"2026-09-04T01:12:35.000Z","yta":9.2,"luft":7.5,"nbd":"Wet","sno":false}},{"type":"Feature","geometry":{"type":"Point","coordinates":[26.590491,62.377498]},"properties":{"land":"FI","name":"vt9_Hankasalmi_Hallanlahti","t":"2026-09-04T01:12:35.000Z","yta":7.4,"luft":5.5,"nbd":"Dry","sno":false}},{"type":"Feature","geometry":{"type":"Point","coordinates":[24.561971,62.245503]},"properties":{"land":"FI","name":"vt23_Keuruu_Tiusala","t":"2026-09-04T01:15:35.000Z","yta":8.2,"luft":4.2,"nbd":"Moist","sno":false}},{"type":"Feature","geometry":{"type":"Point","coordinates":[26.083664,61.722526]},"properties":{"land":"FI","name":"vt4_Joutsa","t":"2026-09-04T01:12:35.000Z","yta":8.7,"luft":8.7,"nbd":"Moist","sno":false}},{"type":"Feature","geometry":{"type":"Point","coordinates":[25.769116,62.24607]},"properties":{"land":"FI","name":"vt9_Jyväskylä","t":"2026-09-04T01:13:35.000Z","yta":9.9,"luft":9.9,"nbd":"Dry","sno":false}},{"type":"Feature","geometry":{"type":"Point","coordinates":[25.652015,62.573252]},"properties":{"land":"FI","name":"vt13_Äänekoski_Honkola","t":"2026-09-04T01:13:35.000Z","yta":7.8,"luft":5.4,"nbd":"Moist","sno":false}},{"type":"Feature","geometry":{"type":"Point","coordinates":[25.328408,61.913724]},"properties":{"land":"FI","name":"vt9_Jämsä_Ratalammi","t":"2026-09-04T01:12:35.000Z","yta":7.7,"luft":5.2,"nbd":"Moist","sno":false}},{"type":"Feature","geometry":{"type":"Point","coordinates":[25.069243,61.825827]},"properties":{"land":"FI","name":"vt9_Jämsä_Partalanmäki","t":"2026-09-04T01:15:35.000Z","yta":6.9,"luft":6.2,"nbd":"Wet","sno":false}},{"type":"Feature","geometry":{"type":"Point","coordinates":[25.767173,62.693869]},"properties":{"land":"FI","name":"vt4_Äänekoski_Petomäki","t":"2026-09-04T01:12:35.000Z","yta":8.1,"luft":8.1,"nbd":"Moist","sno":false}},{"type":"Feature","geometry":{"type":"Point","coordinates":[25.703895,62.340207]},"properties":{"land":"FI","name":"vt4_Jyväskylä_Puuppola","t":"2026-09-04T01:13:35.000Z","yta":9.4,"luft":6.6,"nbd":"Dry","sno":false}},{"type":"Feature","geometry":{"type":"Point","coordinates":[26.477676,62.30478]},"properties":{"land":"FI","name":"vt9_Hankasalmen_asema","t":"2026-09-04T01:11:35.000Z","yta":7.6,"luft":6.5,"nbd":"Moist","sno":false}},{"type":"Feature","geometry":{"type":"Point","coordinates":[25.681402,62.17971]},"properties":{"land":"FI","name":"vt9_Muurame_Keljonkangas","t":"2026-09-04T01:13:35.000Z","yta":6.4,"luft":4.3,"nbd":"Moist","sno":false}},{"type":"Feature","geometry":{"type":"Point","coordinates":[26.463524,62.703384]},"properties":{"land":"FI","name":"kt69_Konnevesi_Istunmäki","t":"2026-09-04T01:15:35.000Z","yta":8.1,"luft":8.3,"nbd":"Dry","sno":false}},{"type":"Feature","geometry":{"type":"Point","coordinates":[24.593683,62.588647]},"properties":{"land":"FI","name":"vt18_Multia_Väätäiskylä","t":"2026-09-04T01:14:35.000Z","yta":9.2,"luft":6.4,"nbd":"Dry","sno":false}},{"type":"Feature","geometry":{"type":"Point","coordinates":[25.641305,63.422953]},"properties":{"land":"FI","name":"vt4_Pihtipudas_Rönnynkylä","t":"2026-09-04T01:12:35.000Z","yta":11.6,"luft":9.3,"nbd":"Dry","sno":false}},{"type":"Feature","geometry":{"type":"Point","coordinates":[25.807422,62.807001]},"properties":{"land":"FI","name":"vt4_Äänekoski_Lintulahti","t":"2026-09-04T01:15:35.000Z","yta":11.5,"luft":5.9,"nbd":"Moist","sno":false}},{"type":"Feature","geometry":{"type":"Point","coordinates":[25.705434,62.371292]},"properties":{"land":"FI","name":"st624_Jyväskylä_Tikka-Mannila","t":"2026-09-04T01:14:35.000Z","yta":8.8,"luft":4,"nbd":"Dry","sno":false}},{"type":"Feature","geometry":{"type":"Point","coordinates":[21.530822,62.067804]},"properties":{"land":"FI","name":"vt8_Kristiinankaup_Metsälä","t":"2026-09-04T01:12:35.000Z","yta":9.2,"luft":5.2,"nbd":"Dry","sno":false}},{"type":"Feature","geometry":{"type":"Point","coordinates":[23.274188,63.860891]},"properties":{"land":"FI","name":"vt8_Kokkola_Vitikka","t":"2026-09-04T01:14:35.000Z","yta":10.9,"luft":9.3,"nbd":"Dry","sno":false}},{"type":"Feature","geometry":{"type":"Point","coordinates":[22.797132,62.393663]},"properties":{"land":"FI","name":"vt3_Kurikka_Jalasjärvi","t":"2026-09-04T01:13:35.000Z","yta":9.8,"luft":6.1,"nbd":"Dry","sno":false}},{"type":"Feature","geometry":{"type":"Point","coordinates":[22.280752,62.787786]},"properties":{"land":"FI","name":"vt3_Ilmajoki_Majakangas","t":"2026-09-04T01:14:35.000Z","yta":8.7,"luft":4,"nbd":"Dry","sno":false}},{"type":"Feature","geometry":{"type":"Point","coordinates":[23.627004,62.446837]},"properties":{"land":"FI","name":"kt66_Alavus_Sampsalampi","t":"2026-09-04T01:11:35.000Z","yta":8.9,"luft":6.3,"nbd":"Dry","sno":false}},{"type":"Feature","geometry":{"type":"Point","coordinates":[23.039176,62.939947]},"properties":{"land":"FI","name":"vt19_Lapua_Jouttikallio","t":"2026-09-04T01:13:35.000Z","yta":10.8,"luft":8.8,"nbd":"Dry","sno":false}},{"type":"Feature","geometry":{"type":"Point","coordinates":[21.898838,63.001363]},"properties":{"land":"FI","name":"vt3_Laihia_Ruto","t":"2026-09-04T01:12:35.000Z","yta":9.4,"luft":8.2,"nbd":"Dry","sno":false}},{"type":"Feature","geometry":{"type":"Point","coordinates":[23.679356,63.019762]},"properties":{"land":"FI","name":"vt16_Alajärvi_Kurejoki","t":"2026-09-04T01:12:35.000Z","yta":10.5,"luft":8.8,"nbd":"Moist","sno":false}},{"type":"Feature","geometry":{"type":"Point","coordinates":[22.778415,62.795511]},"properties":{"land":"FI","name":"kt67_Seinäjoki","t":"2026-09-04T01:13:35.000Z","yta":10.8,"luft":8,"nbd":"Dry","sno":false}},{"type":"Feature","geometry":{"type":"Point","coordinates":[23.473325,63.596931]},"properties":{"land":"FI","name":"vt13_Kaustinen_Viiperi","t":"2026-09-04T01:11:35.000Z","yta":10.7,"luft":9.5,"nbd":"Dry","sno":false}},{"type":"Feature","geometry":{"type":"Point","coordinates":[22.280653,62.48064]},"properties":{"land":"FI","name":"kt67_Kauhajoki_Äijönkylä","t":"2026-09-04T01:12:35.000Z","yta":8.6,"luft":4.9,"nbd":"Dry","sno":false}},{"type":"Feature","geometry":{"type":"Point","coordinates":[23.89992,62.611742]},"properties":{"land":"FI","name":"vt18_Alavus_Töysä","t":"2026-09-04T01:12:35.000Z","yta":8.8,"luft":5.4,"nbd":"Moist","sno":false}},{"type":"Feature","geometry":{"type":"Point","coordinates":[23.515232,63.334901]},"properties":{"land":"FI","name":"kt68_Evijärvi_Kirsilä","t":"2026-09-04T01:15:35.000Z","yta":10.8,"luft":9,"nbd":"Dry","sno":false}},{"type":"Feature","geometry":{"type":"Point","coordinates":[22.782701,63.805549]},"properties":{"land":"FI","name":"st749_Luoto_Eugmo","t":"2026-09-04T01:11:35.000Z","yta":11.6,"luft":10.4,"nbd":"Dry","sno":false}},{"type":"Feature","geometry":{"type":"Point","coordinates":[24.817893,60.222462]},"properties":{"land":"FI","name":"st101_Espoo_Mestarintunneli","t":"2026-09-04T01:14:35.000Z","yta":14.5,"luft":12.2,"nbd":"Dry","sno":false}},{"type":"Feature","geometry":{"type":"Point","coordinates":[21.473267,63.20668]},"properties":{"land":"FI","name":"st724_Mustasaari_Raippaluoto","t":"2026-09-04T01:14:35.000Z","yta":10.7,"luft":13.1,"nbd":"Dry","sno":false}},{"type":"Feature","geometry":{"type":"Point","coordinates":[22.564302,63.44277]},"properties":{"land":"FI","name":"vt8_Uusikaarlepyy_Ytterjeppo","t":"2026-09-04T01:12:35.000Z","yta":10.7,"luft":8.3,"nbd":"Dry","sno":false}},{"type":"Feature","geometry":{"type":"Point","coordinates":[23.638808,64.042047]},"properties":{"land":"FI","name":"vt8_Kalajoki_Himanka","t":"2026-09-04T01:11:35.000Z","yta":12.4,"luft":10.4,"nbd":"Dry","sno":false}},{"type":"Feature","geometry":{"type":"Point","coordinates":[22.63982,62.972591]},"properties":{"land":"FI","name":"vt16_Seinäjoki_Ylistaro","t":"2026-09-04T01:12:35.000Z","yta":9.4,"luft":6.6,"nbd":"Dry","sno":false}},{"type":"Feature","geometry":{"type":"Point","coordinates":[21.479724,62.266466]},"properties":{"land":"FI","name":"vt8_Kristiinankaup_Lapväärtti","t":"2026-09-04T01:13:35.000Z","yta":9.8,"luft":5.4,"nbd":"Dry","sno":false}},{"type":"Feature","geometry":{"type":"Point","coordinates":[21.762351,62.951401]},"properties":{"land":"FI","name":"vt8_Mustasaari_Riimala","t":"2026-09-04T01:11:35.000Z","yta":9.3,"luft":5.4,"nbd":"Dry","sno":false}},{"type":"Feature","geometry":{"type":"Point","coordinates":[21.22345,62.610743]},"properties":{"land":"FI","name":"st673_Närpiö_Rangsby","t":"2026-09-04T01:13:35.000Z","yta":9.4,"luft":4.9,"nbd":"Dry","sno":false}},{"type":"Feature","geometry":{"type":"Point","coordinates":[24.009266,63.655661]},"properties":{"land":"FI","name":"kt63_Kokkola_Ullava","t":"2026-09-04T01:12:35.000Z","yta":10.6,"luft":9.6,"nbd":"Moist","sno":false}},{"type":"Feature","geometry":{"type":"Point","coordinates":[21.805461,62.49633]},"properties":{"land":"FI","name":"kt67_Teuva","t":"2026-09-04T01:13:35.000Z","yta":7.5,"luft":5.4,"nbd":"Dry","sno":false}},{"type":"Feature","geometry":{"type":"Point","coordinates":[22.753038,62.587643]},"properties":{"land":"FI","name":"vt19_Kurikka_Luopajärvi","t":"2026-09-04T01:07:35.000Z","yta":10,"luft":6.6,"nbd":"Dry","sno":false}},{"type":"Feature","geometry":{"type":"Point","coordinates":[22.008784,63.159152]},"properties":{"land":"FI","name":"vt8_Mustasaari_Vassor","t":"2026-09-04T01:11:35.000Z","yta":8.2,"luft":6.6,"nbd":"Dry","sno":false}},{"type":"Feature","geometry":{"type":"Point","coordinates":[22.354745,62.977816]},"properties":{"land":"FI","name":"vt18_Isokyrö_Napue","t":"2026-09-04T01:12:35.000Z","yta":9.3,"luft":7.1,"nbd":"Dry","sno":false}},{"type":"Feature","geometry":{"type":"Point","coordinates":[23.52789,62.771234]},"properties":{"land":"FI","name":"kt66_Kuortane_Mäyry","t":"2026-09-04T01:14:35.000Z","yta":8.4,"luft":7,"nbd":"Wet","sno":false}},{"type":"Feature","geometry":{"type":"Point","coordinates":[22.868361,63.138798]},"properties":{"land":"FI","name":"vt19_Kauhava_Ylihärmä","t":"2026-09-04T01:11:35.000Z","yta":9.3,"luft":8.1,"nbd":"Dry","sno":false}},{"type":"Feature","geometry":{"type":"Point","coordinates":[23.785161,63.183048]},"properties":{"land":"FI","name":"kt68_Vimpeli_Hietoja","t":"2026-09-04T01:12:35.000Z","yta":11.1,"luft":8.8,"nbd":"Wet","sno":false}},{"type":"Feature","geometry":{"type":"Point","coordinates":[24.247809,63.037321]},"properties":{"land":"FI","name":"vt16_Alajärvi_Möksy","t":"2026-09-04T01:15:35.000Z","yta":8.2,"luft":7,"nbd":"Moist","sno":false}},{"type":"Feature","geometry":{"type":"Point","coordinates":[24.522293,63.167388]},"properties":{"land":"FI","name":"vt13_Perho_Möttönen","t":"2026-09-04T01:15:35.000Z","yta":10.3,"luft":8.3,"nbd":"Wet","sno":false}},{"type":"Feature","geometry":{"type":"Point","coordinates":[24.245085,63.767396]},"properties":{"land":"FI","name":"kt63_Toholampi","t":"2026-09-04T01:15:35.000Z","yta":10.9,"luft":10.1,"nbd":"Wet","sno":false}},{"type":"Feature","geometry":{"type":"Point","coordinates":[23.049413,62.969337]},"properties":{"land":"FI","name":"vt19_Lapua_Opt1","t":"2026-09-04T01:11:35.000Z","yta":11.7,"luft":9.2,"nbd":"Dry","sno":false}},{"type":"Feature","geometry":{"type":"Point","coordinates":[21.394566,62.86962]},"properties":{"land":"FI","name":"st673_Maalahti_Petolahti","t":"2026-09-04T01:13:35.000Z","yta":10.2,"luft":6.7,"nbd":"Dry","sno":false}},{"type":"Feature","geometry":{"type":"Point","coordinates":[21.696598,63.070926]},"properties":{"land":"FI","name":"vt3_Vaasa_Vanhasatama","t":"2026-09-04T01:13:35.000Z","yta":10.8,"luft":7.8,"nbd":"Dry","sno":false}},{"type":"Feature","geometry":{"type":"Point","coordinates":[22.626641,62.743521]},"properties":{"land":"FI","name":"kt67_Ilmajoki","t":"2026-09-04T01:13:35.000Z","yta":9.8,"luft":7,"nbd":"Dry","sno":false}},{"type":"Feature","geometry":{"type":"Point","coordinates":[23.049858,62.969259]},"properties":{"land":"FI","name":"kt66_Lapua","t":"2026-09-04T01:12:35.000Z","yta":11.7,"luft":9.1,"nbd":"Dry","sno":false}},{"type":"Feature","geometry":{"type":"Point","coordinates":[23.28491,62.647975]},"properties":{"land":"FI","name":"vt18_Alavus_Sääskiniemi","t":"2026-09-04T01:13:35.000Z","yta":9.2,"luft":7.4,"nbd":"Wet","sno":false}},{"type":"Feature","geometry":{"type":"Point","coordinates":[23.96849,64.340502]},"properties":{"land":"FI","name":"vt8_Kalajoki_Vasankari","t":"2026-09-04T01:13:35.000Z","yta":13.2,"luft":11,"nbd":"Dry","sno":false}},{"type":"Feature","geometry":{"type":"Point","coordinates":[23.886345,63.901208]},"properties":{"land":"FI","name":"vt28_Kannus","t":"2026-09-04T01:15:35.000Z","yta":11.7,"luft":10.3,"nbd":"Dry","sno":false}},{"type":"Feature","geometry":{"type":"Point","coordinates":[24.744181,64.002905]},"properties":{"land":"FI","name":"vt27_Ylivieska_Raudaskylä","t":"2026-09-04T01:13:35.000Z","yta":10.6,"luft":8.9,"nbd":"Wet","sno":false}},{"type":"Feature","geometry":{"type":"Point","coordinates":[24.911744,64.309463]},"properties":{"land":"FI","name":"kt86_Oulainen_Piipsjärvi","t":"2026-09-04T01:13:35.000Z","yta":11.7,"luft":9.7,"nbd":"Moist","sno":false}},{"type":"Feature","geometry":{"type":"Point","coordinates":[25.819967,63.64238]},"properties":{"land":"FI","name":"vt4_Pyhäjärvi_Lamminaho","t":"2026-09-04T01:14:35.000Z","yta":11.6,"luft":9.1,"nbd":"Wet","sno":false}},{"type":"Feature","geometry":{"type":"Point","coordinates":[24.561583,64.68631]},"properties":{"land":"FI","name":"vt8_Raahe_Pattijoki","t":"2026-09-04T01:11:35.000Z","yta":12.3,"luft":10.6,"nbd":"Moist","sno":false}},{"type":"Feature","geometry":{"type":"Point","coordinates":[25.875735,64.281578]},"properties":{"land":"FI","name":"vt4_Siikalatva_Pulkkila","t":"2026-09-04T01:12:35.000Z","yta":12.3,"luft":9.6,"nbd":"Wet","sno":false}},{"type":"Feature","geometry":{"type":"Point","coordinates":[25.251136,65.533159]},"properties":{"land":"FI","name":"vt4_Ii_Myllykangas","t":"2026-09-04T01:12:35.000Z","yta":8.2,"luft":7.7,"nbd":"Dry","sno":false}},{"type":"Feature","geometry":{"type":"Point","coordinates":[26.1921,65.189479]},"properties":{"land":"FI","name":"vt20_Oulu_Arkala","t":"2026-09-04T01:15:35.000Z","yta":9.6,"luft":7.7,"nbd":"Dry","sno":false}},{"type":"Feature","geometry":{"type":"Point","coordinates":[27.62322,65.449339]},"properties":{"land":"FI","name":"vt20_Pudasjärvi_Pintamo","t":"2026-09-04T01:12:35.000Z","yta":10,"luft":7.8,"nbd":"Dry","sno":false}},{"type":"Feature","geometry":{"type":"Point","coordinates":[28.815878,65.826123]},"properties":{"land":"FI","name":"vt20_Kuusamo_Kuolio","t":"2026-09-04T01:13:35.000Z","yta":11.3,"luft":9.5,"nbd":"Moist","sno":false}},{"type":"Feature","geometry":{"type":"Point","coordinates":[28.898913,66.305314]},"properties":{"land":"FI","name":"vt5_Kuusamo_Kitka","t":"2026-09-04T01:15:35.000Z","yta":11.6,"luft":10.2,"nbd":"Moist","sno":false}},{"type":"Feature","geometry":{"type":"Point","coordinates":[26.552265,63.989185]},"properties":{"land":"FI","name":"kt88_Pyhäntä_Ahokylä","t":"2026-09-04T01:11:35.000Z","yta":10.8,"luft":8.5,"nbd":"Dry","sno":false}},{"type":"Feature","geometry":{"type":"Point","coordinates":[26.267585,64.781115]},"properties":{"land":"FI","name":"vt22_Utajärvi_Sotkajärvi","t":"2026-09-04T01:14:35.000Z","yta":12.1,"luft":9.9,"nbd":"Dry","sno":false}},{"type":"Feature","geometry":{"type":"Point","coordinates":[26.676485,65.690372]},"properties":{"land":"FI","name":"kt78_Pudasjärvi_Kokkokylä","t":"2026-09-04T01:14:35.000Z","yta":10.2,"luft":7.6,"nbd":"Dry","sno":false}},{"type":"Feature","geometry":{"type":"Point","coordinates":[25.615972,64.657302]},"properties":{"land":"FI","name":"vt4_Tyrnävä_Temmes","t":"2026-09-04T01:11:35.000Z","yta":11.4,"luft":9.8,"nbd":"Wet","sno":false}},{"type":"Feature","geometry":{"type":"Point","coordinates":[25.384804,65.412578]},"properties":{"land":"FI","name":"vt4_Ii_Olhava","t":"2026-09-04T01:11:35.000Z","yta":8.8,"luft":6.6,"nbd":"Dry","sno":false}},{"type":"Feature","geometry":{"type":"Point","coordinates":[25.755648,64.006442]},"properties":{"land":"FI","name":"vt4_Kärsämäki","t":"2026-09-04T01:15:35.000Z","yta":11.5,"luft":9.3,"nbd":"Dry","sno":false}},{"type":"Feature","geometry":{"type":"Point","coordinates":[25.507899,65.019907]},"properties":{"land":"FI","name":"vt4_Oulu_Intiö","t":"2026-09-04T01:11:35.000Z","yta":11.9,"luft":11.5,"nbd":"Moist","sno":false}},{"type":"Feature","geometry":{"type":"Point","coordinates":[25.237196,63.813317]},"properties":{"land":"FI","name":"vt27_Haapajärvi_Oksava","t":"2026-09-04T01:15:35.000Z","yta":11.7,"luft":9.9,"nbd":"Dry","sno":false}},{"type":"Feature","geometry":{"type":"Point","coordinates":[25.487155,64.816273]},"properties":{"land":"FI","name":"vt4_Liminka_Haaransilta","t":"2026-09-04T01:11:35.000Z","yta":10.4,"luft":9.4,"nbd":"Wet","sno":false}},{"type":"Feature","geometry":{"type":"Point","coordinates":[29.144609,66.013444]},"properties":{"land":"FI","name":"vt5_Kuusamo_Petäjälampi","t":"2026-09-04T01:13:35.000Z","yta":11.8,"luft":9.7,"nbd":"Wet","sno":false}},{"type":"Feature","geometry":{"type":"Point","coordinates":[25.598637,65.052348]},"properties":{"land":"FI","name":"vt20_Oulu_Hönttämäki","t":"2026-09-04T01:14:35.000Z","yta":11.5,"luft":11.1,"nbd":"Wet","sno":false}},{"type":"Feature","geometry":{"type":"Point","coordinates":[25.84053,64.884172]},"properties":{"land":"FI","name":"vt22_Muhos_Kosulankylä","t":"2026-09-04T01:15:35.000Z","yta":11.4,"luft":10.2,"nbd":"Moist","sno":false}},{"type":"Feature","geometry":{"type":"Point","coordinates":[26.958674,64.115523]},"properties":{"land":"FI","name":"vt28_Kajaani_Kokkosuo","t":"2026-09-04T01:12:35.000Z","yta":10.4,"luft":8.9,"nbd":"Dry","sno":false}},{"type":"Feature","geometry":{"type":"Point","coordinates":[28.300681,65.593155]},"properties":{"land":"FI","name":"vt20_Taivalkoski","t":"2026-09-04T01:13:35.000Z","yta":9.7,"luft":7.1,"nbd":"Dry","sno":false}},{"type":"Feature","geometry":{"type":"Point","coordinates":[29.15156,65.721323]},"properties":{"land":"FI","name":"vt5_Kuusamo_Jokivaara","t":"2026-09-04T01:13:35.000Z","yta":10.9,"luft":9.7,"nbd":"Moist","sno":false}},{"type":"Feature","geometry":{"type":"Point","coordinates":[25.546105,64.986377]},"properties":{"land":"FI","name":"vt22_Oulu_Talonpojankangas","t":"2026-09-04T01:15:35.000Z","yta":11.4,"luft":10.5,"nbd":"Moist","sno":false}},{"type":"Feature","geometry":{"type":"Point","coordinates":[26.18522,60.459557]},"properties":{"land":"FI","name":"vt7_Loviisa","t":"2026-09-04T01:11:35.000Z","yta":9.5,"luft":8,"nbd":"Dry","sno":false}},{"type":"Feature","geometry":{"type":"Point","coordinates":[24.825599,60.326306]},"properties":{"land":"FI","name":"vt3_Vantaa_Keimola","t":"2026-09-04T01:13:35.000Z","yta":9.4,"luft":6.6,"nbd":"Dry","sno":false}},{"type":"Feature","geometry":{"type":"Point","coordinates":[24.210749,64.447492]},"properties":{"land":"FI","name":"vt8_Pyhäjoki_Viirre","t":"2026-09-04T01:12:35.000Z","yta":12.9,"luft":10.3,"nbd":"Moist","sno":false}},{"type":"Feature","geometry":{"type":"Point","coordinates":[25.507369,65.019901]},"properties":{"land":"FI","name":"vt4_Oulu_Intiö_3","t":"2026-09-04T01:13:35.000Z","yta":11.9,"luft":11.4,"nbd":"Moist","sno":false}},{"type":"Feature","geometry":{"type":"Point","coordinates":[25.799529,64.421923]},"properties":{"land":"FI","name":"vt4_Siikalatva_Hyttikoski","t":"2026-09-04T01:11:35.000Z","yta":11.9,"luft":10,"nbd":"Moist","sno":false}},{"type":"Feature","geometry":{"type":"Point","coordinates":[25.50536,64.985992]},"properties":{"land":"FI","name":"vt4_Oulu_Lintula","t":"2026-09-04T01:11:35.000Z","yta":11.4,"luft":10.8,"nbd":"Wet","sno":false}},{"type":"Feature","geometry":{"type":"Point","coordinates":[24.967942,64.718614]},"properties":{"land":"FI","name":"vt8_Siikajoki_Revonlahti","t":"2026-09-04T01:14:35.000Z","yta":11.4,"luft":9.3,"nbd":"Dry","sno":false}},{"type":"Feature","geometry":{"type":"Point","coordinates":[25.442388,65.071346]},"properties":{"land":"FI","name":"vt4_Oulu_Ritaharju","t":"2026-09-04T01:15:35.000Z","yta":11.2,"luft":10.4,"nbd":"Dry","sno":false}},{"type":"Feature","geometry":{"type":"Point","coordinates":[25.424913,65.174473]},"properties":{"land":"FI","name":"vt4_Oulu_Haukipudas","t":"2026-09-04T01:11:35.000Z","yta":9.3,"luft":7.7,"nbd":"Moist","sno":false}},{"type":"Feature","geometry":{"type":"Point","coordinates":[26.290622,64.353206]},"properties":{"land":"FI","name":"mt800_siikalatva_kestilä","t":"2026-09-04T01:13:35.000Z","yta":11.7,"luft":9.7,"nbd":"Moist","sno":false}},{"type":"Feature","geometry":{"type":"Point","coordinates":[29.100175,69.66367]},"properties":{"land":"FI","name":"kt92_Inari_Näätämö","t":"2026-09-04T01:13:35.000Z","yta":10.8,"luft":10.2,"nbd":"Dry","sno":false}},{"type":"Feature","geometry":{"type":"Point","coordinates":[27.077311,68.900245]},"properties":{"land":"FI","name":"vt4_Inari_Uruvaara","t":"2026-09-04T01:14:35.000Z","yta":12,"luft":10,"nbd":"Dry","sno":false}},{"type":"Feature","geometry":{"type":"Point","coordinates":[27.137755,65.919193]},"properties":{"land":"FI","name":"st941_Ranua_Saariharju","t":"2026-09-04T01:11:35.000Z","yta":11.2,"luft":9.8,"nbd":"Moist","sno":false}},{"type":"Feature","geometry":{"type":"Point","coordinates":[25.080574,65.033645]},"properties":{"land":"FI","name":"st816_Oulunsalo_Huikun_silta","t":"2026-09-04T01:15:35.000Z","yta":11.1,"luft":13.3,"nbd":"Moist","sno":false}},{"type":"Feature","geometry":{"type":"Point","coordinates":[27.997025,64.142281]},"properties":{"land":"FI","name":"vt6_Sotkamo_Korholanmäki","t":"2026-09-04T01:12:35.000Z","yta":9.9,"luft":9.3,"nbd":"Dry","sno":false}},{"type":"Feature","geometry":{"type":"Point","coordinates":[28.403639,64.576405]},"properties":{"land":"FI","name":"vt5_Ristijärvi_Roukajoki","t":"2026-09-04T01:11:35.000Z","yta":9.2,"luft":5.1,"nbd":"Dry","sno":false}},{"type":"Feature","geometry":{"type":"Point","coordinates":[27.241136,64.53361]},"properties":{"land":"FI","name":"vt22_Vaala_Liminpuro","t":"2026-09-04T01:12:35.000Z","yta":9.5,"luft":7.9,"nbd":"Dry","sno":false}},{"type":"Feature","geometry":{"type":"Point","coordinates":[28.9395,65.146762]},"properties":{"land":"FI","name":"vt5_Suomussalmi_Palovaara","t":"2026-09-04T01:15:35.000Z","yta":12.5,"luft":6.7,"nbd":"Dry","sno":false}},{"type":"Feature","geometry":{"type":"Point","coordinates":[27.701664,65.03363]},"properties":{"land":"FI","name":"kt78_Puolanka_Paasikoski","t":"2026-09-04T01:12:35.000Z","yta":7.9,"luft":2.5,"nbd":"Dry","sno":false}},{"type":"Feature","geometry":{"type":"Point","coordinates":[29.104745,64.084878]},"properties":{"land":"FI","name":"kt76_Kuhmo_Tervasalmi","t":"2026-09-04T01:13:35.000Z","yta":10.6,"luft":9.3,"nbd":"Dry","sno":false}},{"type":"Feature","geometry":{"type":"Point","coordinates":[27.405381,63.995691]},"properties":{"land":"FI","name":"vt5_Kajaani_Hatulanmäki","t":"2026-09-04T01:12:35.000Z","yta":11.2,"luft":8.5,"nbd":"Dry","sno":false}},{"type":"Feature","geometry":{"type":"Point","coordinates":[28.037973,64.31526]},"properties":{"land":"FI","name":"vt5_Kajaani_Mineraali","t":"2026-09-04T01:13:35.000Z","yta":8.5,"luft":4.3,"nbd":"Dry","sno":false}},{"type":"Feature","geometry":{"type":"Point","coordinates":[28.843601,64.786713]},"properties":{"land":"FI","name":"vt5_Suomussalmi_Raiskio","t":"2026-09-04T01:15:35.000Z","yta":9.5,"luft":8.5,"nbd":"Moist","sno":false}},{"type":"Feature","geometry":{"type":"Point","coordinates":[26.847312,65.275583]},"properties":{"land":"FI","name":"vt20_Pudasjärvi_Taipaleenh","t":"2026-09-04T01:15:35.000Z","yta":8.5,"luft":7.9,"nbd":"Moist","sno":false}},{"type":"Feature","geometry":{"type":"Point","coordinates":[29.334506,64.433476]},"properties":{"land":"FI","name":"kt89_Kuhmo_Kuusamonkylä","t":"2026-09-04T01:13:35.000Z","yta":10,"luft":8,"nbd":"Moist","sno":false}},{"type":"Feature","geometry":{"type":"Point","coordinates":[29.039022,65.425561]},"properties":{"land":"FI","name":"vt5_Suomussalmi_Pisto","t":"2026-09-04T01:13:35.000Z","yta":10.9,"luft":7.5,"nbd":"Dry","sno":false}},{"type":"Feature","geometry":{"type":"Point","coordinates":[27.524543,64.162704]},"properties":{"land":"FI","name":"vt5_Kajaani_Nuottijärvi","t":"2026-09-04T01:12:35.000Z","yta":10.7,"luft":7.6,"nbd":"Dry","sno":false}},{"type":"Feature","geometry":{"type":"Point","coordinates":[29.195716,64.650044]},"properties":{"land":"FI","name":"yt9110_Suomussalmi_Seikkala","t":"2026-09-04T01:15:35.000Z","yta":10,"luft":7.1,"nbd":"Dry","sno":false}},{"type":"Feature","geometry":{"type":"Point","coordinates":[27.833495,64.260648]},"properties":{"land":"FI","name":"vt5_Kajaani_Kuluntalahti","t":"2026-09-04T01:11:35.000Z","yta":9.2,"luft":5.2,"nbd":"Dry","sno":false}},{"type":"Feature","geometry":{"type":"Point","coordinates":[29.490855,65.218567]},"properties":{"land":"FI","name":"st843_Suomussalmi_Juntusranta","t":"2026-09-04T01:14:35.000Z","yta":10.7,"luft":7.5,"nbd":"Dry","sno":false}},{"type":"Feature","geometry":{"type":"Point","coordinates":[28.447782,63.876463]},"properties":{"land":"FI","name":"vt6_Sotkamo_Maanselkä","t":"2026-09-04T01:12:35.000Z","yta":10.2,"luft":8,"nbd":"Dry","sno":false}},{"type":"Feature","geometry":{"type":"Point","coordinates":[25.344265,66.248902]},"properties":{"land":"FI","name":"vt4_Rovaniemi_Jaatila","t":"2026-09-04T01:13:35.000Z","yta":12.4,"luft":11.7,"nbd":"Wet","sno":false}},{"type":"Feature","geometry":{"type":"Point","coordinates":[27.42308,68.454743]},"properties":{"land":"FI","name":"vt4_Inari_Saariselkä","t":"2026-09-04T01:13:35.000Z","yta":10.4,"luft":8.8,"nbd":"Moist","sno":false}},{"type":"Feature","geometry":{"type":"Point","coordinates":[26.542602,67.070218]},"properties":{"land":"FI","name":"vt4_Sodankylä_Vuojärvi","t":"2026-09-04T01:11:35.000Z","yta":11,"luft":8.4,"nbd":"Dry","sno":false}},{"type":"Feature","geometry":{"type":"Point","coordinates":[26.880189,67.989226]},"properties":{"land":"FI","name":"vt4_Sodankylä_Porttipahta","t":"2026-09-04T01:12:35.000Z","yta":11.8,"luft":9.7,"nbd":"Wet","sno":false}},{"type":"Feature","geometry":{"type":"Point","coordinates":[24.055239,65.95972]},"properties":{"land":"FI","name":"vt21_Tornio_Kukkola","t":"2026-09-04T01:12:35.000Z","yta":13.7,"luft":9.8,"nbd":"Wet","sno":false}},{"type":"Feature","geometry":{"type":"Point","coordinates":[24.048842,67.003245]},"properties":{"land":"FI","name":"vt21_Pello_Kivilaki","t":"2026-09-04T01:11:35.000Z","yta":12.5,"luft":10,"nbd":"Dry","sno":false}},{"type":"Feature","geometry":{"type":"Point","coordinates":[26.654679,66.680742]},"properties":{"land":"FI","name":"kt82_Rovaniemi_Kalliosalmi","t":"2026-09-04T01:12:35.000Z","yta":10.5,"luft":9.6,"nbd":"Dry","sno":false}},{"type":"Feature","geometry":{"type":"Point","coordinates":[24.848391,66.639585]},"properties":{"land":"FI","name":"kt83_Ylitornio_Raanujärvi","t":"2026-09-04T01:11:35.000Z","yta":11.5,"luft":8.2,"nbd":"Dry","sno":false}},{"type":"Feature","geometry":{"type":"Point","coordinates":[27.238159,69.4476]},"properties":{"land":"FI","name":"vt4_Inari_Petsikko","t":"2026-09-04T01:14:35.000Z","yta":7.1,"luft":7.1,"nbd":"Dry","sno":false}},{"type":"Feature","geometry":{"type":"Point","coordinates":[27.441595,67.193939]},"properties":{"land":"FI","name":"vt5_Pelkosenniemi_Kairala","t":"2026-09-04T01:12:35.000Z","yta":8.6,"luft":5.9,"nbd":"Dry","sno":false}},{"type":"Feature","geometry":{"type":"Point","coordinates":[23.624871,67.530297]},"properties":{"land":"FI","name":"vt21_Muonio_Tapojärvi","t":"2026-09-04T01:12:35.000Z","yta":11.8,"luft":11.1,"nbd":"Dry","sno":false}},{"type":"Feature","geometry":{"type":"Point","coordinates":[21.252106,68.806548]},"properties":{"land":"FI","name":"vt21_Enontekiö_Saarikoski_K","t":"2026-09-04T01:15:35.000Z","yta":8.6,"luft":7,"nbd":"Wet","sno":false}},{"type":"Feature","geometry":{"type":"Point","coordinates":[24.532171,65.789405]},"properties":{"land":"FI","name":"vt4_Keminmaa_Isohaara","t":"2026-09-04T01:15:35.000Z","yta":11.7,"luft":10.8,"nbd":"Dry","sno":false}},{"type":"Feature","geometry":{"type":"Point","coordinates":[24.408307,65.825369]},"properties":{"land":"FI","name":"vt29_Tornio_Luukkaankangas","t":"2026-09-04T01:11:35.000Z","yta":11.9,"luft":10.8,"nbd":"Moist","sno":false}},{"type":"Feature","geometry":{"type":"Point","coordinates":[24.262482,65.835643]},"properties":{"land":"FI","name":"vt29_Tornio_Kyläjoki","t":"2026-09-04T01:12:35.000Z","yta":12.4,"luft":11.2,"nbd":"Moist","sno":false}},{"type":"Feature","geometry":{"type":"Point","coordinates":[28.087992,65.834521]},"properties":{"land":"FI","name":"st863_Posio_Sirniö","t":"2026-09-04T01:11:35.000Z","yta":11.5,"luft":9.7,"nbd":"Moist","sno":false}},{"type":"Feature","geometry":{"type":"Point","coordinates":[24.179462,67.563188]},"properties":{"land":"FI","name":"yt9401_Ylläs_maisematie","t":"2026-09-04T01:13:35.000Z","yta":11.4,"luft":10.7,"nbd":"Wet","sno":false}},{"type":"Feature","geometry":{"type":"Point","coordinates":[25.728417,66.505491]},"properties":{"land":"FI","name":"vt4_Rovaniemi_Revontuli","t":"2026-09-04T01:15:35.000Z","yta":11.9,"luft":11.5,"nbd":"Moist","sno":false}},{"type":"Feature","geometry":{"type":"Point","coordinates":[24.573949,65.752307]},"properties":{"land":"FI","name":"vt4_Kemi_Ristikangas","t":"2026-09-04T01:15:35.000Z","yta":11.7,"luft":9.8,"nbd":"Moist","sno":false}},{"type":"Feature","geometry":{"type":"Point","coordinates":[24.626121,65.711347]},"properties":{"land":"FI","name":"vt4_Kemi_Siikalahti","t":"2026-09-04T01:11:35.000Z","yta":10,"luft":9.4,"nbd":"Dry","sno":false}},{"type":"Feature","geometry":{"type":"Point","coordinates":[23.080531,68.284083]},"properties":{"land":"FI","name":"vt21_Enontekiö_Palojoensuu","t":"2026-09-04T01:11:35.000Z","yta":11.4,"luft":9,"nbd":"Wet","sno":false}},{"type":"Feature","geometry":{"type":"Point","coordinates":[24.087345,60.49857]},"properties":{"land":"FI","name":"yt1282_Lohja_Ikkala","t":"2026-09-04T01:12:35.000Z","yta":10.2,"luft":5.7,"nbd":"Dry","sno":false}},{"type":"Feature","geometry":{"type":"Point","coordinates":[26.321557,66.108385]},"properties":{"land":"FI","name":"kt78_Ranua_Portimo","t":"2026-09-04T01:15:35.000Z","yta":11.6,"luft":10.6,"nbd":"Moist","sno":false}},{"type":"Feature","geometry":{"type":"Point","coordinates":[23.632721,67.911098]},"properties":{"land":"FI","name":"vt21_Muonio_Pahtonen","t":"2026-09-04T01:13:35.000Z","yta":11,"luft":10,"nbd":"Moist","sno":false}},{"type":"Feature","geometry":{"type":"Point","coordinates":[28.4162,66.092967]},"properties":{"land":"FI","name":"kt81_Posio_Mourusalmi","t":"2026-09-04T01:15:35.000Z","yta":12.1,"luft":11.4,"nbd":"Moist","sno":false}},{"type":"Feature","geometry":{"type":"Point","coordinates":[22.023236,68.51985]},"properties":{"land":"FI","name":"vt21_Enontekiö_Kelottijärvi","t":"2026-09-04T01:11:35.000Z","yta":10.3,"luft":7.8,"nbd":"Dry","sno":false}},{"type":"Feature","geometry":{"type":"Point","coordinates":[22.411906,68.471865]},"properties":{"land":"FI","name":"vt21_Enontekiö_Hietajoki","t":"2026-09-04T01:14:35.000Z","yta":10,"luft":8.3,"nbd":"Moist","sno":false}},{"type":"Feature","geometry":{"type":"Point","coordinates":[29.012075,67.016332]},"properties":{"land":"FI","name":"st965_Salla_Kotala","t":"2026-09-04T01:11:35.000Z","yta":8.3,"luft":4.1,"nbd":"Dry","sno":false}},{"type":"Feature","geometry":{"type":"Point","coordinates":[24.933029,67.200394]},"properties":{"land":"FI","name":"kt79_Kittilä_Lohiniva","t":"2026-09-04T01:11:35.000Z","yta":10.4,"luft":9.1,"nbd":"Dry","sno":false}},{"type":"Feature","geometry":{"type":"Point","coordinates":[24.930525,65.669132]},"properties":{"land":"FI","name":"vt4_Simo_Simoniemi","t":"2026-09-04T01:13:35.000Z","yta":8.5,"luft":6.3,"nbd":"Dry","sno":false}},{"type":"Feature","geometry":{"type":"Point","coordinates":[25.457463,66.857203]},"properties":{"land":"FI","name":"kt79_Rovaniemi_Patokoski","t":"2026-09-04T01:11:35.000Z","yta":12.3,"luft":9.3,"nbd":"Dry","sno":false}},{"type":"Feature","geometry":{"type":"Point","coordinates":[25.785034,66.538124]},"properties":{"land":"FI","name":"vt4_Rovaniemi_Santa_Claus","t":"2026-09-04T01:14:35.000Z","yta":12.1,"luft":11,"nbd":"Dry","sno":false}},{"type":"Feature","geometry":{"type":"Point","coordinates":[25.515637,65.863113]},"properties":{"land":"FI","name":"st924_Simo_Sankala","t":"2026-09-04T01:12:35.000Z","yta":10.8,"luft":9.1,"nbd":"Moist","sno":false}},{"type":"Feature","geometry":{"type":"Point","coordinates":[25.676753,67.560977]},"properties":{"land":"FI","name":"kt80_Kittilä_Tepsa","t":"2026-09-04T01:15:35.000Z","yta":10.1,"luft":9.9,"nbd":"Dry","sno":false}},{"type":"Feature","geometry":{"type":"Point","coordinates":[26.94151,66.323516]},"properties":{"land":"FI","name":"Kt81_Rovaniemi_Juotasniemi","t":"2026-09-04T01:13:35.000Z","yta":12.3,"luft":10.6,"nbd":"Dry","sno":false}},{"type":"Feature","geometry":{"type":"Point","coordinates":[25.319144,60.637428]},"properties":{"land":"FI","name":"st140_Mäntsälä_IoT","t":"2026-09-04T01:10:35.000Z","yta":11.5,"luft":null,"nbd":"Dry","sno":false}},{"type":"Feature","geometry":{"type":"Point","coordinates":[23.356861,60.37346]},"properties":{"land":"FI","name":"vt1_Salo_Lakiamäki_R","t":"2026-09-04T01:15:35.000Z","yta":11.6,"luft":10.1,"nbd":"Dry","sno":false}},{"type":"Feature","geometry":{"type":"Point","coordinates":[23.356821,60.373818]},"properties":{"land":"FI","name":"vt1_Salo_Lakiamäki_O","t":"2026-09-04T01:15:35.000Z","yta":11.3,"luft":10.1,"nbd":"Dry","sno":false}},{"type":"Feature","geometry":{"type":"Point","coordinates":[23.477896,60.380487]},"properties":{"land":"FI","name":"vt1_Salo_Kruusila_R","t":"2026-09-04T01:11:35.000Z","yta":9.9,"luft":7.5,"nbd":"Dry","sno":false}},{"type":"Feature","geometry":{"type":"Point","coordinates":[23.936423,60.328547]},"properties":{"land":"FI","name":"vt1_Lohja_Pitkämäki_O","t":"2026-09-04T01:13:35.000Z","yta":9.9,"luft":7,"nbd":"Dry","sno":false}},{"type":"Feature","geometry":{"type":"Point","coordinates":[24.001952,60.312709]},"properties":{"land":"FI","name":"vt1_Lohja_Karnainen_R","t":"2026-09-04T01:07:35.000Z","yta":11.1,"luft":8.8,"nbd":"Dry","sno":false}},{"type":"Feature","geometry":{"type":"Point","coordinates":[24.001952,60.312709]},"properties":{"land":"FI","name":"vt1_Lohja_Karnainen_O","t":"2026-09-04T01:07:35.000Z","yta":11.2,"luft":8.7,"nbd":"Dry","sno":false}},{"type":"Feature","geometry":{"type":"Point","coordinates":[24.001952,60.312709]},"properties":{"land":"FI","name":"vt1_Lohja_Karnainen_Opt","t":"2026-09-04T01:13:35.000Z","yta":12,"luft":8.7,"nbd":"Dry","sno":false}},{"type":"Feature","geometry":{"type":"Point","coordinates":[25.66164,62.405334]},"properties":{"land":"FI","name":"Jyväskylä_LA12","t":"2026-09-04T01:10:35.000Z","yta":7.5,"luft":5.1,"nbd":"Dry","sno":false}},{"type":"Feature","geometry":{"type":"Point","coordinates":[25.689588,62.392887]},"properties":{"land":"FI","name":"Jyväskylä_LA30","t":"2026-09-04T01:11:35.000Z","yta":9,"luft":4.2,"nbd":"Dry","sno":false}},{"type":"Feature","geometry":{"type":"Point","coordinates":[24.582252,65.78955]},"properties":{"land":"FI","name":"Kemi_LA18","t":"2026-09-04T01:10:35.000Z","yta":11.1,"luft":9.1,"nbd":"Dry","sno":false}},{"type":"Feature","geometry":{"type":"Point","coordinates":[24.579411,65.779522]},"properties":{"land":"FI","name":"Kemi_LA36","t":"2026-09-04T01:11:35.000Z","yta":11.1,"luft":9,"nbd":"Dry","sno":false}},{"type":"Feature","geometry":{"type":"Point","coordinates":[27.673343,64.282741]},"properties":{"land":"FI","name":"Kajaani_LA07","t":"2026-09-04T01:10:35.000Z","yta":9.6,"luft":9,"nbd":"Dry","sno":false}},{"type":"Feature","geometry":{"type":"Point","coordinates":[27.711301,64.288153]},"properties":{"land":"FI","name":"Kajaani_LA25","t":"2026-09-04T01:11:35.000Z","yta":10.3,"luft":9,"nbd":"Dry","sno":false}},{"type":"Feature","geometry":{"type":"Point","coordinates":[23.13626,63.710613]},"properties":{"land":"FI","name":"Kokkola-Pietarsaari_LA01","t":"2026-09-04T01:10:35.000Z","yta":10.1,"luft":9.3,"nbd":"Dry","sno":false}},{"type":"Feature","geometry":{"type":"Point","coordinates":[19.900957,60.127713]},"properties":{"land":"FI","name":"Maarianhamina_LA21","t":"2026-09-04T01:10:35.000Z","yta":11.2,"luft":5.7,"nbd":"Moist","sno":false}},{"type":"Feature","geometry":{"type":"Point","coordinates":[25.33868,64.93519]},"properties":{"land":"FI","name":"Oulu_LA12_B","t":"2026-09-04T01:10:35.000Z","yta":11.5,"luft":10.8,"nbd":"Dry","sno":false}},{"type":"Feature","geometry":{"type":"Point","coordinates":[25.373542,64.926294]},"properties":{"land":"FI","name":"Oulu_LA30_B","t":"2026-09-04T01:10:35.000Z","yta":11.8,"luft":10.2,"nbd":"Dry","sno":false}},{"type":"Feature","geometry":{"type":"Point","coordinates":[25.353454,64.929269]},"properties":{"land":"FI","name":"Oulu_LAMID_B","t":"2026-09-04T01:10:35.000Z","yta":12,"luft":0,"nbd":"Moist","sno":false}},{"type":"Feature","geometry":{"type":"Point","coordinates":[21.787354,61.46737]},"properties":{"land":"FI","name":"Pori_LA12","t":"2026-09-04T01:11:35.000Z","yta":11.4,"luft":7.8,"nbd":"Dry","sno":false}},{"type":"Feature","geometry":{"type":"Point","coordinates":[21.809984,61.459563]},"properties":{"land":"FI","name":"Pori_LA30","t":"2026-09-04T01:10:35.000Z","yta":10.6,"luft":6.4,"nbd":"Dry","sno":false}},{"type":"Feature","geometry":{"type":"Point","coordinates":[25.816583,66.55588]},"properties":{"land":"FI","name":"Rovaniemi_LA03_B","t":"2026-09-04T01:10:35.000Z","yta":12.2,"luft":10.9,"nbd":"Dry","sno":false}},{"type":"Feature","geometry":{"type":"Point","coordinates":[25.849047,66.572881]},"properties":{"land":"FI","name":"Rovaniemi_LA21_B","t":"2026-09-04T01:10:35.000Z","yta":12.8,"luft":10.3,"nbd":"Dry","sno":false}},{"type":"Feature","geometry":{"type":"Point","coordinates":[21.765231,63.04258]},"properties":{"land":"FI","name":"Vaasa_LA34","t":"2026-09-04T01:10:35.000Z","yta":10.9,"luft":7.8,"nbd":"Dry","sno":false}},{"type":"Feature","geometry":{"type":"Point","coordinates":[21.759855,63.051297]},"properties":{"land":"FI","name":"Vaasa_LAMID","t":"2026-09-04T01:11:35.000Z","yta":10.2,"luft":7.1,"nbd":"Dry","sno":false}},{"type":"Feature","geometry":{"type":"Point","coordinates":[24.843454,67.709175]},"properties":{"land":"FI","name":"Kittilä_LA16","t":"2026-09-04T01:10:35.000Z","yta":11.5,"luft":11.1,"nbd":"Wet","sno":false}},{"type":"Feature","geometry":{"type":"Point","coordinates":[24.854982,67.692931]},"properties":{"land":"FI","name":"Kittilä_LA34","t":"2026-09-04T01:11:35.000Z","yta":11.5,"luft":11.1,"nbd":"Wet","sno":false}},{"type":"Feature","geometry":{"type":"Point","coordinates":[28.931844,61.946623]},"properties":{"land":"FI","name":"Savonlinna_LA12","t":"2026-09-04T01:10:35.000Z","yta":8.5,"luft":6.9,"nbd":"Wet","sno":false}},{"type":"Feature","geometry":{"type":"Point","coordinates":[24.940248,60.314363]},"properties":{"land":"FI","name":"Hki_Vantaa_LA04RA","t":"2026-09-04T01:10:35.000Z","yta":12.5,"luft":7.7,"nbd":"Dry","sno":false}},{"type":"Feature","geometry":{"type":"Point","coordinates":[24.972731,60.329251]},"properties":{"land":"FI","name":"Hki_Vantaa_LA04RC","t":"2026-09-04T01:10:35.000Z","yta":11.5,"luft":7.6,"nbd":"Dry","sno":false}},{"type":"Feature","geometry":{"type":"Point","coordinates":[25.91396,60.490497]},"properties":{"land":"FI","name":"vt7_Loviisa_Koskenkylä","t":"2026-09-04T01:15:35.000Z","yta":10,"luft":6.6,"nbd":"Dry","sno":false}},{"type":"Feature","geometry":{"type":"Point","coordinates":[25.18712,60.555731]},"properties":{"land":"FI","name":"vt4_Mäntsälä_Ohkola","t":"2026-09-04T01:15:35.000Z","yta":10,"luft":7.3,"nbd":"Dry","sno":false}},{"type":"Feature","geometry":{"type":"Point","coordinates":[25.448236,60.735882]},"properties":{"land":"FI","name":"vt4_Mäntsälä_Levanto","t":"2026-09-04T01:15:35.000Z","yta":9.4,"luft":8.4,"nbd":"Dry","sno":false}},{"type":"Feature","geometry":{"type":"Point","coordinates":[25.325135,60.28135]},"properties":{"land":"FI","name":"vt7_Sipoonlahti","t":"2026-09-04T01:13:35.000Z","yta":8.4,"luft":6.9,"nbd":"Dry","sno":false}},{"type":"Feature","geometry":{"type":"Point","coordinates":[24.667305,60.153507]},"properties":{"land":"FI","name":"kt51_Espoo_Kivenlahti","t":"2026-09-04T01:15:35.000Z","yta":10.2,"luft":8.5,"nbd":"Dry","sno":false}},{"type":"Feature","geometry":{"type":"Point","coordinates":[24.075802,60.060423]},"properties":{"land":"FI","name":"kt51_Inkoo_Innanbäck","t":"2026-09-04T01:12:35.000Z","yta":9.5,"luft":5.9,"nbd":"Dry","sno":false}},{"type":"Feature","geometry":{"type":"Point","coordinates":[23.021749,59.856517]},"properties":{"land":"FI","name":"vt25_Hanko","t":"2026-09-04T01:11:35.000Z","yta":11.1,"luft":9.5,"nbd":"Dry","sno":false}},{"type":"Feature","geometry":{"type":"Point","coordinates":[24.019218,60.203749]},"properties":{"land":"FI","name":"vt25_Lohja_Virkkala","t":"2026-09-04T01:11:35.000Z","yta":8.9,"luft":5.9,"nbd":"Dry","sno":false}},{"type":"Feature","geometry":{"type":"Point","coordinates":[24.832601,60.580412]},"properties":{"land":"FI","name":"vt25_Hyvinkää_Kirvunkylä","t":"2026-09-04T01:14:35.000Z","yta":8.2,"luft":4.4,"nbd":"Dry","sno":false}},{"type":"Feature","geometry":{"type":"Point","coordinates":[24.852032,60.496413]},"properties":{"land":"FI","name":"vt3_Nurmijärvi_Karhunkorpi","t":"2026-09-04T01:14:35.000Z","yta":9.7,"luft":8.2,"nbd":"Dry","sno":false}},{"type":"Feature","geometry":{"type":"Point","coordinates":[23.905038,60.385883]},"properties":{"land":"FI","name":"st110_Lohja_Oinola","t":"2026-09-04T01:15:35.000Z","yta":9.2,"luft":6.1,"nbd":"Dry","sno":false}},{"type":"Feature","geometry":{"type":"Point","coordinates":[24.905725,60.228845]},"properties":{"land":"FI","name":"vt3_Helsinki_Pirkkola","t":"2026-09-04T01:11:35.000Z","yta":15.3,"luft":9.7,"nbd":"Moist","sno":false}},{"type":"Feature","geometry":{"type":"Point","coordinates":[24.776422,60.273557]},"properties":{"land":"FI","name":"kt50_Vantaa_Askisto","t":"2026-09-04T01:15:35.000Z","yta":7.7,"luft":6.4,"nbd":"Dry","sno":false}},{"type":"Feature","geometry":{"type":"Point","coordinates":[24.997117,60.320603]},"properties":{"land":"FI","name":"kt45_Vantaa_Ilola","t":"2026-09-04T01:11:35.000Z","yta":9.2,"luft":7.6,"nbd":"Dry","sno":false}},{"type":"Feature","geometry":{"type":"Point","coordinates":[26.172861,60.615796]},"properties":{"land":"FI","name":"vt6_Lapinjärvi","t":"2026-09-04T01:15:35.000Z","yta":9.4,"luft":6.9,"nbd":"Dry","sno":false}},{"type":"Feature","geometry":{"type":"Point","coordinates":[24.319161,60.293283]},"properties":{"land":"FI","name":"vt1_Vihti_Palojärvi","t":"2026-09-04T01:11:35.000Z","yta":9.4,"luft":4.8,"nbd":"Dry","sno":false}},{"type":"Feature","geometry":{"type":"Point","coordinates":[24.852457,60.164148]},"properties":{"land":"FI","name":"kt51_Hki_Vaskisalmi","t":"2026-09-04T01:11:35.000Z","yta":12.4,"luft":14.3,"nbd":"Dry","sno":false}},{"type":"Feature","geometry":{"type":"Point","coordinates":[24.822767,60.169385]},"properties":{"land":"FI","name":"kt51_Espoo_Karhusaari","t":"2026-09-04T01:15:35.000Z","yta":13,"luft":13.7,"nbd":"Dry","sno":false}},{"type":"Feature","geometry":{"type":"Point","coordinates":[25.078063,60.276891]},"properties":{"land":"FI","name":"kt50_Vantaa_Porttipuisto","t":"2026-09-04T01:14:35.000Z","yta":10.1,"luft":8,"nbd":"Dry","sno":false}},{"type":"Feature","geometry":{"type":"Point","coordinates":[24.401012,60.113674]},"properties":{"land":"FI","name":"kt51_Kirkkonummi_Vuohimäki","t":"2026-09-04T01:12:35.000Z","yta":9.6,"luft":5.2,"nbd":"Dry","sno":false}},{"type":"Feature","geometry":{"type":"Point","coordinates":[23.402098,59.980964]},"properties":{"land":"FI","name":"vt25_Tammisaari_Trollböle","t":"2026-09-04T01:12:35.000Z","yta":10.6,"luft":7.4,"nbd":"Dry","sno":false}},{"type":"Feature","geometry":{"type":"Point","coordinates":[25.093768,60.61737]},"properties":{"land":"FI","name":"vt25_Mäntsälä_Keravanjärvi","t":"2026-09-04T01:15:35.000Z","yta":9.1,"luft":6.1,"nbd":"Dry","sno":false}},{"type":"Feature","geometry":{"type":"Point","coordinates":[24.810269,60.20006]},"properties":{"land":"FI","name":"st101_Espoo_Turvesuo","t":"2026-09-04T01:13:35.000Z","yta":10.7,"luft":9.3,"nbd":"Dry","sno":false}},{"type":"Feature","geometry":{"type":"Point","coordinates":[25.862316,60.622145]},"properties":{"land":"FI","name":"st167_Myrskylä_Hallila","t":"2026-09-04T01:15:35.000Z","yta":10,"luft":7.3,"nbd":"Dry","sno":false}},{"type":"Feature","geometry":{"type":"Point","coordinates":[24.499844,60.257856]},"properties":{"land":"FI","name":"vt1_Espoo_Kolmiranta","t":"2026-09-04T01:13:35.000Z","yta":9.3,"luft":6,"nbd":"Dry","sno":false}},{"type":"Feature","geometry":{"type":"Point","coordinates":[24.158688,60.288114]},"properties":{"land":"FI","name":"vt1_Lohja_Lehmijärvi","t":"2026-09-04T01:14:35.000Z","yta":10.2,"luft":9.7,"nbd":"Dry","sno":false}},{"type":"Feature","geometry":{"type":"Point","coordinates":[24.596399,60.228227]},"properties":{"land":"FI","name":"vt1_Espoo_Nupuri","t":"2026-09-04T01:13:35.000Z","yta":9.9,"luft":6.8,"nbd":"Dry","sno":false}},{"type":"Feature","geometry":{"type":"Point","coordinates":[24.898476,60.166907]},"properties":{"land":"FI","name":"kt51_Hki_Lapinlahti","t":"2026-09-04T01:12:35.000Z","yta":12.9,"luft":14.4,"nbd":"Dry","sno":false}},{"type":"Feature","geometry":{"type":"Point","coordinates":[24.24062,60.311628]},"properties":{"land":"FI","name":"st110_Vihti_Myllylampi","t":"2026-09-04T01:13:35.000Z","yta":10,"luft":5.7,"nbd":"Dry","sno":false}},{"type":"Feature","geometry":{"type":"Point","coordinates":[25.065093,60.251833]},"properties":{"land":"FI","name":"vt4_Helsinki_Jakomäki","t":"2026-09-04T01:15:35.000Z","yta":9.8,"luft":9.2,"nbd":"Dry","sno":false}},{"type":"Feature","geometry":{"type":"Point","coordinates":[24.998631,60.287591]},"properties":{"land":"FI","name":"kt50_Vantaa_Suutarila_Länsi","t":"2026-09-04T01:11:35.000Z","yta":10.3,"luft":8.2,"nbd":"Dry","sno":false}},{"type":"Feature","geometry":{"type":"Point","coordinates":[27.17253,61.287434]},"properties":{"land":"FI","name":"vt15_Mäntyharju_Tommola","t":"2026-09-04T01:12:35.000Z","yta":9.6,"luft":8.5,"nbd":"Moist","sno":false}},{"type":"Feature","geometry":{"type":"Point","coordinates":[29.302064,63.216633]},"properties":{"land":"FI","name":"vt6_Juuka_Räksiinalava","t":"2026-09-04T01:15:35.000Z","yta":8.8,"luft":7.5,"nbd":"Moist","sno":false}},{"type":"Feature","geometry":{"type":"Point","coordinates":[29.62352,63.475826]},"properties":{"land":"FI","name":"kt73_Lieksa_Vieki","t":"2026-09-04T01:13:35.000Z","yta":12.1,"luft":8.1,"nbd":"Dry","sno":false}},{"type":"Feature","geometry":{"type":"Point","coordinates":[28.324824,62.872373]},"properties":{"land":"FI","name":"vt9_Tuusniemi_Tuusjärvi","t":"2026-09-04T01:13:35.000Z","yta":8.7,"luft":7.2,"nbd":"Dry","sno":false}},{"type":"Feature","geometry":{"type":"Point","coordinates":[28.056424,63.157658]},"properties":{"land":"FI","name":"kt75_Nilsiä_Suholanmäki","t":"2026-09-04T01:15:35.000Z","yta":11.1,"luft":9.7,"nbd":"Dry","sno":false}},{"type":"Feature","geometry":{"type":"Point","coordinates":[25.209788,64.605684]},"properties":{"land":"FI","name":"kt86_Siikajoki_Paavola","t":"2026-09-04T01:14:35.000Z","yta":10.8,"luft":9.7,"nbd":"Wet","sno":false}},{"type":"Feature","geometry":{"type":"Point","coordinates":[25.350062,64.783095]},"properties":{"land":"FI","name":"vt8_Liminka_Lapinkangas","t":"2026-09-04T01:12:35.000Z","yta":9.8,"luft":8.7,"nbd":"Moist","sno":false}},{"type":"Feature","geometry":{"type":"Point","coordinates":[27.941244,70.088412]},"properties":{"land":"FI","name":"st970_Utsjoki_Nuorgam","t":"2026-09-04T01:15:35.000Z","yta":10.3,"luft":9.6,"nbd":"Dry","sno":false}},{"type":"Feature","geometry":{"type":"Point","coordinates":[23.68432,67.955802]},"properties":{"land":"FI","name":"vt21_Muonio","t":"2026-09-04T01:14:35.000Z","yta":12.1,"luft":9.9,"nbd":"Wet","sno":false}},{"type":"Feature","geometry":{"type":"Point","coordinates":[23.477896,60.380487]},"properties":{"land":"FI","name":"vt1_Salo_Kruusila_O","t":"2026-09-04T01:11:35.000Z","yta":9.8,"luft":7.5,"nbd":"Dry","sno":false}},{"type":"Feature","geometry":{"type":"Point","coordinates":[23.936423,60.328547]},"properties":{"land":"FI","name":"vt1_Lohja_Pitkämäki_R","t":"2026-09-04T01:13:35.000Z","yta":10,"luft":7.1,"nbd":"Dry","sno":false}},{"type":"Feature","geometry":{"type":"Point","coordinates":[26.617184,67.36213]},"properties":{"land":"FI","name":"vt4_Sodankylä_Petäjämaa_IL","t":"2026-09-04T01:13:35.000Z","yta":9.5,"luft":7.5,"nbd":"Dry","sno":false}},{"type":"Feature","geometry":{"type":"Point","coordinates":[27.421278,68.613497]},"properties":{"land":"FI","name":"Ivalo_LA22","t":"2026-09-04T01:11:35.000Z","yta":12,"luft":10,"nbd":"Wet","sno":false}},{"type":"Feature","geometry":{"type":"Point","coordinates":[29.602489,62.665553]},"properties":{"land":"FI","name":"Joensuu_LA10","t":"2026-09-04T01:10:35.000Z","yta":10.1,"luft":8.9,"nbd":"Dry","sno":false}},{"type":"Feature","geometry":{"type":"Point","coordinates":[29.637117,62.656768]},"properties":{"land":"FI","name":"Joensuu_LA28","t":"2026-09-04T01:11:35.000Z","yta":10,"luft":9.6,"nbd":"Moist","sno":false}},{"type":"Feature","geometry":{"type":"Point","coordinates":[23.143619,63.726942]},"properties":{"land":"FI","name":"Kokkola-Pietarsaari_LA19","t":"2026-09-04T01:11:35.000Z","yta":10.1,"luft":9.3,"nbd":"Dry","sno":false}},{"type":"Feature","geometry":{"type":"Point","coordinates":[29.224192,65.992029]},"properties":{"land":"FI","name":"Kuusamo_LA12","t":"2026-09-04T01:10:35.000Z","yta":12.2,"luft":10.9,"nbd":"Wet","sno":false}},{"type":"Feature","geometry":{"type":"Point","coordinates":[29.254745,65.983147]},"properties":{"land":"FI","name":"Kuusamo_LA30","t":"2026-09-04T01:11:35.000Z","yta":12,"luft":10.4,"nbd":"Wet","sno":false}},{"type":"Feature","geometry":{"type":"Point","coordinates":[27.791989,63.015696]},"properties":{"land":"FI","name":"Kuopio_LA15","t":"2026-09-04T01:10:35.000Z","yta":11.8,"luft":10.4,"nbd":"Dry","sno":false}},{"type":"Feature","geometry":{"type":"Point","coordinates":[27.80768,62.998742]},"properties":{"land":"FI","name":"Kuopio_LA33","t":"2026-09-04T01:11:35.000Z","yta":11,"luft":9.9,"nbd":"Dry","sno":false}},{"type":"Feature","geometry":{"type":"Point","coordinates":[27.804016,63.002658]},"properties":{"land":"FI","name":"Kuopio_LAMID","t":"2026-09-04T01:10:35.000Z","yta":10.9,"luft":9.8,"nbd":"Dry","sno":false}},{"type":"Feature","geometry":{"type":"Point","coordinates":[25.831997,66.563936]},"properties":{"land":"FI","name":"Rovaniemi_LAMID_B","t":"2026-09-04T01:10:35.000Z","yta":0,"luft":10.3,"nbd":"Dry","sno":false}},{"type":"Feature","geometry":{"type":"Point","coordinates":[23.585496,61.410814]},"properties":{"land":"FI","name":"Tre_Pirkkala_LA06","t":"2026-09-04T01:11:35.000Z","yta":9.5,"luft":9.6,"nbd":"Dry","sno":false}},{"type":"Feature","geometry":{"type":"Point","coordinates":[23.618711,61.418518]},"properties":{"land":"FI","name":"Tre_Pirkkala_LA24","t":"2026-09-04T01:10:35.000Z","yta":9.6,"luft":6.9,"nbd":"Dry","sno":false}},{"type":"Feature","geometry":{"type":"Point","coordinates":[22.246043,60.514272]},"properties":{"land":"FI","name":"Turku_LA08","t":"2026-09-04T01:10:35.000Z","yta":11.9,"luft":10.2,"nbd":"Dry","sno":false}},{"type":"Feature","geometry":{"type":"Point","coordinates":[22.263248,60.513886]},"properties":{"land":"FI","name":"Turku_LAMID","t":"2026-09-04T01:10:35.000Z","yta":12.9,"luft":11.5,"nbd":"Moist","sno":false}},{"type":"Feature","geometry":{"type":"Point","coordinates":[21.75861,63.059528]},"properties":{"land":"FI","name":"Vaasa_LA16","t":"2026-09-04T01:11:35.000Z","yta":10.6,"luft":7.7,"nbd":"Dry","sno":false}},{"type":"Feature","geometry":{"type":"Point","coordinates":[28.957222,61.938336]},"properties":{"land":"FI","name":"Savonlinna_LA30","t":"2026-09-04T01:11:35.000Z","yta":8.9,"luft":9.2,"nbd":"Dry","sno":false}},{"type":"Feature","geometry":{"type":"Point","coordinates":[24.908104,60.315001]},"properties":{"land":"FI","name":"Hki_Vantaa_LA04LA1","t":"2026-09-04T01:10:35.000Z","yta":11.7,"luft":-30,"nbd":"Dry","sno":false}},{"type":"Feature","geometry":{"type":"Point","coordinates":[24.908348,60.314871]},"properties":{"land":"FI","name":"Hki_Vantaa_LA04LA2","t":"2026-09-04T01:10:35.000Z","yta":11.4,"luft":-30,"nbd":"Dry","sno":false}},{"type":"Feature","geometry":{"type":"Point","coordinates":[24.923471,60.323084]},"properties":{"land":"FI","name":"Hki_Vantaa_LA04LB","t":"2026-09-04T01:10:35.000Z","yta":11.2,"luft":9.9,"nbd":"Dry","sno":false}},{"type":"Feature","geometry":{"type":"Point","coordinates":[24.93752,60.329473]},"properties":{"land":"FI","name":"Hki_Vantaa_LA04LC1","t":"2026-09-04T01:10:35.000Z","yta":11.9,"luft":10,"nbd":"Dry","sno":false}},{"type":"Feature","geometry":{"type":"Point","coordinates":[24.939663,60.329102]},"properties":{"land":"FI","name":"Hki_Vantaa_LA04LC2","t":"2026-09-04T01:10:35.000Z","yta":10.8,"luft":9.9,"nbd":"Moist","sno":false}},{"type":"Feature","geometry":{"type":"Point","coordinates":[24.954049,60.320657]},"properties":{"land":"FI","name":"Hki_Vantaa_LA04RB","t":"2026-09-04T01:10:35.000Z","yta":12.5,"luft":10.9,"nbd":"Dry","sno":false}},{"type":"Feature","geometry":{"type":"Point","coordinates":[24.965272,60.327143]},"properties":{"land":"FI","name":"Hki_Vantaa_LA15A","t":"2026-09-04T01:10:35.000Z","yta":10.9,"luft":7.6,"nbd":"Dry","sno":false}},{"type":"Feature","geometry":{"type":"Point","coordinates":[24.975186,60.317684]},"properties":{"land":"FI","name":"Hki_Vantaa_LA15B","t":"2026-09-04T01:10:35.000Z","yta":12.1,"luft":7.6,"nbd":"Dry","sno":false}},{"type":"Feature","geometry":{"type":"Point","coordinates":[10.4398,55.3088]},"properties":{"land":"DK","name":"Årslev","t":"2026-09-04T00:00:00.000Z","yta":15.26,"luft":15.9,"nbd":"grass","sno":false}},{"type":"Feature","geometry":{"type":"Point","coordinates":[11.3879,55.3224]},"properties":{"land":"DK","name":"Flakkebjerg","t":"2026-09-04T00:00:00.000Z","yta":16.19,"luft":16.22,"nbd":"grass","sno":false}},{"type":"Feature","geometry":{"type":"Point","coordinates":[11.3285,55.2465]},"properties":{"land":"DK","name":"Tystofte","t":"2026-09-04T00:00:00.000Z","yta":16.72,"luft":16.47,"nbd":"grass","sno":false}},{"type":"Feature","geometry":{"type":"Point","coordinates":[11.3292,54.8275]},"properties":{"land":"DK","name":"Abed","t":"2026-09-04T00:00:00.000Z","yta":17.03,"luft":17,"nbd":"grass","sno":false}},{"type":"Feature","geometry":{"type":"Point","coordinates":[11.6035,55.7358]},"properties":{"land":"DK","name":"Holbæk Flyveplads","t":"2026-09-04T00:00:00.000Z","yta":16.22,"luft":16.1,"nbd":"grass","sno":false}},{"type":"Feature","geometry":{"type":"Point","coordinates":[12.1363,55.5868]},"properties":{"land":"DK","name":"Roskilde Lufthavn","t":"2026-09-04T00:00:00.000Z","yta":15.3,"luft":15.7,"nbd":"grass","sno":false}},{"type":"Feature","geometry":{"type":"Point","coordinates":[12.4121,55.8764]},"properties":{"land":"DK","name":"Sjælsmark","t":"2026-09-04T00:00:00.000Z","yta":15.73,"luft":15.1,"nbd":"grass","sno":false}},{"type":"Feature","geometry":{"type":"Point","coordinates":[14.7494,55.0677]},"properties":{"land":"DK","name":"Bornholms Lufthavn","t":"2026-09-04T00:00:00.000Z","yta":17.2,"luft":17.4,"nbd":"grass","sno":false}},{"type":"Feature","geometry":{"type":"Point","coordinates":[15.0953,55.0557]},"properties":{"land":"DK","name":"Nexø Vest","t":"2026-09-04T00:00:00.000Z","yta":17.25,"luft":17.2,"nbd":"grass","sno":false}},{"type":"Feature","geometry":{"type":"Point","coordinates":[8.6412,56.93]},"properties":{"land":"DK","name":"Silstrup","t":"2026-09-04T00:00:00.000Z","yta":14.41,"luft":14.7,"nbd":"grass","sno":false}},{"type":"Feature","geometry":{"type":"Point","coordinates":[9.8505,57.0963]},"properties":{"land":"DK","name":"Flyvestation Ålborg","t":"2026-09-04T00:00:00.000Z","yta":13.6,"luft":14.4,"nbd":"grass","sno":false}},{"type":"Feature","geometry":{"type":"Point","coordinates":[9.9527,57.1852]},"properties":{"land":"DK","name":"Tylstrup","t":"2026-09-04T00:00:00.000Z","yta":14.11,"luft":13.9,"nbd":"grass","sno":false}},{"type":"Feature","geometry":{"type":"Point","coordinates":[8.6705,56.383]},"properties":{"land":"DK","name":"Mejrup","t":"2026-09-03T23:40:00.000Z","yta":14.57,"luft":14.4,"nbd":"grass","sno":false}},{"type":"Feature","geometry":{"type":"Point","coordinates":[9.1139,56.2934]},"properties":{"land":"DK","name":"Flyvestation Karup","t":"2026-09-04T00:00:00.000Z","yta":13.3,"luft":14.2,"nbd":"grass","sno":false}},{"type":"Feature","geometry":{"type":"Point","coordinates":[9.5067,56.7558]},"properties":{"land":"DK","name":"Års Syd","t":"2026-09-04T00:00:00.000Z","yta":14.38,"luft":14.3,"nbd":"grass","sno":false}},{"type":"Feature","geometry":{"type":"Point","coordinates":[9.5709,56.4931]},"properties":{"land":"DK","name":"Foulum","t":"2026-09-04T00:00:00.000Z","yta":13.44,"luft":14.01,"nbd":"grass","sno":false}},{"type":"Feature","geometry":{"type":"Point","coordinates":[10.6254,56.3083]},"properties":{"land":"DK","name":"Århus Lufthavn","t":"2026-09-04T00:00:00.000Z","yta":14.5,"luft":15.2,"nbd":"grass","sno":false}},{"type":"Feature","geometry":{"type":"Point","coordinates":[10.1272,56.3027]},"properties":{"land":"DK","name":"Ødum","t":"2026-09-04T00:00:00.000Z","yta":15.29,"luft":14.8,"nbd":"grass","sno":false}},{"type":"Feature","geometry":{"type":"Point","coordinates":[8.6242,55.9591]},"properties":{"land":"DK","name":"Borris","t":"2026-09-04T00:00:00.000Z","yta":15.49,"luft":15.1,"nbd":"grass","sno":false}},{"type":"Feature","geometry":{"type":"Point","coordinates":[9.7985,55.8583]},"properties":{"land":"DK","name":"Bygholm Landbrugsskole","t":"2026-09-04T00:00:00.000Z","yta":16.5,"luft":14.7,"nbd":"grass","sno":false}},{"type":"Feature","geometry":{"type":"Point","coordinates":[9.1124,55.4715]},"properties":{"land":"DK","name":"Askov","t":"2026-09-04T00:00:00.000Z","yta":15.36,"luft":15.49,"nbd":"grass","sno":false}},{"type":"Feature","geometry":{"type":"Point","coordinates":[9.1284,54.8977]},"properties":{"land":"DK","name":"Store Jyndevad","t":"2026-09-04T00:00:00.000Z","yta":16.58,"luft":16.6,"nbd":"grass","sno":false}},{"type":"Feature","geometry":{"type":"Point","coordinates":[12.149,55.3955]},"properties":{"land":"DK","name":"Tessebølle","t":"2026-09-04T00:00:00.000Z","yta":16.18,"luft":16,"nbd":"grass","sno":false}},{"type":"Feature","geometry":{"type":"Point","coordinates":[12.6454,55.614]},"properties":{"land":"DK","name":"Københavns Lufthavn","t":"2026-09-04T00:00:00.000Z","yta":15.6,"luft":16.3,"nbd":"grass","sno":false}}]}