{"type":"FeatureCollection","features":[{"type":"Feature","geometry":{"type":"LineString","coordinates":[[15.010468787,56.468199862],[14.996491597,56.49614124],[14.992443781,56.513273942],[14.989501716,56.516265465],[14.965991924,56.528030533],[14.960638626,56.532844468],[14.94524998,56.572386822],[14.93047075,56.59082379],[14.925588423,56.614341254],[14.919866896,56.630940206],[14.921202833,56.639098549],[14.915335445,56.652741402],[14.915996454,56.670871526],[14.929101487,56.687230475],[14.934489594,56.705497756],[14.934591127,56.712873601],[14.932088926,56.723500215],[14.933567681,56.737435012],[14.93061963,56.740514873]]},"properties":{"segment_id":"27005","code":1,"text":"Normalt","info":["Torrt"],"road":"Väg 27","updated":"2026-04-30T14:36:09.565Z","lan":7}},{"type":"Feature","geometry":{"type":"LineString","coordinates":[[11.969687884,57.712215475],[11.962853753,57.719619399],[11.956342285,57.720550473]]},"properties":{"segment_id":"2000030","code":1,"text":"Normalt","info":["Våt"],"road":"Götaälvbron väg 570","updated":"2026-02-21T06:50:25.260Z","lan":14}},{"type":"Feature","geometry":{"type":"LineString","coordinates":[[11.906502258,57.680036796],[11.911287426,57.679605501],[11.913648054,57.677299273],[11.92139853,57.67473787],[11.933422948,57.676773761],[11.938244207,57.672126952]]},"properties":{"segment_id":"2000020","code":1,"text":"Normalt","info":["Våt"],"road":"Högsboleden","updated":"2026-02-21T06:50:25.270Z","lan":14}},{"type":"Feature","geometry":{"type":"LineString","coordinates":[[11.982999699,57.678586567],[11.978573496,57.681168254],[11.970110498,57.678431171]]},"properties":{"segment_id":"2000090","code":1,"text":"Normalt","info":["Våt"],"road":"Dr Allards/Dr Forselius gata","updated":"2026-02-21T06:50:25.279Z","lan":14}},{"type":"Feature","geometry":{"type":"LineString","coordinates":[[11.928455037,57.749312253],[11.936872631,57.74837474],[11.949367428,57.750114521]]},"properties":{"segment_id":"2000100","code":1,"text":"Normalt","info":["Våt"],"road":"Finlandsvägen","updated":"2026-02-21T06:50:25.288Z","lan":14}},{"type":"Feature","geometry":{"type":"LineString","coordinates":[[11.949012639,57.750932858],[11.959254975,57.730075759],[11.968387878,57.726951385]]},"properties":{"segment_id":"2000050","code":1,"text":"Normalt","info":["Våt"],"road":"Lillhagsvägen väg 572","updated":"2026-02-21T06:50:25.306Z","lan":14}},{"type":"Feature","geometry":{"type":"LineString","coordinates":[[11.952645664,57.688608269],[11.952461244,57.686608501],[11.961145983,57.683500947],[11.968951177,57.689296715],[11.973440862,57.689997438]]},"properties":{"segment_id":"2000080","code":1,"text":"Normalt","info":["Våt"],"road":"Per Dubbsgatan/Guldhedsgatan","updated":"2026-02-21T06:50:30.348Z","lan":14}},{"type":"Feature","geometry":{"type":"LineString","coordinates":[[14.475643945,57.355480138],[14.462468079,57.357463742],[14.44991185,57.365709927],[14.432664351,57.366172383],[14.407757757,57.375561874],[14.397592813,57.384945965],[14.383018611,57.391055821],[14.374590742,57.398461285],[14.343653319,57.411679813],[14.325562687,57.425059002],[14.316495387,57.437128405],[14.3199398,57.445411503],[14.314723437,57.460627589],[14.317156897,57.46689302],[14.31665122,57.472549622],[14.312266878,57.478715132],[14.298564289,57.487991063],[14.291001646,57.498638641],[14.282081997,57.505918387],[14.273871959,57.531913267],[14.268936629,57.536511045],[14.264388429,57.544219013],[14.262988962,57.554783859],[14.239223287,57.570102708],[14.222108728,57.591800234],[14.219388475,57.603209816],[14.21704444,57.606384274],[14.204260853,57.615476068],[14.187686238,57.623841609]]},"properties":{"segment_id":"30020","code":1,"text":"Normalt","info":["Torrt"],"road":"Väg 30","updated":"2026-04-30T14:36:09.579Z","lan":6}},{"type":"Feature","geometry":{"type":"LineString","coordinates":[[12.930885412,56.14170306],[12.952453321,56.155659624],[13.005778793,56.178144991],[13.033187574,56.182816919],[13.08318406,56.201638393],[13.106442821,56.207613353]]},"properties":{"segment_id":"4005","code":1,"text":"Normalt","info":["Torrt"],"road":"E 4","updated":"2026-05-01T05:40:25.250Z","lan":12}},{"type":"Feature","geometry":{"type":"LineString","coordinates":[[12.810119261,55.578975929],[12.866877605,55.56775356],[12.923393178,55.564410246],[12.936765324,55.559827726],[12.948902622,55.552104382]]},"properties":{"segment_id":"20500","code":1,"text":"Normalt","info":["Torrt"],"road":"E 20","updated":"2026-04-15T13:34:26.278Z","lan":12}},{"type":"Feature","geometry":{"type":"LineString","coordinates":[[14.677966086,58.229843503],[14.698479276,58.232390497],[14.718815718,58.238275022],[14.82255331,58.255194143],[14.857078843,58.266904636],[14.863129027,58.27151886],[14.87134117,58.282179651],[14.878830098,58.286291586],[14.893670978,58.290732741],[14.921839392,58.294642109],[14.946325523,58.300870019],[14.999641659,58.30641396],[15.093972961,58.326597054]]},"properties":{"segment_id":"4050","code":1,"text":"Normalt","info":["Torrt"],"road":"E 4","updated":"2026-04-16T14:02:54.180Z","lan":5}},{"type":"Feature","geometry":{"type":"LineString","coordinates":[[13.106554717,56.207633039],[13.122100539,56.211869087],[13.150732622,56.229087173],[13.174438127,56.235729744],[13.189255305,56.241779628],[13.215153718,56.257100087],[13.225632694,56.258814385],[13.27770224,56.259118666],[13.301551069,56.2623328],[13.324491299,56.26979837],[13.342005668,56.284528602]]},"properties":{"segment_id":"4007","code":1,"text":"Normalt","info":["Torrt"],"road":"E 4","updated":"2026-05-01T05:40:25.262Z","lan":12}},{"type":"Feature","geometry":{"type":"LineString","coordinates":[[15.013060222,58.554929879],[15.018923703,58.529664787],[15.013853094,58.517423903],[15.0296866,58.504559951],[15.029976175,58.502045108],[15.026452795,58.494259051],[15.031792824,58.480660052],[15.035338937,58.477102499],[15.046545466,58.471593335],[15.050019982,58.467595308],[15.051143181,58.46197251],[15.048575978,58.452201735],[15.049478753,58.448393268],[15.080998297,58.409227088],[15.101794549,58.398506322],[15.105717949,58.394659064],[15.104693664,58.378053085],[15.111684112,58.360928367],[15.105292675,58.338057733],[15.093646833,58.332399402],[15.092445743,58.330199786],[15.093430114,58.327926728]]},"properties":{"segment_id":"50005","code":1,"text":"Normalt","info":["Torrt"],"road":"Väg 50","updated":"2026-04-16T14:02:54.209Z","lan":5}},{"type":"Feature","geometry":{"type":"LineString","coordinates":[[14.716008411,57.664936759],[14.703177942,57.672048462],[14.678191058,57.680422029],[14.669440644,57.68194448],[14.616766133,57.680484493],[14.554956486,57.672224824],[14.486077376,57.677515138],[14.463820902,57.685857537],[14.430548941,57.703857237],[14.410124383,57.712324219],[14.35782166,57.722040577],[14.342188066,57.728715334],[14.322948393,57.729431381],[14.309430384,57.734748034],[14.283636071,57.739751898],[14.280697256,57.742259392],[14.281371574,57.748066057],[14.278008167,57.750759718],[14.234645003,57.760979099],[14.230450775,57.765373209],[14.220439364,57.770531],[14.219518488,57.775034667],[14.221573872,57.777966693]]},"properties":{"segment_id":"31020","code":1,"text":"Normalt","info":["Torrt"],"road":"Väg 31","updated":"2026-04-30T14:36:09.593Z","lan":6}},{"type":"Feature","geometry":{"type":"LineString","coordinates":[[14.095235091,57.923483928],[14.098277822,57.938820953],[14.106627255,57.957617623],[14.105131791,57.970164761],[14.107027416,57.982987223],[14.123651245,58.002352385],[14.139285554,58.010794846],[14.151080916,58.021536256],[14.172827119,58.032853564],[14.178520761,58.037857701],[14.194860748,58.063633694],[14.195862749,58.067313804],[14.194584532,58.080419947],[14.20694925,58.098614816],[14.208828144,58.111830448],[14.218083361,58.123968683],[14.219450087,58.13522282]]},"properties":{"segment_id":"195005","code":1,"text":"Normalt","info":["Torrt"],"road":"Väg 195","updated":"2026-04-30T14:36:09.628Z","lan":6}},{"type":"Feature","geometry":{"type":"LineString","coordinates":[[15.106071736,58.392844507],[15.127351103,58.388100849],[15.213902431,58.375384476],[15.250339978,58.378282358],[15.275068136,58.376543109],[15.28947634,58.373816886]]},"properties":{"segment_id":"206005","code":1,"text":"Normalt","info":["Torrt"],"road":"Väg 206","updated":"2026-04-16T14:02:54.231Z","lan":5}},{"type":"Feature","geometry":{"type":"LineString","coordinates":[[14.186739975,58.444710488],[14.185020005,58.45093296],[14.176490328,58.455189754],[14.175579251,58.461902307],[14.179647351,58.469742564],[14.177597239,58.476043647],[14.176038015,58.478925783],[14.16794581,58.48393032],[14.166484068,58.498579115],[14.16391365,58.507104068],[14.160042281,58.512548696],[14.160020585,58.517766959],[14.151067674,58.528082016],[14.146702771,58.542352035],[14.142575742,58.548144724],[14.098642116,58.573531857],[14.084193962,58.590171716],[14.038546972,58.607388875],[14.010607399,58.608802676]]},"properties":{"segment_id":"201005","code":1,"text":"Normalt","info":["Torrt"],"road":"Väg 201","updated":"2026-04-27T00:20:44.283Z","lan":14}},{"type":"Feature","geometry":{"type":"LineString","coordinates":[[13.845857937,58.683255568],[13.847903745,58.678235026],[13.857570383,58.670066764],[13.879033001,58.66214476],[13.90856266,58.646141312],[13.922685408,58.630128853],[13.929980143,58.625312565],[13.958890675,58.617870292],[13.99311376,58.615600877],[14.008652942,58.609137916]]},"properties":{"segment_id":"201010","code":1,"text":"Normalt","info":["Torrt"],"road":"Väg 201","updated":"2026-04-27T00:20:44.296Z","lan":14}},{"type":"Feature","geometry":{"type":"LineString","coordinates":[[14.455561112,56.530130944],[14.463350484,56.529985136],[14.469471884,56.523551686],[14.48474579,56.519159728],[14.502611168,56.521361804],[14.521673917,56.521580389],[14.592000424,56.514311342],[14.60880562,56.517258322],[14.631790839,56.518397683],[14.662995109,56.525727526],[14.672825832,56.520507],[14.681302108,56.511760404],[14.690890809,56.497589501],[14.699195757,56.492902131],[14.708539987,56.500659858],[14.722574096,56.503054849],[14.734822564,56.507816293],[14.741293977,56.514262647],[14.756670066,56.521373274],[14.788028072,56.526282188],[14.807880155,56.531902629],[14.821256359,56.529317171],[14.840082964,56.532891573],[14.863064249,56.530610082],[14.874131399,56.531852615],[14.940245133,56.526053287],[14.952335336,56.529095163],[14.961747695,56.529367941]]},"properties":{"segment_id":"12092","code":1,"text":"Normalt","info":["Torrt"],"road":"Väg 120","updated":"2026-04-30T14:36:09.641Z","lan":7}},{"type":"Feature","geometry":{"type":"LineString","coordinates":[[13.87773341,58.710653534],[13.896009535,58.706994151],[13.915686525,58.705337953],[13.964965099,58.70470139],[13.999436025,58.708781946],[14.025423035,58.704149001],[14.078970351,58.705737484],[14.124554425,58.704312864]]},"properties":{"segment_id":"202000","code":1,"text":"Normalt","info":["Torrt"],"road":"Väg 202","updated":"2026-04-27T00:20:44.234Z","lan":14}},{"type":"Feature","geometry":{"type":"LineString","coordinates":[[14.990915872,56.515007789],[15.022064758,56.50870824],[15.040206665,56.50201046],[15.071631173,56.496812422],[15.099409348,56.504097469],[15.146537398,56.507878098],[15.158814804,56.514259769],[15.181519826,56.542133571],[15.19295239,56.548558],[15.223791974,56.55148007],[15.266251123,56.552043254]]},"properties":{"segment_id":"12093","code":1,"text":"Normalt","info":["Torrt"],"road":"Väg 120","updated":"2026-04-30T14:36:09.653Z","lan":7}},{"type":"Feature","geometry":{"type":"LineString","coordinates":[[13.522329034,58.535024796],[13.544799629,58.545323933],[13.557712816,58.555134824],[13.594994807,58.570503798],[13.631756191,58.59474872],[13.66690607,58.622846361],[13.685703389,58.634492158],[13.714381455,58.646279108],[13.746113176,58.654200052],[13.776906818,58.665193992],[13.816517271,58.675103096]]},"properties":{"segment_id":"20014","code":1,"text":"Normalt","info":["Torrt"],"road":"E 20","updated":"2026-04-27T00:20:44.268Z","lan":14}},{"type":"Feature","geometry":{"type":"LineString","coordinates":[[15.349273576,56.474025062],[15.335126633,56.482356559],[15.319448566,56.496682885],[15.303369895,56.505051601],[15.297756342,56.5164033],[15.265707122,56.548693319],[15.267646663,56.556172977],[15.259590614,56.569962772],[15.255342169,56.584328218],[15.245151724,56.594563659],[15.244232596,56.601025037],[15.23461646,56.607871451],[15.196945741,56.622194491],[15.191691245,56.636900593],[15.185977004,56.641868446],[15.147446433,56.658234998],[15.105889119,56.666308951],[15.100560367,56.668748025],[15.094016285,56.674880203],[15.081803554,56.679740161],[15.055842822,56.684363271],[15.037103901,56.684873362],[15.012637963,56.694949241],[14.995493343,56.695758354],[14.977806923,56.700329277],[14.94588162,56.722581626],[14.934188092,56.728514351]]},"properties":{"segment_id":"122000","code":1,"text":"Normalt","info":["Torrt"],"road":"Väg 122","updated":"2026-04-30T14:36:09.666Z","lan":7}},{"type":"Feature","geometry":{"type":"LineString","coordinates":[[13.873977603,58.393311403],[13.871710543,58.399480247],[13.872332798,58.403033722],[13.877747925,58.407635268],[13.886009126,58.420264513],[13.868457051,58.42038023],[13.865780716,58.426410611],[13.852582086,58.444724728],[13.846842893,58.461999976],[13.852288123,58.4805791],[13.851143059,58.488338444],[13.841716205,58.501134161],[13.835794061,58.513116703],[13.819645912,58.52779884]]},"properties":{"segment_id":"26045","code":1,"text":"Normalt","info":["Torrt"],"road":"Väg 26","updated":"2026-04-27T00:20:44.326Z","lan":14}},{"type":"Feature","geometry":{"type":"LineString","coordinates":[[12.353555759,57.673843905],[12.365017266,57.666606387],[12.375205204,57.656510676],[12.399029033,57.651116869],[12.405474709,57.64629776],[12.40544053,57.640437862],[12.414608004,57.626049634],[12.420578266,57.622172658],[12.431827997,57.620829171],[12.43450048,57.619032253]]},"properties":{"segment_id":"156000","code":1,"text":"Normalt","info":["Torrt"],"road":"Väg 156","updated":"2026-04-28T12:14:02.447Z","lan":14}},{"type":"Feature","geometry":{"type":"LineString","coordinates":[[14.510756911,58.527629659],[14.512275114,58.52835395],[14.504685682,58.535626828],[14.50665285,58.539864659],[14.50598321,58.542287074],[14.499571443,58.547399642],[14.50097698,58.557302643],[14.495616725,58.569137185],[14.495174679,58.573572264],[14.50598828,58.589538273],[14.531375986,58.607703777],[14.532868933,58.611903489],[14.532766558,58.620866474],[14.539879577,58.63116672],[14.552709063,58.635289461],[14.5590221,58.641409535],[14.595067428,58.661717814],[14.62960954,58.66995879],[14.648268766,58.681524981],[14.667166686,58.685634688],[14.683356944,58.693956121],[14.698215854,58.697476465]]},"properties":{"segment_id":"49025","code":1,"text":"Normalt","info":["Torrt"],"road":"Väg 49","updated":"2026-04-27T00:20:59.409Z","lan":14}},{"type":"Feature","geometry":{"type":"LineString","coordinates":[[13.819592599,58.527852243],[13.81353043,58.536500107],[13.808475705,58.552836789],[13.799466832,58.566010592],[13.798880989,58.57056805],[13.802378584,58.581433146],[13.797683902,58.594952329],[13.822080903,58.649726102],[13.821909988,58.661958019],[13.81651788,58.675085138]]},"properties":{"segment_id":"26050","code":1,"text":"Normalt","info":["Torrt"],"road":"Väg 26","updated":"2026-04-27T00:20:59.422Z","lan":14}},{"type":"Feature","geometry":{"type":"LineString","coordinates":[[14.662978774,56.525736466],[14.632101392,56.533312456],[14.625292402,56.537910013],[14.61873368,56.548185995],[14.614911941,56.551336662],[14.58257811,56.564295367],[14.576679106,56.569432363],[14.572354114,56.580620866],[14.566904201,56.587429995],[14.540103484,56.606254494],[14.520367555,56.615936799],[14.515190354,56.624496615],[14.517974582,56.642610482],[14.501873212,56.66050637],[14.491331815,56.677677308],[14.490742454,56.685068807],[14.497835417,56.693030539],[14.499139835,56.696854018],[14.49112253,56.7125616],[14.489175125,56.720046323],[14.488023242,56.730265422],[14.489608797,56.732661673],[14.487689851,56.733147923],[14.488470913,56.740625828],[14.491500032,56.74875077],[14.490884878,56.754336301],[14.487149595,56.760816416],[14.466633696,56.783037574],[14.458632123,56.795418934],[14.457960172,56.800006812],[14.465644319,56.814638827],[14.47441876,56.823219772],[14.48152562,56.838917377],[14.486332142,56.845809896],[14.501253633,56.860379277],[14.523060379,56.876293906],[14.54236577,56.886185375],[14.547068211,56.893605127]]},"properties":{"segment_id":"126007","code":1,"text":"Normalt","info":["Torrt"],"road":"Väg 126","updated":"2026-04-30T14:36:09.691Z","lan":7}},{"type":"Feature","geometry":{"type":"LineString","coordinates":[[12.245473774,57.683030173],[12.274644169,57.685800973],[12.294681965,57.685080825],[12.318994875,57.679397662],[12.401205067,57.666861024],[12.445569716,57.671027024],[12.462671487,57.674219954],[12.475417261,57.674484005],[12.513869911,57.671408627],[12.548637384,57.662454247]]},"properties":{"segment_id":"40005","code":1,"text":"Normalt","info":["Torrt"],"road":"Väg 40","updated":"2026-04-28T12:14:02.415Z","lan":14}},{"type":"Feature","geometry":{"type":"LineString","coordinates":[[14.182309431,56.562289475],[14.232351853,56.558709247],[14.241043995,56.556884861],[14.290650455,56.558525436],[14.294892124,56.5570312],[14.305258539,56.54887782],[14.325847976,56.544463045],[14.342549112,56.544561481],[14.347272559,56.543211762],[14.372638089,56.52679315],[14.456259237,56.530196891]]},"properties":{"segment_id":"12091","code":1,"text":"Normalt","info":["Torrt"],"road":"Väg 120","updated":"2026-04-30T14:36:09.714Z","lan":7}},{"type":"Feature","geometry":{"type":"LineString","coordinates":[[14.32239812,56.397853179],[14.331808152,56.404489935],[14.34694522,56.409071819],[14.376633189,56.41112927],[14.39864602,56.4190904],[14.411363046,56.420651796],[14.42176684,56.425157028],[14.429913192,56.431151439],[14.442448502,56.429977515],[14.462734828,56.437901451],[14.469853534,56.436809005],[14.493971852,56.439038996],[14.505777066,56.444180735],[14.540813381,56.448241476],[14.565281659,56.449228014],[14.591526408,56.458642923],[14.617034268,56.463539835],[14.642589754,56.465790237],[14.688814612,56.465483441]]},"properties":{"segment_id":"119005","code":1,"text":"Normalt","info":["Torrt"],"road":"Väg 119","updated":"2026-04-30T14:36:09.726Z","lan":7}},{"type":"Feature","geometry":{"type":"LineString","coordinates":[[14.271783244,57.816324578],[14.266419648,57.850840794],[14.268349015,57.863705996],[14.278471351,57.880067251],[14.302827877,57.909297602],[14.310100749,57.91549029],[14.313877379,57.921906244],[14.330595213,57.933430034],[14.335102128,57.941753435],[14.342167703,57.947008964],[14.353592695,57.959876428],[14.360623899,57.964564835],[14.390122288,57.97620709],[14.416616316,57.989688017],[14.439057533,57.993112373],[14.460763944,58.005188514]]},"properties":{"segment_id":"4043","code":1,"text":"Normalt","info":["Torrt"],"road":"E 4","updated":"2026-04-30T14:36:09.747Z","lan":6}},{"type":"Feature","geometry":{"type":"LineString","coordinates":[[14.126261922,56.506141014],[14.138147315,56.519377478],[14.144487865,56.533724724],[14.150398032,56.540629459],[14.180686116,56.559852979],[14.182990236,56.563920142],[14.18496532,56.574229306],[14.193571844,56.588175365],[14.210496705,56.595642176],[14.237477852,56.61769641],[14.252179117,56.626617225],[14.266674305,56.639793615],[14.281846183,56.649647978],[14.289509641,56.658415665],[14.307821061,56.667745608],[14.313059691,56.673075304],[14.317124385,56.682027959],[14.321063803,56.686254096],[14.345829261,56.697509004]]},"properties":{"segment_id":"23009","code":1,"text":"Normalt","info":["Torrt"],"road":"Väg 23","updated":"2026-04-30T14:36:09.770Z","lan":7}},{"type":"Feature","geometry":{"type":"LineString","coordinates":[[12.545589282,57.926760524],[12.525273505,57.922053133],[12.49109675,57.898261775],[12.488926299,57.895505104],[12.488551798,57.88974668],[12.493038453,57.880076621],[12.492927933,57.873667443],[12.489678852,57.868499173],[12.466764131,57.845677435],[12.438720292,57.835013769],[12.421884308,57.822352476],[12.412778621,57.813342463],[12.380295201,57.806888083],[12.349957747,57.794278421],[12.338179511,57.791506341],[12.292448846,57.773651419],[12.269090839,57.767793871],[12.263437998,57.765155557],[12.251679983,57.755905117]]},"properties":{"segment_id":"20005","code":1,"text":"Normalt","info":["Torrt"],"road":"E 20","updated":"2026-04-28T12:14:02.535Z","lan":14}},{"type":"Feature","geometry":{"type":"LineString","coordinates":[[12.00173154,57.688846765],[12.008605479,57.687301867],[12.02402705,57.677491617],[12.029700413,57.675818487],[12.041736493,57.676343315],[12.105628777,57.670766765],[12.12334964,57.67277991],[12.192451262,57.686753254],[12.243815187,57.683218714]]},"properties":{"segment_id":"40000","code":1,"text":"Normalt","info":["Torrt"],"road":"Väg 40","updated":"2026-04-28T12:14:02.546Z","lan":14}},{"type":"Feature","geometry":{"type":"LineString","coordinates":[[14.345910279,56.697545366],[14.353955036,56.699788455],[14.408784764,56.705531997],[14.451069285,56.715742676],[14.47441458,56.728690488],[14.503672699,56.737057733],[14.520558331,56.753780114],[14.526962471,56.764711097],[14.544608129,56.774605196],[14.562224612,56.779366849],[14.580768587,56.779143057],[14.602350336,56.782564706],[14.683914862,56.81624482],[14.693301323,56.828252621],[14.700477145,56.834576657],[14.71535258,56.84612864],[14.729587054,56.854596009],[14.732567767,56.862005023],[14.740686863,56.871392159],[14.746891916,56.885374537],[14.753263282,56.889771318]]},"properties":{"segment_id":"23011","code":1,"text":"Normalt","info":["Torrt"],"road":"Väg 23","updated":"2026-04-30T14:36:09.782Z","lan":7}},{"type":"Feature","geometry":{"type":"LineString","coordinates":[[13.578193116,57.56624245],[13.618332171,57.565843439],[13.631140479,57.572909379],[13.647463182,57.575088575],[13.668645135,57.581638105],[13.672769772,57.58549058],[13.690224055,57.588987688],[13.701846306,57.595674652],[13.710676544,57.597678559],[13.718531422,57.595090329],[13.740540588,57.597287982]]},"properties":{"segment_id":"156020","code":1,"text":"Normalt","info":["Torrt"],"road":"Väg 156","updated":"2026-04-30T14:36:09.839Z","lan":6}},{"type":"Feature","geometry":{"type":"LineString","coordinates":[[16.540648219,58.193056517],[16.55490689,58.2005104],[16.557769793,58.20993485],[16.557238001,58.214504817],[16.553079506,58.221795932],[16.552221764,58.229837342],[16.549485405,58.234649622],[16.527552237,58.256536178],[16.514092531,58.277007096],[16.496840502,58.290055986],[16.494029694,58.299053896],[16.483865819,58.309376886],[16.47611331,58.324854363],[16.470298355,58.329152272],[16.453628733,58.336169719],[16.447769268,58.347006588],[16.44542792,58.354937949],[16.431508329,58.366125242],[16.422055299,58.378887303],[16.411953356,58.386284076],[16.410332036,58.394943321],[16.402927106,58.402345531],[16.399305531,58.415454939],[16.384053707,58.42857353],[16.378802642,58.435744353],[16.367207695,58.445048736],[16.365256236,58.449515903],[16.365899734,58.455949551],[16.36358355,58.460312774],[16.341148262,58.470708551],[16.334552816,58.476283599],[16.315614894,58.479784739],[16.312091906,58.483270072]]},"properties":{"segment_id":"22060","code":1,"text":"Normalt","info":["Torrt"],"road":"E 22","updated":"2026-04-30T14:36:29.969Z","lan":5}},{"type":"Feature","geometry":{"type":"LineString","coordinates":[[12.954412941,56.44155023],[12.95274574,56.447211201],[12.942840724,56.460554141],[12.941588247,56.468702123],[12.946416993,56.47999726],[12.955444787,56.493913534],[12.963965195,56.513473201],[12.969934885,56.541958891],[12.950780275,56.567111902],[12.948258411,56.580316211],[12.946025127,56.584565831],[12.919539315,56.608694307],[12.914856866,56.626238205],[12.903846553,56.63928116],[12.903079219,56.644291621],[12.906563051,56.658243194],[12.906366126,56.663559803],[12.896300597,56.677849167],[12.893934383,56.695377478],[12.882964832,56.724352185],[12.87369619,56.736236053],[12.858818069,56.74915531],[12.839359685,56.75988177],[12.815938334,56.767076154],[12.801837241,56.781826726],[12.785998808,56.7927976],[12.763822373,56.802215241],[12.736415211,56.80689717]]},"properties":{"segment_id":"6025","code":1,"text":"Normalt","info":["Torrt"],"road":"E 6","updated":"2026-04-28T15:19:30.616Z","lan":13}},{"type":"Feature","geometry":{"type":"LineString","coordinates":[[16.553287782,58.221496953],[16.564181517,58.218336644],[16.575943262,58.217904573],[16.588987056,58.209595094],[16.609612863,58.20313824],[16.637093548,58.189403534],[16.643352744,58.188281021],[16.648862912,58.191560777],[16.653207005,58.191324917],[16.656629512,58.189564703],[16.658523993,58.185317874],[16.665457556,58.178642691],[16.677744517,58.171609353],[16.687067073,58.170641977],[16.691850965,58.170416929],[16.696427643,58.174767087],[16.710680409,58.178376857],[16.712161886,58.180539998],[16.72133337,58.183453072],[16.725334416,58.181431634],[16.733244669,58.181818542],[16.744192686,58.185190965],[16.785146643,58.189511822],[16.791285221,58.185742482],[16.815815859,58.187794484],[16.826571621,58.183912715],[16.834775137,58.185663671],[16.8430606,58.190952561],[16.85285663,58.192526643]]},"properties":{"segment_id":"212000","code":1,"text":"Normalt","info":["Torrt"],"road":"Väg 212","updated":"2026-04-30T14:36:29.997Z","lan":5}},{"type":"Feature","geometry":{"type":"LineString","coordinates":[[13.755156164,56.180819007],[13.770776607,56.183554129],[13.783279767,56.183030853],[13.799211824,56.180005773],[13.810733881,56.175211107],[13.818080582,56.168874961],[13.82297261,56.160583167],[13.822884886,56.153447897],[13.818864259,56.141243234],[13.820914847,56.135242559],[13.825484191,56.129984657],[13.834105545,56.124216783],[13.884864912,56.099553184],[13.90718928,56.084998688],[13.953941019,56.06589634],[14.022747493,56.046369021],[14.037017322,56.040011746],[14.095465014,56.026077543],[14.112153803,56.01901951],[14.12479349,56.016971333]]},"properties":{"segment_id":"21015","code":1,"text":"Normalt","info":["Torrt"],"road":"Väg 21","updated":"2026-04-30T14:36:30.032Z","lan":12}},{"type":"Feature","geometry":{"type":"LineString","coordinates":[[13.916508887,55.95268819],[13.931469456,55.957841764],[13.944289981,55.959956035],[13.997474617,55.961667082],[14.038123614,55.970347499],[14.062634509,55.970491397],[14.073197389,55.97233241],[14.084378673,55.978561988],[14.098348115,55.998064377],[14.116600412,56.016787134],[14.123958035,56.017028299]]},"properties":{"segment_id":"22015","code":1,"text":"Normalt","info":["Torrt"],"road":"E 22","updated":"2026-04-30T14:36:30.055Z","lan":12}},{"type":"Feature","geometry":{"type":"LineString","coordinates":[[15.738861259,57.869296307],[15.718911692,57.891732427],[15.701217373,57.90644586],[15.686726135,57.914609233],[15.677334948,57.922312685],[15.669470824,57.933348845],[15.666130309,57.947190317],[15.660663704,57.954916746],[15.657496198,57.963726906],[15.652537514,57.968944249],[15.643993459,57.974170612],[15.634372067,57.986506781]]},"properties":{"segment_id":"23022","code":1,"text":"Normalt","info":["Torrt"],"road":"Väg 23","updated":"2026-04-28T13:24:03.360Z","lan":5}},{"type":"Feature","geometry":{"type":"LineString","coordinates":[[16.16116086,58.079004013],[16.152663783,58.08052739],[16.139948488,58.088591492],[16.126952563,58.094393129],[16.116744657,58.102675178],[16.100815298,58.112146701],[16.093822096,58.122653672],[16.090435869,58.136848219],[16.081035524,58.142183044],[16.062776494,58.162753761],[16.028119834,58.176259887],[16.024717922,58.18094015],[16.023613609,58.189257757],[16.020057564,58.194558898],[16.001403755,58.202691914]]},"properties":{"segment_id":"35003","code":1,"text":"Normalt","info":["Torrt"],"road":"Väg 35","updated":"2026-04-28T13:24:03.371Z","lan":5}},{"type":"Feature","geometry":{"type":"LineString","coordinates":[[17.777292096,59.27501556],[17.759822513,59.277813261],[17.748578154,59.281851983],[17.729025501,59.283925705],[17.71592484,59.287658998]]},"properties":{"segment_id":"816000","code":1,"text":"Normalt","info":["Torrt"],"road":"816","updated":"2026-05-26T10:36:48.489Z","lan":1}},{"type":"Feature","geometry":{"type":"LineString","coordinates":[[12.890401996,56.711511071],[12.90315603,56.719274887],[12.914631044,56.734878905],[12.942266978,56.753032058],[12.944050442,56.761104087],[12.958605142,56.785938196],[12.956940188,56.794879037],[12.963327195,56.809666686],[12.962282103,56.826201886],[12.966717669,56.835080516],[12.971155854,56.837282416],[13.005255325,56.842217143],[13.027174171,56.850994202],[13.03350548,56.8566024],[13.034516314,56.863285792],[13.045810242,56.875099633]]},"properties":{"segment_id":"26000","code":1,"text":"Normalt","info":["Torrt"],"road":"Väg 26","updated":"2026-04-29T04:29:38.581Z","lan":13}},{"type":"Feature","geometry":{"type":"LineString","coordinates":[[16.565657382,58.580935313],[16.606422938,58.558433236],[16.619339685,58.556735001],[16.631080536,58.551951281],[16.654017121,58.548154634],[16.669753025,58.555272193],[16.686602146,58.558591402],[16.698920405,58.55809672],[16.731501992,58.544312763],[16.749511878,58.529875243],[16.761838404,58.52702071],[16.772990526,58.521351469],[16.798669968,58.518478922],[16.812562715,58.521176157],[16.840924504,58.522039247],[16.852843081,58.512938228],[16.849514689,58.506455256],[16.864352151,58.500437237],[16.894262995,58.494653975],[16.899659548,58.49004646],[16.90607709,58.487211278],[16.919973701,58.486276389],[16.924084014,58.488658366],[16.935707256,58.490055671],[16.942940743,58.488688615]]},"properties":{"segment_id":"209005","code":1,"text":"Normalt","info":["Torrt"],"road":"Väg 209","updated":"2026-04-30T14:36:30.077Z","lan":5}},{"type":"Feature","geometry":{"type":"LineString","coordinates":[[12.954704241,56.423141621],[13.004062863,56.413566329],[13.01494864,56.419636135],[13.023640992,56.422102421],[13.090983824,56.417504751],[13.101678751,56.419564993],[13.11530575,56.418424862]]},"properties":{"segment_id":"115005","code":1,"text":"Normalt","info":["Torrt"],"road":"Väg 115","updated":"2026-04-29T04:29:38.605Z","lan":13}},{"type":"Feature","geometry":{"type":"LineString","coordinates":[[13.792262156,55.438174051],[13.809864748,55.443100366],[13.833373773,55.443578372],[13.835195384,55.442382558],[13.835489072,55.438314501],[13.839574632,55.431595518],[13.842952742,55.430108803],[13.840568944,55.429484145],[13.840567093,55.426851101],[13.837774067,55.42295144],[13.830212768,55.426986182]]},"properties":{"segment_id":"65010","code":1,"text":"Normalt","info":["Torrt"],"road":"E 65","updated":"2026-04-29T12:59:09.086Z","lan":12}},{"type":"Feature","geometry":{"type":"LineString","coordinates":[[13.555313522,55.935665513],[13.560315037,55.941960411],[13.559651185,55.949923305],[13.57988679,55.967186721],[13.60379547,55.983544783],[13.627538236,55.991575238],[13.668446394,56.01598908],[13.679088655,56.028962204],[13.731311387,56.058668954],[13.747768913,56.077113855],[13.754807554,56.082558458],[13.764429602,56.086186475],[13.781082933,56.105913598],[13.786443573,56.109803219],[13.789698874,56.11624185],[13.797484971,56.12340747],[13.805067776,56.147076938],[13.822453805,56.161225176]]},"properties":{"segment_id":"23003","code":1,"text":"Normalt","info":["Torrt"],"road":"Väg 23","updated":"2026-04-30T14:36:30.092Z","lan":12}},{"type":"Feature","geometry":{"type":"LineString","coordinates":[[16.535066225,58.376639351],[16.567190298,58.384173277],[16.583648439,58.384258289],[16.596966242,58.38297902],[16.617792202,58.376860642],[16.650525502,58.371412333],[16.683506797,58.371018876],[16.693535338,58.366565661],[16.69896555,58.353270271],[16.711909945,58.347420321],[16.726507347,58.351724917],[16.762362502,58.352449016],[16.787338328,58.360717878],[16.799368919,58.361321923],[16.815585131,58.354211543],[16.818486127,58.350136729],[16.829219171,58.345204497],[16.837430996,58.342113273],[16.845338235,58.342053395],[16.847136034,58.340491251],[16.846187405,58.335734613],[16.847218916,58.334551848],[16.869225713,58.330135665],[16.876860795,58.327247909],[16.883789474,58.322339756],[16.891396349,58.322173607],[16.893853445,58.32373637],[16.8966046,58.321539498]]},"properties":{"segment_id":"21095","code":1,"text":"Normalt","info":["Torrt"],"road":"Väg 210","updated":"2026-04-30T14:36:30.106Z","lan":5}},{"type":"Feature","geometry":{"type":"LineString","coordinates":[[13.681381471,55.634570195],[13.682956701,55.627865329],[13.690826798,55.623339578],[13.705194992,55.622027314],[13.726815319,55.622801794],[13.770144442,55.614500246],[13.775765441,55.61194148],[13.791725432,55.599932373],[13.827049844,55.588422517],[13.839496548,55.582268576],[13.869510623,55.573481937],[13.888013044,55.561385021],[13.894243925,55.560273188],[13.909411977,55.561047111],[13.925059317,55.557644794],[13.933383622,55.554689186],[13.945864873,55.546808487]]},"properties":{"segment_id":"11010","code":1,"text":"Normalt","info":["Torrt"],"road":"Väg 11","updated":"2026-04-29T12:59:09.015Z","lan":12}},{"type":"Feature","geometry":{"type":"LineString","coordinates":[[13.807291416,55.442985446],[13.802643181,55.448745304],[13.798085443,55.45824424],[13.79866301,55.463695694],[13.797013265,55.47008682],[13.802276014,55.479646057],[13.803128061,55.485989806],[13.799349923,55.499899702],[13.791898672,55.509549694],[13.778913393,55.519791213],[13.774391267,55.530745381],[13.759513644,55.546860988],[13.746407101,55.552784425],[13.746789486,55.562188078],[13.741476663,55.569655226],[13.73946931,55.576374366],[13.733357286,55.586385065],[13.703481621,55.608502744],[13.702238722,55.611526984],[13.705405832,55.618039608],[13.705622439,55.622067771]]},"properties":{"segment_id":"13000","code":1,"text":"Normalt","info":["Torrt"],"road":"Väg 13","updated":"2026-04-29T12:59:09.040Z","lan":12}},{"type":"Feature","geometry":{"type":"LineString","coordinates":[[14.095681397,55.827131876],[14.113059761,55.823178934],[14.128560265,55.817395169],[14.145892192,55.805736631],[14.148625088,55.801136983],[14.147372775,55.796392892],[14.139301453,55.782660541],[14.139117887,55.777968752],[14.142483472,55.764828297],[14.138247717,55.75020594],[14.124571384,55.738409889],[14.095933479,55.727419615]]},"properties":{"segment_id":"19007","code":1,"text":"Normalt","info":["Torrt"],"road":"Väg 19","updated":"2026-04-29T12:59:09.095Z","lan":12}},{"type":"Feature","geometry":{"type":"LineString","coordinates":[[13.720170911,56.57568733],[13.747444669,56.578408941],[13.757450399,56.577601839],[13.778621149,56.580381251],[13.80487849,56.576332601],[13.812815948,56.571341166],[13.828180116,56.569779782],[13.849840207,56.564501274],[13.915431767,56.570373746],[13.930457948,56.566200211],[13.949077924,56.550249373],[13.962966102,56.547410034],[13.981463413,56.551525223],[13.998974376,56.553096023],[14.011134033,56.54968932],[14.028871941,56.54939789],[14.038912046,56.551174014],[14.116995254,56.55319966],[14.160750932,56.546791301]]},"properties":{"segment_id":"12090","code":1,"text":"Normalt","info":["Torrt"],"road":"Väg 120","updated":"2026-04-30T14:36:45.216Z","lan":7}},{"type":"Feature","geometry":{"type":"LineString","coordinates":[[13.835175007,55.443074319],[13.855960863,55.459544766],[13.870106872,55.467584165],[13.872895292,55.474637193],[13.876564996,55.476333395],[13.877695881,55.479965258],[13.893537411,55.493427145],[13.895676593,55.500132249],[13.902843041,55.511132944],[13.906455267,55.525920653],[13.913679596,55.535672066],[13.912450332,55.546911885],[13.914491255,55.559699345]]},"properties":{"segment_id":"19000","code":1,"text":"Normalt","info":["Torrt"],"road":"Väg 19","updated":"2026-04-29T12:59:09.063Z","lan":12}},{"type":"Feature","geometry":{"type":"LineString","coordinates":[[14.292281145,56.660246266],[14.274719318,56.664080326],[14.271492141,56.668140343],[14.239192025,56.687191516],[14.238799031,56.689677754],[14.243904911,56.695593526],[14.244974173,56.700909694],[14.240507775,56.711034727],[14.232015707,56.713318582],[14.213844419,56.714337293],[14.201968424,56.718143007],[14.189362133,56.718564769],[14.162567217,56.72439809],[14.123291315,56.726104571],[14.100670377,56.739923008],[14.095433142,56.744925315],[14.073092367,56.749810421],[14.053610117,56.765009308],[14.040683147,56.769618334],[14.032076561,56.775993605],[14.007429992,56.781648734],[13.994890326,56.788484252],[13.976725871,56.795479162],[13.973885127,56.800576917],[13.962177716,56.812995308],[13.950899395,56.816818197],[13.936628209,56.825573984],[13.930501822,56.831253671]]},"properties":{"segment_id":"124000","code":1,"text":"Normalt","info":["Torrt"],"road":"Väg 124","updated":"2026-04-30T14:36:45.242Z","lan":7}},{"type":"Feature","geometry":{"type":"LineString","coordinates":[[12.206870742,57.326979386],[12.206313479,57.338255265],[12.210009641,57.351971268],[12.207473855,57.362367387],[12.189961487,57.388445562],[12.187516574,57.398196273],[12.174473517,57.409102599],[12.162116978,57.426745794],[12.15014169,57.433548569],[12.12253938,57.439778547],[12.102223916,57.447967963],[12.069924448,57.466805223],[12.049085608,57.474731566],[12.044123501,57.478947425],[12.043598714,57.483168392],[12.052663885,57.502371916],[12.049163372,57.52751877],[12.053242994,57.550245301]]},"properties":{"segment_id":"6045","code":1,"text":"Normalt","info":["Torrt"],"road":"E 6","updated":"2026-04-29T15:26:17.721Z","lan":13}},{"type":"Feature","geometry":{"type":"LineString","coordinates":[[12.719593652,57.135772245],[12.727606399,57.132853422],[12.742563975,57.132009332],[12.760023524,57.126391626],[12.780848034,57.112761646],[12.790828757,57.102972397],[12.808434905,57.097027226],[12.824558676,57.094028274],[12.846703577,57.096172005],[12.875330859,57.108557925],[12.932438231,57.120385645],[12.950044785,57.120737671],[12.965900098,57.117482536],[13.005152888,57.11889502],[13.018126238,57.115371784],[13.030529255,57.106366093],[13.045594995,57.104679011],[13.052587029,57.106108702],[13.077040613,57.117286683],[13.091561191,57.121102706]]},"properties":{"segment_id":"153003","code":1,"text":"Normalt","info":["Torrt"],"road":"Väg 153","updated":"2026-04-29T14:08:22.763Z","lan":13}},{"type":"Feature","geometry":{"type":"LineString","coordinates":[[16.389638007,56.944425589],[16.38412319,56.949095863],[16.383179151,56.954236525],[16.362703991,56.967210395],[16.357481513,56.972864551],[16.341176398,56.979221755],[16.319105525,56.984173236],[16.310608947,56.988709824],[16.295767455,57.000660934],[16.294850511,57.004596613],[16.291394675,57.00892686],[16.274526701,57.024166522],[16.266399226,57.027384523],[16.249462555,57.04063582],[16.232375438,57.046222633],[16.189192306,57.070052863],[16.186765838,57.07206137],[16.183271748,57.080440699],[16.152427147,57.095048785],[16.146591428,57.102226676],[16.133017377,57.106410878],[16.115039566,57.107560292],[16.107463927,57.110969489],[16.095892545,57.120594191],[16.083241563,57.126265181],[16.080374641,57.133890337],[16.072264723,57.139116705],[16.044274857,57.148588271],[16.040176142,57.152135016],[16.035392623,57.153683871],[16.035193489,57.15720719],[16.032576156,57.161172669],[16.02049011,57.172591165]]},"properties":{"segment_id":"34000","code":1,"text":"Normalt","info":["Torrt"],"road":"Väg 34","updated":"2026-04-30T14:37:00.326Z","lan":8}},{"type":"Feature","geometry":{"type":"LineString","coordinates":[[12.888038286,56.96116986],[12.924995566,56.963298181],[12.967801804,56.961404188],[12.992514976,56.958209021],[13.017200767,56.961020025],[13.046859808,56.959393084],[13.062026909,56.962827924],[13.080710864,56.95742817],[13.087361053,56.957314403]]},"properties":{"segment_id":"150003","code":1,"text":"Normalt","info":["Torrt"],"road":"Väg 150","updated":"2026-04-29T14:08:22.750Z","lan":13}},{"type":"Feature","geometry":{"type":"LineString","coordinates":[[15.659646006,57.139197928],[15.65937977,57.134447038],[15.655226099,57.125646964],[15.656310247,57.121571747],[15.651787967,57.112342265],[15.652777562,57.109462376],[15.658049015,57.104134513],[15.674014805,57.097904925],[15.6937673,57.083531178],[15.702040874,57.080439655],[15.719448788,57.079739036],[15.734281165,57.076463812],[15.742409016,57.070450759],[15.759763691,57.066600536],[15.77964527,57.05760248],[15.785595917,57.056756773],[15.790844892,57.051611991],[15.79830319,57.048869556],[15.804193948,57.044573566],[15.822443139,57.039522969],[15.834923352,57.038281487],[15.84269934,57.03381835],[15.849237383,57.02427826],[15.854792514,57.020134838],[15.856952518,57.012358007],[15.864850906,57.003580336],[15.8673907,56.994569872],[15.878993604,56.984040612],[15.879544076,56.974585632],[15.885327397,56.961095843],[15.913610552,56.944191194],[15.914947327,56.940381175],[15.912085715,56.936943224],[15.914577325,56.933322424]]},"properties":{"segment_id":"125010","code":1,"text":"Normalt","info":["Torrt"],"road":"Väg 125","updated":"2026-04-30T14:37:00.342Z","lan":8}},{"type":"Feature","geometry":{"type":"LineString","coordinates":[[12.059407913,57.48931735],[12.008773365,57.484369028],[12.002044683,57.486240451],[11.986292834,57.495517968],[11.98104089,57.5029153],[11.973205101,57.508012413],[11.968470663,57.519583169],[11.967190355,57.53439168],[11.96878688,57.546554925],[11.963372626,57.561587571]]},"properties":{"segment_id":"158000","code":1,"text":"Normalt","info":["Torrt"],"road":"Väg 158","updated":"2026-04-29T15:26:17.746Z","lan":13}},{"type":"Feature","geometry":{"type":"LineString","coordinates":[[15.836025402,57.510922473],[15.806642879,57.518246291],[15.794446856,57.526291654],[15.762349444,57.535760087],[15.753020304,57.542616233],[15.726689953,57.548402853],[15.707850589,57.562595168],[15.704228019,57.568894507],[15.696861165,57.573570561],[15.69060242,57.582111766],[15.66513819,57.594375289],[15.644589955,57.601695006],[15.613265249,57.600656152],[15.58795747,57.60427971],[15.579229327,57.6078772],[15.573425646,57.616607993]]},"properties":{"segment_id":"129000","code":1,"text":"Normalt","info":["Torrt"],"road":"Väg 129","updated":"2026-04-30T14:37:00.366Z","lan":8}},{"type":"Feature","geometry":{"type":"LineString","coordinates":[[15.96742211,59.520027621],[15.943944485,59.51157782],[15.933710385,59.501224888],[15.916968942,59.489659691],[15.898841107,59.464676038],[15.897405892,59.454466048],[15.900193006,59.442520696],[15.898646129,59.437385482],[15.889201234,59.430193823],[15.875218218,59.426597268]]},"properties":{"segment_id":"18027","code":1,"text":"Normalt","info":["fläckvis Våt","fläckvis Torrt"],"road":"E 18","updated":"2026-06-01T17:41:18.073Z","lan":19}},{"type":"Feature","geometry":{"type":"LineString","coordinates":[[13.573157132,58.161348688],[13.5607814,58.150879129],[13.550518497,58.148786636],[13.506030955,58.155405983],[13.495611829,58.158265959],[13.481936971,58.158112949],[13.447395103,58.164515547],[13.421972503,58.165883521],[13.303378763,58.204526963],[13.244345954,58.212721408],[13.214217323,58.215070555],[13.185472729,58.223577182],[13.174041898,58.224339579]]},"properties":{"segment_id":"47010","code":1,"text":"Normalt","info":["Torrt"],"road":"Väg 47","updated":"2026-04-29T21:25:58.039Z","lan":14}},{"type":"Feature","geometry":{"type":"LineString","coordinates":[[16.020162864,57.172719599],[16.012683861,57.170785757],[16.008055797,57.16723847],[15.969400247,57.163096029],[15.953539337,57.153946293],[15.886370134,57.135761589],[15.830048328,57.135167685],[15.808337877,57.136665994],[15.783123254,57.133493004],[15.739962209,57.132290702],[15.708735171,57.136459728],[15.682471042,57.136820966],[15.652864577,57.139754447],[15.628523395,57.146490613],[15.593968301,57.152839581],[15.556798326,57.154285666],[15.490518951,57.164794335]]},"properties":{"segment_id":"37005","code":1,"text":"Normalt","info":["Torrt"],"road":"Väg 37","updated":"2026-04-30T14:37:00.563Z","lan":8}},{"type":"Feature","geometry":{"type":"LineString","coordinates":[[13.973290808,58.183358388],[13.985041978,58.183955383],[14.0051708,58.191497372],[14.036865203,58.197596906],[14.078110677,58.213755101],[14.123759319,58.225492839],[14.154306505,58.227522104],[14.210637165,58.225708924]]},"properties":{"segment_id":"193005","code":1,"text":"Normalt","info":["Torrt"],"road":"Väg 193","updated":"2026-04-29T21:25:58.062Z","lan":14}},{"type":"Feature","geometry":{"type":"LineString","coordinates":[[14.219336611,58.135752077],[14.202666097,58.18331756],[14.202860581,58.188303882],[14.207244725,58.198409169],[14.204809337,58.209945069],[14.205426412,58.216604673],[14.209295214,58.224038933],[14.226458887,58.239575254],[14.234538632,58.251929339],[14.254625716,58.263347461],[14.260477132,58.268815564],[14.261624173,58.272675474],[14.261278168,58.290933858],[14.254987498,58.302951176],[14.255417066,58.306869812],[14.260626188,58.316474782],[14.266638155,58.320425505]]},"properties":{"segment_id":"195010","code":1,"text":"Normalt","info":["Torrt"],"road":"Väg 195","updated":"2026-04-29T21:25:58.105Z","lan":14}},{"type":"Feature","geometry":{"type":"LineString","coordinates":[[13.747269791,57.765398871],[13.778366316,57.766439075],[13.802445203,57.769283016],[13.82304056,57.765622154],[13.84292642,57.7582594],[13.861772217,57.755393774],[13.937482072,57.754667846],[13.959692644,57.751321805],[13.973005195,57.751151934],[13.985356154,57.752913299],[14.011522509,57.762633099],[14.047259906,57.772698188],[14.061794383,57.774962498],[14.079741544,57.772695636],[14.104161272,57.761498276]]},"properties":{"segment_id":"40025","code":1,"text":"Normalt","info":["Torrt"],"road":"Väg 40","updated":"2026-04-30T14:36:09.606Z","lan":6}},{"type":"Feature","geometry":{"type":"LineString","coordinates":[[14.268635447,58.321254292],[14.26150198,58.324410888],[14.249148153,58.334542474],[14.222149324,58.340686563],[14.165201947,58.342088303],[14.141735411,58.346855258],[14.121480585,58.345882528],[14.081167141,58.351635473],[14.051291465,58.353851718],[14.00460406,58.370976506],[13.988355159,58.373031844],[13.964590509,58.381186363],[13.946139083,58.384026951],[13.930366627,58.392626923],[13.926215584,58.397496482]]},"properties":{"segment_id":"194000","code":1,"text":"Normalt","info":["Torrt"],"road":"Väg 194","updated":"2026-04-29T21:25:58.094Z","lan":14}},{"type":"Feature","geometry":{"type":"LineString","coordinates":[[15.806907246,57.388733659],[15.801626782,57.389944188],[15.778334961,57.387556985],[15.757740408,57.389173787],[15.751717748,57.384278068],[15.744504322,57.381275591],[15.722984673,57.381418933],[15.69682382,57.377146651],[15.678461984,57.3680481],[15.650497895,57.364377811],[15.637613323,57.354768809],[15.621080908,57.350135278],[15.605833416,57.343562018],[15.603434309,57.341139094],[15.603481361,57.336916761],[15.601992854,57.335288946],[15.592743516,57.334461478],[15.587226548,57.331208472],[15.581253617,57.320052104],[15.585076217,57.315048696],[15.585673026,57.309772761],[15.584393136,57.306526781],[15.580742421,57.302375464],[15.570054811,57.297052376],[15.565772236,57.291564984],[15.566344546,57.284537502],[15.570674244,57.275965855],[15.569969886,57.27224099],[15.559732063,57.263097091],[15.548577394,57.257720361],[15.542903278,57.252876056],[15.541022945,57.247844536],[15.541613483,57.238391557],[15.531279037,57.223685073],[15.527272024,57.212131425],[15.515568877,57.202774452],[15.511998552,57.197147517],[15.505621665,57.191909111],[15.503848112,57.185609922],[15.496366935,57.177967928],[15.494489699,57.171165939],[15.490536912,57.164902065]]},"properties":{"segment_id":"23016","code":1,"text":"Normalt","info":["Torrt"],"road":"Väg 23","updated":"2026-04-30T14:37:00.576Z","lan":8}},{"type":"Feature","geometry":{"type":"LineString","coordinates":[[13.335637697,58.127540775],[13.351085438,58.129493279],[13.385309818,58.139884937],[13.392374228,58.144079609],[13.407402718,58.158686479],[13.419233781,58.166307768]]},"properties":{"segment_id":"181005","code":1,"text":"Normalt","info":["Torrt"],"road":"Väg 181","updated":"2026-04-29T21:25:58.126Z","lan":14}},{"type":"Feature","geometry":{"type":"LineString","coordinates":[[15.840330025,57.650867975],[15.861770244,57.654802004],[15.900567644,57.667107978],[15.924193985,57.669345065],[15.949300149,57.679336993],[15.990271131,57.683164234],[16.012251312,57.694353963],[16.018016382,57.70191641],[16.024302761,57.70586318],[16.0773015,57.719499898],[16.086680122,57.719302986],[16.097359188,57.715482883],[16.124779227,57.709789483],[16.145782369,57.707346366],[16.167791913,57.700803077],[16.179829794,57.701014858],[16.203042877,57.704758035],[16.224006449,57.701376982],[16.247471816,57.700599938],[16.287213755,57.696078661],[16.321472338,57.703864699],[16.345015663,57.716508117],[16.361417033,57.72187568],[16.395133603,57.724554142],[16.433156463,57.721766839],[16.455222789,57.722287773]]},"properties":{"segment_id":"40050","code":1,"text":"Normalt","info":["Torrt"],"road":"Väg 40","updated":"2026-04-30T14:37:00.611Z","lan":8}},{"type":"Feature","geometry":{"type":"LineString","coordinates":[[13.571181952,58.021431886],[13.567016736,58.023981218],[13.552674429,58.026109672],[13.548970372,58.028933166],[13.547384541,58.033379768],[13.547813693,58.045350375],[13.54245794,58.057470478],[13.522673545,58.071588802],[13.515865851,58.082020097],[13.517318081,58.084624185],[13.522882651,58.086638184],[13.528599564,58.098562194],[13.54002255,58.110497483],[13.546601345,58.12108297],[13.561232438,58.133385126],[13.563356667,58.13925708],[13.56218987,58.147975506],[13.560111892,58.150206824],[13.571414168,58.159460706]]},"properties":{"segment_id":"46005","code":1,"text":"Normalt","info":["Torrt"],"road":"Väg 46","updated":"2026-04-29T21:25:58.149Z","lan":14}},{"type":"Feature","geometry":{"type":"LineString","coordinates":[[11.671653604,58.934114149],[11.678709648,58.924921382],[11.686932925,58.919101672],[11.692749902,58.912069472],[11.697576508,58.904831974],[11.696192765,58.900042069],[11.702516988,58.895467138],[11.74915118,58.883581406],[11.766801679,58.876942402],[11.769890694,58.873227002]]},"properties":{"segment_id":"166000","code":1,"text":"Normalt","info":["Torrt"],"road":"Väg 166","updated":"2026-04-30T03:41:34.472Z","lan":14}},{"type":"Feature","geometry":{"type":"LineString","coordinates":[[16.417055678,56.234658299],[16.413305723,56.234907862],[16.411624137,56.236562446],[16.418033955,56.248907304],[16.419314578,56.255164592],[16.407971406,56.263210475],[16.403557251,56.268768773],[16.406277795,56.282620613],[16.40900603,56.286525274],[16.410303136,56.293672001],[16.409047038,56.298179077],[16.41094807,56.303719488],[16.405585103,56.315686297],[16.413162017,56.347040392],[16.420625985,56.357171561],[16.424712025,56.372121432],[16.436952683,56.391469657],[16.43488069,56.416059855],[16.436370691,56.431937819],[16.426607305,56.444477244],[16.429429686,56.451381479],[16.430354418,56.46130864],[16.429619767,56.47847013],[16.425921016,56.495009705],[16.429455317,56.501735013],[16.436310286,56.506858429],[16.438837921,56.514817113]]},"properties":{"segment_id":"136000","code":1,"text":"Normalt","info":["Torrt"],"road":"Väg 136","updated":"2026-04-30T14:37:15.674Z","lan":8}},{"type":"Feature","geometry":{"type":"LineString","coordinates":[[11.353313583,58.720205863],[11.354592347,58.714758533],[11.35791454,58.711409645],[11.383153977,58.704947998],[11.396279131,58.693953827],[11.407924605,58.687187015],[11.41001256,58.682669796],[11.409282949,58.676509798],[11.413713332,58.666152004],[11.433419897,58.651274758],[11.436143313,58.637093536],[11.445955494,58.628762686],[11.44846673,58.62219817],[11.454118079,58.616430458]]},"properties":{"segment_id":"6075","code":1,"text":"Normalt","info":["Torrt"],"road":"E 6","updated":"2026-04-30T03:41:34.436Z","lan":14}},{"type":"Feature","geometry":{"type":"LineString","coordinates":[[11.548298037,58.521377872],[11.566887756,58.528771074],[11.575595442,58.52724204],[11.575672321,58.529976631],[11.565963898,58.550328085],[11.566971259,58.553914534],[11.556579495,58.55920912],[11.547391461,58.577047563],[11.537789822,58.580690118]]},"properties":{"segment_id":"165000","code":1,"text":"Normalt","info":["Torrt"],"road":"Väg 165","updated":"2026-04-30T03:41:34.463Z","lan":14}},{"type":"Feature","geometry":{"type":"LineString","coordinates":[[18.034792474,59.409557002],[18.005208097,59.420027726],[17.994780171,59.429523062],[17.990578234,59.436466724],[17.983226966,59.440328178],[17.959108794,59.445370101],[17.943340721,59.44646342]]},"properties":{"segment_id":"262000","code":1,"text":"Normalt","info":["Torrt"],"road":"Väg 262","updated":"2026-05-26T10:36:48.501Z","lan":1}},{"type":"Feature","geometry":{"type":"LineString","coordinates":[[12.912460063,56.315999271],[12.91480559,56.323102384],[12.916052831,56.340872203],[12.921790006,56.347843418],[12.93199617,56.352732202],[12.935342054,56.356409629],[12.93458609,56.377569608],[12.950339638,56.423491943],[12.954424037,56.441343723]]},"properties":{"segment_id":"6020","code":1,"text":"Normalt","info":["Torrt"],"road":"E 6","updated":"2026-04-30T04:44:07.673Z","lan":12}},{"type":"Feature","geometry":{"type":"LineString","coordinates":[[18.110928453,59.488686111],[18.134996485,59.492711809],[18.153592314,59.498069557],[18.166437713,59.496707442]]},"properties":{"segment_id":"265010","code":1,"text":"Normalt","info":["Torrt"],"road":"Väg 265","updated":"2026-05-26T10:36:48.511Z","lan":1}},{"type":"Feature","geometry":{"type":"LineString","coordinates":[[17.900127691,59.614605818],[17.935253769,59.637302514],[17.937296342,59.639961387],[17.936934606,59.644552116]]},"properties":{"segment_id":"40065","code":1,"text":"Normalt","info":["Torrt"],"road":"E 4","updated":"2026-05-26T10:36:48.520Z","lan":1}},{"type":"Feature","geometry":{"type":"LineString","coordinates":[[11.474190293,58.564639914],[11.467641379,58.558778776],[11.434564584,58.549800825],[11.417052688,58.54732642],[11.403305491,58.55544574],[11.400725696,58.559463569],[11.394727076,58.562090896],[11.357156968,58.569345351],[11.353513142,58.579058484],[11.357403997,58.584841334],[11.342864069,58.58790698],[11.337623347,58.591263556],[11.325853075,58.594640043],[11.315384509,58.593809699],[11.283880372,58.60151413]]},"properties":{"segment_id":"163000","code":1,"text":"Normalt","info":["Torrt"],"road":"Väg 163","updated":"2026-04-30T03:41:34.518Z","lan":14}},{"type":"Feature","geometry":{"type":"LineString","coordinates":[[14.100152311,57.828769197],[14.100585168,57.83234741],[14.107124368,57.843029181],[14.103343632,57.858919946],[14.104280474,57.865304296],[14.101698486,57.872193765],[14.10424151,57.877727115],[14.10276873,57.886088594],[14.106038786,57.899073667],[14.102102489,57.912816334],[14.095235769,57.923456985]]},"properties":{"segment_id":"195000","code":1,"text":"Normalt","info":["Torrt"],"road":"Väg 195","updated":"2026-04-30T14:36:09.617Z","lan":6}},{"type":"Feature","geometry":{"type":"LineString","coordinates":[[11.353419784,58.720181903],[11.380213074,58.722448406],[11.409273547,58.734939279],[11.420871422,58.733958788],[11.443622412,58.735991516],[11.456642741,58.74259781],[11.472455849,58.741494857],[11.488394953,58.742730504],[11.514076424,58.749432687],[11.527160131,58.750559164],[11.546717867,58.754950089],[11.549411081,58.756397507],[11.550196561,58.762081311],[11.556563315,58.769244685]]},"properties":{"segment_id":"163010","code":1,"text":"Normalt","info":["Torrt"],"road":"Väg 163","updated":"2026-04-30T03:41:34.539Z","lan":14}},{"type":"Feature","geometry":{"type":"LineString","coordinates":[[14.66226825,56.402694183],[14.660294902,56.405950137],[14.659685079,56.421626245],[14.672232217,56.431066666],[14.674873582,56.438863058],[14.682178193,56.445871803],[14.682494642,56.456554991],[14.688814612,56.465483441],[14.693584647,56.465666006],[14.693288346,56.474236304],[14.696353783,56.478637158],[14.69911505,56.492839046]]},"properties":{"segment_id":"126005","code":1,"text":"Normalt","info":["Torrt"],"road":"Väg 126","updated":"2026-04-30T14:36:09.679Z","lan":7}},{"type":"Feature","geometry":{"type":"LineString","coordinates":[[12.332503389,58.299875245],[12.382984347,58.294215275],[12.398289155,58.289378864],[12.422783294,58.286451574],[12.442215701,58.281028244],[12.460072391,58.280135404],[12.497878699,58.292158009],[12.516183251,58.302947079],[12.541213,58.303350043],[12.560337592,58.313411521],[12.570453769,58.320756367],[12.610735349,58.333977582],[12.642507396,58.348134386],[12.661637074,58.35322046],[12.697334176,58.359141854]]},"properties":{"segment_id":"44005","code":1,"text":"Normalt","info":["Torrt"],"road":"Väg 44","updated":"2026-04-30T04:37:30.023Z","lan":14}},{"type":"Feature","geometry":{"type":"LineString","coordinates":[[12.176381131,58.04173196],[12.169905972,58.050107602],[12.166050114,58.06112051],[12.155173341,58.072515832],[12.157129817,58.086300383],[12.150224281,58.105647438],[12.143694427,58.110659627],[12.13718203,58.125377687]]},"properties":{"segment_id":"45005","code":1,"text":"Normalt","info":["Torrt"],"road":"E 45","updated":"2026-04-30T04:37:30.034Z","lan":14}},{"type":"Feature","geometry":{"type":"LineString","coordinates":[[13.033336464,59.560199645],[13.04102902,59.555742945],[13.066942184,59.54577156],[13.100954778,59.538365157],[13.118954493,59.529903399],[13.143812022,59.52387211],[13.155792316,59.523017597],[13.175635811,59.513711925],[13.201182158,59.512907101],[13.221466684,59.509636624],[13.242410554,59.509578467],[13.262143075,59.501803336],[13.291562339,59.496846808]]},"properties":{"segment_id":"61002","code":1,"text":"Normalt","info":["Torrt"],"road":"Väg 61","updated":"2026-04-30T14:21:54.847Z","lan":17}},{"type":"Feature","geometry":{"type":"LineString","coordinates":[[12.694956436,56.03877924],[12.699367564,56.033181433],[12.70473001,56.035869783],[12.714659551,56.034912761],[12.719364372,56.029993778],[12.739872825,56.016620425],[12.767796537,56.018207622],[12.774678216,56.017127694],[12.781289684,56.018514071],[12.782514622,56.01841927],[12.783715725,56.01818023],[12.783478641,56.017277224],[12.781947271,56.017959693],[12.78208447,56.018645207],[12.782983261,56.020881268],[12.784761959,56.02680899],[12.785716535,56.03087946],[12.786245924,56.04041562],[12.778208088,56.077451968],[12.779134742,56.082573476],[12.781644757,56.085602422],[12.805299536,56.089665181],[12.824821138,56.096688279],[12.849681758,56.100952385],[12.867191158,56.110288204],[12.906724169,56.123933063],[12.930576794,56.141455242]]},"properties":{"segment_id":"4000","code":1,"text":"Normalt","info":["Torrt"],"road":"E 4","updated":"2026-04-30T04:44:07.406Z","lan":12}},{"type":"Feature","geometry":{"type":"LineString","coordinates":[[12.87859942,55.875180319],[12.876382321,55.884749616],[12.861053083,55.907024608],[12.853476607,55.913840015],[12.823312206,55.933244634],[12.815841536,55.943088456],[12.806280817,55.952148686],[12.783217236,55.983192068],[12.780241523,55.992036116],[12.779895207,56.006185146],[12.783891747,56.024070163]]},"properties":{"segment_id":"6010","code":1,"text":"Normalt","info":["Torrt"],"road":"E 6","updated":"2026-04-30T04:44:07.419Z","lan":12}},{"type":"Feature","geometry":{"type":"LineString","coordinates":[[12.857663331,56.192840565],[12.8218449,56.200285051],[12.799062072,56.201175694],[12.759646721,56.207468764],[12.721254112,56.206901907],[12.675507922,56.215415183],[12.658000534,56.214482646],[12.635421524,56.208444663],[12.605634969,56.203557301],[12.564251386,56.203189211]]},"properties":{"segment_id":"112000","code":1,"text":"Normalt","info":["Torrt"],"road":"Väg 112","updated":"2026-04-30T04:44:07.445Z","lan":12}},{"type":"Feature","geometry":{"type":"LineString","coordinates":[[12.564008118,56.203211381],[12.556263915,56.207085046],[12.542604972,56.222965331],[12.544847901,56.231026969],[12.543772061,56.235481509],[12.531467199,56.257418339],[12.532953322,56.270453256],[12.520061652,56.272478443],[12.496277206,56.284438624],[12.495218105,56.289018957]]},"properties":{"segment_id":"111005","code":1,"text":"Normalt","info":["Torrt"],"road":"Väg 111","updated":"2026-04-30T04:44:07.707Z","lan":12}},{"type":"Feature","geometry":{"type":"LineString","coordinates":[[13.073629738,55.87615894],[13.078924784,55.885794878],[13.086820319,55.889117215],[13.103372999,55.900229579],[13.106122826,55.905511279],[13.106623245,55.912313072],[13.10336012,55.91786169],[13.108180685,55.926985629],[13.107456411,55.939214614],[13.110438657,55.951626296],[13.109295996,55.957980431],[13.103749337,55.962316717],[13.095750944,55.97250128],[13.096768031,55.977244066],[13.095008965,55.987920199],[13.087099828,55.992246195],[13.089232567,55.998740795]]},"properties":{"segment_id":"106000","code":1,"text":"Normalt","info":["Torrt"],"road":"Väg 106","updated":"2026-04-30T04:44:07.740Z","lan":12}},{"type":"Feature","geometry":{"type":"LineString","coordinates":[[12.784864704,56.018290751],[12.829505557,56.010834261],[12.871224067,56.016235002],[12.881987123,56.015117204],[12.902283474,56.009487696],[12.925499628,56.012711458],[12.955645605,56.010869345]]},"properties":{"segment_id":"109000","code":1,"text":"Normalt","info":["Torrt"],"road":"Väg 109","updated":"2026-04-30T04:44:07.766Z","lan":12}},{"type":"Feature","geometry":{"type":"LineString","coordinates":[[12.857028305,56.192955376],[12.896970154,56.181463991],[12.906142579,56.177252058],[12.914467407,56.169322533],[12.921408718,56.153847121],[12.931458314,56.146619531]]},"properties":{"segment_id":"112005","code":1,"text":"Normalt","info":["Torrt"],"road":"Väg 112","updated":"2026-04-30T04:44:07.874Z","lan":12}},{"type":"Feature","geometry":{"type":"LineString","coordinates":[[13.257469735,60.423096611],[13.267343573,60.417100503],[13.27214021,60.411585743],[13.274964961,60.404877787],[13.300289673,60.377399042],[13.310155234,60.363784123],[13.341401583,60.349044833],[13.353784754,60.339598321],[13.379986228,60.326386266],[13.380269538,60.321764684],[13.368325014,60.311829665],[13.372081334,60.305463517],[13.389136937,60.297615705],[13.395333816,60.288584307]]},"properties":{"segment_id":"62005","code":1,"text":"Normalt","info":["Torrt"],"road":"Väg 62","updated":"2026-04-30T08:55:10.005Z","lan":17}},{"type":"Feature","geometry":{"type":"LineString","coordinates":[[12.995956712,60.130181759],[12.988619362,60.135055427],[12.987686494,60.138535199],[13.000668451,60.148369345],[13.006286792,60.174878453],[13.014078172,60.182594002],[13.022257898,60.194706896],[13.021126896,60.199109016],[13.016192853,60.204927282],[13.01615667,60.227336065],[13.012339014,60.231931433],[13.008979895,60.244132085],[13.02314626,60.25699001],[13.028884838,60.273969736],[13.032670785,60.278076572],[13.031560205,60.2839161],[13.032777412,60.287140553]]},"properties":{"segment_id":"16010","code":1,"text":"Normalt","info":["Torrt"],"road":"E 16","updated":"2026-04-30T08:55:10.118Z","lan":17}},{"type":"Feature","geometry":{"type":"LineString","coordinates":[[11.904247287,57.681293875],[11.905187735,57.685415481],[11.919940415,57.695671525],[11.932573053,57.699726527],[11.957267978,57.702327283],[11.961162588,57.704335327],[11.965129115,57.710101905],[11.99360792,57.719832546]]},"properties":{"segment_id":"45000","code":1,"text":"Normalt","info":["Torrt"],"road":"E 45","updated":"2026-04-30T15:15:21.784Z","lan":14}},{"type":"Feature","geometry":{"type":"LineString","coordinates":[[14.099544443,57.828836746],[14.089228503,57.833937196],[14.034129466,57.845728422],[14.018907429,57.855995817],[13.986498228,57.864535398],[13.967364835,57.866977254],[13.925285913,57.876185836],[13.88311662,57.893590194],[13.870044043,57.897319271],[13.865066661,57.900544693],[13.863281071,57.904193775]]},"properties":{"segment_id":"26030","code":1,"text":"Normalt","info":["Torrt"],"road":"Väg 26","updated":"2026-04-30T14:36:09.816Z","lan":6}},{"type":"Feature","geometry":{"type":"LineString","coordinates":[[13.032813022,60.287150062],[13.067231256,60.28943368],[13.093927334,60.3063362],[13.09531649,60.310146257],[13.099116806,60.313595623],[13.132531435,60.328618982],[13.15541629,60.343559832],[13.167542312,60.348999399],[13.174677981,60.35655184],[13.187356939,60.363604711],[13.208403524,60.372942644],[13.259384667,60.388967549],[13.262552871,60.392170194],[13.263077355,60.396972804],[13.252846134,60.417521821],[13.257304443,60.423130372]]},"properties":{"segment_id":"16020","code":1,"text":"Normalt","info":["Torrt"],"road":"E 16","updated":"2026-04-30T08:55:10.132Z","lan":17}},{"type":"Feature","geometry":{"type":"LineString","coordinates":[[11.990379602,57.718659293],[11.998087241,57.723749699],[11.998446348,57.728944147],[12.006660083,57.744822234],[12.004243102,57.756152476],[12.00510096,57.761835015],[12.009425387,57.764040335],[12.008988351,57.76993491]]},"properties":{"segment_id":"45002","code":1,"text":"Normalt","info":["Torrt"],"road":"E 45","updated":"2026-04-30T15:15:21.795Z","lan":14}},{"type":"Feature","geometry":{"type":"LineString","coordinates":[[12.019861124,57.652218857],[12.012398055,57.672426921],[11.995739608,57.697566532],[11.994925327,57.702733142],[11.997060513,57.711412107],[11.991489331,57.718847464],[11.981235265,57.726404662],[11.990979489,57.749654385],[11.992126755,57.759514235],[12.000740637,57.788254477],[12.00536309,57.795832571]]},"properties":{"segment_id":"6053","code":1,"text":"Normalt","info":["Torrt"],"road":"E 6","updated":"2026-04-30T15:15:21.809Z","lan":14}},{"type":"Feature","geometry":{"type":"LineString","coordinates":[[14.499690298,56.064606549],[14.49810216,56.080530451],[14.490698558,56.092441134],[14.490645607,56.095235232],[14.515689664,56.113063219],[14.517249991,56.120733442],[14.523390761,56.128816721],[14.521420095,56.134640284],[14.520581789,56.147701017],[14.511436904,56.161861254],[14.509667044,56.17818865],[14.510714968,56.194581069],[14.517210975,56.20215381],[14.519634752,56.213277396],[14.524959714,56.219443524],[14.525872636,56.223867517],[14.53139799,56.228353977],[14.544456764,56.234296716]]},"properties":{"segment_id":"116000","code":1,"text":"Normalt","info":["Torrt"],"road":"Väg 116","updated":"2026-04-30T13:05:50.480Z","lan":12}},{"type":"Feature","geometry":{"type":"LineString","coordinates":[[13.257322115,60.423139584],[13.258172601,60.424219424],[13.255736315,60.429683805],[13.25906281,60.435088851],[13.291867041,60.454390857],[13.306921536,60.477097385],[13.310580391,60.479514667],[13.317330213,60.480587862],[13.333860921,60.478658016],[13.376990875,60.478166065],[13.38922212,60.481753853],[13.402639099,60.483118581],[13.407934248,60.485355141],[13.412010203,60.489462854],[13.41583137,60.497321195],[13.427478461,60.503053712],[13.434953367,60.511547146],[13.440095572,60.514454092],[13.453015305,60.516256822],[13.480898457,60.512491074],[13.493508593,60.51549867],[13.501517737,60.519171899]]},"properties":{"segment_id":"16030","code":1,"text":"Normalt","info":["Torrt"],"road":"E 16","updated":"2026-04-30T08:55:10.105Z","lan":17}},{"type":"Feature","geometry":{"type":"LineString","coordinates":[[14.124825771,56.016962576],[14.161873872,56.018073468],[14.200036704,56.022783541],[14.225973541,56.02950821],[14.276948354,56.034948011],[14.311073521,56.040956648],[14.34669735,56.040602302],[14.380194294,56.036704854],[14.401268116,56.041831566],[14.417468265,56.041558687],[14.427714947,56.043331763],[14.450118776,56.057225642],[14.46319057,56.061802644],[14.500598109,56.062714395]]},"properties":{"segment_id":"22020","code":1,"text":"Normalt","info":["Torrt"],"road":"E 22","updated":"2026-04-30T13:05:50.566Z","lan":12}},{"type":"Feature","geometry":{"type":"LineString","coordinates":[[13.862158158,57.905019137],[13.858741272,57.909003869],[13.852413623,57.926436684],[13.841339016,57.936864211],[13.834390324,57.951667449],[13.831917203,57.958615507],[13.83144292,57.968519313],[13.835528964,57.978051723],[13.828066151,57.985483903],[13.830430632,57.9938867],[13.830734571,58.00895377],[13.827521558,58.019227547],[13.831690709,58.025832342],[13.845280758,58.037050119],[13.848390811,58.04409385]]},"properties":{"segment_id":"26035","code":1,"text":"Normalt","info":["Torrt"],"road":"Väg 26","updated":"2026-04-30T14:36:09.827Z","lan":6}},{"type":"Feature","geometry":{"type":"LineString","coordinates":[[14.326108759,56.395986627],[14.320200738,56.39751771],[14.319297947,56.402714845],[14.316234218,56.407307095],[14.288467745,56.417231677],[14.281812648,56.423743109],[14.260420103,56.432539165],[14.238640769,56.444770285],[14.233924918,56.454220021],[14.232651161,56.464283875],[14.220474304,56.474809827],[14.211907849,56.476912055],[14.205847774,56.480233682],[14.19071404,56.481061396],[14.183446111,56.483799046],[14.163819782,56.482814917],[14.156163373,56.487587869],[14.131728219,56.493744629],[14.122265981,56.499769704]]},"properties":{"segment_id":"121000","code":1,"text":"Normalt","info":["Torrt"],"road":"Väg 121","updated":"2026-04-30T13:05:50.593Z","lan":12}},{"type":"Feature","geometry":{"type":"LineString","coordinates":[[11.963582643,57.562680177],[11.967804754,57.577063647],[11.967331484,57.584557265],[11.949672491,57.606979471],[11.941031439,57.614356403],[11.931798994,57.631479489],[11.932014336,57.643420882]]},"properties":{"segment_id":"158005","code":1,"text":"Normalt","info":["Torrt"],"road":"Väg 158","updated":"2026-04-30T15:15:21.823Z","lan":14}},{"type":"Feature","geometry":{"type":"LineString","coordinates":[[13.822610933,56.161352469],[13.829011247,56.166921332],[13.839960096,56.17287406],[13.846083728,56.187811149],[13.852913281,56.196536572],[13.873960522,56.213092253],[13.886135558,56.226940966],[13.908552962,56.243493867],[13.934491337,56.254286485],[13.954177742,56.271660924],[13.967467371,56.277073686],[13.987095362,56.281162296],[14.00728572,56.291137484],[14.007628706,56.29286536],[14.004121626,56.296008924],[14.006746215,56.30321802],[14.007762883,56.318240116],[14.010538832,56.328433323],[14.011707935,56.342018941],[14.010204968,56.350704382],[14.015838921,56.360650644],[14.026419322,56.367203328]]},"properties":{"segment_id":"23006","code":1,"text":"Normalt","info":["Torrt"],"road":"Väg 23","updated":"2026-04-30T13:05:50.663Z","lan":12}},{"type":"Feature","geometry":{"type":"LineString","coordinates":[[13.074838192,55.604225719],[13.084715889,55.607741684],[13.100294944,55.609628724],[13.126545848,55.616503437],[13.159049619,55.619610966],[13.178913872,55.627214093],[13.217734117,55.630031106],[13.224112809,55.632999482],[13.229213154,55.638968713],[13.235880676,55.641572156],[13.266786547,55.643729202],[13.283898258,55.649964037],[13.331920485,55.660961174]]},"properties":{"segment_id":"11000","code":1,"text":"Normalt","info":["Torrt"],"road":"Väg 11","updated":"2026-04-30T18:52:17.838Z","lan":12}},{"type":"Feature","geometry":{"type":"LineString","coordinates":[[13.520288859,58.535746866],[13.513151736,58.537972981],[13.47718337,58.533913526],[13.435623124,58.516759799],[13.399730795,58.50942751],[13.386644769,58.508437268],[13.364450861,58.511012981],[13.331505773,58.51071474],[13.309765466,58.50373789],[13.272036333,58.481136765],[13.25899861,58.477367193],[13.201944705,58.478942801],[13.186920733,58.488253752],[13.160681623,58.48708973],[13.144597489,58.492149416]]},"properties":{"segment_id":"44015","code":1,"text":"Normalt","info":["Torrt"],"road":"Väg 44","updated":"2026-04-30T13:49:11.072Z","lan":14}},{"type":"Feature","geometry":{"type":"LineString","coordinates":[[12.798726105,58.042309854],[12.812678559,58.048830808],[12.819479732,58.057914359],[12.819530202,58.061257581],[12.813785512,58.075921161],[12.819579759,58.097422287],[12.825588036,58.10353578],[12.843393536,58.114467297],[12.857660433,58.130772486],[12.868117336,58.151046353],[12.886083264,58.166187883],[12.896124711,58.18184316],[12.899663279,58.190769129],[12.897962398,58.199402148],[12.900762153,58.207615089],[12.910457778,58.213811687],[12.930832736,58.235220806],[12.947078712,58.24532975],[12.96921145,58.255781784]]},"properties":{"segment_id":"20010","code":1,"text":"Normalt","info":["Torrt"],"road":"E 20","updated":"2026-04-30T13:49:10.954Z","lan":14}},{"type":"Feature","geometry":{"type":"LineString","coordinates":[[12.429513523,57.319343765],[12.444753665,57.3297555],[12.447159272,57.334117987],[12.453184715,57.339254729],[12.472739119,57.348788563],[12.476319268,57.354513022]]},"properties":{"segment_id":"41003","code":1,"text":"Normalt","info":["Torrt"],"road":"Väg 41","updated":"2026-04-30T14:08:36.189Z","lan":13}},{"type":"Feature","geometry":{"type":"LineString","coordinates":[[13.463307934,58.389645152],[13.462958853,58.406313314],[13.466388679,58.413639564],[13.465935044,58.419742518],[13.469386058,58.428991253],[13.470385475,58.444642381],[13.473865467,58.458050341],[13.478300053,58.467283491],[13.478604989,58.478874945],[13.482825876,58.485194924],[13.502698343,58.501103258],[13.513100581,58.52335757],[13.522329034,58.535024796]]},"properties":{"segment_id":"20013","code":1,"text":"Normalt","info":["Torrt"],"road":"E 20","updated":"2026-04-30T13:49:10.978Z","lan":14}},{"type":"Feature","geometry":{"type":"LineString","coordinates":[[12.951951448,58.296734895],[12.955393372,58.302737517],[12.953148219,58.308217889],[12.937530287,58.314947697],[12.932707885,58.325318489],[12.939436118,58.338822474],[12.955454804,58.36051557],[12.976873779,58.379048599],[12.991888765,58.385403061],[13.003217279,58.394411435],[13.017026202,58.399279642],[13.03002463,58.411069407],[13.035373269,58.422309475],[13.054112881,58.435864458],[13.064001549,58.440155708],[13.071643119,58.445786899],[13.083855907,58.460056437],[13.087521356,58.46895108],[13.106066694,58.48183926]]},"properties":{"segment_id":"187005","code":1,"text":"Normalt","info":["Torrt"],"road":"Väg 187","updated":"2026-04-30T13:49:11.008Z","lan":14}},{"type":"Feature","geometry":{"type":"LineString","coordinates":[[13.410089222,58.383165616],[13.411222579,58.388389857],[13.408915721,58.392511396],[13.382817425,58.409494995],[13.362712682,58.417081937],[13.326729124,58.427468825],[13.292063546,58.431422347],[13.27748614,58.437066405],[13.249487017,58.444466675],[13.237093413,58.454852279],[13.213617099,58.468954676],[13.200579879,58.480477789],[13.18754668,58.488091911]]},"properties":{"segment_id":"184005","code":1,"text":"Normalt","info":["Torrt"],"road":"Väg 184","updated":"2026-04-30T13:49:11.023Z","lan":14}},{"type":"Feature","geometry":{"type":"LineString","coordinates":[[12.970288649,58.256616464],[12.977612569,58.260299323],[12.977794957,58.263680261],[12.956859815,58.272268577],[12.954705677,58.274435256],[12.954847665,58.278183948],[12.95945805,58.286388337],[12.961195196,58.294151439]]},"properties":{"segment_id":"187000","code":1,"text":"Normalt","info":["Torrt"],"road":"Väg 187","updated":"2026-04-30T13:49:11.033Z","lan":14}},{"type":"Feature","geometry":{"type":"LineString","coordinates":[[12.698093222,58.359299265],[12.714540069,58.365101674],[12.723376994,58.371782065],[12.765326615,58.389897424],[12.812329634,58.401184882],[12.838166944,58.409116529],[12.867433056,58.419148363],[12.898044587,58.432744149],[12.914958444,58.43495202],[12.929927092,58.439102734],[12.942645333,58.438714555],[12.962723472,58.443185857],[13.001888841,58.457170337],[13.042382533,58.464469898],[13.081560455,58.478905792],[13.118856909,58.483554657],[13.143410705,58.492204117]]},"properties":{"segment_id":"44010","code":1,"text":"Normalt","info":["Torrt"],"road":"Väg 44","updated":"2026-04-30T13:49:11.059Z","lan":14}},{"type":"Feature","geometry":{"type":"LineString","coordinates":[[13.421256173,57.809209153],[13.444576197,57.810566401],[13.470940334,57.804068388],[13.520093419,57.800033992],[13.546434655,57.795658251],[13.610634858,57.796135468],[13.623576341,57.793392928],[13.665080839,57.778304404],[13.710289575,57.771963075],[13.731476356,57.764217665],[13.747188879,57.765308238]]},"properties":{"segment_id":"40020","code":1,"text":"Normalt","info":["Torrt"],"road":"Väg 40","updated":"2026-04-30T14:09:06.926Z","lan":14}},{"type":"Feature","geometry":{"type":"LineString","coordinates":[[13.432930754,57.668774348],[13.431987746,57.672365233],[13.426625458,57.678093321],[13.421196518,57.697655651],[13.422522402,57.701122016],[13.432468643,57.711720822],[13.435020519,57.719101221],[13.433436082,57.739448091],[13.424806201,57.745521972],[13.419239344,57.755272009],[13.406038888,57.762698011],[13.403660479,57.775461123],[13.405319396,57.783603424],[13.41178014,57.795426425],[13.414142885,57.796794592],[13.41207714,57.803219126]]},"properties":{"segment_id":"157005","code":1,"text":"Normalt","info":["Torrt"],"road":"Väg 157","updated":"2026-04-30T14:09:06.976Z","lan":14}},{"type":"Feature","geometry":{"type":"LineString","coordinates":[[13.236886097,57.809160455],[13.258820519,57.812598999],[13.275963934,57.818798654],[13.295970323,57.81869171],[13.31740203,57.821232836],[13.338134417,57.818909824],[13.371441881,57.811310292],[13.385256996,57.810651457],[13.403129887,57.812234338],[13.421256173,57.809209153]]},"properties":{"segment_id":"40017","code":1,"text":"Normalt","info":["Torrt"],"road":"Väg 40","updated":"2026-04-30T14:09:07.015Z","lan":14}},{"type":"Feature","geometry":{"type":"LineString","coordinates":[[12.428078935,56.978626312],[12.40942193,56.996997592],[12.388215917,57.025603502],[12.363476759,57.051929867],[12.354768221,57.066314613],[12.348303322,57.08431429],[12.331456962,57.112015011],[12.314513927,57.126320454],[12.274247092,57.176589872],[12.256367484,57.190535102],[12.243293216,57.20781009],[12.235066989,57.221910272],[12.223889565,57.235054989],[12.220502786,57.241954378],[12.216630026,57.258136014],[12.216298534,57.289333269],[12.214652582,57.304296901],[12.206812361,57.327310626]]},"properties":{"segment_id":"6043","code":1,"text":"Normalt","info":["Torrt"],"road":"E 6","updated":"2026-04-30T14:08:36.179Z","lan":13}},{"type":"Feature","geometry":{"type":"LineString","coordinates":[[12.936911032,55.822247816],[12.947808449,55.824793828],[12.95994035,55.831844006],[12.96048213,55.83888105],[12.966738821,55.845994703],[12.975266095,55.860487966],[12.97456623,55.880994253],[12.967053222,55.887997238]]},"properties":{"segment_id":"11090","code":1,"text":"Normalt","info":["Torrt"],"road":"Väg 110","updated":"2026-04-30T18:52:17.848Z","lan":12}},{"type":"Feature","geometry":{"type":"LineString","coordinates":[[13.339245566,57.535097737],[13.355126321,57.537075578],[13.356174192,57.542371984],[13.37413519,57.552505198],[13.398884019,57.552947224],[13.409816591,57.563246455],[13.4142353,57.575044273],[13.413962375,57.582470712],[13.420101699,57.59325668],[13.423752403,57.607874438],[13.446970162,57.629795354],[13.442711195,57.644386868],[13.43016455,57.661786458],[13.429950344,57.664416105],[13.432930754,57.668774348]]},"properties":{"segment_id":"157000","code":1,"text":"Normalt","info":["Torrt"],"road":"Väg 157","updated":"2026-04-30T14:09:06.949Z","lan":14}},{"type":"Feature","geometry":{"type":"LineString","coordinates":[[12.6745413,59.056445071],[12.687061007,59.067899092],[12.699960796,59.074058001],[12.700653738,59.082218734],[12.706950154,59.086992877],[12.72155252,59.090017265],[12.736818652,59.095459226],[12.777268293,59.09932989],[12.816132113,59.112890368],[12.846060722,59.118663906],[12.869228868,59.125685099],[12.910698715,59.135126931],[12.928288219,59.137070713],[12.939471153,59.140347885]]},"properties":{"segment_id":"45020","code":1,"text":"Normalt","info":["Torrt"],"road":"E 45","updated":"2026-04-30T14:21:39.381Z","lan":17}},{"type":"Feature","geometry":{"type":"LineString","coordinates":[[12.941247375,59.141337263],[12.952342461,59.148762125],[12.98610157,59.156620236],[12.999006011,59.16536254],[13.005886073,59.175798775],[13.021314899,59.19285969],[13.027173796,59.202991638],[13.02649042,59.206942721],[13.008524509,59.221283978],[13.002055416,59.230625809],[13.000578272,59.235498805],[13.005585541,59.249418329],[13.002020478,59.253396954],[12.994645422,59.255628042]]},"properties":{"segment_id":"45025","code":1,"text":"Normalt","info":["Torrt"],"road":"E 45","updated":"2026-04-30T14:21:39.390Z","lan":17}},{"type":"Feature","geometry":{"type":"LineString","coordinates":[[12.134260496,59.396469553],[12.137508941,59.395974805],[12.142820938,59.402983143],[12.137092963,59.414053463],[12.136170365,59.419756965],[12.138107785,59.428757982],[12.1465784,59.44314043],[12.14782228,59.448271324],[12.143529794,59.465052077],[12.12843359,59.481703507],[12.136603407,59.496816575],[12.135407223,59.501336969],[12.136895706,59.506086915],[12.139839132,59.508900885],[12.129955735,59.527427778],[12.121328515,59.537535409],[12.119381387,59.549146614],[12.120579023,59.55336018]]},"properties":{"segment_id":"172025","code":1,"text":"Normalt","info":["Torrt"],"road":"Väg 172","updated":"2026-04-30T14:21:39.416Z","lan":17}},{"type":"Feature","geometry":{"type":"LineString","coordinates":[[13.13429467,55.695043709],[13.146674499,55.692346367],[13.1636893,55.682033254],[13.179165414,55.679657563],[13.220451612,55.656636255],[13.22704896,55.65064755],[13.232363087,55.642761731]]},"properties":{"segment_id":"108010","code":1,"text":"Normalt","info":["Torrt"],"road":"Väg 108","updated":"2026-04-30T18:52:18.210Z","lan":12}},{"type":"Feature","geometry":{"type":"LineString","coordinates":[[12.775912197,59.28372189],[12.769959193,59.290986519],[12.774656054,59.298657919],[12.767310647,59.304874528],[12.767086446,59.309901435],[12.763223156,59.316554796],[12.770400412,59.324493449],[12.770986613,59.329498278],[12.777879013,59.33863536],[12.783771957,59.342382969],[12.799522709,59.346297094],[12.804588659,59.350649602],[12.793875525,59.354717852],[12.788466311,59.365927264],[12.788287282,59.373272606],[12.796145309,59.381571477],[12.795775871,59.385634673],[12.788109513,59.391406942],[12.790066418,59.398950158],[12.789072135,59.404476014],[12.759819892,59.42641756],[12.761517019,59.431953472],[12.769964516,59.439706916],[12.769253592,59.446216661],[12.762162935,59.452608259],[12.761912027,59.454535375],[12.772267476,59.460201203]]},"properties":{"segment_id":"175005","code":1,"text":"Normalt","info":["Torrt"],"road":"Väg 175","updated":"2026-04-30T14:21:39.440Z","lan":17}},{"type":"Feature","geometry":{"type":"LineString","coordinates":[[13.094351357,55.685973192],[13.121205781,55.690593164],[13.134308004,55.695097834],[13.138977038,55.70265497],[13.149609833,55.711712894],[13.163443078,55.714427959]]},"properties":{"segment_id":"103000","code":1,"text":"Normalt","info":["Torrt"],"road":"Väg 103","updated":"2026-04-30T18:52:18.329Z","lan":12}},{"type":"Feature","geometry":{"type":"LineString","coordinates":[[13.139396787,57.608895439],[13.118365124,57.614208443],[13.107985162,57.618393083],[13.07565005,57.638066676],[13.058048214,57.651759866],[13.042254912,57.659333118],[13.026765605,57.669829254],[13.00306283,57.672440261],[12.964593669,57.680219068],[12.937755434,57.681419707],[12.920740337,57.689730907],[12.91609489,57.696123713],[12.905353769,57.699055207],[12.879682923,57.701251358],[12.87442479,57.704200127],[12.869661824,57.710706149]]},"properties":{"segment_id":"27030","code":1,"text":"Normalt","info":["Torrt"],"road":"Väg 27","updated":"2026-04-30T14:21:39.549Z","lan":14}},{"type":"Feature","geometry":{"type":"LineString","coordinates":[[12.905970507,57.908495066],[12.89585737,57.913727788],[12.867432343,57.921906133],[12.859079021,57.927488997],[12.846927203,57.941452834],[12.811782066,57.953143919],[12.811107163,57.955621138],[12.813840325,57.961256832],[12.810917388,57.976202435],[12.813217498,57.979809042],[12.813279845,57.98378146],[12.81248783,57.990389738],[12.809142202,57.994474203],[12.817807836,58.010840943],[12.818025125,58.01422299],[12.813828713,58.018903962],[12.804156837,58.023382612],[12.786136032,58.022603127]]},"properties":{"segment_id":"42003","code":1,"text":"Normalt","info":["Torrt"],"road":"Väg 42","updated":"2026-04-30T14:21:39.561Z","lan":14}},{"type":"Feature","geometry":{"type":"LineString","coordinates":[[13.009374454,57.825765584],[13.012967572,57.835138996],[13.011764208,57.846889997],[13.013523701,57.854410721],[13.031748782,57.874676365],[13.030626159,57.879789121],[13.024561985,57.880575383],[13.014055928,57.885748291]]},"properties":{"segment_id":"183000","code":1,"text":"Normalt","info":["Torrt"],"road":"Väg 183","updated":"2026-04-30T14:21:39.539Z","lan":14}},{"type":"Feature","geometry":{"type":"LineString","coordinates":[[14.47799524,59.323946991],[14.457102349,59.322873801],[14.434705699,59.326729967],[14.407297485,59.321363655],[14.394926206,59.321468458],[14.378887359,59.324203893],[14.362714523,59.323631897],[14.319785102,59.312315024],[14.296933861,59.309679189],[14.258933157,59.312513028],[14.201462689,59.310790508],[14.169853936,59.312604639],[14.128785504,59.323544452],[14.114147774,59.324909641]]},"properties":{"segment_id":"18050","code":1,"text":"Normalt","info":["Torrt"],"road":"E 18","updated":"2026-04-30T14:21:54.696Z","lan":17}},{"type":"Feature","geometry":{"type":"LineString","coordinates":[[12.987312572,59.25861394],[12.895781892,59.246538928],[12.878452189,59.248566168],[12.862641263,59.247031751],[12.814406535,59.247685655],[12.802958757,59.250340581],[12.77741671,59.266571149],[12.768282882,59.269657889],[12.740588901,59.270464704],[12.681853361,59.276070761],[12.667058234,59.275267383]]},"properties":{"segment_id":"18067","code":1,"text":"Normalt","info":["Torrt"],"road":"E 18","updated":"2026-04-30T14:21:39.596Z","lan":17}},{"type":"Feature","geometry":{"type":"LineString","coordinates":[[13.430805499,59.378534206],[13.4264028,59.381238568],[13.422288979,59.386425242],[13.416376939,59.401820188],[13.41535873,59.411553011],[13.40975305,59.420628245],[13.407998443,59.429094593],[13.387978203,59.440085149],[13.37861138,59.447513883],[13.372452765,59.455646629],[13.369487004,59.468139206],[13.361543297,59.476554559],[13.353011241,59.482465109],[13.340055547,59.488130407],[13.291067148,59.4968583]]},"properties":{"segment_id":"61000","code":1,"text":"Normalt","info":["Torrt"],"road":"Väg 61","updated":"2026-04-30T14:21:54.824Z","lan":17}},{"type":"Feature","geometry":{"type":"LineString","coordinates":[[13.004354781,55.544742636],[13.008767907,55.547124252],[13.05285586,55.549962941],[13.063970274,55.552197205],[13.108418765,55.577417974],[13.115725897,55.588809605],[13.117336586,55.601236816],[13.111777644,55.623763323],[13.104844701,55.641037758]]},"properties":{"segment_id":"6003","code":1,"text":"Normalt","info":["Torrt"],"road":"E 6","updated":"2026-04-30T18:52:18.338Z","lan":12}},{"type":"Feature","geometry":{"type":"LineString","coordinates":[[12.948918931,55.552095667],[12.957782854,55.548711593],[12.969696441,55.546716629],[13.002458795,55.547120405]]},"properties":{"segment_id":"20505","code":1,"text":"Normalt","info":["Torrt"],"road":"E 20","updated":"2026-04-30T18:52:18.347Z","lan":12}},{"type":"Feature","geometry":{"type":"LineString","coordinates":[[13.5802247,59.398038133],[13.549777775,59.401646216],[13.51991642,59.395715495],[13.503702359,59.397982559],[13.497829396,59.395777475],[13.492283919,59.387405545],[13.487436124,59.384771713],[13.437121704,59.378601049],[13.4153873,59.381518395],[13.390102566,59.380885476],[13.346472354,59.38501933],[13.321322707,59.3848239],[13.287466821,59.392135373],[13.277303724,59.392522547],[13.25773797,59.388759738],[13.223164955,59.385535942],[13.179422363,59.372851645],[13.159023084,59.370580201],[13.145444794,59.367199075]]},"properties":{"segment_id":"18060","code":1,"text":"Normalt","info":["Torrt"],"road":"E 18","updated":"2026-04-30T14:21:54.745Z","lan":17}},{"type":"Feature","geometry":{"type":"LineString","coordinates":[[13.111160203,55.644190827],[13.075225027,55.626466483],[13.05906766,55.621385629]]},"properties":{"segment_id":"221000","code":1,"text":"Normalt","info":["Torrt"],"road":"E 22","updated":"2026-04-30T18:52:18.358Z","lan":12}},{"type":"Feature","geometry":{"type":"LineString","coordinates":[[17.899339015,59.613068803],[17.90128303,59.624706791],[17.899178159,59.633208649],[17.886802941,59.657068391],[17.870878671,59.6755773],[17.869230803,59.689127144],[17.867303573,59.69360798],[17.851967613,59.707024656],[17.845831308,59.71810174],[17.821558597,59.737826738]]},"properties":{"segment_id":"4093","code":1,"text":"Normalt","info":["Torrt"],"road":"E 4","updated":"2026-05-26T10:36:48.530Z","lan":1}},{"type":"Feature","geometry":{"type":"LineString","coordinates":[[13.534296061,59.397952521],[13.531683286,59.405422709],[13.5333335,59.421446275],[13.542167222,59.436930433],[13.545466324,59.446334847],[13.558320483,59.455530588],[13.56662949,59.465124293],[13.58714544,59.477984422],[13.592892204,59.490916592],[13.60864477,59.49564765],[13.613415549,59.498617228],[13.620085673,59.539022302],[13.634666433,59.545381197],[13.649783102,59.546885182],[13.664158419,59.555528775],[13.667689553,59.561097087],[13.666153809,59.567709462],[13.66770261,59.578233036],[13.669884056,59.580383711],[13.682902385,59.584817168],[13.689340139,59.590494852],[13.702553437,59.594631886],[13.717286688,59.598019075],[13.731536174,59.59739443]]},"properties":{"segment_id":"63000","code":1,"text":"Normalt","info":["Torrt"],"road":"Väg 63","updated":"2026-04-30T14:21:54.890Z","lan":17}},{"type":"Feature","geometry":{"type":"LineString","coordinates":[[13.534351973,59.397881297],[13.535085282,59.395581283],[13.532308569,59.390152192],[13.532892212,59.382757979],[13.524319926,59.381924815],[13.522942713,59.374328798],[13.501527444,59.362668924],[13.489016647,59.357952917],[13.490640969,59.353858134],[13.50061167,59.347533337],[13.502594464,59.343640132],[13.501191781,59.341154061],[13.479533191,59.331634136],[13.474560331,59.32492956]]},"properties":{"segment_id":"236000","code":1,"text":"Normalt","info":["Torrt"],"road":"Väg 236","updated":"2026-04-30T14:21:54.913Z","lan":17}},{"type":"Feature","geometry":{"type":"LineString","coordinates":[[18.05592557,59.475992873],[18.089818293,59.481584706],[18.111057645,59.488745939]]},"properties":{"segment_id":"265005","code":1,"text":"Normalt","info":["Torrt"],"road":"Väg 265","updated":"2026-05-26T10:36:48.541Z","lan":1}},{"type":"Feature","geometry":{"type":"LineString","coordinates":[[11.917005176,58.218123993],[11.916764284,58.226395694],[11.911596542,58.235473997],[11.909377706,58.243149585],[11.894679833,58.266394327],[11.874961748,58.287312948],[11.862372953,58.296881861],[11.859781103,58.303010702],[11.858878051,58.313575986],[11.856582339,58.317887558],[11.832199335,58.332483931],[11.825399119,58.340089696],[11.819759404,58.350914664]]},"properties":{"segment_id":"6060","code":1,"text":"Normalt","info":["Torrt"],"road":"E 6","updated":"2026-04-30T14:32:23.147Z","lan":14}},{"type":"Feature","geometry":{"type":"LineString","coordinates":[[11.819660391,58.351064994],[11.811544894,58.358772212],[11.778904117,58.376721231],[11.763619754,58.38890973],[11.740583531,58.403712664],[11.728160813,58.418567653],[11.701108257,58.442393299],[11.694698267,58.444753746],[11.67404933,58.447922467],[11.665704558,58.45529168],[11.656801746,58.460192026]]},"properties":{"segment_id":"6065","code":1,"text":"Normalt","info":["Torrt"],"road":"E 6","updated":"2026-04-30T14:32:23.159Z","lan":14}},{"type":"Feature","geometry":{"type":"LineString","coordinates":[[12.019429871,58.417580488],[12.017439535,58.438069334],[12.027322479,58.451743427],[12.026919393,58.457126208],[12.020629013,58.467629608],[12.009654129,58.476882222],[12.004902562,58.492183904],[11.996104286,58.500335983],[11.994661797,58.506161686],[11.98871846,58.510192253],[11.978290008,58.523616259],[11.978991245,58.528045385],[11.987224389,58.539823138],[11.996632093,58.561639152],[12.003248531,58.566727536],[12.004704154,58.570023726]]},"properties":{"segment_id":"172003","code":1,"text":"Normalt","info":["Torrt"],"road":"Väg 172","updated":"2026-04-30T14:32:23.234Z","lan":14}},{"type":"Feature","geometry":{"type":"LineString","coordinates":[[11.963535981,58.355163485],[11.967686605,58.359198337],[11.966730293,58.362968268],[11.968110947,58.367207003],[11.976077881,58.373641615],[11.99022938,58.379214723],[11.99514551,58.384174281],[11.994493934,58.387807736],[11.996490405,58.391898779],[11.992816122,58.396252131],[11.993149293,58.398569635],[12.019165742,58.416855384]]},"properties":{"segment_id":"172000","code":1,"text":"Normalt","info":["Torrt"],"road":"Väg 172","updated":"2026-04-30T14:32:23.212Z","lan":14}},{"type":"Feature","geometry":{"type":"LineString","coordinates":[[17.752480092,59.660721231],[17.764828535,59.654773981],[17.774871866,59.653205046],[17.789023155,59.6483134],[17.795037998,59.64401624],[17.806105256,59.64031152],[17.807981359,59.638977489],[17.810689282,59.63019495]]},"properties":{"segment_id":"255005","code":1,"text":"Normalt","info":["Torrt"],"road":"Väg 255","updated":"2026-05-26T10:36:48.550Z","lan":1}},{"type":"Feature","geometry":{"type":"LineString","coordinates":[[11.980951273,58.130597203],[11.975612834,58.137849267],[11.978293042,58.150333415],[11.971404341,58.155778064],[11.971050623,58.160137536],[11.963840494,58.171110426],[11.960127744,58.181123829],[11.948484725,58.18753244]]},"properties":{"segment_id":"650010","code":1,"text":"Normalt","info":["Torrt"],"road":"Väg 650","updated":"2026-04-30T14:32:23.266Z","lan":14}},{"type":"Feature","geometry":{"type":"LineString","coordinates":[[16.557697833,57.76375091],[16.557772286,57.76743336],[16.555634583,57.770109845],[16.534936842,57.780388107],[16.509163063,57.80273461],[16.477240766,57.817969427],[16.444913432,57.829220894],[16.435710133,57.84763377],[16.43009314,57.85299745],[16.428828021,57.858069394],[16.425886874,57.861686871],[16.388036836,57.885058956],[16.386645847,57.894928894],[16.383080258,57.90136391],[16.385810666,57.908296233]]},"properties":{"segment_id":"22055","code":1,"text":"Normalt","info":["Torrt"],"road":"E 22","updated":"2026-04-30T14:35:33.902Z","lan":8}},{"type":"Feature","geometry":{"type":"LineString","coordinates":[[13.396400121,56.135844247],[13.434683828,56.137054135],[13.456443603,56.141425525],[13.500887489,56.13755171],[13.530096256,56.142620251],[13.54732706,56.153903556],[13.577635313,56.162828535],[13.586995652,56.163591862],[13.608848578,56.161808992],[13.697539493,56.178104841],[13.718532718,56.177066258],[13.754995983,56.180790437]]},"properties":{"segment_id":"21010","code":1,"text":"Normalt","info":["Torrt"],"road":"Väg 21","updated":"2026-04-30T14:36:30.022Z","lan":12}},{"type":"Feature","geometry":{"type":"LineString","coordinates":[[14.499989018,56.062622079],[14.533296619,56.070686223],[14.540968361,56.069888372],[14.551369428,56.065029811],[14.557177946,56.064116349],[14.572880778,56.065977655],[14.616106941,56.065490704],[14.627877522,56.06739561],[14.635524507,56.070644008],[14.643174608,56.077171425],[14.644877344,56.091174787],[14.658772952,56.108276212],[14.660286336,56.135432526],[14.66656281,56.157597124],[14.673664919,56.166834444],[14.683104886,56.172294775],[14.695002231,56.174930271],[14.721605561,56.175639935],[14.738626969,56.17857017],[14.758087213,56.178349218],[14.794461957,56.18996037],[14.816598236,56.187227897],[14.837336584,56.186681895],[14.846707985,56.188086492]]},"properties":{"segment_id":"22025","code":1,"text":"Normalt","info":["Torrt"],"road":"E 22","updated":"2026-04-30T14:35:49.076Z","lan":10}},{"type":"Feature","geometry":{"type":"LineString","coordinates":[[13.379334662,57.111495562],[13.383197313,57.116837476],[13.379428003,57.122215627],[13.379637586,57.131409765],[13.384344866,57.141686167],[13.409650452,57.159341041],[13.417719324,57.168634365],[13.423122466,57.177687018],[13.433558106,57.185185079],[13.437019644,57.189415052],[13.4460721,57.210677101],[13.439218535,57.228686985],[13.440630024,57.2337089],[13.456828022,57.244151251],[13.470992363,57.25028112],[13.479969828,57.260901825],[13.507059336,57.278988638],[13.520048533,57.300875284],[13.541584844,57.321197703]]},"properties":{"segment_id":"26005","code":1,"text":"Normalt","info":["Torrt"],"road":"Väg 26","updated":"2026-04-30T14:35:49.218Z","lan":6}},{"type":"Feature","geometry":{"type":"LineString","coordinates":[[13.541426321,57.321007196],[13.546009542,57.327322259],[13.550135738,57.339795036],[13.558601574,57.354841958],[13.576363548,57.372626038],[13.579038693,57.379996269],[13.587646593,57.388430335],[13.597617893,57.403095919],[13.602183708,57.418248802],[13.610549351,57.425537507]]},"properties":{"segment_id":"26010","code":1,"text":"Normalt","info":["Torrt"],"road":"Väg 26","updated":"2026-04-30T14:35:49.239Z","lan":6}},{"type":"Feature","geometry":{"type":"LineString","coordinates":[[13.545426666,57.323578084],[13.513317119,57.336885773],[13.501340833,57.340085856],[13.492726586,57.345130967],[13.488796797,57.350177932],[13.484162804,57.366231028],[13.475010154,57.376829753],[13.472203772,57.383120663]]},"properties":{"segment_id":"27020","code":1,"text":"Normalt","info":["Torrt"],"road":"Väg 27","updated":"2026-04-30T14:35:49.283Z","lan":6}},{"type":"Feature","geometry":{"type":"LineString","coordinates":[[14.738434879,56.005279055],[14.735481383,56.00569505],[14.717942427,56.016042813],[14.716109659,56.020980336],[14.719020237,56.024455191],[14.69239184,56.029899448],[14.682863404,56.033433364],[14.668296397,56.044141057],[14.638338582,56.05488375],[14.62276319,56.064783446]]},"properties":{"segment_id":"123000","code":1,"text":"Normalt","info":["Torrt"],"road":"Väg 123","updated":"2026-04-30T14:35:49.174Z","lan":10}},{"type":"Feature","geometry":{"type":"LineString","coordinates":[[14.054167207,57.042991218],[14.06450143,57.061988922],[14.062616649,57.077885284],[14.065866026,57.09496988],[14.060235418,57.113335671],[14.05955626,57.121892155],[14.06305777,57.138241916],[14.070857843,57.152054074],[14.071781945,57.164656123]]},"properties":{"segment_id":"4025","code":1,"text":"Normalt","info":["Torrt"],"road":"E 4","updated":"2026-04-30T14:35:49.196Z","lan":6}},{"type":"Feature","geometry":{"type":"LineString","coordinates":[[14.072069287,57.165727313],[14.081190695,57.184651232],[14.082002118,57.203298313],[14.084203957,57.213313205],[14.077276064,57.234158463],[14.083135806,57.257046683],[14.082932285,57.280582173],[14.099981148,57.322155304],[14.105956689,57.355086342],[14.099989346,57.385659309],[14.10142847,57.417264107],[14.101544107,57.415261644]]},"properties":{"segment_id":"4030","code":1,"text":"Normalt","info":["Torrt"],"road":"E 4","updated":"2026-04-30T14:35:49.207Z","lan":6}},{"type":"Feature","geometry":{"type":"LineString","coordinates":[[14.068768633,57.166125101],[14.058160058,57.16842663],[14.033964469,57.167856425],[14.008877528,57.174048297],[13.987161478,57.18309233],[13.95848975,57.184897057],[13.928645235,57.179102856],[13.866755187,57.162522985],[13.853720822,57.162144065],[13.826849085,57.167447855],[13.793613974,57.165776181],[13.763943453,57.169359598]]},"properties":{"segment_id":"27010","code":1,"text":"Normalt","info":["Torrt"],"road":"Väg 27","updated":"2026-04-30T14:35:49.262Z","lan":6}},{"type":"Feature","geometry":{"type":"LineString","coordinates":[[14.062236688,57.168744635],[14.057639798,57.184323934],[14.046685333,57.186334436],[14.042335242,57.189481571],[14.037965667,57.190166863],[14.037594029,57.19364072],[14.035165688,57.196649601],[14.037083614,57.206258938],[14.02805334,57.207833394],[14.015507238,57.217689641],[14.00726162,57.226904929],[14.005295322,57.236573819],[14.00334602,57.239433158],[13.990691337,57.247165942],[13.983462139,57.256926866],[13.971710167,57.266407901],[13.968701548,57.279724045],[13.966486244,57.283011853],[13.959906558,57.286326482],[13.935511712,57.292321092],[13.919426328,57.31236133],[13.910014074,57.316250927]]},"properties":{"segment_id":"151000","code":1,"text":"Normalt","info":["Torrt"],"road":"Väg 151","updated":"2026-04-30T14:35:49.304Z","lan":6}},{"type":"Feature","geometry":{"type":"LineString","coordinates":[[13.909774767,57.31648243],[13.910152764,57.319980367],[13.907379424,57.326703072],[13.909536002,57.338562281],[13.923305117,57.343801523],[13.932809621,57.352964931],[13.940981859,57.354291657],[13.954888719,57.36031011],[13.960195341,57.364881779],[13.964102993,57.371939144],[13.972071672,57.375382266],[13.975271786,57.381687845],[14.005160268,57.386652819],[14.014695925,57.389620461],[14.025037978,57.395486294],[14.061064716,57.403845061],[14.068445555,57.410089415],[14.076005815,57.413936074],[14.098788345,57.416975753]]},"properties":{"segment_id":"152005","code":1,"text":"Normalt","info":["Torrt"],"road":"Väg 152","updated":"2026-04-30T14:35:49.344Z","lan":6}},{"type":"Feature","geometry":{"type":"LineString","coordinates":[[14.660320308,56.408555686],[14.644390328,56.405087984],[14.624375187,56.39719457],[14.618900134,56.392254394],[14.59226473,56.376051554],[14.588219336,56.368311526],[14.581707858,56.361263847],[14.575345174,56.346866982],[14.575974878,56.335315019],[14.57852129,56.325871954],[14.577692558,56.323308532],[14.568768687,56.317428838],[14.561084802,56.305146874],[14.548806536,56.295156794],[14.538811026,56.290636649],[14.535116062,56.283596848],[14.520298963,56.281428943]]},"properties":{"segment_id":"116005","code":1,"text":"Normalt","info":["Torrt"],"road":"Väg 116","updated":"2026-04-30T14:35:49.386Z","lan":10}},{"type":"Feature","geometry":{"type":"LineString","coordinates":[[14.846305504,56.188005131],[14.888199314,56.192856901],[14.909596266,56.187187097],[14.948599682,56.189761106],[14.960601793,56.191751123],[14.979982508,56.199761109],[14.996292694,56.203527241],[15.028160124,56.204503418],[15.048813691,56.208405311],[15.074024946,56.207557222],[15.133410535,56.220894543],[15.193704924,56.217526456],[15.2385406,56.229388727],[15.261172126,56.229630537]]},"properties":{"segment_id":"22027","code":1,"text":"Normalt","info":["Torrt"],"road":"E 22","updated":"2026-04-30T14:35:49.398Z","lan":10}},{"type":"Feature","geometry":{"type":"LineString","coordinates":[[14.180676969,57.621335046],[14.170368464,57.606436882],[14.154187742,57.589037285],[14.15043077,57.581574104],[14.148391772,57.570062034],[14.145723581,57.564061277],[14.129361217,57.545740753],[14.110164688,57.512126607],[14.098213271,57.465418687],[14.098769763,57.448902381],[14.104249643,57.428549302],[14.10142847,57.417264107]]},"properties":{"segment_id":"4035","code":1,"text":"Normalt","info":["Torrt"],"road":"E 4","updated":"2026-04-30T14:36:09.507Z","lan":6}},{"type":"Feature","geometry":{"type":"LineString","coordinates":[[14.164323526,57.758891048],[14.159350783,57.757367011],[14.157350543,57.754497189],[14.159140367,57.744717796],[14.157821165,57.729923269],[14.161213996,57.719004658],[14.157513117,57.707050827],[14.156982363,57.698836928],[14.16086523,57.687643076],[14.175237164,57.66928664],[14.188401562,57.648073241],[14.187808288,57.634127892],[14.180693507,57.621344137]]},"properties":{"segment_id":"4037","code":1,"text":"Normalt","info":["Torrt"],"road":"E 4","updated":"2026-04-30T14:36:09.519Z","lan":6}},{"type":"Feature","geometry":{"type":"LineString","coordinates":[[14.164323526,57.758891048],[14.186073819,57.760972892],[14.189244329,57.763490428],[14.189517235,57.768567441],[14.192257795,57.771558232],[14.19837984,57.773717028],[14.206762272,57.774039244],[14.226192857,57.779773551],[14.237730623,57.78684098],[14.256622683,57.787429238],[14.261655778,57.788868928],[14.271735772,57.80197903],[14.271784331,57.816270689]]},"properties":{"segment_id":"4040","code":1,"text":"Normalt","info":["Torrt"],"road":"E 4","updated":"2026-04-30T14:36:09.530Z","lan":6}},{"type":"Feature","geometry":{"type":"LineString","coordinates":[[13.739410707,57.596575999],[13.769568655,57.618155133],[13.777529121,57.628877765],[13.798155845,57.639675941],[13.812756537,57.652192956],[13.835601333,57.663553631],[13.847731962,57.68116416],[13.848098337,57.687060529],[13.845672134,57.699534157],[13.85854127,57.720878227],[13.873728427,57.731362842],[13.887323043,57.743664157],[13.890145212,57.74860269],[13.896401181,57.754478403]]},"properties":{"segment_id":"26020","code":1,"text":"Normalt","info":["Torrt"],"road":"Väg 26","updated":"2026-04-30T14:36:09.552Z","lan":6}},{"type":"Feature","geometry":{"type":"LineString","coordinates":[[14.271375651,57.798976755],[14.279301142,57.796381145],[14.286505178,57.788517151],[14.290849029,57.78657432],[14.299084505,57.784257678],[14.306328918,57.784459209],[14.322647087,57.778789571],[14.36624256,57.777164592],[14.401857577,57.76884011],[14.412088889,57.770244349],[14.416958051,57.773743098]]},"properties":{"segment_id":"132000","code":1,"text":"Normalt","info":["Torrt"],"road":"Väg 132","updated":"2026-04-30T14:36:09.702Z","lan":6}},{"type":"Feature","geometry":{"type":"LineString","coordinates":[[13.829322762,57.763686071],[13.834649353,57.774182608],[13.833920156,57.78011378],[13.83631245,57.789909442],[13.849601208,57.803119131],[13.852703073,57.814600691],[13.850320124,57.827065611],[13.850934322,57.833691704],[13.854072097,57.840421449],[13.854384941,57.849137836],[13.858235794,57.856826086],[13.85647701,57.868712763],[13.840696855,57.89810581],[13.844933601,57.901198627],[13.86012184,57.903779198]]},"properties":{"segment_id":"185000","code":1,"text":"Normalt","info":["Torrt"],"road":"Väg 185","updated":"2026-04-30T14:36:09.737Z","lan":6}},{"type":"Feature","geometry":{"type":"LineString","coordinates":[[14.104814489,57.760910023],[14.110844198,57.752858909],[14.122886682,57.749610199],[14.131345509,57.75139318],[14.139539947,57.758680278],[14.156772957,57.758373925]]},"properties":{"segment_id":"40030","code":1,"text":"Normalt","info":["Torrt"],"road":"Väg 40","updated":"2026-04-30T14:36:09.758Z","lan":6}},{"type":"Feature","geometry":{"type":"LineString","coordinates":[[14.145939655,55.805754932],[14.179899159,55.812958868],[14.189168659,55.816884109],[14.196038452,55.826588649],[14.197488693,55.840660447],[14.202695411,55.847640082],[14.206976987,55.859348869],[14.225035414,55.881568078],[14.259108347,55.900467431],[14.266958985,55.911602339],[14.287974301,55.922400183],[14.289989452,55.929465282]]},"properties":{"segment_id":"118000","code":1,"text":"Normalt","info":["Torrt"],"road":"Väg 118","updated":"2026-04-30T14:36:30.067Z","lan":12}},{"type":"Feature","geometry":{"type":"LineString","coordinates":[[14.930553642,56.740838256],[14.926557984,56.744294754],[14.924599097,56.750932655],[14.918811979,56.757756746],[14.909081359,56.777721085],[14.89991565,56.784559732],[14.890004962,56.804288781],[14.881232819,56.813003985],[14.88083856,56.818528624],[14.878085179,56.823952153],[14.865090474,56.833632249],[14.858392275,56.845420472],[14.858521031,56.854745716],[14.853664593,56.859645224],[14.841368547,56.866493762],[14.834081763,56.878495487]]},"properties":{"segment_id":"27007","code":1,"text":"Normalt","info":["Torrt"],"road":"Väg 27","updated":"2026-04-30T14:36:09.794Z","lan":7}},{"type":"Feature","geometry":{"type":"LineString","coordinates":[[14.100264741,57.76409367],[14.104287964,57.768604616],[14.104962562,57.773954179],[14.096683806,57.805200635],[14.103645361,57.821005853],[14.101552038,57.828006598],[14.098214439,57.8288273]]},"properties":{"segment_id":"26025","code":1,"text":"Normalt","info":["Torrt"],"road":"Väg 26","updated":"2026-04-30T14:36:09.804Z","lan":6}},{"type":"Feature","geometry":{"type":"LineString","coordinates":[[16.36097061,58.462334652],[16.383781903,58.458740071],[16.396620032,58.450103355],[16.410458625,58.44650255],[16.420019743,58.441833824],[16.423032469,58.438378019],[16.431762126,58.433573889],[16.460818725,58.423841113],[16.472082483,58.413094571],[16.485797026,58.405848832],[16.490811177,58.400571551],[16.50909946,58.392461469],[16.535066225,58.376639351]]},"properties":{"segment_id":"21092","code":1,"text":"Normalt","info":["Torrt"],"road":"Väg 210","updated":"2026-04-30T14:36:29.957Z","lan":5}},{"type":"Feature","geometry":{"type":"LineString","coordinates":[[15.840249006,57.6662114],[15.837722839,57.6715191],[15.819653789,57.691013551],[15.801994961,57.704124867],[15.79459504,57.714861103],[15.780749695,57.728232797],[15.775554381,57.735765345],[15.772914431,57.7576635],[15.767521306,57.769616373],[15.765309635,57.782681637],[15.754190122,57.80105499],[15.755086622,57.822221785],[15.74909588,57.829650009],[15.745933622,57.839594434],[15.748331183,57.855308858],[15.739387358,57.8686465]]},"properties":{"segment_id":"23020","code":1,"text":"Normalt","info":["Torrt"],"road":"Väg 23","updated":"2026-04-30T14:37:00.516Z","lan":8}},{"type":"Feature","geometry":{"type":"LineString","coordinates":[[16.565522662,58.580999833],[16.559309104,58.582063469],[16.546513868,58.580161017],[16.532424637,58.580886703],[16.52111069,58.576610603],[16.50827041,58.574363564],[16.495736695,58.576845535],[16.467297914,58.574945679],[16.453984382,58.575698822],[16.425867446,58.570211137],[16.385298307,58.580463687],[16.374116224,58.578643517],[16.354862322,58.578856901],[16.326590172,58.581181817],[16.314803676,58.580593319],[16.293706169,58.583546988],[16.265646125,58.580520868],[16.234894453,58.58100861],[16.218605351,58.582942535],[16.215818507,58.581441958]]},"properties":{"segment_id":"209000","code":1,"text":"Normalt","info":["Torrt"],"road":"Väg 209","updated":"2026-04-30T14:36:29.985Z","lan":5}},{"type":"Feature","geometry":{"type":"LineString","coordinates":[[17.668995574,59.887658752],[17.635038017,59.880328675],[17.624338202,59.880407583],[17.611458485,59.877761777],[17.602869749,59.873745267],[17.596490308,59.868247228],[17.59169993,59.853760568],[17.551307506,59.845179537]]},"properties":{"segment_id":"55027","code":1,"text":"Normalt","info":["Torrt"],"road":"Väg 55","updated":"2026-05-26T10:36:48.560Z","lan":3}},{"type":"Feature","geometry":{"type":"LineString","coordinates":[[14.062701173,55.9511642],[14.075129193,55.933664559],[14.073010451,55.907087503],[14.070798198,55.89992734],[14.072788338,55.897624074],[14.083476608,55.893328138],[14.087255377,55.886985467],[14.086813365,55.879254626],[14.08917601,55.873925729],[14.089124741,55.867240097],[14.096267775,55.845215207],[14.090447674,55.841398376],[14.089311016,55.831272179],[14.09563289,55.827158476]]},"properties":{"segment_id":"19010","code":1,"text":"Normalt","info":["Torrt"],"road":"Väg 19","updated":"2026-04-30T14:36:30.011Z","lan":12}},{"type":"Feature","geometry":{"type":"LineString","coordinates":[[13.916159646,55.952577292],[13.889032715,55.946315339],[13.872703207,55.945088749],[13.861920349,55.942581464],[13.852959171,55.939155686],[13.843678625,55.930918888],[13.834433111,55.926976878],[13.803708236,55.925783754],[13.792034591,55.923414398],[13.769994004,55.912916488],[13.753407477,55.909775399],[13.728380648,55.901153651],[13.723904951,55.897171518],[13.70970915,55.875789766],[13.69427718,55.866479293],[13.680783081,55.863846266],[13.657019183,55.865772856],[13.640355806,55.859254711]]},"properties":{"segment_id":"22010","code":1,"text":"Normalt","info":["Torrt"],"road":"E 22","updated":"2026-04-30T14:36:30.044Z","lan":12}},{"type":"Feature","geometry":{"type":"LineString","coordinates":[[13.31749701,56.718891339],[13.360157062,56.724680534],[13.381556865,56.725301731],[13.400251442,56.728445354],[13.412633659,56.733662373],[13.449919155,56.739289138],[13.470502784,56.740109465],[13.508050091,56.751463397],[13.556586282,56.753292649],[13.575038231,56.755805043],[13.60431183,56.751958168],[13.622488541,56.755799188],[13.650252827,56.758780302],[13.68699511,56.755407972],[13.756588499,56.756929984],[13.790755178,56.763609146],[13.804390317,56.770568913],[13.828142699,56.785978247],[13.861487407,56.799449296],[13.902000552,56.812264781]]},"properties":{"segment_id":"25005","code":1,"text":"Normalt","info":["Torrt"],"road":"Väg 25","updated":"2026-04-30T14:36:45.177Z","lan":7}},{"type":"Feature","geometry":{"type":"LineString","coordinates":[[13.600845795,56.447440459],[13.620911329,56.45514081],[13.632095728,56.46676571],[13.644501819,56.476192517],[13.652071819,56.49302335],[13.652525998,56.50403513],[13.656419713,56.510169251],[13.679202621,56.522318855],[13.713271153,56.5502155],[13.721194069,56.561771118],[13.721800318,56.5674379],[13.719992101,56.576161693],[13.721374017,56.581036783],[13.748277931,56.608858243],[13.758963583,56.614886326],[13.781250256,56.621108491],[13.798552781,56.638213102],[13.802895856,56.644202873],[13.806489598,56.654336258],[13.832817049,56.681782561],[13.834807861,56.69871934],[13.839336059,56.708123612],[13.841242064,56.719983096],[13.848576689,56.729143499],[13.855597211,56.742837767],[13.874709987,56.754889308],[13.879266814,56.759494485],[13.884724867,56.786155496],[13.900105296,56.806507044],[13.902734064,56.812388029]]},"properties":{"segment_id":"4015","code":1,"text":"Normalt","info":["Torrt"],"road":"E 4","updated":"2026-04-30T14:36:45.190Z","lan":7}},{"type":"Feature","geometry":{"type":"LineString","coordinates":[[13.902733801,56.812397012],[13.905608984,56.827273479],[13.909663919,56.833786703],[13.916454177,56.839290348],[13.936071113,56.849844936],[13.950602926,56.864917771],[13.953469915,56.872093312],[13.955577527,56.888884568],[13.969723971,56.906853656],[13.975137346,56.922647448],[13.981355809,56.929571158],[13.996596899,56.940861681],[14.003807052,56.958941449],[14.01775121,56.971467707],[14.019387183,56.98495662],[14.025128631,56.993203899],[14.036276148,57.004493286],[14.041227834,57.019372848],[14.052604422,57.038990543]]},"properties":{"segment_id":"4020","code":1,"text":"Normalt","info":["Torrt"],"road":"E 4","updated":"2026-04-30T14:36:45.205Z","lan":7}},{"type":"Feature","geometry":{"type":"LineString","coordinates":[[13.948481096,56.85577188],[13.983732466,56.84937042],[14.005390987,56.851880702],[14.052797965,56.851791065],[14.08223018,56.85517325],[14.108902739,56.856201926],[14.122613021,56.858976259],[14.149722857,56.86980989],[14.179213724,56.875289752],[14.201178161,56.881676012],[14.239564907,56.887961745],[14.273773525,56.888578496],[14.31953522,56.895672811],[14.34343266,56.901532352],[14.369539453,56.904379887],[14.383790804,56.904441973],[14.406394181,56.901757392],[14.438999452,56.905178092],[14.45583885,56.904569767],[14.472605079,56.907947663],[14.486412419,56.914141064],[14.508286531,56.915585559],[14.539384057,56.921776999],[14.558184693,56.922500658]]},"properties":{"segment_id":"25010","code":1,"text":"Normalt","info":["Torrt"],"road":"Väg 25","updated":"2026-04-30T14:36:45.228Z","lan":7}},{"type":"Feature","geometry":{"type":"LineString","coordinates":[[13.632986952,56.469066767],[13.606130763,56.475902472],[13.596682112,56.475885894],[13.58016081,56.47178945],[13.568804496,56.470724583],[13.528440253,56.473424559],[13.510060532,56.476368224],[13.493817513,56.476127316],[13.489037589,56.477515899],[13.469139152,56.491028934],[13.453908051,56.494110966]]},"properties":{"segment_id":"117003","code":1,"text":"Normalt","info":["Torrt"],"road":"Väg 15","updated":"2026-04-30T14:36:45.254Z","lan":7}},{"type":"Feature","geometry":{"type":"LineString","coordinates":[[18.043037314,59.751750136],[18.034657369,59.753597448],[18.011126334,59.751353528],[17.989222015,59.753525288],[17.969786796,59.751845639],[17.955631622,59.748436005],[17.942810872,59.748220761],[17.862614878,59.753578477],[17.846870734,59.751036487],[17.817385164,59.740683727]]},"properties":{"segment_id":"7705","code":1,"text":"Normalt","info":["Torrt"],"road":"Väg 77","updated":"2026-05-26T10:36:48.571Z","lan":3}},{"type":"Feature","geometry":{"type":"LineString","coordinates":[[16.02049011,57.172591165],[16.020458795,57.182258009],[16.01387328,57.189462475],[16.015328366,57.207517105],[16.020298651,57.219056901],[16.03201056,57.229876497],[16.030821759,57.240702693],[16.032224093,57.244042116],[16.031912285,57.2512676],[16.034635155,57.258531016],[16.024914891,57.260712844],[16.010793133,57.25841059],[15.994153398,57.260411912],[15.96603985,57.271312674],[15.947979388,57.280299008],[15.914510493,57.301873831],[15.897474669,57.318607034],[15.886296894,57.326762415],[15.877518058,57.330534111],[15.858832108,57.33338501],[15.848860772,57.33822286],[15.845033571,57.343018804],[15.84060305,57.3556342],[15.825327855,57.363020777],[15.813674656,57.376562646],[15.807849635,57.388467102]]},"properties":{"segment_id":"34005","code":1,"text":"Normalt","info":["Torrt"],"road":"Väg 34","updated":"2026-04-30T14:37:00.355Z","lan":8}},{"type":"Feature","geometry":{"type":"LineString","coordinates":[[15.807769431,57.388602366],[15.806974162,57.405406216],[15.809630425,57.408874686],[15.822965391,57.417879373],[15.827650369,57.429976106],[15.834777668,57.437250463],[15.835051405,57.451460151],[15.840525233,57.467782247],[15.838712139,57.474513763],[15.822134444,57.493694201],[15.820785106,57.497502865],[15.822862741,57.501594637],[15.836454592,57.510713016],[15.84235842,57.51701586],[15.846174071,57.541208886],[15.845199215,57.552498209],[15.846696234,57.565163336],[15.844242339,57.580477943],[15.848139292,57.592713725],[15.843708867,57.608005564],[15.84442581,57.617271257],[15.840402055,57.624259899],[15.836405666,57.640518656],[15.84114346,57.656333193],[15.840294509,57.66600449]]},"properties":{"segment_id":"23017","code":1,"text":"Normalt","info":["Torrt"],"road":"Väg 23","updated":"2026-04-30T14:37:00.589Z","lan":8}},{"type":"Feature","geometry":{"type":"LineString","coordinates":[[15.756466784,57.388723297],[15.751386461,57.39003831],[15.739858669,57.396709228],[15.718774691,57.400020332],[15.694388866,57.408457565],[15.665523608,57.415620194],[15.649287865,57.417276943],[15.634883431,57.421895794],[15.630837143,57.420918987],[15.622711729,57.415030547],[15.608446718,57.410132574],[15.592851905,57.410251829],[15.552056599,57.40599953],[15.529544715,57.406464462]]},"properties":{"segment_id":"47000","code":1,"text":"Normalt","info":["Torrt"],"road":"Väg 47","updated":"2026-04-30T14:37:00.600Z","lan":8}},{"type":"Feature","geometry":{"type":"LineString","coordinates":[[16.439019096,56.515309206],[16.440811009,56.527409598],[16.446105469,56.537501467],[16.442974402,56.54496868],[16.443615829,56.552418998],[16.460327629,56.576591828],[16.465764862,56.590895266],[16.472521301,56.602568152],[16.484376247,56.613667796],[16.506480984,56.62369922],[16.515957441,56.632803016],[16.518977242,56.665751027],[16.51529089,56.670665928],[16.515838232,56.67251022]]},"properties":{"segment_id":"136003","code":1,"text":"Normalt","info":["Torrt"],"road":"Väg 136","updated":"2026-04-30T14:37:16.052Z","lan":8}},{"type":"Feature","geometry":{"type":"LineString","coordinates":[[12.053123881,57.548409021],[12.053098693,57.562788808],[12.061822088,57.579466621],[12.063815482,57.588986],[12.056631792,57.600215126],[12.048243551,57.606832023],[12.043254493,57.615271627],[12.037002644,57.62170415],[12.033885808,57.633629622],[12.02375415,57.645219261],[12.019762004,57.652405263]]},"properties":{"segment_id":"6050","code":1,"text":"Normalt","info":["Torrt"],"road":"E 6","updated":"2026-04-30T15:15:21.760Z","lan":14}},{"type":"Feature","geometry":{"type":"LineString","coordinates":[[15.573442526,57.616616899],[15.585715582,57.617836195],[15.598023408,57.623159278],[15.616960646,57.627182423],[15.620742928,57.633936949],[15.624030484,57.63520531],[15.643664702,57.633606775],[15.666184995,57.639724234],[15.688391266,57.641240197],[15.707309176,57.633787835],[15.743744214,57.633390166],[15.755904635,57.635887176],[15.770813364,57.642318784],[15.804228032,57.648901832],[15.838189954,57.651070816]]},"properties":{"segment_id":"40045","code":1,"text":"Normalt","info":["Torrt"],"road":"Väg 40","updated":"2026-04-30T14:37:00.624Z","lan":8}},{"type":"Feature","geometry":{"type":"LineString","coordinates":[[11.996602115,57.711877578],[11.9943797,57.715186228],[12.00596649,57.722318576],[12.013136596,57.723979978],[12.025869501,57.724189993],[12.070717533,57.733172001],[12.157628916,57.743960961]]},"properties":{"segment_id":"20000","code":1,"text":"Normalt","info":["Torrt"],"road":"E 20","updated":"2026-04-30T15:15:21.771Z","lan":14}},{"type":"Feature","geometry":{"type":"LineString","coordinates":[[16.515728732,56.67262836],[16.521860183,56.680191008],[16.523066782,56.701183644],[16.53557488,56.71794921],[16.536595433,56.723741054],[16.544822756,56.736658863],[16.548807443,56.749269516],[16.570466966,56.774507476],[16.575819845,56.778447343],[16.593958909,56.807113182],[16.615188864,56.831531454],[16.639157031,56.844040891],[16.643621709,56.853506497],[16.660522364,56.870732157],[16.678997658,56.877331902]]},"properties":{"segment_id":"136005","code":1,"text":"Normalt","info":["Torrt"],"road":"Väg 136","updated":"2026-04-30T14:37:15.687Z","lan":8}},{"type":"Feature","geometry":{"type":"LineString","coordinates":[[16.679179674,56.877365396],[16.687975332,56.879178672],[16.701046141,56.877536764],[16.713307881,56.877962208],[16.722333612,56.880812216],[16.729699784,56.885724236],[16.732125124,56.889185915],[16.732901029,56.899562158],[16.736020399,56.909106163],[16.763662473,56.92651006],[16.774884664,56.938598225],[16.7810776,56.951269317],[16.800129811,56.964115111],[16.806191195,56.976858793],[16.816252853,56.990200119],[16.823991506,56.996637867],[16.841476919,57.006993502],[16.858127233,57.02253474],[16.870800772,57.040981693],[16.876617509,57.055325184],[16.880614657,57.06067443],[16.886923375,57.065072248],[16.914963749,57.077891266],[16.920127329,57.082664375],[16.929513881,57.097220369],[16.965694491,57.12205114],[16.976099923,57.132867848],[17.00630246,57.145003971],[17.009213054,57.148991888],[17.010314032,57.160143274],[17.013851832,57.16438162]]},"properties":{"segment_id":"136010","code":1,"text":"Normalt","info":["Torrt"],"road":"Väg 136","updated":"2026-04-30T14:37:16.021Z","lan":8}},{"type":"Feature","geometry":{"type":"LineString","coordinates":[[17.013836773,57.164408818],[17.027574633,57.175176889],[17.029718525,57.186517937],[17.031826983,57.190257749],[17.044285681,57.199175792],[17.045094966,57.209918322],[17.048739911,57.223696643],[17.053224781,57.233157057],[17.059251002,57.238117261],[17.060904765,57.243400596],[17.055938434,57.251245475],[17.044251537,57.258435884],[17.033865676,57.261030506],[17.026824254,57.268081044],[17.022168589,57.277545809],[17.019365382,57.290880282],[17.025481085,57.307943994],[17.023427262,57.314078128],[17.01718497,57.317440092],[17.01453744,57.321561873],[17.008114865,57.324701619],[17.008946236,57.332020362],[17.018733275,57.34143306],[17.03881863,57.350615696],[17.054873123,57.352349304],[17.083762229,57.347615117],[17.087790837,57.348896157],[17.092874639,57.34797605]]},"properties":{"segment_id":"136015","code":1,"text":"Normalt","info":["Torrt"],"road":"Väg 136","updated":"2026-04-30T14:37:16.039Z","lan":8}},{"type":"Feature","geometry":{"type":"LineString","coordinates":[[12.020974402,57.647229938],[12.000779162,57.643318948],[11.969167109,57.645728497],[11.926294032,57.646247944],[11.907482387,57.651208858],[11.894236353,57.659261039],[11.889452966,57.666747437],[11.896742633,57.677811264],[11.904456549,57.681397867],[11.903559762,57.687973197],[11.892403562,57.703788346],[11.880667231,57.704569066],[11.87419928,57.70714182]]},"properties":{"segment_id":"620000","code":1,"text":"Normalt","info":["Torrt"],"road":"E 6","updated":"2026-04-30T15:15:21.834Z","lan":14}},{"type":"Feature","geometry":{"type":"LineString","coordinates":[[11.98083384,57.725577195],[11.971032746,57.726664192],[11.961274049,57.724434928],[11.95315613,57.71828973],[11.941731977,57.712549437],[11.92506307,57.710284879],[11.914667069,57.712863006],[11.901052179,57.711820182],[11.893951164,57.709632697],[11.885515035,57.704427862]]},"properties":{"segment_id":"621000","code":1,"text":"Normalt","info":["Torrt"],"road":"E 6","updated":"2026-04-30T15:15:21.845Z","lan":14}},{"type":"Feature","geometry":{"type":"LineString","coordinates":[[11.873164246,57.707655533],[11.862079375,57.713304311],[11.861001354,57.716054938],[11.874613809,57.734071719],[11.875157043,57.737707371],[11.872764093,57.74595335],[11.875400806,57.752795542],[11.883781621,57.762853104],[11.886361207,57.769028479],[11.89660143,57.779454341],[11.914111121,57.788187067],[11.92670473,57.790299805],[11.942022076,57.798229285],[11.952099744,57.800889845],[11.96974858,57.80021665],[11.981439187,57.802140454],[11.995376093,57.799946162],[12.021740636,57.799508067],[12.042165891,57.797173421],[12.041365102,57.789892804],[12.031680594,57.786709355],[12.024851533,57.787286138]]},"properties":{"segment_id":"620005","code":1,"text":"Normalt","info":["Torrt"],"road":"E 6","updated":"2026-04-30T15:15:21.856Z","lan":14}},{"type":"Feature","geometry":{"type":"LineString","coordinates":[[11.878831974,57.705018147],[11.856851857,57.704060429],[11.848595737,57.706902042],[11.839038659,57.713476748],[11.814980685,57.718338307],[11.804342213,57.716308302],[11.794680469,57.716540272],[11.784805345,57.709332557],[11.778070347,57.708019644],[11.767197698,57.709423107],[11.754616224,57.707581855],[11.724839788,57.71188403],[11.710898977,57.711153773],[11.702712742,57.708648489]]},"properties":{"segment_id":"155000","code":1,"text":"Normalt","info":["Torrt"],"road":"Väg 155","updated":"2026-04-30T15:15:21.866Z","lan":14}},{"type":"Feature","geometry":{"type":"LineString","coordinates":[[13.052261117,59.551545131],[13.039606572,59.556467188],[13.024549954,59.566373021],[13.007277036,59.595034831],[12.985630765,59.613019067],[12.949800488,59.631111174],[12.944537438,59.643505557],[12.945384053,59.650552182],[12.943178253,59.655853247],[12.911456369,59.666454409],[12.905177841,59.666911207],[12.886573035,59.664034703],[12.815879183,59.668859066],[12.799426826,59.667910342],[12.783571035,59.661166599],[12.763285523,59.659196238],[12.747137018,59.646927311],[12.733273349,59.644352711],[12.696179779,59.647029892],[12.652926235,59.654967579],[12.633080062,59.661267574],[12.614838498,59.662122868]]},"properties":{"segment_id":"61003","code":1,"text":"Normalt","info":["Torrt"],"road":"Väg 61","updated":"2026-04-30T16:18:48.872Z","lan":17}},{"type":"Feature","geometry":{"type":"LineString","coordinates":[[13.342084454,56.284574586],[13.355884818,56.290887037],[13.385649619,56.298125938],[13.422526654,56.320140166],[13.447743962,56.329902744],[13.4562707,56.33664074],[13.475253191,56.35877385],[13.498960595,56.370447985],[13.502812126,56.374214593],[13.509583973,56.385743798],[13.535191292,56.400120255],[13.55662085,56.424731049],[13.600285796,56.447227482]]},"properties":{"segment_id":"4010","code":1,"text":"Normalt","info":["Torrt"],"road":"E 4","updated":"2026-05-01T05:40:25.273Z","lan":12}},{"type":"Feature","geometry":{"type":"LineString","coordinates":[[12.614307167,59.662104219],[12.60622242,59.667418889],[12.595697619,59.671304908],[12.591890982,59.68994789],[12.580809254,59.696257145],[12.574442085,59.706632475],[12.570293251,59.708190755],[12.540779638,59.711081831],[12.528431368,59.716249128],[12.520820021,59.722250502],[12.50031056,59.726542169],[12.491098463,59.733859],[12.483591203,59.752294009],[12.480870532,59.754613604],[12.468942321,59.758831354],[12.448523796,59.75990975],[12.42629128,59.756771876],[12.406287236,59.759388113],[12.384359497,59.767883644],[12.372880424,59.775911133]]},"properties":{"segment_id":"61005","code":1,"text":"Normalt","info":["Torrt"],"road":"Väg 61","updated":"2026-04-30T16:18:48.918Z","lan":17}},{"type":"Feature","geometry":{"type":"LineString","coordinates":[[12.240621464,59.930880579],[12.268632538,59.921140865],[12.273724667,59.916879869],[12.275529876,59.907303859],[12.279326774,59.901785021],[12.27872924,59.896849208],[12.280449166,59.891125705],[12.288934881,59.872568137],[12.297367082,59.864233271],[12.299614457,59.859652426],[12.307622519,59.854722332],[12.312151351,59.844635611],[12.317878627,59.839361861],[12.318415946,59.836677506],[12.315516629,59.828792991],[12.329574665,59.820382292],[12.319356263,59.811666218],[12.319301377,59.806355328],[12.334136388,59.797906193],[12.344389712,59.788473543],[12.360409088,59.783118161],[12.371973472,59.77634221]]},"properties":{"segment_id":"61010","code":1,"text":"Normalt","info":["Torrt"],"road":"Väg 61","updated":"2026-04-30T16:18:48.936Z","lan":17}},{"type":"Feature","geometry":{"type":"LineString","coordinates":[[13.264473238,56.07788761],[13.28496672,56.09512229],[13.286138038,56.099514893],[13.283556152,56.109480794],[13.285360095,56.113396924],[13.311068999,56.129018824]]},"properties":{"segment_id":"108020","code":1,"text":"Normalt","info":["Torrt"],"road":"Väg 108","updated":"2026-05-01T05:40:25.344Z","lan":12}},{"type":"Feature","geometry":{"type":"LineString","coordinates":[[12.121086751,59.553218602],[12.127571613,59.556676756],[12.140034152,59.55855816],[12.15529454,59.557722773],[12.17024935,59.553347821],[12.172380441,59.55474168],[12.174542194,59.561895669],[12.180957746,59.560551498],[12.186369072,59.565079679],[12.200374163,59.565092547],[12.205047432,59.567456685],[12.209692175,59.573593755],[12.215967827,59.575236885],[12.229948236,59.577752807],[12.252820406,59.577264492],[12.257566614,59.58032004],[12.283296854,59.579769426],[12.295998592,59.587921003],[12.299721142,59.59695557],[12.322121947,59.604315768],[12.322173278,59.60901576],[12.328710206,59.612428612],[12.329405189,59.617743673],[12.337289066,59.626124998],[12.351259062,59.634098863],[12.352357103,59.640203527],[12.356781722,59.645539746],[12.367133391,59.650689504],[12.377624283,59.659551716],[12.378279478,59.66252965],[12.382252101,59.665780487],[12.387566262,59.677359408],[12.397594721,59.680676309],[12.409306241,59.679021467]]},"properties":{"segment_id":"172030","code":1,"text":"Normalt","info":["Torrt"],"road":"Väg 172","updated":"2026-04-30T16:18:48.954Z","lan":17}},{"type":"Feature","geometry":{"type":"LineString","coordinates":[[12.409379273,59.678995956],[12.421937168,59.676251663],[12.445723675,59.677642422],[12.455596165,59.673252445],[12.471753385,59.672864157],[12.477863019,59.669325314],[12.498591265,59.674771278],[12.513519651,59.67442627],[12.528416943,59.664852605],[12.550881443,59.658257779],[12.563389283,59.660575033],[12.567739547,59.665471057],[12.574451616,59.668667789],[12.593411495,59.671236028]]},"properties":{"segment_id":"172035","code":1,"text":"Normalt","info":["Torrt"],"road":"Väg 172","updated":"2026-04-30T16:18:48.971Z","lan":17}},{"type":"Feature","geometry":{"type":"LineString","coordinates":[[12.772267476,59.460201203],[12.774404423,59.463130246],[12.772345249,59.473497785],[12.7625422,59.484774998],[12.760588809,59.490535762],[12.76268779,59.496186258],[12.77677395,59.513288104],[12.777318856,59.516288776],[12.775547157,59.520642457],[12.756322178,59.537507988],[12.728031174,59.552578822],[12.720736323,59.564938788],[12.703181139,59.581466731],[12.690385782,59.585445871],[12.663827982,59.58499269],[12.652034141,59.588240381],[12.639707315,59.595771561],[12.619475852,59.602718017],[12.617926144,59.605331019],[12.619246868,59.613970288],[12.617182694,59.621083692],[12.618351517,59.630870081],[12.615399559,59.644974498],[12.619091187,59.656235089],[12.614838498,59.662122868]]},"properties":{"segment_id":"175010","code":1,"text":"Normalt","info":["Torrt"],"road":"Väg 175","updated":"2026-04-30T16:18:48.986Z","lan":17}},{"type":"Feature","geometry":{"type":"LineString","coordinates":[[11.944407528,58.900525809],[11.970797875,58.898828737],[11.997753348,58.904993679],[12.007314683,58.911119623],[12.021026504,58.915696026],[12.023483454,58.919850449],[12.030266179,58.922208147],[12.036484348,58.92812012],[12.047697361,58.934801922],[12.062244517,58.933201263],[12.072949339,58.93672405],[12.110066204,58.941072592],[12.123821133,58.937704006],[12.129853331,58.93226673],[12.136292066,58.929030784],[12.147672732,58.927386357],[12.168131538,58.930100597],[12.194111173,58.937855692],[12.212368786,58.939095263],[12.213889203,58.945462948],[12.230602459,58.95691021],[12.234672142,58.967771015],[12.245187305,58.976846115],[12.25279226,58.988212735],[12.257659749,58.990490451],[12.264878487,58.991011604],[12.269125554,58.994102421],[12.270539784,58.999990755],[12.268716449,59.00431922],[12.271693429,59.00895557],[12.272446284,59.014407607],[12.269130575,59.016673931]]},"properties":{"segment_id":"164025","code":1,"text":"Normalt","info":["Torrt"],"road":"Väg 164","updated":"2026-04-30T16:36:43.617Z","lan":14}},{"type":"Feature","geometry":{"type":"LineString","coordinates":[[12.121001475,59.553180784],[12.119063593,59.554315209],[12.118856751,59.557563369],[12.123140926,59.568970236],[12.12358832,59.582188555],[12.134137027,59.591674812],[12.150607992,59.600372636],[12.152415744,59.603098544],[12.148881939,59.61404653],[12.135376495,59.636232976],[12.139177334,59.642443947],[12.141415491,59.657435204],[12.145775027,59.662337276],[12.144823113,59.673943377],[12.148070312,59.683807867],[12.146427984,59.689324973],[12.148026126,59.691848618],[12.146381691,59.696341371],[12.147031943,59.701441106],[12.148213322,59.704899112],[12.154233472,59.711687783],[12.181904327,59.728197335],[12.192543461,59.731605966],[12.204403318,59.740026313],[12.210676148,59.745487737],[12.211946868,59.748183221],[12.210899627,59.75284209],[12.213406622,59.759723777],[12.217550468,59.762147669],[12.250032148,59.766111055],[12.256020686,59.765418665],[12.266036988,59.769922139],[12.27087546,59.7695735],[12.274943764,59.773206854],[12.284475619,59.776494874],[12.295195889,59.777012459],[12.322560069,59.770178674],[12.3409564,59.77271748],[12.357219701,59.766891339],[12.360609307,59.762539208]]},"properties":{"segment_id":"177000","code":1,"text":"Normalt","info":["Torrt"],"road":"Väg 177","updated":"2026-04-30T16:18:49.006Z","lan":17}},{"type":"Feature","geometry":{"type":"LineString","coordinates":[[13.13116634,59.735499092],[13.117655851,59.722964881],[13.103968489,59.715618245],[13.10628082,59.707738415],[13.106201401,59.701907902],[13.103506725,59.698330054],[13.077649832,59.692115489],[13.050184359,59.688979695],[13.048300102,59.687469614],[13.047352178,59.683000315],[13.044917716,59.681185575],[13.022707212,59.672562048],[13.018256058,59.668848048],[13.009782997,59.667704756],[13.006744422,59.664155487],[13.003742842,59.663876295],[12.989805968,59.669510993],[12.969789089,59.66782839],[12.96151854,59.663379531],[12.958879718,59.658892144],[12.947462495,59.656908455],[12.944873933,59.654828872]]},"properties":{"segment_id":"238000","code":1,"text":"Normalt","info":["Torrt"],"road":"Väg 238","updated":"2026-04-30T16:18:49.024Z","lan":17}},{"type":"Feature","geometry":{"type":"LineString","coordinates":[[12.269181336,59.016692973],[12.271716359,59.020762885],[12.284485743,59.026772913],[12.302857655,59.029412103],[12.316357287,59.036449399],[12.32145608,59.037462432],[12.327376169,59.036434596],[12.340032434,59.029444064],[12.355970055,59.026400956],[12.367592081,59.022100219],[12.378048343,59.022087698],[12.392030838,59.027743032],[12.407896122,59.027899765],[12.416362609,59.030270216],[12.429149291,59.041558014],[12.433892438,59.050430215],[12.443922371,59.057205302],[12.460814045,59.057582264],[12.476856085,59.050761727],[12.48450267,59.053273344],[12.497283857,59.053790335],[12.512428912,59.060451967],[12.520161383,59.060869672],[12.533402909,59.058175419],[12.567661517,59.074186115],[12.58092615,59.07415577],[12.613963199,59.08064363],[12.623765023,59.079484975],[12.637131432,59.072416135],[12.651353683,59.070868741],[12.653521273,59.069021329],[12.654459797,59.059101892],[12.674333927,59.054869141]]},"properties":{"segment_id":"164030","code":1,"text":"Normalt","info":["Torrt"],"road":"Väg 164","updated":"2026-04-30T16:36:43.633Z","lan":14}},{"type":"Feature","geometry":{"type":"LineString","coordinates":[[12.139138179,58.825736434],[12.146563869,58.83489591],[12.167389128,58.843280327],[12.167740939,58.851707894],[12.169809821,58.854404124],[12.183093453,58.858253071],[12.192506827,58.868585172],[12.214558023,58.876997137],[12.210976659,58.883326704],[12.210836552,58.892390315],[12.218843101,58.899697591],[12.217781883,58.904904436],[12.223124189,58.917320767],[12.212966674,58.929529388],[12.212368786,58.939095263]]},"properties":{"segment_id":"172010","code":1,"text":"Normalt","info":["Torrt"],"road":"Väg 172","updated":"2026-04-30T16:36:43.674Z","lan":14}},{"type":"Feature","geometry":{"type":"LineString","coordinates":[[11.960196361,58.898723501],[11.967102002,58.89562365],[11.98662571,58.88119875],[11.994092597,58.87756245],[12.025732131,58.867852756],[12.03893271,58.865451247],[12.049596542,58.866333402],[12.065782166,58.864913961],[12.125082033,58.834553917],[12.139138179,58.825736434],[12.137340997,58.823575854],[12.140875785,58.820841589],[12.15099147,58.804620878],[12.163369046,58.799376274],[12.16943542,58.793776488],[12.187789455,58.783898127],[12.208038338,58.769250882],[12.217076557,58.767640175],[12.226944483,58.767978653],[12.237734417,58.765640395],[12.250237754,58.758018247],[12.270364352,58.75056565],[12.29547831,58.747779498],[12.321114441,58.750507492],[12.331051665,58.749887025],[12.341448883,58.743012418],[12.352305739,58.739129632],[12.356749668,58.73181689],[12.360036129,58.72949416],[12.38806491,58.726004163],[12.414215714,58.713287514],[12.449349633,58.702586004]]},"properties":{"segment_id":"166005","code":1,"text":"Normalt","info":["Torrt"],"road":"Väg 166","updated":"2026-04-30T16:36:43.647Z","lan":14}},{"type":"Feature","geometry":{"type":"LineString","coordinates":[[12.004799648,58.570717941],[12.007775706,58.575352632],[12.034308249,58.588944889],[12.046533104,58.601951652],[12.042523695,58.615779785],[12.053974936,58.648745027],[12.070863335,58.665288546],[12.09539725,58.684500603],[12.09004475,58.704185723],[12.091410971,58.718235356],[12.126362409,58.748764499],[12.134646154,58.75840245],[12.137033251,58.769535442],[12.153311842,58.803144482]]},"properties":{"segment_id":"172005","code":1,"text":"Normalt","info":["Torrt"],"road":"Väg 172","updated":"2026-04-30T16:36:43.659Z","lan":14}},{"type":"Feature","geometry":{"type":"LineString","coordinates":[[12.106954876,59.196240023],[12.110639423,59.193886864],[12.109924225,59.190743893],[12.11293098,59.186452635],[12.111443765,59.183535125],[12.112700634,59.179016248],[12.120156178,59.172181845],[12.121735664,59.168802261],[12.136790994,59.164363667],[12.143865072,59.158858463],[12.153643552,59.155937205],[12.157663694,59.151766073],[12.179777774,59.146416727],[12.191229425,59.136655111],[12.209507916,59.1406526],[12.219996345,59.140913617],[12.22409993,59.138826967],[12.235275734,59.119504257],[12.244127361,59.112216725],[12.247191578,59.102334948],[12.246092228,59.098402957],[12.249479711,59.091654922],[12.2480823,59.087303289],[12.250163045,59.083339939],[12.25520713,59.079421362],[12.258657852,59.065926426],[12.255403002,59.057303424],[12.248229389,59.049289024],[12.232599622,59.037625399],[12.231800241,59.035209183],[12.233276352,59.031376942],[12.232140685,59.029025425],[12.233154605,59.026603023],[12.237096948,59.024171237],[12.249270227,59.024277611],[12.25488845,59.020479155],[12.261697212,59.020317799],[12.269130575,59.016673931]]},"properties":{"segment_id":"172015","code":1,"text":"Normalt","info":["Torrt"],"road":"Väg 172","updated":"2026-04-30T16:36:43.688Z","lan":14}},{"type":"Feature","geometry":{"type":"LineString","coordinates":[[13.104827522,55.641064455],[13.098271884,55.653050863],[13.099828292,55.667841011],[13.097318125,55.705134984],[13.088000852,55.72513952],[13.074452925,55.733474674],[13.026677065,55.745945651],[12.996427239,55.756995719],[12.987884461,55.765663689],[12.971163095,55.777611524],[12.96075176,55.800473773],[12.937959271,55.818427798],[12.924998988,55.836085656],[12.90253905,55.848349954],[12.883425918,55.861692444],[12.879836848,55.867436522],[12.87861784,55.875135699]]},"properties":{"segment_id":"6005","code":1,"text":"Normalt","info":["Torrt"],"road":"E 6","updated":"2026-04-30T18:52:17.818Z","lan":12}},{"type":"Feature","geometry":{"type":"LineString","coordinates":[[12.004799648,58.570717941],[12.013206151,58.571794444],[12.040388648,58.56831683],[12.058305493,58.569016081],[12.064766016,58.566638666],[12.067848048,58.563105441],[12.073910982,58.561967647],[12.078132791,58.557741234],[12.078906226,58.554649472],[12.068633764,58.546713793],[12.071550022,58.541433309],[12.096426767,58.536795244],[12.096472963,58.527719871],[12.101717457,58.526211863],[12.104524835,58.523210831],[12.131165478,58.520313481],[12.157695268,58.525307198],[12.207191683,58.515125272],[12.214843596,58.512191378],[12.238846079,58.494773961],[12.253046219,58.492068543],[12.259450449,58.484989767],[12.268511113,58.482109864]]},"properties":{"segment_id":"173000","code":1,"text":"Normalt","info":["Torrt"],"road":"Väg 173","updated":"2026-04-30T16:36:43.703Z","lan":14}},{"type":"Feature","geometry":{"type":"LineString","coordinates":[[12.866110128,55.405687835],[12.9157739,55.405079465],[12.930265171,55.407977057],[12.948620331,55.416833825],[12.954549741,55.424087461],[12.964158083,55.427159828],[12.986345607,55.438995503],[13.012350639,55.458825213],[13.013163851,55.461840301],[13.009446042,55.465617615]]},"properties":{"segment_id":"10090","code":1,"text":"Normalt","info":["Torrt"],"road":"Väg 100","updated":"2026-04-30T18:52:17.828Z","lan":12}},{"type":"Feature","geometry":{"type":"LineString","coordinates":[[12.451796219,58.702418804],[12.456316651,58.713820467],[12.45581763,58.721367097],[12.453027924,58.725265417],[12.454693931,58.729656129],[12.460292284,58.734393943],[12.477486372,58.742270182],[12.489550422,58.756180927],[12.489811217,58.764551009],[12.491881112,58.768706407],[12.499763903,58.775993555],[12.511522929,58.782842896],[12.524250989,58.798748435],[12.526916412,58.804594762],[12.523671368,58.812708682],[12.524145635,58.822816689],[12.550201194,58.845398318],[12.567209289,58.872547979],[12.56739948,58.882686176],[12.572669597,58.890934297],[12.571192046,58.894922629],[12.571867076,58.899158054],[12.566658951,58.905816483],[12.568433897,58.910458961],[12.588630466,58.922948386],[12.596276789,58.930170511],[12.600163746,58.937259541],[12.600849933,58.946651996],[12.607578004,58.953182477],[12.609462149,58.960880973],[12.621599177,58.97254169],[12.664137103,58.986451339],[12.680643238,58.998014211],[12.691361544,59.012418555],[12.690005461,59.016796562],[12.675088265,59.026160603],[12.671566845,59.030562451],[12.671192738,59.036350465],[12.678248196,59.045712698],[12.677490439,59.05177234],[12.675080088,59.05466691]]},"properties":{"segment_id":"45015","code":1,"text":"Normalt","info":["Torrt"],"road":"E 45","updated":"2026-04-30T16:36:43.718Z","lan":14}},{"type":"Feature","geometry":{"type":"LineString","coordinates":[[11.771022725,58.872626196],[11.805240861,58.880766157],[11.825190564,58.880143758],[11.834872929,58.874674569],[11.84446453,58.872833297],[11.85729736,58.875420029],[11.895734749,58.878758321],[11.935743248,58.898738916],[11.944390197,58.900525399]]},"properties":{"segment_id":"164020","code":1,"text":"Normalt","info":["Torrt"],"road":"Väg 164","updated":"2026-04-30T16:36:43.733Z","lan":14}},{"type":"Feature","geometry":{"type":"LineString","coordinates":[[12.280289414,58.498202445],[12.281758134,58.502295221],[12.286415842,58.506895776],[12.304797057,58.519081663],[12.323621732,58.53620716],[12.371930502,58.566884663],[12.395202468,58.579120734],[12.40221626,58.589407322],[12.411173768,58.597207733],[12.415975458,58.60561585],[12.415023531,58.612910805],[12.416549383,58.623966516],[12.41204994,58.637515807],[12.415265436,58.647401448],[12.411794211,58.6556341],[12.405007878,58.664824181],[12.405836871,58.675488523],[12.418474633,58.685159231],[12.433063277,58.689054071],[12.447396226,58.696958518],[12.451796219,58.702418804]]},"properties":{"segment_id":"45012","code":1,"text":"Normalt","info":["Torrt"],"road":"E 45","updated":"2026-04-30T16:36:43.746Z","lan":14}},{"type":"Feature","geometry":{"type":"LineString","coordinates":[[13.004350775,55.544508894],[13.008615412,55.5228643],[13.017868125,55.505209992],[13.021152107,55.48993925],[13.019045001,55.483667761],[13.009434921,55.472430082],[13.008630107,55.467995059],[13.010777612,55.463050819],[13.022776925,55.451498429],[13.061148714,55.420727785],[13.0632206,55.4171386],[13.065662236,55.403066662],[13.077291484,55.388663159],[13.089767893,55.379754286],[13.102752922,55.376586166],[13.147480055,55.373299728]]},"properties":{"segment_id":"6000","code":1,"text":"Normalt","info":["Torrt"],"road":"E 6","updated":"2026-04-30T18:52:17.804Z","lan":12}},{"type":"Feature","geometry":{"type":"LineString","coordinates":[[15.094331888,58.326740495],[15.132227489,58.338338117],[15.169510915,58.341779031],[15.21878812,58.355383256],[15.262184915,58.361552936],[15.308226017,58.373225261],[15.408500644,58.389946901],[15.496776262,58.425193299],[15.52608429,58.434102904]]},"properties":{"segment_id":"4055","code":1,"text":"Normalt","info":["Torrt"],"road":"E 4","updated":"2026-04-16T14:02:54.188Z","lan":5}},{"type":"Feature","geometry":{"type":"LineString","coordinates":[[12.850682663,55.871496348],[12.889293601,55.876667382],[12.919662936,55.888733212],[12.963309584,55.891080872],[12.988175385,55.889899071],[13.022554456,55.881487052],[13.05330591,55.87658506],[13.07089727,55.876457645],[13.121484913,55.87101226],[13.161465031,55.875651136]]},"properties":{"segment_id":"17000","code":1,"text":"Normalt","info":["Torrt"],"road":"Väg 17","updated":"2026-04-30T18:52:17.859Z","lan":12}},{"type":"Feature","geometry":{"type":"LineString","coordinates":[[13.10739235,55.635657777],[13.106668594,55.639133663],[13.111682934,55.644225836],[13.157777056,55.664671427],[13.214890651,55.695334414],[13.218943796,55.701028113],[13.22604584,55.723760045],[13.241993935,55.73560941],[13.302148235,55.766552224],[13.313117963,55.769812693],[13.329168084,55.77137995]]},"properties":{"segment_id":"22000","code":1,"text":"Normalt","info":["Torrt"],"road":"E 22","updated":"2026-04-30T18:52:18.057Z","lan":12}},{"type":"Feature","geometry":{"type":"LineString","coordinates":[[13.057890977,55.565195708],[13.057800525,55.561886894],[13.068696166,55.550231643],[13.070896299,55.542860652],[13.074095828,55.539990075],[13.076836053,55.528987552],[13.081773461,55.525209363],[13.083666314,55.520493621],[13.11218999,55.493839563],[13.120655475,55.488936852],[13.133247335,55.473707114],[13.144869552,55.464096539],[13.153318534,55.460674303],[13.184069119,55.45306384],[13.204310793,55.454117502]]},"properties":{"segment_id":"101000","code":1,"text":"Normalt","info":["Torrt"],"road":"Väg 101","updated":"2026-04-30T18:52:18.083Z","lan":12}},{"type":"Feature","geometry":{"type":"LineString","coordinates":[[12.960888117,55.838752972],[12.979821164,55.825988941],[12.987917919,55.823784997],[13.011130256,55.819731908],[13.02346067,55.820227295],[13.041299198,55.817537979],[13.063170545,55.809121983],[13.101236941,55.798203319],[13.129350187,55.798158002]]},"properties":{"segment_id":"104000","code":1,"text":"Normalt","info":["Torrt"],"road":"Väg 104","updated":"2026-04-30T18:52:18.197Z","lan":12}},{"type":"Feature","geometry":{"type":"LineString","coordinates":[[13.647564721,55.845369769],[13.639832444,55.860057676],[13.637890112,55.867620447],[13.63246723,55.874138123],[13.629599934,55.886111626],[13.620790743,55.896464049],[13.582402378,55.925547379],[13.56258755,55.931616998],[13.545385584,55.940850493],[13.539130605,55.945808708],[13.533890159,55.946339545],[13.51965355,55.940894451],[13.508715141,55.93971115],[13.473214254,55.943077471],[13.449701399,55.94884956],[13.437529972,55.948453184],[13.418314363,55.943292499],[13.401071484,55.94322269],[13.383416892,55.937276969],[13.381135602,55.941686277],[13.374722362,55.94570861],[13.354400732,55.946085873],[13.339600857,55.955880206],[13.326974952,55.967472659],[13.329439058,55.972385709],[13.320931994,55.986019323],[13.305678513,55.99170571],[13.293311043,56.002390735]]},"properties":{"segment_id":"13010","code":1,"text":"Normalt","info":["Torrt"],"road":"Väg 13","updated":"2026-04-30T18:52:18.221Z","lan":12}},{"type":"Feature","geometry":{"type":"LineString","coordinates":[[13.16148143,55.875642394],[13.171383343,55.87447784],[13.188403696,55.869067873],[13.220595297,55.867272892],[13.277461256,55.853865118],[13.305199846,55.855247838]]},"properties":{"segment_id":"17005","code":1,"text":"Normalt","info":["Torrt"],"road":"Väg 17","updated":"2026-04-30T18:52:18.233Z","lan":12}},{"type":"Feature","geometry":{"type":"LineString","coordinates":[[13.305266061,55.855194831],[13.317464963,55.851668758],[13.327531076,55.841588254],[13.340259647,55.84534628],[13.348169007,55.85130297],[13.367172186,55.855663459],[13.4617962,55.845703675],[13.496995912,55.840827802],[13.504663773,55.835781071],[13.517911732,55.831313448],[13.522909501,55.826251373]]},"properties":{"segment_id":"17010","code":1,"text":"Normalt","info":["Torrt"],"road":"Väg 17","updated":"2026-04-30T18:52:18.243Z","lan":12}},{"type":"Feature","geometry":{"type":"LineString","coordinates":[[13.10735237,55.635827918],[13.106840496,55.639522768],[13.111682934,55.644225836],[13.157777056,55.664671427],[13.213535997,55.694335127],[13.218943796,55.701028113],[13.224041073,55.719516201],[13.229046168,55.727128504],[13.253333206,55.74206197],[13.302148235,55.766552224],[13.315334552,55.770166619],[13.382673725,55.778233541],[13.397084421,55.782205654],[13.432277585,55.78818623],[13.443058966,55.79218743],[13.450840442,55.800283671],[13.456714595,55.803430902],[13.490190814,55.812437477],[13.511798362,55.82165124],[13.538624272,55.826519958],[13.553555705,55.833274383],[13.608217719,55.851409988],[13.628065002,55.854382626],[13.640451321,55.859264752]]},"properties":{"segment_id":"22005","code":1,"text":"Normalt","info":["Torrt"],"road":"E 22","updated":"2026-04-30T18:52:18.253Z","lan":12}},{"type":"Feature","geometry":{"type":"LineString","coordinates":[[13.129413956,55.798158972],[13.186178652,55.796771833],[13.205040023,55.794936751],[13.220856708,55.791266381],[13.264251096,55.785703856],[13.27810063,55.781584999],[13.293190031,55.779674587],[13.318159482,55.771202834]]},"properties":{"segment_id":"104005","code":1,"text":"Normalt","info":["Torrt"],"road":"Väg 104","updated":"2026-04-30T18:52:18.264Z","lan":12}},{"type":"Feature","geometry":{"type":"LineString","coordinates":[[13.318103099,55.771031316],[13.32679821,55.761947629],[13.344377369,55.755203084],[13.422375996,55.742731463],[13.450454562,55.734461748],[13.500933981,55.725140103],[13.553621008,55.70926379],[13.559655386,55.706180484],[13.584381511,55.699746201],[13.590583282,55.700302808],[13.599595186,55.698375],[13.606645404,55.692973527],[13.613659399,55.691687],[13.6351321,55.692278049],[13.63553924,55.687897247],[13.637450853,55.687819628],[13.638625265,55.682404912],[13.652064456,55.679192329],[13.680852608,55.660705733],[13.699724732,55.653421554]]},"properties":{"segment_id":"104010","code":1,"text":"Normalt","info":["Torrt"],"road":"Väg 104","updated":"2026-04-30T18:52:18.275Z","lan":12}},{"type":"Feature","geometry":{"type":"LineString","coordinates":[[13.09653108,55.800152636],[13.092860178,55.803115399],[13.090520484,55.818312149],[13.093373454,55.830147408],[13.101006152,55.840294995],[13.11675231,55.847924359],[13.12930586,55.85628501],[13.145417966,55.862855698],[13.141801772,55.864625481],[13.138119261,55.872783837],[13.161836381,55.876249814],[13.188041954,55.898107821],[13.197221958,55.907094526],[13.205858571,55.924816643],[13.216869424,55.935643724],[13.234824085,55.947099651],[13.245986225,55.960208738],[13.264595675,55.974302497],[13.272800382,55.984024319],[13.27908577,55.988317902],[13.283411796,55.9974186],[13.29014031,56.000468639],[13.290659425,56.003603118]]},"properties":{"segment_id":"108015","code":1,"text":"Normalt","info":["Torrt"],"road":"Väg 108","updated":"2026-04-30T18:52:18.288Z","lan":12}},{"type":"Feature","geometry":{"type":"LineString","coordinates":[[13.044825668,55.569283951],[13.077882408,55.560154418],[13.1475626,55.544933663],[13.184722358,55.532449408],[13.223990777,55.524316463],[13.246259836,55.517321798]]},"properties":{"segment_id":"65000","code":1,"text":"Normalt","info":["Torrt"],"road":"E 65","updated":"2026-04-30T18:52:18.300Z","lan":12}},{"type":"Feature","geometry":{"type":"LineString","coordinates":[[13.217801094,55.698162661],[13.268430501,55.684606997],[13.329103157,55.665146654],[13.333280864,55.661869354]]},"properties":{"segment_id":"102000","code":1,"text":"Normalt","info":["Torrt"],"road":"Väg 102","updated":"2026-04-30T18:52:18.308Z","lan":12}},{"type":"Feature","geometry":{"type":"LineString","coordinates":[[13.320126676,55.771427446],[13.322901288,55.77846597],[13.322678893,55.793290946],[13.3333812,55.806386241],[13.335864869,55.822595782],[13.327949322,55.841890497],[13.317464963,55.851668758],[13.306017638,55.855546671],[13.305653439,55.865381986],[13.31902097,55.880006714],[13.319593097,55.88674545],[13.32303973,55.889506385],[13.326552615,55.89854071],[13.35946696,55.912616126],[13.374725574,55.924222205],[13.383385263,55.937267568]]},"properties":{"segment_id":"113000","code":1,"text":"Normalt","info":["Torrt"],"road":"Väg 113","updated":"2026-04-30T18:52:18.319Z","lan":12}},{"type":"Feature","geometry":{"type":"LineString","coordinates":[[13.002210967,55.547943221],[12.999434337,55.557038273],[13.00263056,55.564046788],[13.022393238,55.564007828],[13.039373372,55.566338823],[13.045434636,55.569796963],[13.055640217,55.581858673],[13.056553711,55.586169148],[13.054031434,55.596734283],[13.057617719,55.599963709],[13.066498908,55.602063345],[13.06888071,55.604311777],[13.062908535,55.616287611],[13.053253492,55.626856655],[13.060550289,55.641208221],[13.066588224,55.644763656],[13.097556135,55.651422061]]},"properties":{"segment_id":"601000","code":1,"text":"Normalt","info":["Torrt"],"road":"E 6","updated":"2026-04-30T18:52:18.370Z","lan":12}},{"type":"Feature","geometry":{"type":"LineString","coordinates":[[13.477727925,55.812005258],[13.479439935,55.817211581],[13.496034527,55.835118723],[13.499450087,55.860861267],[13.494440752,55.872221656],[13.505311853,55.876317095],[13.510269703,55.880007644],[13.520968677,55.883263868],[13.524084797,55.894255461],[13.521102444,55.901606334],[13.523512032,55.911439183],[13.528483534,55.915353756],[13.538856045,55.919503049],[13.544359394,55.925948371],[13.550078756,55.928801524],[13.554852802,55.935570248]]},"properties":{"segment_id":"23001","code":1,"text":"Normalt","info":["Torrt"],"road":"Väg 23","updated":"2026-04-30T18:52:18.382Z","lan":12}},{"type":"Feature","geometry":{"type":"LineString","coordinates":[[13.09139533,55.722801733],[13.099991348,55.724822329],[13.123556286,55.725544123],[13.163522199,55.71443813],[13.171035987,55.718873034],[13.189076657,55.720901844],[13.222602949,55.718929219]]},"properties":{"segment_id":"602000","code":1,"text":"Normalt","info":["Torrt"],"road":"E 6","updated":"2026-04-30T18:52:18.396Z","lan":12}},{"type":"Feature","geometry":{"type":"LineString","coordinates":[[13.902906029,60.02246302],[13.906027912,60.02572172],[13.916333216,60.030485223],[13.921594066,60.038116365],[13.927067186,60.041492482],[13.959690086,60.045946872],[13.977134587,60.045607054],[14.018756789,60.04971203],[14.068431362,60.046919447],[14.101146006,60.042925424],[14.120647227,60.042751267],[14.142397508,60.048605244]]},"properties":{"segment_id":"245010","code":1,"text":"Normalt","info":["Torrt"],"road":"Väg 245","updated":"2026-05-01T08:21:26.593Z","lan":17}},{"type":"Feature","geometry":{"type":"LineString","coordinates":[[15.52714979,58.434350013],[15.546984813,58.437859579],[15.564573661,58.438843175],[15.641607605,58.432687672],[15.670018113,58.432659114],[15.689879198,58.435059689],[15.733625561,58.447642804],[15.774462783,58.455100084],[15.810694076,58.468708181],[15.834299446,58.475185425],[15.962998647,58.492014372],[15.982366877,58.500014213],[15.989056262,58.505414888],[15.998423912,58.517414113],[16.010687534,58.524791151]]},"properties":{"segment_id":"4060","code":1,"text":"Normalt","info":["Torrt"],"road":"E 4","updated":"2026-04-30T18:52:33.483Z","lan":5}},{"type":"Feature","geometry":{"type":"LineString","coordinates":[[16.010913807,58.524897153],[16.03720104,58.534729372],[16.045476877,58.545593333],[16.069152948,58.565347447],[16.119617611,58.582863769]]},"properties":{"segment_id":"4063","code":1,"text":"Normalt","info":["Torrt"],"road":"E 4","updated":"2026-04-30T18:52:33.494Z","lan":5}},{"type":"Feature","geometry":{"type":"LineString","coordinates":[[16.119756892,58.582916448],[16.125524907,58.58578523],[16.128348583,58.589074842],[16.128877603,58.592680968],[16.126470797,58.599160139],[16.128141518,58.604552655],[16.1342988,58.610273918],[16.148275375,58.618655855],[16.152909024,58.629177244],[16.160404551,58.635002051],[16.167666802,58.644600987],[16.189200247,58.654607379],[16.205635625,58.66589759]]},"properties":{"segment_id":"4065","code":1,"text":"Normalt","info":["Torrt"],"road":"E 4","updated":"2026-04-30T18:52:33.504Z","lan":5}},{"type":"Feature","geometry":{"type":"LineString","coordinates":[[16.151978907,58.627604744],[16.137480675,58.632449285],[16.10282602,58.635732989],[16.081307813,58.64398135],[16.054825985,58.647982489],[16.047248293,58.651574229],[16.038023849,58.659543959],[16.029656832,58.662817653],[15.991450654,58.670536471],[15.958976825,58.672821274],[15.922539101,58.692326134],[15.870701738,58.705791039],[15.860827335,58.706414245],[15.842010406,58.703404046],[15.814161572,58.702190914],[15.785933636,58.705509714],[15.768196275,58.704179661]]},"properties":{"segment_id":"51000","code":1,"text":"Normalt","info":["Torrt"],"road":"Väg 51","updated":"2026-04-30T18:52:33.547Z","lan":5}},{"type":"Feature","geometry":{"type":"LineString","coordinates":[[16.312040471,58.483270598],[16.296990496,58.486774046],[16.273303406,58.486813661],[16.243614951,58.489341415],[16.227950289,58.493192968],[16.211343832,58.493710077],[16.175154061,58.488872796],[16.153089487,58.491345444],[16.135377879,58.491108144],[16.124828704,58.493823824],[16.102927457,58.487483906],[16.04725813,58.484330516],[16.015382195,58.479862161],[16.00598375,58.482235582],[15.997053124,58.481793311],[15.990936569,58.483223917],[15.971478368,58.48101943],[15.953575873,58.482977053],[15.945495863,58.479704547],[15.933420204,58.480888752],[15.949138909,58.489521843]]},"properties":{"segment_id":"21090","code":1,"text":"Normalt","info":["Torrt"],"road":"Väg 210","updated":"2026-04-30T18:52:33.514Z","lan":5}},{"type":"Feature","geometry":{"type":"LineString","coordinates":[[16.311853809,58.483784505],[16.309322719,58.490897493],[16.304097274,58.494786191],[16.299905978,58.502544591],[16.289901701,58.511915323],[16.286890897,58.519230228],[16.286378329,58.530086033],[16.281889894,58.536041283],[16.263941994,58.546126623],[16.242243198,58.552985147],[16.228659234,58.559151818],[16.219984652,58.565737577]]},"properties":{"segment_id":"22065","code":1,"text":"Normalt","info":["Torrt"],"road":"E 22","updated":"2026-04-30T18:52:33.526Z","lan":5}},{"type":"Feature","geometry":{"type":"LineString","coordinates":[[15.013025887,58.555019696],[15.008696687,58.560292065],[14.992160504,58.569982894],[14.987000578,58.576359159],[14.986225032,58.580867659],[14.988645497,58.594276863],[14.986044548,58.602251921],[14.986111139,58.607901102],[14.979702662,58.618560921],[14.980146094,58.625925554],[14.97425431,58.629687619],[14.961988685,58.633492593],[14.957659979,58.63821533],[14.95520046,58.648767345],[14.961172413,58.655127928],[14.968827878,58.670317081],[14.96820417,58.673639938],[14.963284048,58.679260797],[14.964982892,58.687712476]]},"properties":{"segment_id":"50010","code":1,"text":"Normalt","info":["Torrt"],"road":"Väg 50","updated":"2026-04-30T18:52:33.536Z","lan":5}},{"type":"Feature","geometry":{"type":"LineString","coordinates":[[15.768196275,58.704179661],[15.767629445,58.705871549],[15.759005046,58.709290674],[15.742248962,58.710313371],[15.730789592,58.707953897],[15.685143873,58.719790629],[15.645117815,58.719628968],[15.626269074,58.726682432],[15.596560909,58.727425097],[15.587297819,58.729093241],[15.577228925,58.734302931],[15.577390732,58.737813866],[15.573032751,58.741731158],[15.572221475,58.744932073],[15.56206425,58.751515061],[15.554524524,58.753379866],[15.533687089,58.753737219],[15.528597315,58.755446641],[15.519745064,58.764508679],[15.512804369,58.775691027],[15.49660566,58.786980783],[15.481914465,58.790431337],[15.467277771,58.791715573],[15.453299595,58.801123695],[15.423596001,58.80205085],[15.416014335,58.806278631],[15.413954706,58.809195104]]},"properties":{"segment_id":"51005","code":1,"text":"Normalt","info":["Torrt"],"road":"Väg 51","updated":"2026-04-30T18:52:33.559Z","lan":5}},{"type":"Feature","geometry":{"type":"LineString","coordinates":[[16.158782939,58.625567597],[16.158481699,58.632594238],[16.166966542,58.640655259],[16.16353092,58.645617485],[16.169529773,58.653422353],[16.170274773,58.657143106],[16.1648268,58.668482858],[16.150679813,58.676074064],[16.149426832,58.682543259],[16.150643167,58.685954508],[16.157787268,58.692788598],[16.155791107,58.7028483],[16.173146004,58.726744987],[16.172549222,58.740322047],[16.176559074,58.751108672],[16.171972312,58.763231036],[16.157308481,58.784461726],[16.151591443,58.808242718],[16.154264289,58.813140845],[16.157440893,58.815465621],[16.17056439,58.82211056],[16.193654812,58.830324063],[16.195932623,58.833087341],[16.195739068,58.839035074]]},"properties":{"segment_id":"55000","code":1,"text":"Normalt","info":["Torrt"],"road":"Väg 55","updated":"2026-04-30T18:52:33.571Z","lan":5}},{"type":"Feature","geometry":{"type":"LineString","coordinates":[[15.271303983,58.572013977],[15.273320753,58.577093114],[15.273173723,58.582500158],[15.269820229,58.584752559],[15.273209015,58.589236038],[15.272061872,58.594357791],[15.268335547,58.597509061],[15.268646489,58.599915387],[15.274450088,58.604941614],[15.297726834,58.616242133],[15.301737789,58.620229439],[15.302062159,58.623902001],[15.309258375,58.62962391],[15.309350621,58.63811094],[15.303871432,58.641905083],[15.304843321,58.648656648],[15.309219188,58.654421117],[15.308833246,58.661454311],[15.313414546,58.668726974],[15.31291353,58.674386328],[15.315586104,58.678187819],[15.315090184,58.686299014],[15.319008981,58.692315716],[15.335372692,58.70757801],[15.341685889,58.708944518],[15.348712876,58.714323349],[15.358527834,58.715248416],[15.362277461,58.717240721],[15.367188923,58.727869447],[15.370984217,58.730732535],[15.372459247,58.737850298],[15.371004674,58.742389946],[15.376266707,58.744898385],[15.381587224,58.755830694],[15.390175889,58.764965694],[15.390774122,58.773594687],[15.387499858,58.790138669],[15.390954136,58.794232582],[15.413954706,58.809195104]]},"properties":{"segment_id":"211000","code":1,"text":"Normalt","info":["Torrt"],"road":"Väg 211","updated":"2026-04-30T18:52:33.584Z","lan":5}},{"type":"Feature","geometry":{"type":"LineString","coordinates":[[15.273353621,58.572485643],[15.260178185,58.569432405],[15.247257562,58.570499739],[15.229466448,58.578813467],[15.21709076,58.582499317],[15.182211791,58.588867299],[15.16463399,58.589250257],[15.119393763,58.584001297],[15.071002601,58.570053335],[15.064547458,58.565611018],[15.062336291,58.559486889],[15.062845781,58.556073759],[15.036500124,58.555158872],[15.024832584,58.556311259],[15.013507006,58.554893908]]},"properties":{"segment_id":"34010","code":1,"text":"Normalt","info":["Torrt"],"road":"Väg 34","updated":"2026-04-30T18:52:33.637Z","lan":5}},{"type":"Feature","geometry":{"type":"LineString","coordinates":[[15.950134723,58.490825835],[15.978480315,58.503403144],[15.981696468,58.50611808],[15.981533036,58.512559375],[15.985134458,58.521019712],[15.977034061,58.53287484],[15.977026333,58.540006519],[15.974539365,58.543860673],[15.956902946,58.552966124],[15.949112704,58.559113587],[15.934875998,58.580199424],[15.908673157,58.581123821],[15.898370607,58.585121251],[15.882101783,58.585224926],[15.861539382,58.591894055],[15.841286944,58.594596918],[15.813033291,58.610020474],[15.811024942,58.613230603],[15.811463235,58.617287521],[15.817863376,58.6222677],[15.822057981,58.62858197],[15.820956787,58.633762394],[15.822166998,58.642017717],[15.820206453,58.645838411],[15.810065541,58.654345294],[15.801077213,58.657697766],[15.784099504,58.659212395],[15.779046594,58.662961414],[15.762921766,58.66737807],[15.753041614,58.673714278],[15.750360867,58.68217249],[15.752364538,58.685510879],[15.750277788,58.687939059],[15.751255235,58.692477968],[15.748443765,58.696535975],[15.753947819,58.700518577],[15.768075085,58.704162421]]},"properties":{"segment_id":"215000","code":1,"text":"Normalt","info":["Torrt"],"road":"Väg 215","updated":"2026-04-30T18:52:33.603Z","lan":5}},{"type":"Feature","geometry":{"type":"LineString","coordinates":[[16.219816852,58.565855939],[16.214708182,58.571733759],[16.211708483,58.579468766],[16.211463496,58.580342344],[16.212583929,58.581409637],[16.196611957,58.575541287],[16.185868501,58.574140847],[16.164115854,58.575687024],[16.150024783,58.58385282]]},"properties":{"segment_id":"22070","code":1,"text":"Normalt","info":["Torrt"],"road":"E 22","updated":"2026-04-30T18:52:33.616Z","lan":5}},{"type":"Feature","geometry":{"type":"LineString","coordinates":[[16.205829241,58.666012543],[16.21998852,58.671573757],[16.242473306,58.670577296],[16.267289011,58.677305539],[16.304817573,58.678224141],[16.317601484,58.680608974],[16.332371328,58.687525991],[16.341419982,58.702117963],[16.360724168,58.709415652],[16.374791654,58.718131774]]},"properties":{"segment_id":"4067","code":1,"text":"Normalt","info":["Torrt"],"road":"E 4","updated":"2026-04-30T18:52:33.626Z","lan":5}},{"type":"Feature","geometry":{"type":"LineString","coordinates":[[15.273525831,58.572521202],[15.295425042,58.571933858],[15.305679236,58.564868535],[15.317406003,58.559559091],[15.321572091,58.554680852],[15.321294697,58.543149502],[15.329425295,58.536356967],[15.352082721,58.533216251],[15.381334245,58.536761221],[15.394548741,58.531206736],[15.408769911,58.528413953],[15.4271237,58.518295028],[15.442743702,58.51270057],[15.461712446,58.495892295],[15.486050929,58.479330351],[15.501387366,58.455685797],[15.511761583,58.446708156],[15.525483066,58.43857821],[15.526370386,58.436059721]]},"properties":{"segment_id":"34015","code":1,"text":"Normalt","info":["Torrt"],"road":"Väg 34","updated":"2026-04-30T18:52:33.648Z","lan":5}},{"type":"Feature","geometry":{"type":"LineString","coordinates":[[13.331920485,55.660961174],[13.344029306,55.654304186],[13.376894255,55.647517959],[13.388724035,55.648527627],[13.408363037,55.655281355],[13.416052758,55.656153714],[13.443820434,55.652581831],[13.458929921,55.647461422],[13.489215722,55.645079188],[13.511512899,55.640400118],[13.535461652,55.641128678],[13.58000993,55.63816561],[13.601496585,55.641099367],[13.681332925,55.634596632]]},"properties":{"segment_id":"11005","code":1,"text":"Normalt","info":["Torrt"],"road":"Väg 11","updated":"2026-04-30T18:53:38.799Z","lan":12}},{"type":"Feature","geometry":{"type":"LineString","coordinates":[[13.246678198,55.517175007],[13.260540858,55.514236172],[13.29500239,55.515035348],[13.350931891,55.504729233],[13.388091608,55.500164364],[13.404263424,55.50038517],[13.418635202,55.497722768],[13.439821156,55.496430833],[13.464865247,55.491552988],[13.494805331,55.494665695],[13.50785472,55.494519866],[13.577678427,55.48401864],[13.606472399,55.482013239],[13.648299824,55.47591299],[13.694403383,55.471659483],[13.775072692,55.44658528],[13.792243337,55.438272717]]},"properties":{"segment_id":"65005","code":1,"text":"Normalt","info":["Torrt"],"road":"E 65","updated":"2026-04-30T18:53:38.810Z","lan":12}},{"type":"Feature","geometry":{"type":"LineString","coordinates":[[13.136979582,55.374416361],[13.154778533,55.373149489],[13.172445838,55.369577268],[13.221727549,55.366098103],[13.253773942,55.355379887],[13.259042279,55.351797199],[13.279061245,55.345924443],[13.319624869,55.344053456],[13.348322371,55.339232146],[13.357492015,55.339032218],[13.425663332,55.361939025],[13.449068123,55.371432002],[13.495559539,55.385951795],[13.541721844,55.388020892],[13.558207775,55.385304663],[13.582347711,55.389631015],[13.601044427,55.397116668],[13.612220451,55.407138434],[13.636667224,55.418242378],[13.683783768,55.418596675],[13.701901973,55.425440381],[13.714562847,55.427272536],[13.76843415,55.426227103],[13.77254361,55.42772422],[13.777722181,55.434012704],[13.791790137,55.43758527]]},"properties":{"segment_id":"9000","code":1,"text":"Normalt","info":["Torrt"],"road":"Väg 9","updated":"2026-04-30T18:53:38.784Z","lan":12}},{"type":"Feature","geometry":{"type":"LineString","coordinates":[[22.655582583,65.910258974],[22.657574537,65.915493235],[22.65687729,65.922658453],[22.664856127,65.932872544],[22.665671562,65.940061283],[22.66800225,65.94493563],[22.691044597,65.968337998],[22.694427566,65.981562765],[22.69283567,65.996129886],[22.69520407,66.006210523],[22.701030212,66.016640937],[22.712379514,66.030620683],[22.718522324,66.042993818],[22.716720196,66.050053088],[22.702750166,66.061009501],[22.70265595,66.064642856],[22.706758031,66.069428484]]},"properties":{"segment_id":"10000","code":1,"text":"Normalt","info":["Torrt"],"road":"E 10","updated":"2026-05-03T22:00:23.832Z","lan":25}},{"type":"Feature","geometry":{"type":"LineString","coordinates":[[22.706779696,66.069499608],[22.714139424,66.082191249],[22.712079831,66.10321838],[22.70389326,66.116880092],[22.70541089,66.121633186],[22.719725587,66.128379911],[22.766453247,66.137075496],[22.773947487,66.139766103],[22.797604391,66.158375339],[22.80162933,66.164888081],[22.809876846,66.172053287],[22.80838936,66.181003354],[22.805481083,66.185881523],[22.807547219,66.190092188],[22.8081271,66.202106255],[22.810528151,66.20861119],[22.809150641,66.213890231],[22.80054232,66.222532627],[22.798742674,66.226677241],[22.801700799,66.242173159],[22.811233261,66.250574469],[22.819116385,66.270687499],[22.817071117,66.294228541],[22.809973447,66.307425587],[22.814676142,66.323267313],[22.809767672,66.330629509],[22.796282104,66.336509888],[22.768364697,66.354028353],[22.747986339,66.357477857],[22.731982342,66.363883663],[22.724666457,66.369529527],[22.71430237,66.374424025],[22.679353204,66.383679094],[22.672619017,66.389148562],[22.667376922,66.397134369],[22.653654346,66.409419767],[22.617184813,66.429906565],[22.586565828,66.437073632],[22.570649782,66.444573928],[22.550128547,66.45113191],[22.514308487,66.458851397],[22.503169834,66.467853999],[22.49742357,66.474844975],[22.464645454,66.49726593],[22.442956332,66.521394899],[22.437789722,66.524682488],[22.407393877,66.532672289],[22.376271965,66.536918501],[22.352252781,66.545749145],[22.322901572,66.553608025],[22.310104685,66.560965379],[22.290855226,66.567675857],[22.270209458,66.583234825],[22.264222506,66.595492986],[22.253610377,66.605006783],[22.242274522,66.610999072],[22.228660338,66.621398363],[22.208093545,66.632297102],[22.196520942,66.641913035]]},"properties":{"segment_id":"10005","code":1,"text":"Normalt","info":["Torrt"],"road":"E 10","updated":"2026-05-03T22:00:23.848Z","lan":25}},{"type":"Feature","geometry":{"type":"LineString","coordinates":[[13.204453437,55.454110608],[13.228404706,55.45392947],[13.250803836,55.450935421],[13.28991944,55.445224272],[13.320701983,55.437427399],[13.35937009,55.436972463],[13.377440859,55.426878338],[13.391344628,55.422676289],[13.409426729,55.422544285],[13.431745304,55.424755679],[13.441359744,55.423782152],[13.451378185,55.420548272],[13.470440003,55.418334685],[13.485858413,55.418796127],[13.506925025,55.41571197],[13.539762804,55.421464565],[13.563398092,55.423703549],[13.572201425,55.422773136],[13.584823448,55.425948349],[13.594051054,55.424194491],[13.620808649,55.423124123],[13.636478018,55.418231282]]},"properties":{"segment_id":"101005","code":1,"text":"Normalt","info":["Torrt"],"road":"Väg 101","updated":"2026-04-30T18:53:38.821Z","lan":12}},{"type":"Feature","geometry":{"type":"LineString","coordinates":[[13.146855133,55.373838495],[13.15147535,55.38170962],[13.153745657,55.399386384],[13.166780844,55.410169735],[13.17507584,55.422813282],[13.187921657,55.430086333],[13.185589753,55.437852813],[13.182208264,55.442979344],[13.18421458,55.448176874],[13.194417032,55.462635699],[13.220551564,55.481172785],[13.239086391,55.491030182],[13.248842102,55.504830636],[13.249190697,55.516240337]]},"properties":{"segment_id":"108000","code":1,"text":"Normalt","info":["Torrt"],"road":"Väg 108","updated":"2026-04-30T18:53:38.835Z","lan":12}},{"type":"Feature","geometry":{"type":"LineString","coordinates":[[13.249335431,55.51654797],[13.256918588,55.526667809],[13.269577587,55.534243691],[13.274160614,55.541039675],[13.271849143,55.546039859],[13.257682668,55.556327163],[13.255281935,55.562557006],[13.255871484,55.570366186],[13.252169896,55.579426348],[13.253311443,55.583729451],[13.264768355,55.602036984],[13.265835012,55.608801321],[13.258551193,55.620183497],[13.239972448,55.631826095],[13.232412346,55.642726492]]},"properties":{"segment_id":"108005","code":1,"text":"Normalt","info":["Torrt"],"road":"Väg 108","updated":"2026-04-30T18:53:38.847Z","lan":12}},{"type":"Feature","geometry":{"type":"LineString","coordinates":[[13.508475053,55.492766016],[13.517724845,55.512002155],[13.515154029,55.522656244],[13.517222803,55.535460416],[13.51480748,55.543204661],[13.517374221,55.555017297],[13.508850303,55.562822157],[13.507335207,55.571412952],[13.498921378,55.586578561],[13.49325342,55.592880579],[13.487648904,55.606561171],[13.493285558,55.616470927],[13.49258884,55.633797558],[13.487012847,55.638743445],[13.475247578,55.643450562]]},"properties":{"segment_id":"102005","code":1,"text":"Normalt","info":["Torrt"],"road":"Väg 102","updated":"2026-04-30T18:53:38.858Z","lan":12}},{"type":"Feature","geometry":{"type":"LineString","coordinates":[[14.55820112,56.922500716],[14.605850392,56.920045751],[14.683476513,56.897349011],[14.69269382,56.89641076],[14.721196777,56.897968883],[14.742305197,56.893693038],[14.753427055,56.889825543]]},"properties":{"segment_id":"25015","code":1,"text":"Normalt","info":["Torrt"],"road":"Väg 25","updated":"2026-04-30T19:23:13.848Z","lan":7}},{"type":"Feature","geometry":{"type":"LineString","coordinates":[[14.735365056,56.895547141],[14.731115443,56.897550415],[14.728021126,56.905431383],[14.720316448,56.912520459],[14.717487193,56.917464092],[14.718102924,56.925119548],[14.724544544,56.936049016],[14.72519069,56.939805591],[14.712037634,56.963914942],[14.710681865,56.97333559],[14.691772046,56.988364869],[14.672065458,56.996786283],[14.665566006,57.002033449],[14.661173604,57.008938967],[14.657150921,57.027389165],[14.651631634,57.041540924],[14.642952876,57.056357211],[14.638496517,57.073835244],[14.641128465,57.088243268],[14.632958504,57.116849759],[14.625977957,57.127860739],[14.60730822,57.137604552],[14.601735907,57.142608693],[14.596205786,57.149669912],[14.587388051,57.166745536]]},"properties":{"segment_id":"30010","code":1,"text":"Normalt","info":["Torrt"],"road":"Väg 30","updated":"2026-04-30T19:23:13.888Z","lan":7}},{"type":"Feature","geometry":{"type":"LineString","coordinates":[[15.365267543,56.921274392],[15.341018488,56.931763927],[15.328865673,56.945577377],[15.313488157,56.95829274],[15.304671794,56.976084058],[15.290002356,56.987294464],[15.280433155,56.997135284]]},"properties":{"segment_id":"31005","code":1,"text":"Normalt","info":["Torrt"],"road":"Väg 31","updated":"2026-04-30T19:23:13.901Z","lan":7}},{"type":"Feature","geometry":{"type":"LineString","coordinates":[[14.753443527,56.889816592],[14.760290387,56.881717645],[14.769529397,56.878977034],[14.794078453,56.878570719],[14.799227331,56.879181005],[14.800065645,56.881976275],[14.83320506,56.880084431],[14.845400657,56.88311863],[14.870601521,56.88457567],[14.943927806,56.871477999],[15.003674487,56.869163755],[15.026456392,56.864642216],[15.033211339,56.861631068],[15.083648818,56.827316626],[15.100786903,56.814618908],[15.118469315,56.796465132],[15.122652761,56.794062417],[15.154298497,56.786148503],[15.182650293,56.786739087],[15.204454001,56.781000536],[15.225523532,56.78218603],[15.242728219,56.780267139],[15.25071243,56.777511277],[15.259408115,56.771321593],[15.266757167,56.760184067],[15.267328328,56.755394437],[15.271113845,56.749645561],[15.269177317,56.74637962],[15.269715332,56.743880934],[15.281120873,56.736461985],[15.295723836,56.730956994],[15.362003319,56.7298029],[15.441472112,56.733212267],[15.465852724,56.732728251],[15.486945225,56.734597178]]},"properties":{"segment_id":"25020","code":1,"text":"Normalt","info":["Torrt"],"road":"Väg 25","updated":"2026-04-30T19:23:13.863Z","lan":7}},{"type":"Feature","geometry":{"type":"LineString","coordinates":[[15.486253769,56.735480309],[15.453797927,56.750992215],[15.439794803,56.763134777],[15.416202141,56.778982506],[15.412069662,56.797610839],[15.410696041,56.817236117],[15.392996786,56.835314646],[15.38923296,56.845343375],[15.386188555,56.871280003],[15.378215295,56.880988873],[15.368153122,56.900684291],[15.367323746,56.913201021],[15.363841662,56.918233083],[15.365267017,56.921220492]]},"properties":{"segment_id":"28010","code":1,"text":"Normalt","info":["Torrt"],"road":"Väg 28","updated":"2026-04-30T19:23:13.875Z","lan":7}},{"type":"Feature","geometry":{"type":"LineString","coordinates":[[15.280087495,56.997136058],[15.259110562,57.012776624],[15.24236555,57.020697667],[15.229215307,57.030325769],[15.20762561,57.040793218],[15.199180196,57.048559646],[15.192854498,57.062008754],[15.191640752,57.082456845],[15.179279635,57.10554443],[15.177537964,57.121070124],[15.171543836,57.135550594],[15.159094854,57.152895774],[15.162837952,57.165880786],[15.156993481,57.183603202],[15.156833622,57.200536781],[15.153364083,57.209991398],[15.145765718,57.218471596],[15.145008925,57.228165321]]},"properties":{"segment_id":"31007","code":1,"text":"Normalt","info":["Torrt"],"road":"Väg 31","updated":"2026-04-30T19:23:13.912Z","lan":7}},{"type":"Feature","geometry":{"type":"LineString","coordinates":[[14.547230505,56.893758439],[14.551786045,56.89715275],[14.556839393,56.904330811],[14.556780305,56.907933078],[14.553268837,56.914586504],[14.559919992,56.925803798],[14.558846312,56.933256484],[14.56056893,56.941877903],[14.564430685,56.950398949],[14.572455674,56.96024577],[14.567418834,56.981959866],[14.560078959,56.994646092],[14.558393219,57.006345782],[14.559175063,57.014020516],[14.563280191,57.026270518],[14.565215659,57.046741759],[14.572553719,57.052184074],[14.588604983,57.055606623],[14.59735373,57.059156574],[14.610491149,57.070499319],[14.620601422,57.083412613],[14.640382631,57.090289353]]},"properties":{"segment_id":"126010","code":1,"text":"Normalt","info":["Torrt"],"road":"Väg 126","updated":"2026-04-30T19:23:13.926Z","lan":7}},{"type":"Feature","geometry":{"type":"LineString","coordinates":[[15.270788174,57.004037902],[15.261762111,57.00344622],[15.241492221,57.0079338],[15.212463559,57.010681477],[15.186224871,57.005791313],[15.141267197,57.002948445],[15.109330936,57.003483484],[15.097466943,57.005721188],[15.069100954,57.015415261],[15.054298455,57.017129413]]},"properties":{"segment_id":"310190","code":1,"text":"Normalt","info":["Torrt"],"road":"Väg 31","updated":"2026-04-30T19:23:13.937Z","lan":7}},{"type":"Feature","geometry":{"type":"LineString","coordinates":[[14.753427055,56.889825543],[14.769869786,56.893010174],[14.792973201,56.900417183],[14.81829648,56.902316177],[14.824219724,56.899638536],[14.826373838,56.902435461],[14.84349113,56.912025639],[14.857172051,56.916129567],[14.858299643,56.9219702],[14.870396513,56.939052161],[14.913048554,56.944326513],[14.973715603,56.970136765],[14.980012861,56.974701562],[14.985602694,56.983191756],[14.997695955,56.990900412],[15.008690642,56.995625451],[15.03190377,57.001658593],[15.041605204,57.00630919],[15.052945964,57.015701621],[15.063212069,57.029109163],[15.09821164,57.050898391],[15.136670751,57.064885451],[15.161433162,57.071126414],[15.168495655,57.07553695],[15.175655597,57.08275875],[15.188129312,57.089496154]]},"properties":{"segment_id":"23012","code":1,"text":"Normalt","info":["Torrt"],"road":"Väg 23","updated":"2026-04-30T19:23:13.951Z","lan":7}},{"type":"Feature","geometry":{"type":"LineString","coordinates":[[15.188145813,57.089496129],[15.201337817,57.096985739],[15.209878245,57.110015577],[15.216062868,57.114532684],[15.227197899,57.118169229],[15.263536326,57.123919349],[15.294626871,57.145535962],[15.325736354,57.157649433],[15.374694777,57.165022875],[15.417044715,57.162445828],[15.45034945,57.162914658],[15.47709238,57.166058847],[15.490337552,57.164830977]]},"properties":{"segment_id":"23014","code":1,"text":"Normalt","info":["Torrt"],"road":"Väg 23","updated":"2026-04-30T19:23:13.964Z","lan":7}},{"type":"Feature","geometry":{"type":"LineString","coordinates":[[14.579815252,57.16961305],[14.571706345,57.171544012],[14.564995912,57.17824946],[14.548439891,57.180850068],[14.54094018,57.185350474],[14.531197254,57.195681243],[14.524776139,57.199564855],[14.519309003,57.208904671],[14.511715695,57.217283764],[14.507454492,57.226412132],[14.509573861,57.232699746],[14.508664454,57.23755615],[14.513325223,57.243440368],[14.513887953,57.249784732],[14.523885057,57.261070029],[14.523922452,57.272308195],[14.521041246,57.279645526],[14.523470428,57.288045072],[14.521313726,57.299544354],[14.514680322,57.308008044],[14.470754582,57.330270913],[14.469292961,57.336031952],[14.475694187,57.355453397]]},"properties":{"segment_id":"30015","code":1,"text":"Normalt","info":["Torrt"],"road":"Väg 30","updated":"2026-05-01T04:20:32.343Z","lan":6}},{"type":"Feature","geometry":{"type":"LineString","coordinates":[[15.145025735,57.228228184],[15.147517568,57.234226038],[15.127876776,57.259930364],[15.128501295,57.267897752],[15.127135738,57.27098933],[15.128989579,57.279512404],[15.131989619,57.283578632],[15.131231249,57.289553177],[15.128622391,57.293122154],[15.121309765,57.314661812],[15.113101854,57.323329105],[15.109870827,57.331272961],[15.110296099,57.334623253],[15.115502863,57.342326004],[15.118292778,57.352258606],[15.106879371,57.364979728],[15.087014107,57.379493514],[15.080528764,57.38744773],[15.08409088,57.395709696],[15.091296986,57.40306169],[15.090720304,57.412134842],[15.09232482,57.414720751],[15.072707685,57.411266198],[15.064718945,57.411899357],[15.059314647,57.415360431],[15.058543859,57.422654896],[15.056218214,57.426213175]]},"properties":{"segment_id":"31010","code":1,"text":"Normalt","info":["Torrt"],"road":"Väg 31","updated":"2026-05-01T04:20:32.358Z","lan":6}},{"type":"Feature","geometry":{"type":"LineString","coordinates":[[15.0562182,57.426204192],[15.054523845,57.429016576],[15.054994901,57.432187325],[15.065488827,57.442216166],[15.055251448,57.447700606],[15.041417552,57.458575142],[15.037357139,57.464792525],[15.038431287,57.471726935],[15.036935003,57.47597625],[15.023053358,57.489606449],[15.017318816,57.497584073],[14.997963738,57.510466528],[14.981754337,57.515989617],[14.936592034,57.539384007],[14.907312127,57.545168742],[14.895987617,57.550145325],[14.884399602,57.563474553],[14.866707998,57.574595647],[14.859247761,57.588393911],[14.838767913,57.597486832],[14.827000386,57.60931039],[14.808209154,57.618220993],[14.791138957,57.631991244],[14.779760854,57.633193576],[14.757951094,57.644040631],[14.734139311,57.647316387],[14.731746531,57.655997504],[14.716143203,57.664847235]]},"properties":{"segment_id":"31015","code":1,"text":"Normalt","info":["Torrt"],"road":"Väg 31","updated":"2026-05-01T04:20:32.372Z","lan":6}},{"type":"Feature","geometry":{"type":"LineString","coordinates":[[14.475710295,57.355489397],[14.488750353,57.359585433],[14.502023721,57.367534784],[14.617083046,57.389119225],[14.634559348,57.389898762],[14.655445681,57.396119956],[14.678644952,57.395570429],[14.702777168,57.392728177],[14.750826785,57.392526964],[14.771864421,57.391183445],[14.792379454,57.387841338],[14.818514967,57.394169767],[14.840027099,57.394297734],[14.890755674,57.399975249],[14.911772185,57.40011748],[14.952802731,57.403912355],[15.030715297,57.416394697],[15.05418731,57.426672191]]},"properties":{"segment_id":"127005","code":1,"text":"Normalt","info":["Torrt"],"road":"Väg 127","updated":"2026-05-01T04:20:32.403Z","lan":6}},{"type":"Feature","geometry":{"type":"LineString","coordinates":[[15.502115641,57.183514755],[15.497392816,57.190307007],[15.457556838,57.196261724],[15.455560606,57.200796575],[15.450276156,57.204489808],[15.44940335,57.211670593],[15.438918022,57.21539082],[15.431943911,57.219349673],[15.431055805,57.222712468],[15.423665203,57.225208008],[15.419568097,57.230485948],[15.410751322,57.236030796],[15.396308072,57.250198812],[15.396923064,57.253448795],[15.392486759,57.263335267],[15.384029507,57.264735817],[15.377497254,57.269606522],[15.372027045,57.279648047],[15.352248636,57.291005809],[15.34602097,57.297446037],[15.338642969,57.314399286],[15.32502431,57.317579289],[15.318294408,57.320776506],[15.313544452,57.332358632],[15.309512946,57.336869125],[15.299840511,57.340422879],[15.272667272,57.343547896],[15.266830489,57.349740729],[15.265793127,57.360262037],[15.26235249,57.362622801],[15.255354287,57.365062599],[15.229349717,57.367151789],[15.208352322,57.381947309],[15.195865986,57.382793778],[15.182023391,57.392013084],[15.157008566,57.397535319],[15.150669072,57.401612326],[15.12159968,57.412486109],[15.112081797,57.419142277],[15.109253514,57.419836444],[15.109616848,57.41884801]]},"properties":{"segment_id":"125000","code":1,"text":"Normalt","info":["Torrt"],"road":"Väg 125","updated":"2026-05-01T04:20:32.388Z","lan":6}},{"type":"Feature","geometry":{"type":"LineString","coordinates":[[14.678644952,57.395570429],[14.679776202,57.40131343],[14.684758572,57.408287791],[14.686294751,57.413555635],[14.700313005,57.433720499],[14.715392251,57.445855416],[14.731171016,57.454872928],[14.752218523,57.462398768],[14.762501862,57.470314478],[14.781902528,57.476924951],[14.799646731,57.497965174],[14.799526576,57.504666145],[14.788223617,57.51419638],[14.78265695,57.523978135],[14.7895627,57.539646767],[14.78988713,57.547129923],[14.804665417,57.557959852],[14.814874953,57.578069509],[14.820097311,57.580403565],[14.822550833,57.584808542],[14.83142025,57.590892963],[14.834406647,57.599978368],[14.844606818,57.605344971],[14.857090273,57.618195865],[14.858355625,57.624269531],[14.866838459,57.635003965]]},"properties":{"segment_id":"128000","code":1,"text":"Normalt","info":["Torrt"],"road":"Väg 128","updated":"2026-05-01T04:20:32.417Z","lan":6}},{"type":"Feature","geometry":{"type":"LineString","coordinates":[[15.529844542,57.406481167],[15.509706934,57.405369495],[15.496325498,57.401650039],[15.490619285,57.396803575],[15.484108882,57.395202829],[15.46606716,57.400004933],[15.445277066,57.39539997],[15.41918243,57.399298302],[15.379404684,57.396963033],[15.346336625,57.398091326],[15.320478585,57.401905658],[15.308681021,57.406004396],[15.245171555,57.416133],[15.21100081,57.417380592],[15.188789585,57.423398437],[15.177618684,57.430681834],[15.164849784,57.431795092],[15.13257725,57.423856367],[15.118389842,57.423690835],[15.101034058,57.415738119],[15.092424815,57.414765592]]},"properties":{"segment_id":"47003","code":1,"text":"Normalt","info":["Torrt"],"road":"Väg 47","updated":"2026-05-01T04:20:32.429Z","lan":6}},{"type":"Feature","geometry":{"type":"LineString","coordinates":[[13.293145221,56.002514249],[13.277695257,56.011654302],[13.272769155,56.017076125],[13.273167194,56.022177014],[13.239786489,56.051908682],[13.246222859,56.060465568],[13.264442331,56.077860216],[13.248578956,56.081473338],[13.237779709,56.082173346],[13.235165686,56.086269756],[13.219908503,56.09193681],[13.20793502,56.092230878],[13.201434146,56.095128836],[13.185138844,56.09670564],[13.180199545,56.099508617],[13.176712138,56.103896503],[13.179915497,56.114044588],[13.179061594,56.116458352],[13.169552569,56.121592852]]},"properties":{"segment_id":"13015","code":1,"text":"Normalt","info":["Torrt"],"road":"Väg 13","updated":"2026-05-01T05:40:25.282Z","lan":12}},{"type":"Feature","geometry":{"type":"LineString","coordinates":[[13.104467364,56.124097865],[13.109649743,56.129308649],[13.114087201,56.139243759],[13.112807446,56.143681561],[13.109296176,56.147986367],[13.100678289,56.153309046],[13.075390382,56.164762114],[13.069424773,56.170025094],[13.062558087,56.180989176],[13.053473417,56.189842075],[13.035512802,56.215196899],[13.036437276,56.232438951],[13.028165753,56.241437787],[13.005045481,56.252183615],[12.995551042,56.253773582],[12.962866144,56.254875353],[12.892129938,56.251201127]]},"properties":{"segment_id":"13020","code":1,"text":"Normalt","info":["Torrt"],"road":"Väg 13","updated":"2026-05-01T05:40:25.292Z","lan":12}},{"type":"Feature","geometry":{"type":"LineString","coordinates":[[20.342135695,63.686756683],[20.355810179,63.695272586],[20.361527191,63.705317418],[20.359609031,63.711462885],[20.323099763,63.710669556],[20.307111131,63.714986124],[20.294518257,63.72336868],[20.289433921,63.739355876],[20.293672769,63.749070434],[20.297904452,63.773766535],[20.304007049,63.783394414],[20.297058457,63.79165827],[20.284563358,63.798802626]]},"properties":{"segment_id":"12000","code":1,"text":"Normalt","info":["Torrt"],"road":"E 12","updated":"2026-05-03T22:00:23.898Z","lan":24}},{"type":"Feature","geometry":{"type":"LineString","coordinates":[[12.935099471,56.144766227],[12.955134475,56.141262084],[12.972872566,56.14096131],[12.986138823,56.136289455],[13.025687677,56.134303778],[13.075259982,56.125829901],[13.098362079,56.125882218],[13.114888912,56.119575352],[13.145612619,56.115942637],[13.182070838,56.123593018],[13.203217983,56.123785651],[13.245906066,56.127544507],[13.270670472,56.125701046],[13.313633243,56.129251555],[13.341035256,56.134475146],[13.375522676,56.132911591],[13.396384037,56.135844039]]},"properties":{"segment_id":"21000","code":1,"text":"Normalt","info":["Torrt"],"road":"Väg 21","updated":"2026-05-01T05:40:25.305Z","lan":12}},{"type":"Feature","geometry":{"type":"LineString","coordinates":[[13.339759798,56.285280284],[13.329840366,56.287869619],[13.284177703,56.289024451],[13.282281247,56.293841644],[13.282367879,56.300555433],[13.27482162,56.314864168],[13.283192897,56.327201483],[13.282797821,56.333117791],[13.265942212,56.345957689],[13.253791316,56.349111885]]},"properties":{"segment_id":"24005","code":1,"text":"Normalt","info":["Torrt"],"road":"Väg 24","updated":"2026-05-01T05:40:25.318Z","lan":12}},{"type":"Feature","geometry":{"type":"LineString","coordinates":[[12.908244418,56.316503291],[12.866486249,56.323276982],[12.837361558,56.324353537],[12.805166197,56.335497225],[12.79998156,56.347429854],[12.800637863,56.357956276],[12.797794312,56.367683602],[12.787266648,56.379179161],[12.770544186,56.393429473],[12.760527722,56.39816484],[12.752247918,56.406939131],[12.738025862,56.416332604],[12.736055272,56.422210126],[12.731201649,56.42665091],[12.726909985,56.434157412],[12.716226036,56.433790418],[12.702772532,56.437658093],[12.688598339,56.434644731],[12.660529876,56.433408541],[12.641749053,56.430212924],[12.63255347,56.42523853],[12.626372803,56.426306721]]},"properties":{"segment_id":"105000","code":1,"text":"Normalt","info":["Torrt"],"road":"Väg 105","updated":"2026-05-01T05:40:25.328Z","lan":12}},{"type":"Feature","geometry":{"type":"LineString","coordinates":[[13.37558471,56.133730143],[13.377222967,56.140679964],[13.381637832,56.143244995],[13.384412583,56.147316061],[13.384008179,56.15311578],[13.377427302,56.160658725],[13.356763735,56.175814829],[13.354687853,56.184422846],[13.352277789,56.188021126],[13.347717634,56.190638119],[13.345559352,56.195102299],[13.350578379,56.200210543],[13.35663937,56.201720026],[13.369956757,56.21041505],[13.371282231,56.224405759],[13.374166831,56.228658137],[13.374100035,56.233662454],[13.371096577,56.238664082],[13.374372731,56.245886964],[13.373619905,56.24879751],[13.377004645,56.251960077],[13.377568609,56.254654272]]},"properties":{"segment_id":"108025","code":1,"text":"Normalt","info":["Torrt"],"road":"Väg 108","updated":"2026-05-01T05:40:25.355Z","lan":12}},{"type":"Feature","geometry":{"type":"LineString","coordinates":[[12.987656096,56.254094766],[12.990371662,56.26326937],[13.00164522,56.269724613],[13.06662603,56.285557534],[13.089588597,56.296491061],[13.127371402,56.308427008],[13.143527846,56.311959253],[13.153829956,56.310549644],[13.173626932,56.302917311],[13.23004709,56.301669778],[13.244855766,56.298070443],[13.27261138,56.286104887]]},"properties":{"segment_id":"114000","code":1,"text":"Normalt","info":["Torrt"],"road":"Väg 114","updated":"2026-05-01T05:40:25.365Z","lan":12}},{"type":"Feature","geometry":{"type":"LineString","coordinates":[[13.685341717,56.17677166],[13.663075023,56.200515421],[13.659350614,56.20238903],[13.630877173,56.207522363],[13.619299722,56.205776241],[13.590328149,56.206689424],[13.579009076,56.216318343],[13.561333929,56.220220488],[13.506573824,56.239043632],[13.475120101,56.243638114],[13.452760177,56.251465756],[13.436083684,56.25390695],[13.388008131,56.253999937],[13.367656808,56.256554755],[13.355758876,56.263334422],[13.346777083,56.279533311],[13.342134447,56.284539312]]},"properties":{"segment_id":"24010","code":1,"text":"Normalt","info":["Torrt"],"road":"Väg 24","updated":"2026-05-01T05:40:25.379Z","lan":12}},{"type":"Feature","geometry":{"type":"LineString","coordinates":[[12.727022337,56.434177445],[12.736594047,56.435520778],[12.770281656,56.433938048],[12.808179371,56.43918776],[12.834254312,56.433399868],[12.847820628,56.427264349],[12.89577243,56.42615493],[12.921642459,56.428756863],[12.948839775,56.427556033],[12.955384901,56.42677442],[12.954551681,56.423264917],[12.962500786,56.421077222]]},"properties":{"segment_id":"115000","code":1,"text":"Normalt","info":["Torrt"],"road":"Väg 115","updated":"2026-05-01T05:40:25.397Z","lan":12}},{"type":"Feature","geometry":{"type":"LineString","coordinates":[[13.755140059,56.180818844],[13.742415062,56.205867388],[13.713890084,56.23350992],[13.713911501,56.242980818],[13.720385767,56.267551198],[13.714323182,56.274029761],[13.713192946,56.285564261],[13.706614447,56.297149777],[13.687544086,56.315117619],[13.680282105,56.32738639],[13.665001506,56.336118222],[13.663993687,56.342738577],[13.661498989,56.34513771],[13.662097517,56.353922887],[13.657389427,56.360790713],[13.66255932,56.370317166],[13.651375242,56.383045062],[13.65090496,56.396805483],[13.643781265,56.406683533],[13.628844139,56.416457097],[13.62244904,56.427447195],[13.600369192,56.447165525]]},"properties":{"segment_id":"117001","code":1,"text":"Normalt","info":["Torrt"],"road":"Väg 117","updated":"2026-05-01T05:40:25.411Z","lan":12}},{"type":"Feature","geometry":{"type":"LineString","coordinates":[[14.158820004,59.713724354],[14.157185115,59.718652943],[14.163182724,59.721250625],[14.163055053,59.725650067],[14.165543722,59.728539533],[14.16000424,59.743779378],[14.154861366,59.749457742],[14.149944012,59.765105252],[14.147723187,59.767021589],[14.14836084,59.772045578],[14.144774728,59.779278193],[14.137908294,59.787234592],[14.13049242,59.790158175],[14.115191059,59.800131773],[14.118514307,59.809268838],[14.110940303,59.82189771],[14.083293671,59.844131261],[14.071486733,59.847730354],[14.038543353,59.853187319],[14.022481917,59.860351946],[14.010045598,59.870891512],[14.006254607,59.89738118],[13.979580129,59.924378075],[13.970010092,59.945137452],[13.973132993,59.957024438],[13.972653457,59.962103407],[13.969124771,59.967885975],[13.967631156,59.974438703],[13.971069546,59.987190223],[13.967040527,59.99225043],[13.9127437,60.021206305],[13.885283533,60.023626626],[13.869504549,60.028566334],[13.834118965,60.034589903],[13.811600381,60.044878192],[13.789302612,60.049731717],[13.775570605,60.055891407],[13.762568803,60.057763981],[13.748951145,60.064002843]]},"properties":{"segment_id":"246000","code":1,"text":"Normalt","info":["Torrt"],"road":"Väg 246","updated":"2026-05-01T08:21:26.538Z","lan":17}},{"type":"Feature","geometry":{"type":"LineString","coordinates":[[13.748697683,60.064054327],[13.725138431,60.066559321],[13.707679665,60.057247904],[13.704594864,60.053463938],[13.703122551,60.042466537],[13.705905482,60.03466294],[13.699804831,60.030041034],[13.699272897,60.024854119],[13.677121822,60.013381732],[13.655222308,60.00845485],[13.643019952,60.008608457],[13.635844512,60.010815603],[13.600707222,60.035836149],[13.587586184,60.034978134]]},"properties":{"segment_id":"246005","code":1,"text":"Normalt","info":["Torrt"],"road":"Väg 246","updated":"2026-05-01T08:21:26.552Z","lan":17}},{"type":"Feature","geometry":{"type":"LineString","coordinates":[[14.282883578,59.536294771],[14.29325519,59.533288929],[14.300992033,59.522536238],[14.30562338,59.510473485],[14.325350391,59.495867067],[14.328737231,59.485395549],[14.327070766,59.4768647],[14.33117928,59.470824094],[14.363404723,59.457658293],[14.387804256,59.45070741],[14.41256541,59.434521911],[14.423670359,59.429407729],[14.427844026,59.424406109],[14.426587596,59.414288804],[14.427587508,59.410368806],[14.435074575,59.399777731],[14.450775965,59.393702219],[14.465844876,59.391663372],[14.478149863,59.384915078],[14.500819263,59.377945263]]},"properties":{"segment_id":"237000","code":1,"text":"Normalt","info":["Torrt"],"road":"Väg 237","updated":"2026-05-01T08:21:26.566Z","lan":17}},{"type":"Feature","geometry":{"type":"LineString","coordinates":[[13.740396332,59.603488112],[13.735349555,59.611423494],[13.72953901,59.615579323],[13.730169487,59.625643997],[13.726600691,59.630926046],[13.716617514,59.639270715],[13.715274557,59.64424194],[13.711544359,59.648992141],[13.709059305,59.659178934],[13.691056401,59.667532357],[13.686166721,59.675440533],[13.679846913,59.679912445],[13.682161826,59.699199643],[13.679939641,59.709155028],[13.675378779,59.716617075],[13.680280206,59.728494154],[13.678448446,59.741111725],[13.700665638,59.766443453],[13.695736895,59.777315202],[13.695153112,59.784969957],[13.704138844,59.79903275],[13.702320341,59.806845967],[13.712018701,59.823465642],[13.711655123,59.838423792],[13.713438627,59.844458236],[13.706547913,59.855544628],[13.70819245,59.873450085],[13.704110139,59.881501484],[13.676686032,59.898543504],[13.67031151,59.91580291],[13.674998186,59.924309785],[13.674597387,59.929424675],[13.678397682,59.940041889],[13.659043793,59.96323193],[13.652033145,59.987219367],[13.64240363,59.995203189],[13.64211711,60.00044487],[13.645610756,60.008410534]]},"properties":{"segment_id":"240920","code":1,"text":"Normalt","info":["Torrt"],"road":"Väg 240","updated":"2026-05-01T08:21:26.579Z","lan":17}},{"type":"Feature","geometry":{"type":"LineString","coordinates":[[14.173955841,59.71409881],[14.193999558,59.715157278],[14.205045165,59.718637028],[14.222287883,59.734823515],[14.234377364,59.742850812],[14.23945149,59.750522256],[14.250819726,59.75462854],[14.257321225,59.760798754],[14.259923904,59.769479087],[14.25775166,59.771083233],[14.257244447,59.775480542],[14.259842399,59.792467256],[14.253713716,59.810787565],[14.262191257,59.827295489],[14.256041773,59.839114299],[14.257357267,59.84494067],[14.262385324,59.849979682],[14.263400889,59.855714499],[14.268206313,59.862063079],[14.267337331,59.868290238],[14.269939064,59.873432148],[14.268257123,59.879259684],[14.260467379,59.884936325],[14.25918171,59.896944055],[14.250029994,59.907272928],[14.246714801,59.917868113],[14.237201135,59.925616841],[14.227687736,59.937010673],[14.216593443,59.943051495],[14.200407829,59.95665752],[14.190934438,59.971398423],[14.182210246,59.978672145],[14.177940684,59.984662062],[14.166950695,59.992683942],[14.156323848,60.004541592],[14.150333727,60.024150862],[14.150452517,60.035600764],[14.143225068,60.046464461],[14.141687414,60.055901129],[14.136752512,60.06331317],[14.136904117,60.068513396],[14.139770162,60.076434177],[14.138690677,60.0847513],[14.140292439,60.087437653],[14.149138493,60.092263018],[14.154781932,60.099366146],[14.168236368,60.104955876],[14.173866063,60.11213888],[14.191815667,60.11673047],[14.195432281,60.121888796],[14.205041122,60.129381878]]},"properties":{"segment_id":"26075","code":1,"text":"Normalt","info":["Torrt"],"road":"Väg 26","updated":"2026-05-01T08:21:26.604Z","lan":17}},{"type":"Feature","geometry":{"type":"LineString","coordinates":[[14.116212752,59.326594071],[14.126242991,59.339764509],[14.167569297,59.371565823],[14.178724469,59.383257374],[14.205857329,59.39423787],[14.211576663,59.401205492],[14.222468751,59.408545015],[14.224833029,59.413776727],[14.222593753,59.425384129],[14.223442232,59.428352726],[14.23221442,59.436379215],[14.239729121,59.448762255],[14.252710177,59.461526426],[14.255593642,59.466796397],[14.258577475,59.482026069],[14.253489655,59.491785685],[14.252867508,59.498364712],[14.260047726,59.504395402],[14.270981253,59.519202431],[14.280936329,59.525606568],[14.283650309,59.531826808],[14.281991252,59.535849847]]},"properties":{"segment_id":"26065","code":1,"text":"Normalt","info":["Torrt"],"road":"Väg 26","updated":"2026-05-01T08:21:26.617Z","lan":17}},{"type":"Feature","geometry":{"type":"LineString","coordinates":[[13.394898522,60.287869576],[13.411829437,60.278185394],[13.425971236,60.272911494],[13.443265876,60.26015637],[13.449648231,60.244820366],[13.464686258,60.228443972],[13.479750241,60.21663736],[13.491514318,60.204549133],[13.497534218,60.192852946],[13.495655264,60.175579957],[13.498587023,60.166641596],[13.502667314,60.162520772],[13.516131191,60.155658411],[13.524677471,60.143046364],[13.525693317,60.131616426],[13.543752515,60.109562433],[13.548166826,60.095107302],[13.554005561,60.08743896],[13.555763997,60.080121032],[13.55460024,60.075088171],[13.549445927,60.068457941],[13.549506224,60.064219752],[13.557760029,60.05417092],[13.576667661,60.046356159],[13.584836913,60.040920811],[13.58968369,60.029145194],[13.590628896,60.021279303],[13.599337074,60.011807585],[13.604464537,60.003357239],[13.60262875,59.998838551],[13.598688634,59.995339268],[13.57610335,59.983548543],[13.568652793,59.978034663],[13.5615329,59.967431877],[13.563228901,59.961361424],[13.571963822,59.955241584],[13.581983321,59.94495897],[13.570744768,59.913683468],[13.565830785,59.906122169],[13.558656978,59.901670271],[13.56081488,59.89435653],[13.565910231,59.885619863],[13.560438146,59.883234158],[13.558194899,59.875620821],[13.56132844,59.871730452],[13.562375173,59.854516607],[13.560444403,59.849205782],[13.544175442,59.831397366],[13.52514014,59.82735057],[13.518423362,59.820736969],[13.508262804,59.815431152],[13.501866818,59.792259228],[13.48396876,59.785345244],[13.467426952,59.782809414],[13.444737654,59.775771179],[13.438204825,59.771113314],[13.443109045,59.754520304],[13.43851816,59.749148938],[13.439441877,59.743843011],[13.443589199,59.740371557],[13.457753277,59.733775731],[13.474074336,59.719919732]]},"properties":{"segment_id":"62003","code":1,"text":"Normalt","info":["Torrt"],"road":"Väg 62","updated":"2026-05-01T08:21:41.699Z","lan":17}},{"type":"Feature","geometry":{"type":"LineString","coordinates":[[14.158074889,59.713665698],[14.142617835,59.712658703],[14.110559583,59.698265764],[14.09074166,59.695238374],[14.07717775,59.68714232],[14.063215349,59.682104259],[14.056388022,59.676694112],[14.044102759,59.676614182],[14.034818996,59.674660361],[14.022375354,59.667850943],[14.01265397,59.660378319],[13.992713885,59.650617689],[13.965315694,59.644378529],[13.953842106,59.63228059],[13.952334681,59.628299171],[13.942351613,59.620980712],[13.919574176,59.621459518],[13.895429178,59.618752702],[13.86605096,59.605767279],[13.854557083,59.602982093],[13.840882537,59.603382726],[13.800991061,59.611043606],[13.782523892,59.606149456],[13.745796574,59.605497738],[13.738888645,59.602584504],[13.736324821,59.59913809],[13.732749324,59.597639672]]},"properties":{"segment_id":"63003","code":1,"text":"Normalt","info":["Torrt"],"road":"Väg 63","updated":"2026-05-01T08:21:41.713Z","lan":17}},{"type":"Feature","geometry":{"type":"LineString","coordinates":[[20.253605787,63.803804006],[20.247834264,63.810294519],[20.239400843,63.81376848],[20.227874733,63.81398018],[20.205410536,63.811419557],[20.188566445,63.81127134],[20.180467899,63.812732305],[20.163459296,63.823005109],[20.148826338,63.826290458],[20.142954952,63.829603809],[20.142042815,63.833081969],[20.149367096,63.846261302],[20.124978789,63.849001136],[20.100175437,63.854306266],[20.094654734,63.856804295],[20.081307853,63.86733234],[20.053862582,63.878488027],[20.035071591,63.883957153],[20.00246886,63.888247581],[19.980170639,63.893137927],[19.93500902,63.894148223],[19.918885483,63.896380118],[19.897407443,63.902218585],[19.883802394,63.912968438],[19.866262394,63.92135788],[19.830173203,63.920022869],[19.78100339,63.92245763]]},"properties":{"segment_id":"12005","code":1,"text":"Normalt","info":["Torrt"],"road":"E 12","updated":"2026-05-03T22:00:23.911Z","lan":24}},{"type":"Feature","geometry":{"type":"LineString","coordinates":[[14.158857127,59.71366173],[14.191978088,59.714947295],[14.203834203,59.717974148],[14.222287883,59.734823515],[14.234377364,59.742850812],[14.240115594,59.751055917],[14.251815983,59.755442413],[14.257321225,59.760798754],[14.25935907,59.768452193],[14.26187584,59.771393808],[14.267066967,59.773398434],[14.295028562,59.776586528],[14.299125277,59.779104839],[14.303268298,59.785412777],[14.310651585,59.78845994],[14.31811267,59.78863353],[14.332201401,59.785230611],[14.365228968,59.786103566],[14.376855809,59.7844979],[14.381756565,59.78245567],[14.390620225,59.775007872],[14.406952283,59.766857034],[14.420230743,59.763952921],[14.434581858,59.757478127],[14.451448353,59.744852147],[14.476435346,59.738704128],[14.491365034,59.743055107],[14.503205035,59.749637677],[14.508781221,59.750403957],[14.522582158,59.768414304],[14.524504511,59.775964241],[14.530946204,59.781393164],[14.532743129,59.785359611]]},"properties":{"segment_id":"63005","code":1,"text":"Normalt","info":["Torrt"],"road":"Väg 63","updated":"2026-05-01T08:21:41.726Z","lan":17}},{"type":"Feature","geometry":{"type":"LineString","coordinates":[[14.281259588,59.536995302],[14.278364917,59.541711961],[14.276884752,59.550540342],[14.257790888,59.57657493],[14.259415648,59.590449557],[14.256392055,59.607072709],[14.262745824,59.626829019],[14.261505161,59.633269774],[14.249015825,59.645411823],[14.22206519,59.657853883],[14.211588336,59.664939533],[14.208441777,59.669662101],[14.208686052,59.675868845],[14.207241232,59.679155832],[14.196804488,59.68563889],[14.192489864,59.693703511],[14.181510605,59.702454003],[14.179195241,59.709928968],[14.174048912,59.713928773]]},"properties":{"segment_id":"26070","code":1,"text":"Normalt","info":["Torrt"],"road":"Väg 26","updated":"2026-05-01T08:21:41.738Z","lan":17}},{"type":"Feature","geometry":{"type":"LineString","coordinates":[[18.684051848,64.590157485],[18.681953152,64.592267478],[18.680279657,64.598760492],[18.672542852,64.602816887],[18.647665832,64.608905931],[18.641274495,64.614625381],[18.63589619,64.622772369],[18.622620969,64.629208357],[18.605565442,64.629778666],[18.585572988,64.628253118],[18.572651925,64.631755833],[18.544148882,64.634176779],[18.504083796,64.644431382],[18.467765946,64.649627668],[18.450544093,64.657244739],[18.446887949,64.663941944],[18.430259388,64.67752548],[18.418635627,64.681666539],[18.397100775,64.692978641],[18.346302802,64.703640486],[18.328934945,64.70412209],[18.29999595,64.709243675],[18.273795181,64.708783638],[18.26096475,64.710180731],[18.238620666,64.717381122],[18.217384817,64.728874258],[18.184017744,64.750685041],[18.136604024,64.773243241],[18.102827368,64.793614273],[18.070933191,64.816515436],[18.049923943,64.827204952]]},"properties":{"segment_id":"12015","code":1,"text":"Normalt","info":["Torrt"],"road":"E 12","updated":"2026-05-03T22:00:23.935Z","lan":24}},{"type":"Feature","geometry":{"type":"LineString","coordinates":[[15.639303296,62.634627599],[15.623024486,62.653380069],[15.615224166,62.661124917],[15.6079909,62.665303378],[15.602423412,62.67277748],[15.583249105,62.684634979],[15.575422923,62.686974109],[15.546479443,62.690473728],[15.520982812,62.699259354],[15.459292084,62.715855638],[15.438263236,62.728417144],[15.433311257,62.736223481],[15.428057484,62.739587546],[15.423251526,62.745606886]]},"properties":{"segment_id":"14015","code":1,"text":"Normalt","info":["Torrt"],"road":"E 14","updated":"2026-05-03T22:00:24.065Z","lan":22}},{"type":"Feature","geometry":{"type":"LineString","coordinates":[[21.437374806,65.325384408],[21.440669912,65.328973136],[21.441388662,65.335149928],[21.438226849,65.343177797],[21.43759489,65.352025214],[21.430461025,65.363844606],[21.429898391,65.375535918],[21.436995254,65.38349421],[21.455397194,65.394860117],[21.476173179,65.402211893],[21.516613702,65.411703013],[21.540411069,65.420276858],[21.557090919,65.424489713],[21.585823001,65.429949793],[21.622538265,65.432089299],[21.648248146,65.43672476],[21.66202971,65.441766762],[21.674009011,65.450411348]]},"properties":{"segment_id":"4170","code":1,"text":"Normalt","info":["Torrt"],"road":"E 4","updated":"2026-05-03T22:00:44.481Z","lan":25}},{"type":"Feature","geometry":{"type":"LineString","coordinates":[[19.325578531,64.243668482],[19.304750079,64.253201966],[19.286041714,64.259568595],[19.263150109,64.272104548],[19.248894818,64.27797632],[19.195449763,64.289165842],[19.180102604,64.295627997],[19.166999483,64.303696293],[19.163473851,64.307356172],[19.157186257,64.32318391],[19.14612802,64.337663366],[19.1461418,64.340368461],[19.149898492,64.346994256],[19.14045722,64.358658749],[19.139286267,64.36176584],[19.14146249,64.366845603],[19.141031377,64.374174243],[19.136534137,64.378354996],[19.071063664,64.39518037],[19.039154404,64.399801895],[19.005021516,64.419431845],[19.002341862,64.424430001],[18.981335398,64.429108654],[18.956043897,64.437144002],[18.94435667,64.442365369],[18.931084104,64.452373177],[18.907231772,64.457610926],[18.898906607,64.466971481],[18.902507698,64.47849547],[18.896686435,64.487933006],[18.897915811,64.50049949],[18.892704766,64.506505697],[18.870011553,64.513089476],[18.835438898,64.518496984],[18.820289967,64.522494495],[18.784073026,64.525973276],[18.772857675,64.528615475],[18.736869708,64.550011364],[18.721989404,64.563237172],[18.716540032,64.570311363],[18.694935948,64.585293738],[18.690497453,64.590804948],[18.684131584,64.590128538]]},"properties":{"segment_id":"12012","code":1,"text":"Normalt","info":["Torrt"],"road":"E 12","updated":"2026-05-03T22:00:23.991Z","lan":24}},{"type":"Feature","geometry":{"type":"LineString","coordinates":[[20.258045677,63.833450494],[20.249540127,63.839077886],[20.242896668,63.840282308],[20.213333059,63.853293213],[20.200268578,63.862131897],[20.196754328,63.871354353],[20.199286308,63.88083586],[20.19766688,63.8961079],[20.199022996,63.911236839],[20.193828865,63.918045325],[20.18623499,63.924381881],[20.173286401,63.932628027],[20.143256976,63.946906155],[20.130778331,63.961068697],[20.11915291,63.968443514],[20.104486966,63.973891377],[20.082639455,63.978618361],[20.073158595,63.985050052],[20.059925643,63.990019919],[20.03986261,63.993274257]]},"properties":{"segment_id":"363000","code":1,"text":"Normalt","info":["Torrt"],"road":"Väg 363","updated":"2026-05-03T22:00:45.084Z","lan":24}},{"type":"Feature","geometry":{"type":"LineString","coordinates":[[16.584728905,62.417787545],[16.545496586,62.418066502],[16.519120552,62.421022896],[16.484287817,62.430456712],[16.473884429,62.436716812],[16.427689027,62.455224436],[16.397864903,62.462493007],[16.378679117,62.470709742],[16.342760853,62.478089221],[16.310390414,62.487562668],[16.246205223,62.490574131],[16.213729529,62.494226598],[16.189438822,62.499848758],[16.153675141,62.502752066],[16.126926391,62.499289894],[16.060598226,62.49724194],[16.035714924,62.503452096],[16.014654928,62.511039388],[15.996522071,62.518764178],[15.979132471,62.528698584],[15.964794887,62.532388932],[15.936348398,62.536864196],[15.905887947,62.538671685],[15.890049754,62.543997731],[15.876694621,62.551299185],[15.859842697,62.554931548],[15.810575971,62.554040856],[15.792798445,62.556135504],[15.770676655,62.562569491],[15.749497545,62.572046825],[15.70526196,62.595641847],[15.692083044,62.604234979],[15.653241536,62.621144055],[15.644951861,62.627151566],[15.639397886,62.634492526]]},"properties":{"segment_id":"14010","code":1,"text":"Normalt","info":["Torrt"],"road":"E 14","updated":"2026-05-03T22:00:24.052Z","lan":22}},{"type":"Feature","geometry":{"type":"LineString","coordinates":[[17.352743484,62.381790683],[17.361385086,62.377055362],[17.367411309,62.363221865],[17.362801086,62.35057491],[17.35770349,62.344222419],[17.346463982,62.335620663],[17.345689369,62.327425621],[17.339536375,62.319815125],[17.34239159,62.31210673],[17.342555975,62.305045332],[17.348749875,62.297136741],[17.350211737,62.29288221],[17.349344303,62.288685036],[17.344269358,62.28244853],[17.343501845,62.279273416],[17.346686397,62.269170463],[17.365157011,62.259696833],[17.371038412,62.253148414],[17.374971281,62.236799283],[17.371778285,62.225071322],[17.373464647,62.20759306],[17.369110944,62.19498685],[17.356696144,62.185418633],[17.355595769,62.161656623],[17.347652528,62.152083466],[17.339771331,62.138772919],[17.33610601,62.129306412],[17.327356488,62.117527637],[17.318223431,62.110424702],[17.302950492,62.091551339],[17.282461137,62.081231327],[17.269683726,62.070674204],[17.265789596,62.063634592],[17.268484967,62.050757293],[17.265739479,62.04446216]]},"properties":{"segment_id":"4125","code":1,"text":"Normalt","info":["Torrt"],"road":"E 4","updated":"2026-05-03T22:00:24.075Z","lan":22}},{"type":"Feature","geometry":{"type":"LineString","coordinates":[[17.350024864,62.382150917],[17.347217443,62.381129616],[17.275772853,62.389410193],[17.244218745,62.398237817],[17.222986073,62.400302483],[17.200764815,62.396847919],[17.160009112,62.381268616],[17.118975465,62.37456288],[17.08621456,62.365054576],[17.009226015,62.361105092],[16.975499135,62.366400778]]},"properties":{"segment_id":"14000","code":1,"text":"Normalt","info":["Torrt"],"road":"E 14","updated":"2026-05-03T22:00:24.087Z","lan":22}},{"type":"Feature","geometry":{"type":"LineString","coordinates":[[16.975307773,62.366430431],[16.933937628,62.367307727],[16.906873351,62.37065317],[16.844563916,62.383901402],[16.809834875,62.382758918],[16.79299026,62.383748996],[16.777567175,62.386550509],[16.747176842,62.397466829],[16.720299612,62.399821482],[16.66887423,62.410080671],[16.648462268,62.41097007],[16.634221402,62.416416947],[16.617254125,62.417728154],[16.604906714,62.420725903],[16.584979986,62.417775711]]},"properties":{"segment_id":"14005","code":1,"text":"Normalt","info":["Torrt"],"road":"E 14","updated":"2026-05-03T22:00:24.099Z","lan":22}},{"type":"Feature","geometry":{"type":"LineString","coordinates":[[18.341559006,63.058027132],[18.355151347,63.063257772],[18.357725799,63.071156802],[18.36674912,63.081858433],[18.367898164,63.095038082],[18.373789638,63.108733773],[18.377614828,63.111778177],[18.392682738,63.1176444],[18.397243778,63.121353529],[18.401419766,63.13633832],[18.405580978,63.140497078],[18.413876395,63.144502357],[18.413691905,63.149349466],[18.416117175,63.156281048],[18.424538719,63.167191916],[18.460350568,63.187113792],[18.484979119,63.206314007],[18.505013005,63.217896832],[18.511885706,63.236613632],[18.514154194,63.248058402],[18.52443344,63.255845599],[18.528180891,63.264647915],[18.536136758,63.273094041],[18.549436314,63.277731656],[18.558035598,63.284678114],[18.612442427,63.287512559],[18.641144871,63.297599869],[18.689189754,63.295392227],[18.707064175,63.290596474],[18.72145684,63.292431432],[18.718432343,63.297156353],[18.718781492,63.300481111]]},"properties":{"segment_id":"4140","code":1,"text":"Normalt","info":["Torrt"],"road":"E 4","updated":"2026-05-03T22:00:24.112Z","lan":22}},{"type":"Feature","geometry":{"type":"LineString","coordinates":[[17.034556178,60.959646728],[17.016513218,60.981588858],[16.995816074,60.996409865],[16.984316209,61.00771572],[16.977207961,61.019539952],[16.974545691,61.030301901],[16.963930394,61.041853263],[16.958256155,61.051940124],[16.964218055,61.064156987],[16.965046829,61.07394279],[16.971468572,61.080324251],[16.974127847,61.086104868],[16.986652146,61.097443479],[17.011697203,61.113211336],[17.016157204,61.128735409],[17.032263,61.145288321],[17.035042577,61.161331022],[17.047487888,61.173509798],[17.045866879,61.185227217],[17.04838685,61.203123617],[17.045201454,61.213131339],[17.031951551,61.229424003],[17.034952747,61.257129102],[17.02643522,61.271661474],[17.027038673,61.280731806],[17.022370737,61.291416449],[17.023090024,61.295339201],[17.025789913,61.298702556]]},"properties":{"segment_id":"4113","code":1,"text":"Normalt","info":["Torrt"],"road":"E 4","updated":"2026-05-03T22:00:24.124Z","lan":21}},{"type":"Feature","geometry":{"type":"LineString","coordinates":[[14.839092511,63.07303696],[14.812561777,63.086844127],[14.803435044,63.092468193],[14.798309253,63.097648657],[14.794728041,63.105487833],[14.797928373,63.118273079],[14.783678326,63.14192853],[14.770235414,63.153485339],[14.752766063,63.16097716],[14.716749411,63.167632279],[14.702208471,63.17209011],[14.689841946,63.180823385],[14.688576781,63.183943964],[14.689834927,63.192625659],[14.678018033,63.202651514],[14.659337809,63.212166481],[14.638495399,63.215417872],[14.631741773,63.217859728],[14.61057527,63.232836679],[14.597133201,63.244897708],[14.589709785,63.248906326],[14.560140841,63.256698186],[14.547011092,63.262033115],[14.531050702,63.27574031],[14.503813578,63.292646924],[14.486274175,63.307761701],[14.445761919,63.318523729],[14.429869855,63.327777273]]},"properties":{"segment_id":"14023","code":1,"text":"Normalt","info":["Torrt"],"road":"E 14","updated":"2026-05-03T22:00:24.152Z","lan":23}},{"type":"Feature","geometry":{"type":"LineString","coordinates":[[15.423096366,62.745706086],[15.409945366,62.759944676],[15.404250197,62.770193484],[15.386436754,62.780116824],[15.375841822,62.792908937],[15.369253726,62.805339706],[15.362804736,62.811989471],[15.3355768,62.818860523],[15.317703765,62.82811992],[15.317118047,62.830230502],[15.322837925,62.845278524],[15.32285148,62.851884507],[15.300437284,62.874821684],[15.280016382,62.887635855],[15.263548494,62.891275731],[15.262602527,62.893270052],[15.265484643,62.903101774],[15.261768308,62.912227783],[15.258935251,62.914611503],[15.2514194,62.917353627],[15.237808467,62.918876112],[15.216748298,62.932983477],[15.169196154,62.946125598],[15.156327585,62.95341945],[15.129806673,62.955690146],[15.100511034,62.954852391],[15.084845969,62.950087779],[15.083056438,62.944533096],[15.078815698,62.942982788],[15.054117004,62.948415527],[15.044194692,62.95524922],[15.024194788,62.964875621],[15.015207894,62.974139409],[14.972346019,62.994673021],[14.961954298,63.001698258],[14.957226083,63.008203986],[14.947513934,63.017077259],[14.926979369,63.021187799],[14.904600461,63.031630659],[14.870871101,63.043370464],[14.839171975,63.072983199]]},"properties":{"segment_id":"14020","code":1,"text":"Normalt","info":["Torrt"],"road":"E 14","updated":"2026-05-03T22:00:24.137Z","lan":23}},{"type":"Feature","geometry":{"type":"LineString","coordinates":[[12.344344754,63.287655807],[12.328541294,63.288752208],[12.301238001,63.278600896],[12.277259329,63.274623752],[12.259204492,63.267756998],[12.243172648,63.26547149],[12.219548594,63.264625668],[12.188828496,63.25722318],[12.180075917,63.257247556],[12.126903202,63.284026816],[12.119058914,63.293451749],[12.112100311,63.298367498],[12.107979683,63.308801478],[12.104708879,63.311941517],[12.093161358,63.316736169],[12.07063089,63.320855491],[12.065943019,63.324711081],[12.05820763,63.327479723],[12.057482905,63.329683301],[12.061950444,63.334077801],[12.059409812,63.33625293]]},"properties":{"segment_id":"14035","code":1,"text":"Normalt","info":["Torrt"],"road":"E 14","updated":"2026-05-03T22:00:29.218Z","lan":23}},{"type":"Feature","geometry":{"type":"LineString","coordinates":[[14.429849179,63.327813091],[14.419158099,63.329232905],[14.382747911,63.325884836],[14.307963926,63.325523646],[14.251046218,63.321484437],[14.22360604,63.321140234],[14.194964198,63.323099624],[14.156197835,63.31475274],[14.127109668,63.313042823],[14.097731719,63.314960219],[14.055263462,63.323337644],[14.023746335,63.333716641],[13.990752871,63.33767868],[13.981037573,63.336191461],[13.970058809,63.329847566],[13.943711218,63.321872883],[13.922027083,63.309665056],[13.900971336,63.303957196],[13.863374074,63.306669291],[13.836705948,63.305906619],[13.776726543,63.311499288],[13.721452052,63.313536599],[13.676919818,63.310536124],[13.652084504,63.311129286],[13.623348361,63.308538761],[13.545109291,63.322546153],[13.515348548,63.33553384],[13.502861238,63.336731873],[13.462879955,63.345480913]]},"properties":{"segment_id":"14025","code":1,"text":"Normalt","info":["Torrt"],"road":"E 14","updated":"2026-05-03T22:00:29.184Z","lan":23}},{"type":"Feature","geometry":{"type":"LineString","coordinates":[[13.462799589,63.345489024],[13.457330261,63.345376132],[13.44101424,63.339283051],[13.404062196,63.330103962],[13.37138102,63.324195672],[13.337433422,63.313471218],[13.302137123,63.313198825],[13.268342604,63.315512431],[13.240222409,63.32158692],[13.21984868,63.331388749],[13.20499032,63.340637846],[13.193555523,63.344865546],[13.18260449,63.357205235],[13.155414206,63.377783155],[13.129993855,63.384715417],[13.101686215,63.388803868],[13.086130053,63.398480794],[13.069732126,63.403539128],[13.04054986,63.405655701],[12.988097101,63.401937025],[12.949306107,63.39522641],[12.909501016,63.395816562],[12.874519776,63.393962506],[12.831198085,63.400278652],[12.782795686,63.396132597],[12.7719699,63.388044786],[12.758419021,63.382131106],[12.742259646,63.381984235],[12.731041516,63.378062148],[12.709060759,63.373903959],[12.699417755,63.364141181],[12.691331083,63.360230348],[12.684172424,63.359970676],[12.672315556,63.362660087],[12.642146828,63.362021107],[12.628981648,63.36377843],[12.595760656,63.356335251],[12.591897816,63.354465208],[12.586204196,63.346538774],[12.570112405,63.342036112],[12.560468418,63.335316276],[12.555823786,63.326472506],[12.535738416,63.320738815],[12.503155586,63.316903042],[12.477054975,63.310507534],[12.428283401,63.305738163],[12.412328101,63.298004535],[12.40329073,63.29153582],[12.391387703,63.287681199],[12.372443041,63.287144295],[12.352553136,63.289739491],[12.344407807,63.28762106]]},"properties":{"segment_id":"14027","code":1,"text":"Normalt","info":["Torrt"],"road":"E 14","updated":"2026-05-03T22:00:29.200Z","lan":23}},{"type":"Feature","geometry":{"type":"LineString","coordinates":[[20.965604628,64.753116593],[21.003134698,64.748373312],[21.018046394,64.744813219],[21.046586048,64.734742007],[21.078225836,64.730480586],[21.115679784,64.720306721],[21.163902195,64.711393288],[21.197725581,64.694350137],[21.236123977,64.686102488],[21.240212364,64.679570493],[21.262160666,64.671163757]]},"properties":{"segment_id":"372000","code":1,"text":"Normalt","info":["Torrt"],"road":"Väg 372","updated":"2026-05-03T22:00:45.096Z","lan":24}},{"type":"Feature","geometry":{"type":"LineString","coordinates":[[22.298066644,66.041923514],[22.330979956,66.039560124],[22.352656266,66.048806987],[22.37066705,66.052191957],[22.380964334,66.052481828],[22.401361762,66.049342877],[22.445868075,66.055968169],[22.489750016,66.052207957],[22.523203837,66.053666031],[22.580656486,66.053138649],[22.590666394,66.054746378],[22.603797982,66.060900823],[22.611867285,66.062910372],[22.656452963,66.064933795],[22.67236467,66.064274275],[22.688207081,66.068508757],[22.706735909,66.069501807]]},"properties":{"segment_id":"356030","code":1,"text":"Normalt","info":["Torrt"],"road":"356","updated":"2026-05-03T22:00:29.229Z","lan":25}},{"type":"Feature","geometry":{"type":"LineString","coordinates":[[18.098145736,62.92678107],[18.093256403,62.93759617],[18.094306278,62.942307212],[18.093129746,62.947597065],[18.095773063,62.951329946],[18.103504702,62.95559778],[18.123454715,62.960251173],[18.14414283,62.961795166],[18.156196884,62.966152591],[18.160471167,62.970638481],[18.160390635,62.982677962],[18.164940844,62.995152769],[18.185979788,63.006906378],[18.191621968,63.012052369],[18.200763967,63.014657481],[18.211141285,63.014458049],[18.229674014,63.006309855],[18.241644166,63.004283954],[18.257126989,63.004529845],[18.272508148,63.007920762],[18.287976441,63.007840223],[18.290594801,63.009674901],[18.290534749,63.013350751],[18.299286801,63.025886072],[18.325675198,63.034584379],[18.326884385,63.036685183],[18.326566383,63.051759087],[18.330200281,63.054800083],[18.341518482,63.058019105]]},"properties":{"segment_id":"4137","code":1,"text":"Normalt","info":["Torrt"],"road":"E 4","updated":"2026-05-03T22:00:29.242Z","lan":22}},{"type":"Feature","geometry":{"type":"LineString","coordinates":[[12.742660019,56.80575221],[12.728197876,56.809228092],[12.71561329,56.81572926],[12.711043319,56.82134302],[12.708656225,56.833862501],[12.698909316,56.843092163],[12.677856341,56.851266548],[12.659544806,56.864251847],[12.63412587,56.872885333],[12.60812941,56.883947112],[12.58853311,56.897886318],[12.554990331,56.91584618],[12.479610752,56.945506621],[12.443070418,56.966899914],[12.422131337,56.983950104]]},"properties":{"segment_id":"6040","code":1,"text":"Normalt","info":["Torrt"],"road":"E 6","updated":"2026-04-29T14:08:22.682Z","lan":13}},{"type":"Feature","geometry":{"type":"LineString","coordinates":[[15.386953225,60.505740589],[15.393190577,60.500595532],[15.405995749,60.493921935],[15.412113397,60.488363317],[15.435571696,60.47764002],[15.47194155,60.488012483],[15.502089815,60.493594984],[15.525047167,60.506382197],[15.547187492,60.516089118],[15.5521921,60.521204369],[15.553000579,60.532298771],[15.554894122,60.536466037],[15.604208658,60.576476914],[15.608836603,60.581932945],[15.616331084,60.586387973],[15.619454841,60.596052607],[15.622178521,60.599065793],[15.615876491,60.603736956],[15.616908092,60.609945467],[15.612899381,60.618170418],[15.616290525,60.622581334],[15.6123966,60.625382602],[15.615276325,60.627856486],[15.620504261,60.628855917]]},"properties":{"segment_id":"16080","code":1,"text":"Normalt","info":["Torrt"],"road":"E 16","updated":"2026-05-03T22:00:29.255Z","lan":20}},{"type":"Feature","geometry":{"type":"LineString","coordinates":[[16.976836151,61.520949196],[16.970658087,61.531473449],[16.971775168,61.534555446],[16.978143932,61.540336277],[16.979809282,61.544918929],[16.974127452,61.557088405],[16.976369922,61.579317558],[16.980344555,61.583444712],[16.995696157,61.592165524],[17.000736791,61.600479242],[17.012359352,61.609342633],[17.014115119,61.617210311],[17.010829854,61.628789123],[17.015332332,61.637667042],[17.015349775,61.648954769],[17.019271046,61.660436384],[17.030085185,61.670370066],[17.039698794,61.682054007],[17.052006823,61.687788052],[17.056240923,61.691469277],[17.056699529,61.697506043],[17.049069313,61.709061078],[17.048678245,61.713431265],[17.052549924,61.718159738],[17.063602237,61.724109254],[17.067027081,61.733414975],[17.074989504,61.741727077]]},"properties":{"segment_id":"4118","code":1,"text":"Normalt","info":["Torrt"],"road":"E 4","updated":"2026-05-03T22:00:29.355Z","lan":21}},{"type":"Feature","geometry":{"type":"LineString","coordinates":[[15.620559087,60.628855663],[15.641802765,60.62363761],[15.646728699,60.62049828],[15.655025187,60.609728341],[15.691727264,60.598032796],[15.698117821,60.592944528],[15.707030006,60.589737163],[15.717294758,60.589161721],[15.751007826,60.592954252],[15.773798462,60.585578355],[15.820957365,60.578140884],[15.84658704,60.577074151],[15.8609499,60.573705082],[15.875228597,60.573405832],[15.899162914,60.56732977],[15.948257178,60.565562768],[15.965388867,60.568708521],[15.974104737,60.568555488],[15.992506227,60.565968783],[16.026219043,60.557947112],[16.105500407,60.554243734],[16.147663798,60.544513661],[16.183791342,60.540866971],[16.220246087,60.5441846],[16.234987175,60.542073607],[16.291686337,60.541285879]]},"properties":{"segment_id":"16090","code":1,"text":"Normalt","info":["Torrt"],"road":"E 16","updated":"2026-05-03T22:00:29.268Z","lan":20}},{"type":"Feature","geometry":{"type":"LineString","coordinates":[[14.240916714,60.513050176],[14.266119581,60.517177753],[14.294159973,60.532673879],[14.30572529,60.544873932],[14.33204121,60.554085702],[14.342107399,60.554054836],[14.381961782,60.545796092],[14.406448533,60.543590608],[14.421889395,60.538414726],[14.446644107,60.52535672],[14.454657597,60.516841905],[14.457644302,60.511412937],[14.455316839,60.50360988],[14.476824854,60.482865141],[14.483493074,60.470850552],[14.496033342,60.462063379],[14.496964997,60.453554979],[14.504125949,60.452441494],[14.508240081,60.449637383],[14.515453774,60.448559401],[14.52021695,60.446008686],[14.533603518,60.445266056],[14.565586146,60.448175493],[14.57401056,60.454398031],[14.575036359,60.457974854],[14.57796656,60.460534128],[14.618802393,60.471440564],[14.64480242,60.470569569],[14.663468005,60.466541638],[14.689175069,60.467241513],[14.704341497,60.4632715],[14.727954126,60.459811091],[14.753717695,60.462123787],[14.762206807,60.464904624],[14.768862039,60.470043141],[14.778367214,60.489686587],[14.783483794,60.494705059],[14.782616265,60.501949393],[14.792663524,60.50793615],[14.808492449,60.510006917],[14.842614341,60.506756364],[14.862351477,60.511007088],[14.920751469,60.495737071],[14.932669244,60.497709926],[14.941014299,60.50313694],[14.956959112,60.505531335],[14.983406562,60.519301382],[15.003971185,60.522705225],[15.026766991,60.531232219],[15.042896056,60.533706089],[15.065588451,60.545297135],[15.084487397,60.550494062],[15.115006344,60.555193979],[15.132716219,60.560609565]]},"properties":{"segment_id":"16060","code":1,"text":"Normalt","info":["Torrt"],"road":"E 16","updated":"2026-05-03T22:00:29.284Z","lan":20}},{"type":"Feature","geometry":{"type":"LineString","coordinates":[[13.501517322,60.519180874],[13.508786818,60.524318085],[13.522718894,60.530462688],[13.531127045,60.541169874],[13.532568032,60.548800788],[13.539614533,60.554283984],[13.544182952,60.560979046],[13.568440186,60.568478979],[13.575354468,60.572638734],[13.580296045,60.585613394],[13.578285234,60.599798204],[13.591501365,60.61041754],[13.606692761,60.614420006],[13.60908421,60.621682607],[13.61918227,60.639396514],[13.634184749,60.647398723],[13.661994888,60.649798784],[13.695118144,60.658871861],[13.701194706,60.664264801],[13.698760993,60.674693377],[13.699590768,60.676811629],[13.721373455,60.686072666]]},"properties":{"segment_id":"16040","code":1,"text":"Normalt","info":["Torrt"],"road":"E 16","updated":"2026-05-03T22:00:29.299Z","lan":20}},{"type":"Feature","geometry":{"type":"LineString","coordinates":[[14.236665332,60.511068518],[14.228457476,60.50855211],[14.193970607,60.510682865],[14.170695146,60.50364438],[14.162093674,60.497601616],[14.141186416,60.495906343],[14.133316703,60.492048318],[14.127684813,60.486247017],[14.113371837,60.479948071],[14.089031994,60.473992499],[14.032137541,60.484815875],[14.010235454,60.490572535],[13.98990412,60.488884706],[13.968362318,60.492141011],[13.95962987,60.496562885],[13.943322832,60.511008258],[13.922664195,60.536443298],[13.884743088,60.550543955],[13.877893306,60.558262754],[13.858122878,60.564991451],[13.838480463,60.56944658],[13.82705351,60.577158904],[13.827900255,60.582500122],[13.826166596,60.586013831],[13.826468803,60.591269454],[13.814317519,60.596531962],[13.811105922,60.601936012],[13.799572434,60.610552038],[13.795215204,60.61717562],[13.781372414,60.6227971],[13.770762425,60.622592288],[13.764013991,60.624155406],[13.74576966,60.636521037],[13.740942596,60.643093617],[13.741891268,60.650187368],[13.739599756,60.659684082],[13.739792635,60.667390299],[13.729479906,60.680636386],[13.721759979,60.686022477]]},"properties":{"segment_id":"16050","code":1,"text":"Normalt","info":["Torrt"],"road":"E 16","updated":"2026-05-03T22:00:29.313Z","lan":20}},{"type":"Feature","geometry":{"type":"LineString","coordinates":[[14.598360442,57.776881899],[14.631059056,57.783843868],[14.650850025,57.784088545],[14.685760127,57.790090306],[14.701514043,57.801015036],[14.726976498,57.809039775],[14.740407337,57.81582271],[14.752401868,57.816753906],[14.758662723,57.819370852],[14.770015724,57.834069073],[14.773760772,57.835710588],[14.793625977,57.836930115],[14.803496515,57.830469534],[14.825438893,57.826576345],[14.849298609,57.81794797],[14.859012891,57.817456128]]},"properties":{"segment_id":"132007","code":1,"text":"Normalt","info":["Torrt"],"road":"Väg 132","updated":"2026-05-04T04:53:29.493Z","lan":6}},{"type":"Feature","geometry":{"type":"LineString","coordinates":[[16.291758868,60.541276198],[16.307381088,60.546691623],[16.321116416,60.5584726],[16.32705448,60.560506033],[16.382292704,60.564076715],[16.413049001,60.569915221],[16.447684897,60.570029419],[16.485702825,60.567887992],[16.521216572,60.56923955],[16.532627682,60.573249009],[16.540238846,60.582869053],[16.54445501,60.585918558],[16.56725527,60.590798844],[16.596047973,60.60743088],[16.622505913,60.611189561],[16.664755899,60.609951908],[16.697283291,60.618092468],[16.7248476,60.621978679],[16.749052123,60.628166339],[16.788217383,60.628322136],[16.814750185,60.633335346],[16.865874352,60.626426382],[16.893663529,60.624616912],[16.922431915,60.627637327],[16.964167012,60.627929182],[16.992489649,60.631264489],[17.008382973,60.636047369],[17.024541779,60.646734083],[17.045391672,60.650719108],[17.056667538,60.657417063],[17.081978333,60.667677766],[17.102398563,60.672891262]]},"properties":{"segment_id":"16100","code":1,"text":"Normalt","info":["Torrt"],"road":"E 16","updated":"2026-05-03T22:00:29.328Z","lan":21}},{"type":"Feature","geometry":{"type":"LineString","coordinates":[[15.386221927,60.507017679],[15.379498545,60.512846162],[15.346894377,60.527588],[15.304433715,60.532387356],[15.28764223,60.537533394],[15.2817651,60.540724339],[15.275693201,60.546869376],[15.26228979,60.55084693],[15.247137127,60.55303067],[15.22165107,60.551019291],[15.207656883,60.552316726],[15.16616979,60.551010026],[15.132825829,60.560654348]]},"properties":{"segment_id":"16070","code":1,"text":"Normalt","info":["Torrt"],"road":"E 16","updated":"2026-05-03T22:00:29.343Z","lan":20}},{"type":"Feature","geometry":{"type":"LineString","coordinates":[[22.058352689,65.622077388],[22.069344506,65.640573485],[22.096862088,65.663635313],[22.113485929,65.6955558],[22.12287603,65.703953249],[22.135541012,65.711105286],[22.167327973,65.743004777],[22.171274388,65.751179103],[22.167507493,65.761818545],[22.169123316,65.776100364],[22.185144797,65.797648723],[22.205830358,65.814330948],[22.249123431,65.836693613],[22.263228212,65.841488326],[22.293280073,65.844193868],[22.315657623,65.849760956],[22.332833274,65.855972296],[22.34979554,65.867235228],[22.367839731,65.872562557],[22.382560934,65.874070253],[22.464067942,65.871935636],[22.549791589,65.878409902],[22.564160144,65.881569525],[22.609736668,65.901179297],[22.639122985,65.90803281],[22.655122012,65.909460737]]},"properties":{"segment_id":"4175","code":1,"text":"Normalt","info":["Torrt"],"road":"E 4","updated":"2026-05-03T22:00:44.417Z","lan":25}},{"type":"Feature","geometry":{"type":"LineString","coordinates":[[20.961728536,64.753227969],[20.964307369,64.757544989],[20.968467806,64.759285963],[21.010228088,64.763546022],[21.015237727,64.766142747],[21.020426743,64.771802663],[21.021730152,64.776215975],[21.019037088,64.784465926],[21.023257549,64.794739734],[21.032267583,64.804593279],[21.032296278,64.81103063],[21.024941317,64.824225088],[20.99271059,64.838868443],[20.988941069,64.842073372],[20.988470755,64.845180911],[20.994273443,64.850889294],[21.010987395,64.859937456],[21.060504738,64.896373691],[21.107459559,64.923302969],[21.153702662,64.940721305],[21.210999357,64.957692755],[21.257365384,64.967628716],[21.274663335,64.973646341],[21.290706322,64.98413812],[21.307114325,65.006008188],[21.331437052,65.0277933],[21.353518763,65.040653841],[21.38641707,65.052535168],[21.427835823,65.06395296],[21.479754488,65.087959931]]},"properties":{"segment_id":"4160","code":1,"text":"Normalt","info":["Torrt"],"road":"E 4","updated":"2026-05-03T22:00:44.459Z","lan":24}},{"type":"Feature","geometry":{"type":"LineString","coordinates":[[19.284030544,63.472472617],[19.323359447,63.49659536],[19.344715197,63.504327018],[19.391054815,63.527950547],[19.402286375,63.536641076],[19.432144163,63.566423404],[19.445632382,63.574007382],[19.465126708,63.578022608],[19.550466706,63.584212618],[19.643081783,63.584613816],[19.686777837,63.589585124],[19.719701147,63.596346501],[19.751271295,63.600231742],[19.789177869,63.611327361],[19.82543054,63.615840898],[19.855447446,63.626016227],[19.921074269,63.640311482],[19.946058013,63.649580498],[19.968807806,63.666100935],[20.071983208,63.717745041],[20.082375664,63.724988527],[20.110513439,63.737377372],[20.129200261,63.74266768],[20.152149012,63.752013536],[20.167472969,63.760586536],[20.193582557,63.78108608],[20.217599126,63.793704326],[20.242737356,63.802607441],[20.262661831,63.803140538],[20.283005124,63.799066737]]},"properties":{"segment_id":"4150","code":1,"text":"Normalt","info":["Torrt"],"road":"E 4","updated":"2026-05-03T22:00:44.429Z","lan":24}},{"type":"Feature","geometry":{"type":"LineString","coordinates":[[21.479767554,65.088013423],[21.492320809,65.095396433],[21.517189604,65.105367843],[21.52266731,65.109904057],[21.525968139,65.116274354],[21.526176619,65.120680388],[21.523873829,65.125574611],[21.494545722,65.15281132],[21.492369101,65.161132143],[21.493964472,65.166144565],[21.502028727,65.175930574],[21.511461884,65.196982796],[21.519576773,65.20751408],[21.520740162,65.214131154],[21.516923611,65.221100215],[21.49408082,65.240644535],[21.470310283,65.256809515],[21.444334092,65.281560584],[21.416361095,65.299651917],[21.408620009,65.306496247],[21.407867773,65.311005921],[21.412091952,65.315600505],[21.436806514,65.325264606]]},"properties":{"segment_id":"4165","code":1,"text":"Normalt","info":["Torrt"],"road":"E 4","updated":"2026-05-03T22:00:44.470Z","lan":25}},{"type":"Feature","geometry":{"type":"LineString","coordinates":[[21.302668022,64.372242911],[21.292199543,64.349562366],[21.268727942,64.335060923],[21.262274994,64.333815612],[21.219043869,64.334411507],[21.207094136,64.332632298],[21.182451533,64.321690261],[21.163748513,64.315861656],[21.114700162,64.29669834],[21.090965525,64.294683476],[21.080939128,64.292382177],[21.064240526,64.280398067],[21.049436851,64.272917445],[21.046465864,64.268916404],[21.044890149,64.255222131],[21.016953991,64.231768496],[21.015087776,64.219031939],[21.017303833,64.213735639],[21.017167275,64.205898195],[21.015567875,64.203298936],[20.995521617,64.187486016],[20.988477826,64.184048373],[20.940527067,64.173274246],[20.927890958,64.169017949],[20.920257955,64.164304905],[20.912890961,64.154835812],[20.896965501,64.142914029],[20.891828974,64.133011593],[20.883368434,64.122766628],[20.87945675,64.111409865],[20.87060514,64.101207356],[20.866597548,64.080977277],[20.848960938,64.064133737],[20.847561121,64.060507993],[20.848277831,64.04387761],[20.842339527,64.035357333],[20.840649964,64.024072818],[20.835467986,64.019033057],[20.814212478,64.011299552],[20.787736491,63.998811815],[20.734864899,63.984938064],[20.705704089,63.967322669],[20.667839224,63.953131441],[20.638609366,63.931232041],[20.600975622,63.91776378],[20.581914183,63.905937109],[20.570937747,63.901095829],[20.556174686,63.897227623],[20.531491034,63.894197497],[20.445446659,63.869004314],[20.34154206,63.846694477],[20.331890977,63.830756106],[20.326168118,63.810659112],[20.322117806,63.805715924],[20.311314634,63.802407515],[20.290915572,63.800872833],[20.284709797,63.798932218]]},"properties":{"segment_id":"4155","code":1,"text":"Normalt","info":["Torrt"],"road":"E 4","updated":"2026-05-03T22:00:44.445Z","lan":24}},{"type":"Feature","geometry":{"type":"LineString","coordinates":[[16.299400166,64.226564437],[16.31111168,64.237930118],[16.327750842,64.246871811],[16.367559799,64.255058309],[16.377067121,64.259492646],[16.392200907,64.258353098],[16.417850648,64.262280231],[16.435720773,64.255401236],[16.479608678,64.253707156],[16.502156371,64.272559415],[16.50384402,64.281562559],[16.507377567,64.284990786],[16.556150723,64.298832466],[16.592283021,64.304565439],[16.604680612,64.311547933],[16.613160624,64.320053635],[16.638784373,64.334202472],[16.645032018,64.34177995],[16.661032911,64.348600734],[16.704674039,64.359768645],[16.708456505,64.362964988],[16.710360679,64.367933488],[16.710680399,64.382076032],[16.713179483,64.391238356],[16.723557404,64.397310347],[16.742914878,64.415653386],[16.748966532,64.41842688],[16.772511982,64.423916322],[16.787162521,64.434600059],[16.809468877,64.436723746],[16.816275787,64.440059749],[16.820104479,64.44640352],[16.819521284,64.449516543],[16.814024708,64.455975588],[16.783774535,64.482170134],[16.780488681,64.487003193],[16.779887807,64.493446353],[16.774557755,64.504353854],[16.767531746,64.511008858],[16.765281787,64.521654531],[16.748277838,64.539270749],[16.742513668,64.549266429],[16.740510529,64.558418631],[16.744585774,64.572543499],[16.737458793,64.589466414],[16.728483922,64.598493803],[16.700369566,64.606772815],[16.689477721,64.613503967]]},"properties":{"segment_id":"45090","code":1,"text":"Normalt","info":["Torrt"],"road":"E 45","updated":"2026-05-03T22:00:44.492Z","lan":24}},{"type":"Feature","geometry":{"type":"LineString","coordinates":[[14.791590798,57.632045885],[14.81601704,57.633395238],[14.83124339,57.639910885],[14.837604403,57.640808488],[14.843084489,57.640186624],[14.851814225,57.635364523],[14.897992299,57.633946037],[14.951379711,57.64867331]]},"properties":{"segment_id":"40035","code":1,"text":"Normalt","info":["Torrt"],"road":"Väg 40","updated":"2026-05-04T04:53:29.520Z","lan":6}},{"type":"Feature","geometry":{"type":"LineString","coordinates":[[19.141180968,65.601729135],[19.118124043,65.599543054],[19.070503242,65.611539449],[19.049984875,65.611144193],[19.021542753,65.613337599],[19.006155396,65.612521928],[18.991276544,65.609067322],[18.98239597,65.609695775],[18.944259461,65.603753365],[18.84919929,65.599704294],[18.830212427,65.601334375],[18.799534686,65.60846624],[18.781997574,65.610709749],[18.726630026,65.610622165],[18.684771788,65.612756956],[18.640285895,65.605024688],[18.617788638,65.607915786],[18.601469319,65.605087245],[18.597151343,65.603087334],[18.572031648,65.581706112],[18.566289786,65.579406536],[18.525472373,65.575939981],[18.496912774,65.581900516],[18.453730128,65.586553784],[18.442666921,65.584155044],[18.430396766,65.573410927],[18.418443215,65.569458714],[18.397409373,65.568529646],[18.377908231,65.571039774],[18.354198502,65.571224143],[18.330491245,65.574817945],[18.320073037,65.573088027],[18.304274777,65.56622017],[18.289360992,65.564226753],[18.227894751,65.570306449],[18.205427537,65.578802799],[18.188924435,65.582419406],[18.14692221,65.584840176]]},"properties":{"segment_id":"45105","code":1,"text":"Normalt","info":["Torrt"],"road":"E 45","updated":"2026-05-03T22:00:44.777Z","lan":25}},{"type":"Feature","geometry":{"type":"LineString","coordinates":[[18.430007527,65.833717537],[18.42603406,65.837615108],[18.403454455,65.848026351],[18.406158275,65.860810968],[18.41005068,65.86880848],[18.404097953,65.879854359],[18.370232571,65.892477087],[18.359656239,65.903792998],[18.355487476,65.906192621],[18.317432947,65.920187542],[18.296520147,65.936571541],[18.286159817,65.941733459],[18.273729849,65.953800558],[18.266496416,65.965253125],[18.261918279,65.968386061],[18.231964654,65.976446238],[18.199629164,65.980948452],[18.181168664,65.990923031],[18.157212199,65.998484426],[18.115598132,66.003733119],[18.087778007,66.012618579],[18.071632073,66.02127524],[18.055567585,66.03364618],[18.041687661,66.039650135],[18.029351442,66.047912285],[18.017829112,66.051362122],[17.952200583,66.060705657],[17.940560728,66.059257905],[17.915985955,66.052352604],[17.886297732,66.050495942],[17.872064443,66.047915424]]},"properties":{"segment_id":"95015","code":1,"text":"Normalt","info":["Torrt"],"road":"Väg 95","updated":"2026-05-03T22:00:45.035Z","lan":25}},{"type":"Feature","geometry":{"type":"LineString","coordinates":[[19.141261579,65.6018258],[19.139155775,65.604840107],[19.130655378,65.609610196],[19.12881635,65.612536176],[19.129022283,65.6218955],[19.13378158,65.637161656],[19.136752431,65.639687222],[19.152246919,65.643345233],[19.216709182,65.647934785],[19.220200641,65.650255736],[19.217568915,65.654822791],[19.218335156,65.658324879],[19.241586996,65.675681824],[19.243029289,65.67889538],[19.243280049,65.689863077],[19.252728393,65.698515917],[19.276809635,65.704295353],[19.300886853,65.704606197],[19.32247977,65.711977115],[19.344818982,65.716699168],[19.349483971,65.720026881],[19.34732769,65.726156031],[19.349740038,65.728936748],[19.380438797,65.736966065],[19.390677029,65.74217309],[19.411990101,65.74820122],[19.431962622,65.755910673],[19.433135497,65.759679254],[19.430289898,65.762719527],[19.41598661,65.772177684],[19.39201031,65.783503941],[19.380382194,65.790427133],[19.378851775,65.793014989],[19.38170381,65.795746848],[19.39517357,65.800366958],[19.399989087,65.805469186],[19.40162319,65.810537122],[19.428705931,65.834566112],[19.448506011,65.84566919],[19.459016316,65.84983117],[19.462265435,65.852739076],[19.462475073,65.857605505],[19.453995064,65.866680593],[19.453395182,65.870941256],[19.455705626,65.872986648],[19.464369889,65.874298499],[19.46290285,65.876346021],[19.462945361,65.882269142],[19.47176552,65.889491527],[19.473607252,65.893240523],[19.472078178,65.904882252],[19.45644023,65.921061029],[19.463000808,65.935451833],[19.466361837,65.93805099],[19.506200764,65.945399713],[19.520409749,65.95174253],[19.52769086,65.957137922],[19.534965127,65.959125849],[19.599383531,65.96220815],[19.635762734,65.965240866],[19.665099782,65.96963023],[19.692866006,65.977533088],[19.713876983,65.994163203],[19.721868641,65.997020075],[19.782508187,65.995396415],[19.792738351,66.000716048],[19.800352521,66.00994774],[19.811101057,66.013748398],[19.865097735,66.020403752],[19.879316675,66.024009216],[19.924881742,66.030066428],[19.944408329,66.034503515],[19.993691066,66.034629243],[20.015618536,66.042964373],[20.051499029,66.050596464],[20.071936145,66.061608925],[20.077198535,66.068325791]]},"properties":{"segment_id":"45110","code":1,"text":"Normalt","info":["Torrt"],"road":"E 45","updated":"2026-05-03T22:00:44.840Z","lan":25}},{"type":"Feature","geometry":{"type":"LineString","coordinates":[[19.82328985,66.606776919],[19.824494217,66.610750607],[19.809101878,66.619344024],[19.807061331,66.622356178],[19.807952781,66.62461296],[19.813670199,66.628745004],[19.822529849,66.631791093],[19.824677973,66.63838864],[19.824657322,66.645826268],[19.827590835,66.656896047],[19.821036908,66.662924766],[19.82045207,66.665271832],[19.831053998,66.676798437],[19.830869322,66.686399413],[19.838227841,66.699608276],[19.834177852,66.71230483],[19.834316626,66.716716028],[19.863172432,66.74222094],[19.864115361,66.759179694],[19.862441066,66.764294483],[19.882800636,66.786183661],[19.881129663,66.795543384],[19.87004095,66.800787521],[19.87742081,66.804984076],[19.876132491,66.808369365],[19.871706638,66.811123117],[19.891570549,66.80822411],[19.901236558,66.81207],[19.865405673,66.824204621],[19.848249124,66.834399952],[19.834925352,66.846373239],[19.82094722,66.851728477],[19.818394193,66.857561637],[19.81828455,66.862573861],[19.822859749,66.877191222],[19.827686309,66.880200351],[19.828640741,66.883408576],[19.826823651,66.906053636],[19.831290007,66.912185266],[19.832055472,66.917089907],[19.817471112,66.936166975],[19.801373613,66.942914389],[19.796444515,66.949448251]]},"properties":{"segment_id":"45115","code":1,"text":"Normalt","info":["Torrt"],"road":"E 45","updated":"2026-05-03T22:00:44.938Z","lan":25}},{"type":"Feature","geometry":{"type":"LineString","coordinates":[[21.848867303,65.548280252],[21.836327917,65.554355691],[21.801625603,65.559255952],[21.781065554,65.565181923],[21.770000887,65.570238467],[21.692997329,65.580406091],[21.638681908,65.594144401],[21.554217587,65.600058446],[21.508542395,65.599414946],[21.492096239,65.600814527],[21.408186632,65.621369685],[21.385166551,65.632160885],[21.366607464,65.634292514]]},"properties":{"segment_id":"94000","code":1,"text":"Normalt","info":["Torrt"],"road":"Väg 94","updated":"2026-05-03T22:00:44.977Z","lan":25}},{"type":"Feature","geometry":{"type":"LineString","coordinates":[[21.00409524,65.671303626],[20.983101636,65.666062947],[20.97005826,65.667143486],[20.951862249,65.671351209],[20.941073855,65.671809532],[20.925484424,65.671229892],[20.901465802,65.667095809],[20.883623304,65.667049677],[20.799228862,65.681358871],[20.787549358,65.681272932],[20.771652154,65.67735834],[20.761155165,65.677180505],[20.748245683,65.679208682],[20.725512094,65.685683867],[20.695882161,65.688570198],[20.676760321,65.693281909],[20.642271964,65.695384553],[20.60619107,65.692083619],[20.565267489,65.700309813],[20.496648742,65.695677142],[20.465126801,65.689658703],[20.407652576,65.687744756],[20.351179557,65.678062862],[20.288523275,65.678986349],[20.266813745,65.675142288],[20.234479609,65.666299372],[20.2164458,65.664364241],[20.187231152,65.666137682],[20.108210678,65.67833072],[20.077091951,65.681063835],[20.05186454,65.68717493]]},"properties":{"segment_id":"94005","code":1,"text":"Normalt","info":["Torrt"],"road":"Väg 94","updated":"2026-05-03T22:00:44.988Z","lan":25}},{"type":"Feature","geometry":{"type":"LineString","coordinates":[[20.959917081,64.753427082],[20.939648689,64.755314427],[20.914008034,64.760502183],[20.88010862,64.76306974],[20.849015838,64.769650715],[20.817530469,64.781218606],[20.756688182,64.792258316],[20.706442248,64.805879004],[20.648652986,64.808463706],[20.583667741,64.824950472],[20.552785424,64.829818954],[20.524115237,64.836551193],[20.504174067,64.842917677],[20.43925737,64.870663199],[20.393517672,64.87822659]]},"properties":{"segment_id":"95000","code":1,"text":"Normalt","info":["Torrt"],"road":"Väg 95","updated":"2026-05-03T22:00:45.000Z","lan":24}},{"type":"Feature","geometry":{"type":"LineString","coordinates":[[20.393433606,64.878229645],[20.392765584,64.880908466],[20.378540086,64.889046147],[20.369676853,64.899669929],[20.349386288,64.906277789],[20.336755994,64.91648579],[20.314911427,64.928929681],[20.293835855,64.935709965],[20.274706682,64.943911509],[20.258942739,64.958055468],[20.233606773,64.971670398],[20.231303292,64.974441446],[20.22898538,64.982674083],[20.21879763,64.990777722],[20.187313801,65.00365389],[20.146070869,65.017813359],[20.116970038,65.025588885],[20.105570399,65.0321777],[20.08733882,65.038584823],[20.05854976,65.052795908],[20.044628136,65.063971407],[20.012845297,65.077149042],[20.000513603,65.08730378],[19.9614512,65.114312146],[19.899385015,65.142143956],[19.896392471,65.14526383],[19.898987022,65.153057597],[19.896374298,65.157082385],[19.865143553,65.173074684],[19.836245903,65.193597824],[19.815508853,65.202350232],[19.800705173,65.20609836],[19.75582818,65.222743702],[19.690132203,65.250456827]]},"properties":{"segment_id":"95005","code":1,"text":"Normalt","info":["Torrt"],"road":"Väg 95","updated":"2026-05-03T22:00:45.011Z","lan":24}},{"type":"Feature","geometry":{"type":"LineString","coordinates":[[16.111461557,66.678757879],[16.103315726,66.682403963],[16.096153868,66.688886864],[16.072233215,66.703406549],[16.057914743,66.709837458],[16.047759882,66.716248369],[16.042875895,66.721394679],[16.032905122,66.726448624],[16.011508335,66.730696389],[15.983711146,66.743611989],[15.940415842,66.756427225],[15.917179718,66.759973139],[15.898810953,66.758266563],[15.8715716,66.759944468],[15.844734479,66.757560435],[15.834614777,66.755147142]]},"properties":{"segment_id":"95020","code":1,"text":"Normalt","info":["Torrt"],"road":"Väg 95","updated":"2026-05-03T22:00:45.047Z","lan":25}},{"type":"Feature","geometry":{"type":"LineString","coordinates":[[19.690091123,65.250467102],[19.660900774,65.261923236],[19.632635531,65.260945152],[19.618680608,65.263119142],[19.612718631,65.266089634],[19.607649735,65.272089548],[19.597679781,65.276719685],[19.594882062,65.282595615],[19.591255799,65.285943247],[19.556457456,65.296990716],[19.547155097,65.301731696],[19.542154332,65.306629928],[19.539416541,65.31456153],[19.530858127,65.321301755],[19.525070752,65.328542523],[19.512214007,65.336489453],[19.506026198,65.342698376],[19.490006168,65.35173561],[19.477642719,65.3661104],[19.468400594,65.371805747],[19.437067665,65.385937358],[19.404475637,65.410355648],[19.390606196,65.426095896],[19.374814848,65.435219972],[19.372940432,65.437962078],[19.372952803,65.443076698],[19.379180568,65.454079226],[19.375673601,65.458954175],[19.345835328,65.473613262],[19.328996097,65.486204417],[19.296474862,65.500686447],[19.278271028,65.513390613],[19.247227867,65.528268324],[19.239685401,65.533728754],[19.232806877,65.549030334],[19.228425263,65.553035519],[19.220487944,65.567098439],[19.217652053,65.576381171],[19.19658254,65.58574659],[19.167647732,65.596016901],[19.14694151,65.599423909],[19.141261579,65.6018258]]},"properties":{"segment_id":"95010","code":1,"text":"Normalt","info":["Torrt"],"road":"Väg 95","updated":"2026-05-03T22:00:45.023Z","lan":25}},{"type":"Feature","geometry":{"type":"LineString","coordinates":[[22.054159076,65.625663248],[22.024392596,65.639165163],[21.946744928,65.664887054],[21.910342869,65.673482641],[21.863803342,65.680057337],[21.841808597,65.687892499],[21.815667371,65.703509174],[21.77762405,65.730756497],[21.773939789,65.738897868],[21.76606598,65.750118877],[21.760112829,65.766833337],[21.739485413,65.78419745],[21.734727798,65.793340088],[21.713820886,65.81237915],[21.697504861,65.824362981]]},"properties":{"segment_id":"97000","code":1,"text":"Normalt","info":["Torrt"],"road":"Väg 97","updated":"2026-05-03T22:00:45.056Z","lan":25}},{"type":"Feature","geometry":{"type":"LineString","coordinates":[[21.697356606,65.824468633],[21.681074771,65.821713015],[21.62521959,65.830872973],[21.614735777,65.833526865],[21.610634659,65.838255591],[21.598445851,65.845406777],[21.577291417,65.850402138],[21.537722811,65.849669095],[21.492715913,65.852977681],[21.462904048,65.85863951],[21.432251389,65.860915833],[21.42167177,65.863568409],[21.415412767,65.867309096],[21.407623722,65.877077839],[21.374532699,65.89988524],[21.345613947,65.912375854],[21.305466678,65.924881703],[21.281599189,65.936258277],[21.272583745,65.944644833],[21.26875791,65.957277212],[21.257754807,65.96831999],[21.252391006,65.980942314],[21.232901998,65.991896083],[21.185075978,66.005378733],[21.16903984,66.013328593],[21.049251162,66.037114604],[21.029616218,66.045459686],[21.006130461,66.061651442],[20.9580848,66.082285412],[20.948630353,66.088224772],[20.934514671,66.107065822],[20.919829402,66.122514362],[20.906070988,66.131154678],[20.88193271,66.141567373],[20.876019478,66.145781338],[20.874891558,66.150208941],[20.880602806,66.164522752],[20.877217808,66.180002466],[20.88471153,66.192177737],[20.885541638,66.197070991],[20.87441552,66.212440104],[20.875124741,66.227241646],[20.864784957,66.235530066],[20.863143285,66.241894566],[20.860559314,66.245080587],[20.833746537,66.264622012],[20.823125928,66.276833554],[20.81323642,66.29494938],[20.80215794,66.304115098],[20.796440338,66.311522016],[20.777312856,66.322543585],[20.768372677,66.330303159],[20.740696559,66.342366077],[20.728419804,66.353450773],[20.724480684,66.367692745],[20.711263323,66.376019664],[20.705306623,66.384528898],[20.696502456,66.391989968],[20.692871627,66.398324921],[20.688461082,66.402230894],[20.633620914,66.422282654],[20.593692267,66.427458085]]},"properties":{"segment_id":"97005","code":1,"text":"Normalt","info":["Torrt"],"road":"Väg 97","updated":"2026-05-03T22:00:45.069Z","lan":25}},{"type":"Feature","geometry":{"type":"LineString","coordinates":[[19.374231905,65.446203952],[19.378740013,65.446414993],[19.38985082,65.450560442],[19.396397953,65.450810623],[19.431542462,65.438331077],[19.444231238,65.43850672],[19.49952563,65.43355241],[19.538531798,65.43328442],[19.600345985,65.427224259],[19.684766658,65.410196385],[19.716051419,65.411326107],[19.744342503,65.409018503],[19.761423475,65.410485835],[19.79120489,65.410091725],[19.876246007,65.416522793]]},"properties":{"segment_id":"373000","code":1,"text":"Normalt","info":["Torrt"],"road":"Väg 373","updated":"2026-05-03T22:00:45.108Z","lan":25}},{"type":"Feature","geometry":{"type":"LineString","coordinates":[[21.134449623,65.34304431],[21.153445195,65.340097597],[21.186334472,65.337757102],[21.244630472,65.318448875],[21.281218798,65.31927451],[21.300469514,65.315630851],[21.335171741,65.314531526],[21.348563104,65.314848914],[21.362162387,65.318156198],[21.370544367,65.318332451],[21.389502239,65.316274945],[21.404697677,65.312141178]]},"properties":{"segment_id":"373005","code":1,"text":"Normalt","info":["Torrt"],"road":"Väg 373","updated":"2026-05-03T22:00:45.117Z","lan":25}},{"type":"Feature","geometry":{"type":"LineString","coordinates":[[22.65516553,65.909458555],[22.681495202,65.910049547],[22.739993785,65.916979115],[22.772759826,65.917110993],[22.83069699,65.908534745],[22.912458546,65.889933707],[22.938857816,65.881536695],[22.951164754,65.880371656],[22.968552116,65.883391964],[23.004383028,65.877062925],[23.027476072,65.870556335],[23.060583166,65.870226673],[23.090763816,65.861636465],[23.119358163,65.851028501],[23.14286161,65.85384722]]},"properties":{"segment_id":"4180","code":1,"text":"Normalt","info":["Torrt"],"road":"E 4","updated":"2026-05-03T22:00:45.163Z","lan":25}},{"type":"Feature","geometry":{"type":"LineString","coordinates":[[22.841728778,66.365605996],[22.843244364,66.368851831],[22.841683103,66.373761273],[22.823366925,66.387896084],[22.807011029,66.404466158],[22.803513025,66.418608902],[22.796491939,66.426202474],[22.793487824,66.435038411],[22.786116962,66.444996051],[22.792805396,66.462725764],[22.792306962,66.469196839],[22.784240702,66.483955643],[22.777498718,66.489917449],[22.764690501,66.505615784],[22.765864738,66.516941193],[22.758201178,66.527154505],[22.75380623,66.540950966],[22.759488544,66.553794293],[22.761512444,66.56565527],[22.755700298,66.589326226],[22.762027091,66.599194928],[22.762760419,66.6033293],[22.757128739,66.610912717],[22.767509082,66.614441106],[22.768953554,66.617222061],[22.76758812,66.621397681],[22.769558719,66.623755255],[22.793356995,66.636689794],[22.801953238,66.644368316],[22.834376897,66.663178697],[22.845997318,66.673837316],[22.867061037,66.679650757],[22.891634823,66.682097264],[22.898561408,66.685070745],[22.899383558,66.687485383],[22.896888491,66.701345802],[22.894465272,66.705865564],[22.899442896,66.712116091],[22.897450135,66.721517428],[22.894759685,66.725779699],[22.88583163,66.733579529],[22.884996079,66.737937797],[22.88928667,66.744169211],[22.905372666,66.755784312],[22.905631707,66.76062042],[22.900909189,66.767378042],[22.901558408,66.775264706],[22.910173908,66.781178917],[22.915245098,66.787018714],[22.923659596,66.790594725],[22.938865693,66.793222121],[22.950214577,66.800730505],[22.990163906,66.809576955],[23.019849058,66.822244343],[23.043479512,66.836969584],[23.068517976,66.845044472]]},"properties":{"segment_id":"392000","code":1,"text":"Normalt","info":["Torrt"],"road":"Väg 392","updated":"2026-05-03T22:00:45.136Z","lan":25}},{"type":"Feature","geometry":{"type":"LineString","coordinates":[[11.837071238,58.025812132],[11.823038552,58.035987415],[11.820612118,58.041553331],[11.815859469,58.045820654],[11.815663863,58.048017842],[11.821577995,58.054718029],[11.821999276,58.057227233],[11.810504777,58.064237979],[11.804290954,58.065259538],[11.788411571,58.058891644],[11.773593452,58.059613355],[11.763732851,58.057079932],[11.757058816,58.058312187],[11.748752262,58.064436998],[11.719492833,58.063542272],[11.70006764,58.067462374],[11.696233665,58.072054918]]},"properties":{"segment_id":"160000","code":1,"text":"Normalt","info":["Torrt"],"road":"Väg 160","updated":"2026-05-05T14:07:14.056Z","lan":14}},{"type":"Feature","geometry":{"type":"LineString","coordinates":[[21.425537218,65.330476979],[21.409126464,65.338051914],[21.402340649,65.352305309],[21.385049952,65.353869392],[21.359922959,65.367609426],[21.346147448,65.37704654],[21.324240949,65.387562582],[21.313591769,65.399927367],[21.308978762,65.408939615],[21.287676176,65.420603705],[21.276565976,65.428831536],[21.271217539,65.438728385],[21.241604648,65.450306566],[21.234728483,65.460498927],[21.221032986,65.472467217],[21.219645304,65.482729431],[21.212671258,65.491852432],[21.188726899,65.508002834],[21.185936711,65.511602681],[21.189918637,65.517303033],[21.202381655,65.521592794],[21.211719185,65.527235065],[21.217221195,65.534079457],[21.217224803,65.537637101],[21.212548811,65.542161629],[21.211013128,65.548646686],[21.205467592,65.551909587],[21.173545279,65.561645555],[21.122042128,65.594420846],[21.116040205,65.607370618],[21.116471791,65.614089654],[21.112113363,65.620641603],[21.118224308,65.638019856],[21.117806368,65.642800867],[21.115247719,65.646002045],[21.104419665,65.649572003],[21.084054518,65.650641848],[21.062527872,65.656906364],[21.053932017,65.661761006],[21.047230006,65.668844988]]},"properties":{"segment_id":"374000","code":1,"text":"Normalt","info":["Torrt"],"road":"Väg 374","updated":"2026-05-03T22:00:45.150Z","lan":25}},{"type":"Feature","geometry":{"type":"LineString","coordinates":[[18.690545411,64.590695926],[18.701882812,64.593322899],[18.700713962,64.601645519],[18.697440554,64.60973335],[18.684879584,64.622060606],[18.678001033,64.636212807],[18.662748531,64.645675687],[18.660723609,64.652105134],[18.662478957,64.657811923],[18.669839882,64.664646451],[18.69346312,64.676421239],[18.698104542,64.683376425],[18.699227768,64.691758341],[18.694929958,64.713959967],[18.669707123,64.737112665],[18.668744457,64.747217496],[18.677250735,64.751759546],[18.697448174,64.755910998],[18.732115527,64.776543306],[18.735406368,64.782669206],[18.731883848,64.794357813],[18.732322806,64.803161245],[18.738455735,64.810446584],[18.752003004,64.814911766],[18.78461568,64.819474882],[18.799154149,64.825492189]]},"properties":{"segment_id":"365005","code":1,"text":"Normalt","info":["Torrt"],"road":"Väg 365","updated":"2026-05-03T22:00:45.296Z","lan":24}},{"type":"Feature","geometry":{"type":"LineString","coordinates":[[23.142839923,65.85384838],[23.162589707,65.848148081],[23.17559805,65.840973322],[23.201462583,65.837892611],[23.240938756,65.825289492],[23.280904178,65.821113397],[23.299231191,65.821776901],[23.331847645,65.827673786],[23.418337523,65.830737119],[23.431518368,65.834001448],[23.452540707,65.845423932],[23.463372963,65.849485255],[23.509013493,65.858780284],[23.545927675,65.856486165],[23.570012318,65.85037713],[23.613159094,65.844487407],[23.661254442,65.842633337],[23.701153682,65.843285306],[23.77309001,65.831818721],[23.818301014,65.819309206],[23.864523725,65.812820859],[23.979006169,65.808908762],[23.998878072,65.810862408],[24.033064624,65.820168289],[24.063735367,65.823597604],[24.113726303,65.839942285],[24.124951827,65.841630266],[24.14449134,65.840998618]]},"properties":{"segment_id":"4185","code":1,"text":"Normalt","info":["Torrt"],"road":"E 4","updated":"2026-05-03T22:00:45.177Z","lan":25}},{"type":"Feature","geometry":{"type":"LineString","coordinates":[[22.522202034,67.070939926],[22.533863368,67.077750694],[22.58470155,67.099543687],[22.597527815,67.106782771],[22.60380264,67.115715901],[22.609283609,67.134516323],[22.627183294,67.150781118],[22.63304613,67.162143819],[22.63578883,67.164485426],[22.684316537,67.172286032],[22.708792361,67.183207955],[22.740736118,67.190595279],[22.762118105,67.19893459],[22.775914966,67.206594805],[22.783502114,67.21339299],[22.786298006,67.219269504],[22.785898661,67.225275071],[22.780520947,67.23381698],[22.779459102,67.239367249],[22.779761485,67.246674743],[22.782623099,67.254390114]]},"properties":{"segment_id":"394005","code":1,"text":"Normalt","info":["Torrt"],"road":"Väg 394","updated":"2026-05-03T22:00:45.348Z","lan":25}},{"type":"Feature","geometry":{"type":"LineString","coordinates":[[20.593181042,66.42758446],[20.565324121,66.434324962],[20.531648662,66.436497005],[20.51987249,66.438867816],[20.490809737,66.459162651],[20.471626459,66.465893759],[20.458235228,66.4669392],[20.441991943,66.46544642],[20.423472486,66.467342689],[20.394626839,66.467623727],[20.350721006,66.471782217],[20.326966812,66.472199681],[20.309900691,66.475157098],[20.271231576,66.487139425],[20.246588562,66.508941583],[20.236367636,66.514043962],[20.155931715,66.53621442],[20.108691297,66.554947016],[20.08205118,66.559404073],[19.986779475,66.567048403],[19.954145503,66.57468663],[19.937449648,66.580610502],[19.895370844,66.591527955],[19.868277996,66.601869266],[19.823685815,66.60660286]]},"properties":{"segment_id":"97010","code":1,"text":"Normalt","info":["Torrt"],"road":"Väg 97","updated":"2026-05-03T22:00:45.189Z","lan":25}},{"type":"Feature","geometry":{"type":"LineString","coordinates":[[16.689457939,64.613522145],[16.662682025,64.623950517],[16.624434954,64.633602819],[16.615480793,64.63891573],[16.612458077,64.642646633],[16.621964961,64.649022942],[16.649252293,64.657750505],[16.676881888,64.66392919],[16.69128182,64.671457395],[16.722294244,64.677059522],[16.727929615,64.67965065],[16.728407408,64.683531579],[16.726237198,64.687972982],[16.710378248,64.6994934],[16.70837971,64.702397669],[16.706400723,64.71528263],[16.709366986,64.733684449],[16.708086421,64.744344329],[16.709642786,64.746695959],[16.752316401,64.770306634],[16.772002824,64.786992189],[16.77831548,64.790174913],[16.826763512,64.79509786],[16.936683194,64.829807299]]},"properties":{"segment_id":"45093","code":1,"text":"Normalt","info":["Torrt"],"road":"E 45","updated":"2026-05-03T22:00:45.221Z","lan":24}},{"type":"Feature","geometry":{"type":"LineString","coordinates":[[21.04709037,65.668994631],[21.035997745,65.678612036],[21.006419716,65.692760075],[20.996371173,65.705376107],[20.987918571,65.712849793],[20.986459887,65.724369975],[20.984022719,65.728760994],[20.975098145,65.735378745],[20.950058335,65.743517929],[20.92431553,65.746763748],[20.890333284,65.756419286],[20.847349535,65.775352159],[20.827997951,65.779514393],[20.805913177,65.781986572],[20.775961067,65.781755903],[20.750012685,65.78403301],[20.698471449,65.780945054],[20.682691075,65.782434137],[20.670444966,65.785842413],[20.640622198,65.799783588],[20.591852199,65.81220817],[20.542856247,65.831211874],[20.496605434,65.842845557],[20.461356756,65.848131997],[20.433037283,65.854864528],[20.419378524,65.859065776],[20.403130237,65.866434663],[20.383333612,65.870669116],[20.369292299,65.876057634],[20.359356467,65.88080606],[20.350558139,65.889014156],[20.339046698,65.896164516],[20.319344448,65.913603933],[20.305083454,65.922988023],[20.293256183,65.936083336],[20.281919273,65.942439578],[20.277534761,65.946612314],[20.264653706,65.950761907],[20.248469113,65.962139934],[20.165214684,65.999753271],[20.150841578,66.013999715],[20.124720048,66.028960259],[20.121741605,66.039980251],[20.11790063,66.043652384],[20.101536849,66.054297855],[20.093315925,66.062432154],[20.077469188,66.068460789]]},"properties":{"segment_id":"374005","code":1,"text":"Normalt","info":["Torrt"],"road":"Väg 374","updated":"2026-05-03T22:00:45.201Z","lan":25}},{"type":"Feature","geometry":{"type":"LineString","coordinates":[[23.467587917,65.850751051],[23.482842019,65.862789684],[23.487295647,65.873125021],[23.485333566,65.876587466],[23.46363165,65.895120209],[23.455072692,65.910091581],[23.46010211,65.919835397],[23.461551373,65.92765397],[23.460083239,65.939809775],[23.455603372,65.945381222],[23.452263448,65.956583047],[23.460669687,65.970180257],[23.461090869,65.980423853],[23.472942212,65.986292596],[23.487056086,65.99771107],[23.488123569,66.00083327],[23.485828971,66.011417854],[23.490754729,66.019622427],[23.500077254,66.024961678]]},"properties":{"segment_id":"398000","code":1,"text":"Normalt","info":["Torrt"],"road":"Väg 398","updated":"2026-05-03T22:00:45.212Z","lan":25}},{"type":"Feature","geometry":{"type":"LineString","coordinates":[[18.396341799,64.06912333],[18.380881288,64.071909371],[18.356004659,64.07304285],[18.332161418,64.078711876],[18.219862415,64.084251446],[18.126179867,64.109649187],[18.080207703,64.126392735],[18.053425642,64.132588426],[18.040854595,64.139084765],[18.033546503,64.141087377],[18.015603369,64.141190512],[17.933218282,64.147435159],[17.907992426,64.147168469],[17.860276269,64.15519885],[17.843064662,64.156496577],[17.80493122,64.16823659],[17.790510985,64.178355853],[17.775669386,64.191570776],[17.756059203,64.198426294],[17.711759163,64.194865065],[17.683805615,64.194268416],[17.648554681,64.200937969],[17.618376675,64.196902948],[17.599771607,64.196238882],[17.509503556,64.200674527],[17.496688669,64.197715726],[17.473374912,64.186493927],[17.371268013,64.167897651]]},"properties":{"segment_id":"92005","code":1,"text":"Normalt","info":["Torrt"],"road":"Väg 92","updated":"2026-05-03T22:00:45.233Z","lan":24}},{"type":"Feature","geometry":{"type":"LineString","coordinates":[[20.296191006,63.8504276],[20.300436967,63.861905774],[20.300709928,63.867672332],[20.306637888,63.8785218],[20.307157539,63.885044133],[20.313532658,63.894878284],[20.314926197,63.900396711],[20.300337191,63.931363377],[20.30087548,63.936364403],[20.304535926,63.942618587],[20.303837095,63.94508263],[20.292749368,63.957086946],[20.290810297,63.961548758],[20.256486807,63.980947668],[20.24412752,63.995305739],[20.242976895,63.999108258],[20.246968814,64.01706623],[20.228841407,64.05021914],[20.222114329,64.059458582],[20.207807606,64.069941488],[20.191749675,64.079027853],[20.180960446,64.091945752],[20.173836224,64.097309859],[20.174143351,64.105143972],[20.170588911,64.112242899],[20.162890197,64.120199716],[20.161304842,64.128721743],[20.164210458,64.136256589],[20.163910163,64.139290088],[20.170152097,64.147579021],[20.17090623,64.153058116],[20.180027647,64.167236162],[20.191025953,64.178279069],[20.248961264,64.213242851],[20.252843168,64.221821311],[20.252247005,64.226728331],[20.242429958,64.246758686],[20.245485853,64.250976451],[20.245603322,64.253770363]]},"properties":{"segment_id":"364000","code":1,"text":"Normalt","info":["Torrt"],"road":"Väg 364","updated":"2026-05-03T22:00:45.285Z","lan":24}},{"type":"Feature","geometry":{"type":"LineString","coordinates":[[17.658568635,64.720023938],[17.712426545,64.709232611],[17.741662018,64.696293114],[17.776276502,64.690475356],[17.820053926,64.680326083],[17.836400546,64.671994219],[17.839164945,64.660545308],[17.852894801,64.647214673],[17.898928639,64.636152767],[17.918936697,64.634115291],[17.987963064,64.632160217],[18.009525779,64.634030531],[18.073066295,64.625806378],[18.136829873,64.622004472],[18.185861463,64.614954491],[18.198729064,64.609601286],[18.229037602,64.614294658],[18.235394998,64.618305264],[18.241777329,64.620051527],[18.295323152,64.620779154],[18.313230905,64.620009994],[18.322569395,64.617123203],[18.344812051,64.619800766],[18.364938203,64.625128402],[18.38340816,64.624993698],[18.407632459,64.621660649],[18.416818779,64.622463404],[18.445236284,64.613448156],[18.462773084,64.614753552],[18.491600455,64.611549826],[18.511200465,64.603861626],[18.523228149,64.602712388],[18.539785874,64.597958686],[18.566230841,64.586504534],[18.604381618,64.590383519],[18.616739324,64.583603016],[18.64047154,64.57955075],[18.652164855,64.575865218]]},"properties":{"segment_id":"360005","code":1,"text":"Normalt","info":["Torrt"],"road":"Väg 360","updated":"2026-05-03T22:00:45.249Z","lan":24}},{"type":"Feature","geometry":{"type":"LineString","coordinates":[[21.366542699,65.634295233],[21.355089698,65.635352147],[21.330800502,65.641538768],[21.259142644,65.645439867],[21.243763869,65.648613567],[21.224182013,65.656641748],[21.220393439,65.660580048],[21.217454795,65.671049585],[21.205506952,65.675312205],[21.154446019,65.672391206],[21.067810844,65.671698333],[21.03205862,65.665765232],[21.015040717,65.66805207],[21.00409524,65.671303626]]},"properties":{"segment_id":"94003","code":1,"text":"Normalt","info":["Torrt"],"road":"Väg 94","updated":"2026-05-03T22:00:45.496Z","lan":25}},{"type":"Feature","geometry":{"type":"LineString","coordinates":[[23.069136947,66.845319826],[23.075979128,66.85073154],[23.077366435,66.862113954],[23.083149984,66.869919508],[23.093087816,66.877836695],[23.118691332,66.893203251],[23.12776525,66.906448388],[23.133154323,66.911274401],[23.14666271,66.918065849],[23.182740906,66.931058852],[23.187893385,66.935064789],[23.198287348,66.949730443],[23.228888826,66.961374131],[23.24656939,66.974555961],[23.285850371,66.987237622],[23.309766322,67.009332044],[23.326742852,67.018822144],[23.34627143,67.025817618],[23.354236909,67.031190039],[23.358898811,67.038905813],[23.344801542,67.057697505],[23.34804507,67.070540361],[23.346594575,67.078325696],[23.350865779,67.085628825],[23.359188989,67.092302586],[23.35988568,67.095175958],[23.355524622,67.105329137],[23.339182345,67.123450656],[23.339294019,67.126047539],[23.346546664,67.134287966],[23.347112856,67.142400959],[23.341038368,67.161707752],[23.341230255,67.171087552],[23.334643827,67.182729737],[23.336063034,67.187210162],[23.343904842,67.19835784],[23.361514396,67.204419411],[23.368983028,67.208717416]]},"properties":{"segment_id":"392005","code":1,"text":"Normalt","info":["Torrt"],"road":"Väg 392","updated":"2026-05-03T22:00:45.308Z","lan":25}},{"type":"Feature","geometry":{"type":"LineString","coordinates":[[17.23820555,63.916483355],[17.252267716,63.92195764],[17.268993634,63.932802919],[17.280939879,63.938181996],[17.283031483,63.941812275],[17.273802922,63.950594613],[17.263093897,63.972220512],[17.265245448,63.983912672],[17.263923533,63.994105773],[17.2657705,63.998224948],[17.277109648,64.006361484],[17.289761959,64.011459754],[17.296175166,64.017787044],[17.297165644,64.028590401],[17.292888577,64.041838282],[17.281476239,64.05184022],[17.277739562,64.057528235],[17.277976018,64.059921744],[17.289573411,64.071348604],[17.321629842,64.085179042],[17.329745503,64.096353241],[17.330709629,64.099534147],[17.328194345,64.106523746],[17.330615245,64.113120106],[17.324688386,64.12354905],[17.326849694,64.135384042],[17.328725734,64.137903946],[17.341828623,64.144589418],[17.358681766,64.148860763],[17.377613328,64.150438659],[17.386233747,64.154544685],[17.382031676,64.161670622],[17.371404208,64.16780565]]},"properties":{"segment_id":"90015","code":1,"text":"Normalt","info":["Torrt"],"road":"Väg 90","updated":"2026-05-03T22:00:45.323Z","lan":24}},{"type":"Feature","geometry":{"type":"LineString","coordinates":[[22.03871028,67.458860151],[22.047841152,67.454636603],[22.07169262,67.450153485],[22.114372335,67.449885075],[22.132239446,67.447812716],[22.180470257,67.448885773],[22.207553,67.44707843],[22.233798513,67.44769457],[22.263701964,67.44053632],[22.29633066,67.436486871],[22.321339451,67.430152442],[22.37542126,67.427804346],[22.410917537,67.423111248],[22.427833109,67.423592878],[22.454784193,67.429923892],[22.464542758,67.430779078],[22.507023818,67.429701213],[22.545453055,67.422096627],[22.551512937,67.419519212],[22.56698383,67.406777477],[22.570176601,67.402366742],[22.571495864,67.395616451],[22.57429056,67.392758715],[22.581140048,67.389600922],[22.621367188,67.37923592],[22.627939874,67.376413853],[22.632851492,67.372000677],[22.632077745,67.36959134],[22.616175361,67.358505576],[22.615059194,67.354361429],[22.610764575,67.349429686],[22.609078765,67.342767252],[22.582760005,67.335098674],[22.581792097,67.331985514],[22.584021606,67.32774604],[22.581681411,67.318777038],[22.582978531,67.315872425],[22.614913394,67.29829724],[22.645024793,67.28668654],[22.674591895,67.278697002],[22.68469907,67.272451556],[22.714893174,67.262807196],[22.742816858,67.257744316],[22.809464531,67.252003919],[22.8593307,67.249635862],[22.891975755,67.244863109],[22.906755944,67.246957462],[22.922246407,67.255689073],[22.931134219,67.257929591],[22.999844716,67.258698022],[23.024341546,67.254911266],[23.064033551,67.251707601],[23.107535948,67.24098254],[23.198181124,67.252770887],[23.237494741,67.252235074],[23.257233684,67.248692681]]},"properties":{"segment_id":"395005","code":1,"text":"Normalt","info":["Torrt"],"road":"Väg 395","updated":"2026-05-03T22:00:45.371Z","lan":25}},{"type":"Feature","geometry":{"type":"LineString","coordinates":[[21.205703361,65.675493326],[21.228123929,65.69057238],[21.253609303,65.703748453],[21.279552052,65.737367989],[21.294535723,65.74805389],[21.304430033,65.758129815],[21.317587645,65.764322581],[21.330470991,65.766435998],[21.368273446,65.765580472],[21.378472443,65.767721142],[21.39516024,65.775048391],[21.424200932,65.776024549],[21.493832596,65.763313196],[21.513899034,65.754679757],[21.519970531,65.754248566],[21.523903496,65.755756009],[21.527272823,65.759963729],[21.542292042,65.763418882],[21.54732389,65.769402097],[21.557873488,65.774561985],[21.557985871,65.78308166],[21.561018738,65.789457102],[21.568428288,65.797401126],[21.582633573,65.807845145],[21.586517845,65.81630133],[21.590303502,65.81931881],[21.630632659,65.827321332],[21.644535709,65.825238232],[21.662509164,65.819118683],[21.668628875,65.823213174]]},"properties":{"segment_id":"356000","code":1,"text":"Normalt","info":["Torrt"],"road":"Väg 356","updated":"2026-05-03T22:00:45.400Z","lan":25}},{"type":"Feature","geometry":{"type":"LineString","coordinates":[[21.302694771,64.372268781],[21.304310298,64.38055832],[21.297712911,64.390688124],[21.301156004,64.399862812],[21.300471785,64.403855695],[21.288464182,64.418118015],[21.280009616,64.434469442],[21.284339395,64.451668278],[21.292532008,64.465044243],[21.292393365,64.470598923],[21.28840768,64.479210146],[21.272111356,64.490248865],[21.260492904,64.503148444],[21.256731594,64.51061383],[21.258843193,64.522260304],[21.258305623,64.536388679],[21.244917047,64.552171817],[21.227382805,64.568119938],[21.217814398,64.586538813],[21.202197711,64.602410644],[21.180701495,64.614753511],[21.1786408,64.618325538],[21.177488405,64.628740336],[21.173533413,64.634048882],[21.167333546,64.638451586],[21.135226634,64.649032681],[21.101790623,64.663983711],[21.06601709,64.683389694],[21.015301704,64.696407479],[21.003935262,64.701030547],[20.998088696,64.705977674],[20.994195391,64.713663611],[20.985510898,64.720742272],[20.98005498,64.727770627],[20.968539385,64.734755514],[20.960059982,64.744156044],[20.961687083,64.753040553]]},"properties":{"segment_id":"4158","code":1,"text":"Normalt","info":["Torrt"],"road":"E 4","updated":"2026-05-03T22:00:45.414Z","lan":24}},{"type":"Feature","geometry":{"type":"LineString","coordinates":[[20.245385814,64.253823173],[20.230828198,64.258979519],[20.227631958,64.261874195],[20.229709821,64.270976741],[20.221983895,64.28591856],[20.224979239,64.294286582],[20.221386546,64.307460749],[20.223841053,64.317116757],[20.223451817,64.32653255],[20.226080428,64.33130597],[20.230945643,64.332454501],[20.234614848,64.33538216],[20.232423881,64.339131414],[20.233217706,64.345697871],[20.241405286,64.353475065],[20.252319468,64.376782298],[20.266727693,64.379206616],[20.275129877,64.38475236],[20.295821953,64.393416712],[20.31309507,64.395211289],[20.335115725,64.400763108],[20.381898649,64.402164501],[20.393165415,64.409101776],[20.397683287,64.413128681],[20.390592158,64.419391843],[20.388870072,64.427139925],[20.399613489,64.434528219],[20.395638763,64.439929768],[20.395643849,64.44829825],[20.392237888,64.453849669],[20.393722266,64.462640652],[20.411515827,64.475537304],[20.422088421,64.478467549],[20.428678579,64.486223886],[20.43555598,64.490477811],[20.458891629,64.497693046],[20.459806995,64.500493744],[20.463606391,64.50361912],[20.458810462,64.509493957],[20.459200654,64.511234289],[20.490114666,64.510000906],[20.514817486,64.503675505],[20.556794956,64.506466813],[20.594091951,64.513168942],[20.609971657,64.514705315],[20.617067978,64.513759011]]},"properties":{"segment_id":"364010","code":1,"text":"Normalt","info":["Torrt"],"road":"Väg 364","updated":"2026-05-03T22:00:45.428Z","lan":24}},{"type":"Feature","geometry":{"type":"LineString","coordinates":[[18.982291841,65.609725463],[18.939022732,65.625105344],[18.92180968,65.634967685],[18.908969705,65.647213535],[18.878540026,65.659431157],[18.858653103,65.67080016],[18.796059805,65.685330258],[18.751021781,65.70332838],[18.683749364,65.723324124],[18.601144866,65.741701299],[18.587390968,65.748188006],[18.585180224,65.754447591],[18.581470309,65.756529021],[18.512514541,65.777318947],[18.481264425,65.792550566],[18.470656051,65.799079773],[18.460419621,65.807926248],[18.446415806,65.815024381],[18.430082983,65.833626021]]},"properties":{"segment_id":"95012","code":1,"text":"Normalt","info":["Torrt"],"road":"Väg 95","updated":"2026-05-03T22:00:45.630Z","lan":25}},{"type":"Feature","geometry":{"type":"LineString","coordinates":[[19.462183825,63.578428964],[19.452527304,63.583386652],[19.45006045,63.587742959],[19.438589455,63.598051509],[19.419841886,63.607342655],[19.418058724,63.616918746],[19.42442655,63.625758179],[19.419718229,63.637968803],[19.401655121,63.65448211],[19.38898412,63.658888684],[19.382387327,63.665563228],[19.378141567,63.674763986],[19.378637226,63.68753319],[19.37648642,63.690916138],[19.358008289,63.706554133],[19.338859863,63.71689636],[19.32271655,63.733582259],[19.3185505,63.742562391],[19.319618354,63.745829647],[19.315062301,63.753337978],[19.315928153,63.757806965],[19.308795491,63.768277941],[19.309143632,63.778138346],[19.306799953,63.786209336],[19.294973807,63.800370443],[19.275927546,63.80966543],[19.272591232,63.814088279],[19.273504723,63.817962674],[19.281785968,63.825052597],[19.274656067,63.838946099],[19.265507244,63.844143002],[19.263712536,63.849499799],[19.256022032,63.856693496],[19.254869591,63.860655817],[19.246715253,63.865624217],[19.244160766,63.87084118],[19.248069997,63.878493046],[19.242540838,63.88319509],[19.243481158,63.887662121],[19.240205541,63.891228116],[19.241129596,63.903821923],[19.239423396,63.907386754],[19.228203639,63.917855031],[19.220627659,63.928836243],[19.216121263,63.931196915],[19.218849915,63.93358039]]},"properties":{"segment_id":"353000","code":1,"text":"Normalt","info":["Torrt"],"road":"Väg 353","updated":"2026-05-03T22:00:45.443Z","lan":24}},{"type":"Feature","geometry":{"type":"LineString","coordinates":[[19.347082824,64.528364609],[19.346323237,64.533816822],[19.336036466,64.541087286],[19.296760314,64.58752734],[19.298854671,64.595484706],[19.297803551,64.603929326],[19.285032175,64.624104241],[19.288786581,64.632489926],[19.285319322,64.640528103],[19.286617982,64.643043314],[19.275338479,64.65248541],[19.270580315,64.662223425],[19.251755617,64.677697161],[19.23798444,64.683189463],[19.166878264,64.700248902],[19.136919064,64.717538293],[19.132759236,64.721816011],[19.130398368,64.733611253],[19.12672495,64.736275292],[19.085718742,64.753725468],[19.045627661,64.765260419],[18.985347562,64.786072344],[18.968340078,64.795209841],[18.957395796,64.797901781],[18.952750388,64.801296826],[18.934501112,64.808566923],[18.882281009,64.816987882],[18.87037988,64.817101084],[18.862976,64.819010349],[18.800399854,64.825199716],[18.783140151,64.83119367],[18.76803437,64.839961221],[18.756969998,64.851275538],[18.724519563,64.860475794],[18.721212404,64.86359561],[18.72169844,64.867258337],[18.730840937,64.874971971],[18.733801502,64.880001204],[18.733840746,64.883324724],[18.730584349,64.887126304],[18.69884689,64.901872664],[18.623525366,64.921254756],[18.619460369,64.924075913],[18.618038353,64.92734485],[18.62442244,64.937755242],[18.623105691,64.942899397],[18.617342467,64.946192969],[18.595592925,64.953233037],[18.579427687,64.968661607],[18.558954367,64.980875836],[18.549052935,64.983645255],[18.508638735,64.987584009],[18.492644679,64.991373095],[18.468381438,65.002791073],[18.450454578,65.014085352],[18.438743833,65.01848782],[18.428705545,65.027171787],[18.416829558,65.034172255],[18.412598577,65.038985052],[18.412158571,65.043854907],[18.410176239,65.045813538],[18.393516618,65.051097446],[18.367386898,65.067183634],[18.332154503,65.080548383],[18.323200037,65.091373797],[18.312290752,65.099735726],[18.309127929,65.104799866],[18.292733115,65.118005967],[18.271579227,65.131673254],[18.259300776,65.150524662],[18.260187147,65.157044297],[18.25593976,65.162453925],[18.254490191,65.168916484],[18.243641251,65.176453773],[18.237652391,65.184280591],[18.227554599,65.189824318],[18.220565834,65.20127349],[18.206178966,65.210167867],[18.182637455,65.219721962],[18.171126807,65.228327105],[18.128151271,65.244199508],[18.115289209,65.246487323]]},"properties":{"segment_id":"363015","code":1,"text":"Normalt","info":["Torrt"],"road":"Väg 363","updated":"2026-05-03T22:00:45.723Z","lan":24}},{"type":"Feature","geometry":{"type":"LineString","coordinates":[[17.093151852,60.671742798],[17.089094677,60.676368738],[17.085073211,60.688637177],[17.085054184,60.70984258],[17.075748428,60.722138832],[17.074140487,60.727058557],[17.075103215,60.731462479],[17.080832902,60.740076604],[17.081430245,60.746183631],[17.079405481,60.760827662],[17.072761325,60.770800926],[17.071720549,60.777436204],[17.073751706,60.78243435],[17.08284439,60.793744707],[17.082068383,60.807830412],[17.084622398,60.820526234],[17.083373561,60.828188659],[17.074230948,60.846651804],[17.050331862,60.872964961],[17.042993482,60.884967586],[17.035193646,60.891839564],[17.016611064,60.903183948],[17.013676161,60.917750095],[17.009934898,60.926005595],[17.01026969,60.929853411],[17.015527796,60.937130187],[17.032291802,60.951660912],[17.034567181,60.95952981]]},"properties":{"segment_id":"4110","code":1,"text":"Normalt","info":["Torrt"],"road":"E 4","updated":"2026-05-03T22:00:46.794Z","lan":21}},{"type":"Feature","geometry":{"type":"LineString","coordinates":[[16.689457939,64.613522145],[16.699655054,64.61843158],[16.71369682,64.621554491],[16.711333283,64.629202328],[16.714335046,64.634005481],[16.726356932,64.636145395],[16.737349567,64.636232004],[16.740886665,64.632968049],[16.75307031,64.627528239],[16.763210513,64.627425534],[16.773768965,64.631490936],[16.790514735,64.629359138],[16.822500281,64.631768637],[16.846459296,64.626525317],[16.872019981,64.625234225],[16.908934598,64.633136844],[16.915966503,64.6334408],[16.924178005,64.631484957],[16.951683251,64.642102522],[16.972222134,64.645887315],[16.983729461,64.650078027],[17.01791039,64.649875753],[17.038573552,64.647294198],[17.058392681,64.6419117],[17.073205677,64.641246834],[17.080176342,64.646983922],[17.085209046,64.653627799],[17.101023709,64.660962571],[17.11238836,64.669705918],[17.116508631,64.677394234],[17.116813007,64.689086995],[17.120029477,64.694283562],[17.118736279,64.70055011],[17.121511531,64.701964651],[17.135168366,64.704066465],[17.244548304,64.703956847],[17.263423129,64.70658721],[17.273500938,64.706387919],[17.317576553,64.715508324],[17.325477172,64.71901152],[17.354305157,64.725765375],[17.362467089,64.729765303],[17.368963111,64.73102623],[17.412392273,64.735362206],[17.502075317,64.72728463],[17.525669848,64.731624955],[17.549466077,64.728433941],[17.658402684,64.720044875]]},"properties":{"segment_id":"360000","code":1,"text":"Normalt","info":["Torrt"],"road":"Väg 360","updated":"2026-05-03T22:00:45.456Z","lan":24}},{"type":"Feature","geometry":{"type":"LineString","coordinates":[[21.674086963,65.450461971],[21.705824709,65.463086317],[21.762049307,65.492627303],[21.773504586,65.507788305],[21.774988147,65.514067355],[21.780462608,65.523231984],[21.791731381,65.531595383],[21.868801833,65.556697039],[21.914056453,65.566543549],[21.947302516,65.579959089],[21.963491333,65.582325316],[21.998865545,65.583271648],[22.031690731,65.591749233],[22.041468807,65.59620883],[22.049322917,65.602317509],[22.054517641,65.609857363],[22.057869099,65.621504783]]},"properties":{"segment_id":"4172","code":1,"text":"Normalt","info":["Torrt"],"road":"E 4","updated":"2026-05-03T22:00:45.469Z","lan":25}},{"type":"Feature","geometry":{"type":"LineString","coordinates":[[20.077215283,66.068631077],[20.072216214,66.076981486],[20.073583737,66.081937774],[20.06956934,66.094123485],[20.069626737,66.098403296],[20.05912741,66.102688178],[20.054653659,66.107170564],[20.043030161,66.113083138],[20.029850268,66.12247248],[20.004211401,66.129314853],[20.000516806,66.133653085],[20.000189598,66.140877286],[19.986240987,66.149108734],[19.978771975,66.157444689],[19.962081615,66.158584558],[19.950596233,66.165311995],[19.949243093,66.170436988],[19.946020279,66.173966923],[19.948192704,66.178700164],[19.945521248,66.184029188],[19.946558573,66.188870737],[19.953659255,66.200335612],[19.942133254,66.213781645],[19.932228041,66.230673459],[19.933477643,66.238080553],[19.936878913,66.242352152],[19.935829238,66.247692008],[19.916524855,66.260429592],[19.91199398,66.265798626],[19.891761247,66.281125004],[19.888114906,66.287526424],[19.87220179,66.299700513],[19.867179466,66.305730754],[19.834575917,66.31937612],[19.824625712,66.330674945],[19.806656395,66.33954141],[19.791000717,66.345699342],[19.764724535,66.350805668],[19.752218497,66.362437832],[19.729574762,66.372668847],[19.697710226,66.395978986],[19.692863264,66.402185579],[19.687402337,66.415900443],[19.682513632,66.423474523],[19.68261038,66.427463862],[19.692182918,66.439440439],[19.694744249,66.463326038],[19.690728076,66.475450654],[19.676153499,66.490355362],[19.673460598,66.495561119],[19.673832454,66.502698185],[19.678588347,66.515170835],[19.689649057,66.52278779],[19.713119601,66.530516007],[19.737339001,66.541617339],[19.762180225,66.550430482],[19.7742383,66.561366226],[19.8018426,66.571789161],[19.805757046,66.577181475],[19.802806499,66.587145856],[19.803967123,66.591849338],[19.823507634,66.606617338]]},"properties":{"segment_id":"45112","code":1,"text":"Normalt","info":["Torrt"],"road":"E 45","updated":"2026-05-03T22:00:45.483Z","lan":25}},{"type":"Feature","geometry":{"type":"LineString","coordinates":[[17.372271244,60.647344709],[17.326419314,60.651329443],[17.266056899,60.645314267],[17.223802482,60.650918288],[17.186953966,60.649827955],[17.17204325,60.653627552],[17.165284816,60.657886608],[17.156536124,60.655674648],[17.154245596,60.652064975],[17.142676063,60.645083349],[17.141148861,60.64164088]]},"properties":{"segment_id":"76015","code":1,"text":"Normalt","info":["Torrt"],"road":"Väg 76","updated":"2026-05-03T22:00:46.805Z","lan":21}},{"type":"Feature","geometry":{"type":"LineString","coordinates":[[17.871091359,66.047906616],[17.802918593,66.055374681],[17.775279205,66.056440342],[17.739891809,66.062738629],[17.665841109,66.065239498],[17.629283478,66.069987874],[17.574469061,66.071451055],[17.522386489,66.092034619],[17.508666127,66.100310797],[17.490937127,66.102797212],[17.445002146,66.115641211],[17.404948229,66.12298451],[17.385577081,66.128536115],[17.372557222,66.134077605],[17.357453952,66.143258277],[17.329631699,66.168356072],[17.3044078,66.186973506],[17.273346131,66.205582345],[17.257201405,66.213430057],[17.234230619,66.234721708],[17.205064189,66.25053261],[17.197167788,66.262878573],[17.19697518,66.27983648],[17.194037405,66.283468293],[17.18471391,66.289056906],[17.156844634,66.301302982],[17.109642012,66.316185699],[17.099134966,66.320797579],[17.088208954,66.328474892],[17.073746728,66.342642708],[17.040431467,66.363240954],[16.970279708,66.381097459],[16.965134396,66.384824114],[16.962680351,66.391496329],[16.947210362,66.400404706],[16.941662838,66.408281802],[16.909272498,66.416803534],[16.860189174,66.425697643],[16.84760507,66.431339367],[16.840783511,66.437657051],[16.832240111,66.440727997],[16.793447654,66.446158935]]},"properties":{"segment_id":"95017","code":1,"text":"Normalt","info":["Torrt"],"road":"Väg 95","updated":"2026-05-03T22:00:45.507Z","lan":25}},{"type":"Feature","geometry":{"type":"LineString","coordinates":[[16.074176694,61.828296587],[16.065672436,61.835473095],[16.049116122,61.838940121],[16.021562415,61.834560075],[16.004339814,61.837532869],[16.001899231,61.839570627],[16.002005408,61.845153888],[15.99582103,61.849525987],[15.988472196,61.857919117]]},"properties":{"segment_id":"83005","code":1,"text":"Normalt","info":["Torrt"],"road":"Väg 83","updated":"2026-05-03T22:00:46.841Z","lan":21}},{"type":"Feature","geometry":{"type":"LineString","coordinates":[[19.87659276,65.416529576],[19.908890901,65.409474458],[19.922550425,65.404505404],[19.986418601,65.396561085],[20.010809075,65.390724495],[20.039470389,65.389877144],[20.061377286,65.386345738],[20.09127395,65.383998598],[20.139357535,65.381691996],[20.170869004,65.382989123],[20.194205246,65.385686281],[20.215345273,65.391523838],[20.225758741,65.392773623],[20.282303543,65.382714132],[20.311349932,65.385517111],[20.336497247,65.384610693],[20.358689672,65.376750651],[20.39274146,65.370937361],[20.43052354,65.361336966],[20.439769134,65.361111212],[20.496610883,65.350344322],[20.528905702,65.338415718],[20.569158912,65.336426995],[20.595479211,65.330437046],[20.622526994,65.327898203],[20.654216354,65.328834289],[20.698385232,65.324925691],[20.748407697,65.326757321],[20.777873309,65.323719413],[20.863390754,65.335434471],[20.887645622,65.335486152],[20.934114184,65.341420864],[20.970220679,65.34170262],[21.002480771,65.344290426],[21.019187088,65.350385343],[21.058147044,65.357997556],[21.078586686,65.356551702],[21.102520635,65.349458762],[21.134178218,65.343082401]]},"properties":{"segment_id":"373003","code":1,"text":"Normalt","info":["Torrt"],"road":"Väg 373","updated":"2026-05-03T22:00:45.521Z","lan":25}},{"type":"Feature","geometry":{"type":"LineString","coordinates":[[21.732700469,65.846959507],[21.745288636,65.843627388],[21.791513539,65.844208613],[21.821475396,65.839229965],[21.838981069,65.838301801],[21.845332265,65.835808279],[21.85563757,65.83601246],[21.882795438,65.830083236],[21.888452259,65.826501151],[21.889606524,65.822860926],[21.898350659,65.820058363],[21.91298225,65.819692949],[21.943843735,65.829244355],[21.952849497,65.83341405],[21.993304277,65.821807867],[22.01906875,65.809496577],[22.06808039,65.796003551],[22.087808176,65.788205949],[22.104264919,65.786798528],[22.120030915,65.790426673],[22.143683434,65.789931797],[22.173599635,65.782455138]]},"properties":{"segment_id":"383000","code":1,"text":"Normalt","info":["Torrt"],"road":"Väg 383","updated":"2026-05-03T22:00:45.535Z","lan":25}},{"type":"Feature","geometry":{"type":"LineString","coordinates":[[17.509533059,64.20077279],[17.512016293,64.203163414],[17.510702803,64.206633998],[17.512387091,64.209298757],[17.540302395,64.225337436],[17.550513347,64.233420394],[17.546769507,64.244296727],[17.551060464,64.256137342],[17.555086963,64.260386036],[17.564440803,64.263050721],[17.588026648,64.275412761],[17.608736643,64.280082274],[17.618918689,64.285467608],[17.633119893,64.28873266],[17.645873057,64.28893358],[17.679828333,64.297780196],[17.685400679,64.301278938],[17.70645515,64.321939921],[17.71900548,64.323485429],[17.727846895,64.328116292],[17.742975715,64.333060087],[17.771456244,64.340354637],[17.787206383,64.341465712],[17.805962582,64.349701827],[17.839163297,64.349978278],[17.882084832,64.346113806],[17.894145303,64.347519531],[17.89862278,64.350098306],[17.898864095,64.353766669],[17.901692848,64.355830148],[17.916478659,64.357476494],[17.929480577,64.362012978],[17.948644854,64.364035591],[17.956795944,64.366574685],[17.989285839,64.381830414],[18.00122674,64.38517004],[18.004096092,64.389970162]]},"properties":{"segment_id":"365000","code":1,"text":"Normalt","info":["Torrt"],"road":"Väg 365","updated":"2026-05-03T22:00:45.547Z","lan":24}},{"type":"Feature","geometry":{"type":"LineString","coordinates":[[18.004105891,64.390059774],[18.001744254,64.399403725],[18.017323052,64.410068323],[18.035106727,64.417452572],[18.098428944,64.434227752],[18.116098883,64.440455502],[18.145695521,64.452677788],[18.154042154,64.460672472],[18.185479698,64.472272993],[18.214446691,64.472540649],[18.236586037,64.474740603],[18.252353511,64.481982846],[18.276905135,64.486144631],[18.289605827,64.492858603],[18.296485319,64.500842956],[18.319748862,64.508269669],[18.378670765,64.514420421],[18.390810147,64.519153882],[18.39895347,64.519064856],[18.414268069,64.515449384],[18.429889237,64.516298894],[18.438190867,64.519626731],[18.450570526,64.528302675],[18.497829039,64.539396454],[18.503345531,64.543020598],[18.512591689,64.553706917],[18.529122171,64.561217812],[18.552127734,64.565112155],[18.603330555,64.567121298],[18.62369953,64.572120406],[18.645650853,64.573735364],[18.654644372,64.577052651],[18.65951662,64.583598545],[18.66638353,64.588477446],[18.674073949,64.591691308],[18.681869525,64.592422312]]},"properties":{"segment_id":"365003","code":1,"text":"Normalt","info":["Torrt"],"road":"Väg 365","updated":"2026-05-03T22:00:45.559Z","lan":24}},{"type":"Feature","geometry":{"type":"LineString","coordinates":[[24.128234786,65.842102691],[24.119644479,65.849332351],[24.117678535,65.853657783],[24.121662109,65.865471362],[24.12045446,65.868149745],[24.114995909,65.872295385],[24.113398057,65.881240409],[24.100763329,65.897315153],[24.100463973,65.913556435],[24.079287081,65.926935257],[24.077342835,65.932905032],[24.071363117,65.940797815],[24.045343653,65.953073872],[24.033869409,65.962023009],[24.030542173,65.967883471],[24.028754215,65.976574949],[24.018746376,66.003665083],[24.014775757,66.009427092],[23.99583251,66.023480126],[23.954160357,66.040128588],[23.942864607,66.050025101],[23.92567827,66.061738403],[23.923637368,66.075941185],[23.925604576,66.089946609],[23.920980759,66.096665319],[23.916675929,66.118353488],[23.910670125,66.127684594],[23.896298613,66.144383844],[23.854143772,66.163426825],[23.832400225,66.165103768],[23.815401058,66.172537546],[23.796255868,66.175977029],[23.782126008,66.181939847],[23.747096493,66.186948444],[23.731005765,66.184680143],[23.720352854,66.185953918],[23.713599355,66.189700521],[23.711460964,66.194758696],[23.711828195,66.198074446],[23.703097597,66.201941393],[23.695022016,66.209450754],[23.696737041,66.215755508],[23.692909294,66.220284744],[23.692170161,66.224485746],[23.68244811,66.230893425],[23.680993879,66.23517077],[23.682118863,66.237512445]]},"properties":{"segment_id":"99000","code":1,"text":"Normalt","info":["Torrt"],"road":"Väg 99","updated":"2026-05-03T22:00:45.576Z","lan":25}},{"type":"Feature","geometry":{"type":"LineString","coordinates":[[23.92099421,66.815654166],[23.943975512,66.82522914],[23.953320813,66.830721638],[23.956558348,66.83452676],[23.956150077,66.838349914],[23.947647569,66.847972374],[23.941531682,66.860099991],[23.934883812,66.868919024],[23.925465745,66.87728874],[23.910169113,66.88722115],[23.901233297,66.89594135],[23.85464181,66.919665131],[23.850919497,66.927590332],[23.850916853,66.943745962],[23.848141029,66.949283986],[23.843101499,66.954252413],[23.822949536,66.961912251],[23.816983499,66.969174512],[23.795983581,66.982114274],[23.761368514,66.997986094],[23.746901846,67.008094424],[23.733717855,67.015000864],[23.712809882,67.033030271],[23.682785159,67.04667304],[23.673019355,67.060411279],[23.662102172,67.070720997],[23.660397992,67.075136593],[23.660019763,67.086912645],[23.654157264,67.097188867],[23.648250992,67.103226155],[23.639558659,67.107787359],[23.606575869,67.119238145],[23.542251297,67.161690248],[23.520997379,67.167948747],[23.479116651,67.188178384],[23.456958482,67.195939175],[23.411585906,67.200017399],[23.369381413,67.208723578]]},"properties":{"segment_id":"99015","code":1,"text":"Normalt","info":["Torrt"],"road":"Väg 99","updated":"2026-05-03T22:00:45.590Z","lan":25}},{"type":"Feature","geometry":{"type":"LineString","coordinates":[[23.261802414,67.770821968],[23.285948947,67.765714115],[23.312604549,67.764052613],[23.328075702,67.7595447],[23.361952828,67.757621258],[23.393689563,67.751489681],[23.433594465,67.748135569],[23.463065508,67.741880923],[23.477975997,67.734890971],[23.482502334,67.729446786],[23.472356114,67.724544447],[23.472152507,67.71657252],[23.469456409,67.712491752],[23.472774064,67.703133259],[23.483161413,67.688350511],[23.494147942,67.678326599],[23.493684404,67.675349468],[23.488833036,67.66873343],[23.489050878,67.665928476],[23.5012008,67.649658593],[23.49555503,67.639730676],[23.474213687,67.627924361],[23.471188437,67.621393423],[23.47211568,67.60000097],[23.46358944,67.590685443],[23.459449757,67.588335363],[23.458481489,67.58347751],[23.460992192,67.579205456],[23.454528335,67.574337739],[23.456467859,67.566308034],[23.454287701,67.563602051],[23.45429956,67.555212512],[23.472681001,67.543136136],[23.473922463,67.538442258],[23.470600956,67.535715271],[23.412089812,67.508413179],[23.402038063,67.501337107],[23.400174472,67.496634902],[23.389529402,67.48958945],[23.389865475,67.484962208],[23.397646086,67.479060132],[23.406105516,67.467129216],[23.405905698,67.463786263],[23.408435594,67.46209004],[23.43386828,67.456579576],[23.446366218,67.456157294],[23.458300348,67.452382886],[23.47518715,67.449756096],[23.482777297,67.444328643],[23.481839112,67.442172475],[23.4836086,67.440279905],[23.481404407,67.436102451],[23.456247753,67.426628615],[23.405883344,67.423519465],[23.39848747,67.418583325],[23.383437169,67.412004907],[23.380933475,67.407851682],[23.369654564,67.400207464],[23.364860423,67.394944649],[23.345991945,67.388120352],[23.342097348,67.380785856],[23.324184239,67.367665138],[23.320151418,67.362985687],[23.3115069,67.360000868],[23.301895471,67.354309574],[23.301751653,67.35175053],[23.310286545,67.334724143],[23.305887434,67.32152376],[23.285504702,67.314629782],[23.279596251,67.310697984],[23.264600275,67.306802864],[23.246653374,67.298152405],[23.242988109,67.29141109],[23.228563989,67.284240007],[23.221001261,67.277898255],[23.222088705,67.27332441],[23.235515854,67.267481351],[23.234430566,67.26176351],[23.235479539,67.260742505],[23.257578129,67.258533291],[23.259586342,67.25299851],[23.257447651,67.248636415],[23.287055732,67.239111203],[23.319769616,67.233411691],[23.331688872,67.228251895],[23.334988308,67.221725953],[23.339138814,67.218716038],[23.36916691,67.208843314]]},"properties":{"segment_id":"99020","code":1,"text":"Normalt","info":["Torrt"],"road":"Väg 99","updated":"2026-05-03T22:00:45.605Z","lan":25}},{"type":"Feature","geometry":{"type":"LineString","coordinates":[[20.051779558,65.687186747],[20.037512695,65.686877249],[20.015512661,65.680786058],[19.983490003,65.682728977],[19.958018557,65.673001982],[19.8703273,65.661175862],[19.823123603,65.660513201],[19.787727715,65.658151656],[19.749378509,65.661386674],[19.733462013,65.660516132],[19.713421148,65.654340612],[19.686003453,65.641286681],[19.667037081,65.634398166],[19.643415636,65.628315255],[19.602625796,65.620691136],[19.595996845,65.617169529],[19.586642554,65.607571132],[19.57224513,65.600524897],[19.54984207,65.593636769],[19.527023187,65.589652987],[19.503712566,65.587928133],[19.451805609,65.58856067],[19.391114658,65.582085375],[19.364869337,65.57764677],[19.327984696,65.567278348],[19.303886197,65.562795463],[19.277072589,65.566691007],[19.259780011,65.574287489],[19.246830113,65.576753791],[19.217673668,65.576380571]]},"properties":{"segment_id":"94010","code":1,"text":"Normalt","info":["Torrt"],"road":"Väg 94","updated":"2026-05-03T22:00:45.619Z","lan":25}},{"type":"Feature","geometry":{"type":"LineString","coordinates":[[23.625302893,66.396841236],[23.608946746,66.39396355],[23.570399082,66.398787265],[23.542188051,66.396305404],[23.516523643,66.397619708],[23.470036424,66.407128985],[23.453561848,66.408435614],[23.434985891,66.413659819],[23.405316626,66.418733379],[23.356877062,66.422988331],[23.341775694,66.42802173],[23.332655434,66.435759301],[23.315958935,66.441797006],[23.302828694,66.448997152],[23.292076583,66.451569024],[23.279406696,66.451107047],[23.25923514,66.445884394],[23.235282295,66.445233122],[23.217632816,66.438850866],[23.20543615,66.437400482],[23.168908143,66.444603936],[23.148927122,66.446883043],[23.112332964,66.448158803],[23.086323765,66.446508183],[23.053830685,66.446779584],[23.026730899,66.438654969],[22.982574095,66.438548371],[22.96833366,66.435451161],[22.962554879,66.430302319],[22.964305475,66.421470802],[22.963416808,66.417497801],[22.955410836,66.406846312],[22.952552108,66.399380309],[22.948980548,66.396168085],[22.933242657,66.387781749],[22.907340407,66.378188744],[22.841725984,66.365597109],[22.826524143,66.353211576],[22.826123539,66.351001789],[22.82961874,66.344225162],[22.828284235,66.341259088],[22.808989263,66.331445233]]},"properties":{"segment_id":"98000","code":1,"text":"Normalt","info":["Torrt"],"road":"Väg 98","updated":"2026-05-03T22:00:45.674Z","lan":25}},{"type":"Feature","geometry":{"type":"LineString","coordinates":[[23.639320488,66.388428781],[23.640066213,66.385186548],[23.647680234,66.379652869],[23.650439282,66.374489693],[23.64963026,66.361650963],[23.647584405,66.355237548],[23.648168581,66.344201571],[23.640626648,66.334388799],[23.623459661,66.324299959],[23.620205892,66.318785869],[23.619589616,66.314200414],[23.639412786,66.293780618],[23.646542541,66.282052589],[23.650762346,66.279971541],[23.653140514,66.276592294],[23.65120298,66.261837171],[23.681659497,66.240974194],[23.682121936,66.237521313]]},"properties":{"segment_id":"99005","code":1,"text":"Normalt","info":["Torrt"],"road":"Väg 99","updated":"2026-05-03T22:00:45.686Z","lan":25}},{"type":"Feature","geometry":{"type":"LineString","coordinates":[[23.639320488,66.388428781],[23.637316765,66.391035994],[23.626519731,66.39612248],[23.622738434,66.400374462],[23.624785682,66.414147456],[23.629182046,66.423558516],[23.617764315,66.442194496],[23.61709152,66.446634837],[23.619806576,66.450742248],[23.628857447,66.458177058],[23.638343517,66.462495228],[23.668399096,66.46967064],[23.699997114,66.482794878],[23.706098833,66.487209113],[23.717152356,66.50098478],[23.725899822,66.508252319],[23.779204226,66.530860653],[23.783183345,66.5357366],[23.781675394,66.543237726],[23.785141873,66.547048379],[23.820300225,66.555423301],[23.84487535,66.563036621],[23.851547954,66.566248041],[23.85752316,66.571687883],[23.858740029,66.575770363],[23.856896564,66.582279247],[23.858491777,66.591649771],[23.856747484,66.601979091],[23.862820608,66.609937294],[23.864742593,66.615146632],[23.86203034,66.629863846],[23.865287586,66.643255831],[23.860750243,66.652604187],[23.83670688,66.671198168],[23.836421771,66.674334815],[23.839819954,66.684019668],[23.838949731,66.691865727],[23.85455332,66.707625641],[23.856845876,66.71541952],[23.866748856,66.723134974],[23.86677115,66.725910698],[23.861618888,66.735049148],[23.870482822,66.751480355],[23.868128811,66.760324664],[23.868933742,66.762983731],[23.892936227,66.784120213],[23.897466535,66.801448881],[23.920749648,66.815550467]]},"properties":{"segment_id":"99010","code":1,"text":"Normalt","info":["Torrt"],"road":"Väg 99","updated":"2026-05-03T22:00:45.698Z","lan":25}},{"type":"Feature","geometry":{"type":"LineString","coordinates":[[23.500234935,66.025034264],[23.506737967,66.028848692],[23.509195434,66.039531306],[23.522070962,66.05214736],[23.524377312,66.058527006],[23.506768148,66.090824881],[23.48898196,66.107157786],[23.480860256,66.12205015],[23.479945108,66.12914154],[23.485411968,66.141267267],[23.48618194,66.153950819],[23.488742004,66.159223445],[23.498677309,66.168996419],[23.512675852,66.179059425],[23.544992102,66.195598746],[23.590724629,66.208492069],[23.623303349,66.223042545],[23.645711345,66.231188447],[23.682008938,66.237518642]]},"properties":{"segment_id":"398005","code":1,"text":"Normalt","info":["Torrt"],"road":"Väg 398","updated":"2026-05-03T22:00:45.709Z","lan":25}},{"type":"Feature","geometry":{"type":"LineString","coordinates":[[17.371108203,64.167954121],[17.362179476,64.172821747],[17.346373308,64.187200035],[17.336190439,64.199062318],[17.334150199,64.204437109],[17.317095101,64.209691803],[17.312268246,64.214086895],[17.295151431,64.236129143],[17.294269451,64.241664592],[17.278582221,64.248607739],[17.272872267,64.252709862],[17.26987776,64.258978212],[17.274495365,64.265666956],[17.274729427,64.273779514],[17.261719315,64.283919966],[17.258127948,64.300144836],[17.253498494,64.303968982],[17.207475328,64.319591339],[17.180412771,64.315418138],[17.138976774,64.316496085],[17.095593273,64.322743164],[17.069827111,64.324339429],[17.061393748,64.327510619],[17.05079895,64.335595172],[17.044486318,64.338403473],[17.008159063,64.343618753],[16.961806275,64.361500091],[16.916099195,64.370156568],[16.887326565,64.385502589],[16.851797241,64.399276336],[16.823541418,64.407448468],[16.816431856,64.411351535],[16.806354739,64.420981741],[16.803791459,64.427476167],[16.804210628,64.435747149]]},"properties":{"segment_id":"90020","code":1,"text":"Normalt","info":["Torrt"],"road":"Väg 90","updated":"2026-05-03T22:00:45.752Z","lan":24}},{"type":"Feature","geometry":{"type":"LineString","coordinates":[[16.321337404,60.077238793],[16.317670327,60.082627659],[16.320536718,60.090025821],[16.318412967,60.094923319],[16.300308164,60.105959629],[16.288727631,60.120791521],[16.270398715,60.13223881],[16.215917205,60.150602649],[16.194069426,60.155102802],[16.169194491,60.15773128],[16.15007611,60.167947165],[16.113635849,60.191884418],[16.053245122,60.215734189],[16.046545479,60.223536708],[16.035789405,60.230490576],[16.027423385,60.241825097],[16.018463528,60.24993093],[16.013897035,60.261756132],[16.003307149,60.270636571],[15.99399158,60.284158011]]},"properties":{"segment_id":"70015","code":1,"text":"Normalt","info":["Torrt"],"road":"Väg 70","updated":"2026-05-03T22:00:45.856Z","lan":20}},{"type":"Feature","geometry":{"type":"LineString","coordinates":[[17.371142411,64.167872758],[17.355281133,64.16284146],[17.33670083,64.16112027],[17.265584293,64.183889042],[17.23388686,64.184539432],[17.210639971,64.183241578],[17.161973404,64.188863742],[17.116539722,64.188784673],[17.085772555,64.192863569],[17.05561334,64.200536217],[17.036028908,64.200909442],[17.007951188,64.206612857],[16.976524569,64.207418719],[16.960108066,64.20458784],[16.949897344,64.204706616],[16.894092027,64.218385816],[16.815639569,64.230001371],[16.789626501,64.237817653],[16.756436401,64.237457336],[16.733646137,64.24077243],[16.699848531,64.241304058],[16.663127533,64.250873127],[16.637234164,64.250590926],[16.62150341,64.248360687],[16.552593009,64.252474673],[16.516247967,64.248610604],[16.4965069,64.249837231],[16.477558176,64.253180382]]},"properties":{"segment_id":"92010","code":1,"text":"Normalt","info":["Torrt"],"road":"Väg 92","updated":"2026-05-03T22:00:45.764Z","lan":24}},{"type":"Feature","geometry":{"type":"LineString","coordinates":[[14.984915559,60.05414216],[14.986060019,60.06559972],[14.988160112,60.07029603],[15.001347542,60.07173322],[15.008392155,60.077479623],[15.014772474,60.079364687],[15.032687893,60.077296268],[15.047545885,60.087411266],[15.069493646,60.095644411],[15.097021962,60.101948405],[15.106303499,60.108136873],[15.110135662,60.113799565],[15.138837537,60.132691557],[15.151713767,60.133970425],[15.165333762,60.129006639],[15.177026845,60.131254261],[15.176324875,60.134622361],[15.180076499,60.14584118],[15.186344341,60.152414179],[15.192414931,60.152549169]]},"properties":{"segment_id":"50040","code":1,"text":"Normalt","info":["Torrt"],"road":"Väg 50","updated":"2026-05-03T22:00:45.867Z","lan":20}},{"type":"Feature","geometry":{"type":"LineString","coordinates":[[16.793290854,66.446474828],[16.772088641,66.449597469],[16.76125448,66.449630259],[16.751907201,66.446549623],[16.742869799,66.439193407],[16.725180303,66.436661782],[16.67904203,66.440143986],[16.658742532,66.446175837],[16.627419228,66.452589389],[16.606176955,66.454774406],[16.581318766,66.460869644],[16.553519627,66.474734037],[16.538639683,66.487264255],[16.531027883,66.489905286],[16.487953519,66.489917149],[16.460341745,66.484605108],[16.446190559,66.483471406],[16.432283049,66.483428901],[16.418120285,66.485612756],[16.412942187,66.48898856],[16.410074661,66.49470324],[16.414501049,66.503008066],[16.398654302,66.518278681],[16.353865525,66.526110719],[16.335102164,66.534140798],[16.333155254,66.536454373],[16.332929335,66.542324395],[16.337676933,66.553571511],[16.323790732,66.563541288],[16.324640954,66.569770051],[16.323192419,66.571352478],[16.315091557,66.575458253],[16.300821911,66.576788515],[16.299158284,66.578175094],[16.29819889,66.58397927],[16.294286688,66.587241681],[16.249935963,66.601041786],[16.244096427,66.607009913],[16.245243003,66.615910359],[16.243209403,66.619039864],[16.210765289,66.629898446],[16.198591796,66.64028288],[16.17951864,66.65225243],[16.161587989,66.658585603],[16.141469405,66.662321692],[16.126803782,66.672144102],[16.111395274,66.678794235]]},"properties":{"segment_id":"95018","code":1,"text":"Normalt","info":["Torrt"],"road":"Väg 95","updated":"2026-05-03T22:00:45.812Z","lan":25}},{"type":"Feature","geometry":{"type":"LineString","coordinates":[[21.992702654,66.01615252],[21.974860628,66.015729859],[21.962572945,66.010995722],[21.953489334,66.0102629],[21.925984098,66.014834666],[21.889977697,66.015546053],[21.868081394,66.009370245],[21.862093044,66.003517183],[21.85912292,65.993661545],[21.846426479,65.982924713],[21.849209441,65.975840897],[21.848769354,65.963275922],[21.846840055,65.959143296],[21.842611277,65.957718726],[21.831512966,65.957871823],[21.82169352,65.953640197],[21.828271605,65.947595636],[21.827157528,65.941623646],[21.819693577,65.930237751],[21.821976557,65.924411783],[21.826938411,65.920683727],[21.848326948,65.914363518],[21.855612628,65.909205015],[21.857118996,65.902412353],[21.847321969,65.892854281],[21.846571403,65.888984541],[21.851002765,65.885288129],[21.87528129,65.87484853],[21.876980407,65.870435745],[21.872710094,65.865119853],[21.864376678,65.859671189],[21.846768039,65.856071994],[21.824458299,65.854880794],[21.7866087,65.858326403],[21.769002025,65.854682518],[21.748994662,65.854432898],[21.73312147,65.847472714],[21.727874587,65.836464669],[21.716848447,65.831236307],[21.71350121,65.825678436],[21.697871993,65.824590201]]},"properties":{"segment_id":"356010","code":1,"text":"Normalt","info":["Torrt"],"road":"Väg 356","updated":"2026-05-03T22:00:45.828Z","lan":25}},{"type":"Feature","geometry":{"type":"LineString","coordinates":[[14.173393469,61.135012136],[14.171601274,61.133250421],[14.173512949,61.123332186],[14.170738833,61.119400693],[14.172915986,61.116343463],[14.149240432,61.11893498],[14.108894408,61.114221929],[14.100334792,61.115045135],[14.078231572,61.121459478],[14.050449046,61.122569159],[14.021652607,61.12638628],[13.994852281,61.123253832],[13.978586937,61.123392361],[13.969073702,61.125950894],[13.956129978,61.134524885]]},"properties":{"segment_id":"102550","code":1,"text":"Normalt","info":["Torrt"],"road":"Väg 1025","updated":"2026-05-03T22:00:46.105Z","lan":20}},{"type":"Feature","geometry":{"type":"LineString","coordinates":[[16.148477499,60.130397822],[16.190546649,60.140380301],[16.203040172,60.151636173],[16.215987241,60.150548126],[16.21986735,60.149291164],[16.227068495,60.146297148],[16.228809751,60.14566138],[16.232170409,60.144507649],[16.23214858,60.143924145],[16.227486469,60.145431185],[16.227582508,60.145591937],[16.228644452,60.146058038],[16.256002281,60.157412795],[16.270212189,60.16288993],[16.282656297,60.173339721],[16.295509273,60.189845997],[16.301266065,60.192223248],[16.318507805,60.19446859],[16.340023283,60.205029179],[16.341390983,60.209361782],[16.336696538,60.217275837],[16.338586863,60.226012472],[16.352826466,60.238593012],[16.363747703,60.257573174],[16.371401544,60.260825996],[16.391171849,60.264185483],[16.40347712,60.270000929],[16.404535059,60.27781155],[16.406699045,60.281883646],[16.401949847,60.29007893],[16.412993888,60.30077415],[16.41214596,60.305865977],[16.418259118,60.317879299],[16.408926248,60.338686879],[16.408006183,60.350128387],[16.451638004,60.381332688],[16.455270505,60.394035948],[16.454286796,60.400054451],[16.447372148,60.408247869],[16.445361471,60.418992018],[16.448606248,60.427020953],[16.447960255,60.432918951],[16.45004904,60.44677055],[16.444773351,60.454038871],[16.448376576,60.472076723],[16.444158574,60.480725382],[16.4433701,60.488780056],[16.433224045,60.496836774],[16.433048446,60.508530651],[16.436382637,60.514735922],[16.450859925,60.52443045],[16.461729174,60.539200804],[16.474345964,60.549272437],[16.490331797,60.567773586]]},"properties":{"segment_id":"68015","code":1,"text":"Normalt","info":["Torrt"],"road":"Väg 68","updated":"2026-05-03T22:00:45.843Z","lan":20}},{"type":"Feature","geometry":{"type":"LineString","coordinates":[[15.192523365,60.152611865],[15.189267614,60.156495516],[15.193141013,60.15965056],[15.195988196,60.165832957],[15.208590773,60.181239739],[15.208399026,60.185118987],[15.219528815,60.202188123],[15.226814921,60.217655679],[15.234207333,60.244525917],[15.229751634,60.258217631],[15.239957165,60.270060763],[15.242642029,60.281126903],[15.256816974,60.290177945],[15.2921142,60.305423069],[15.305779049,60.319273718],[15.318597031,60.328662478],[15.32279667,60.334012744],[15.324555588,60.343346492],[15.323907577,60.351078871],[15.317798313,60.367578759],[15.324507523,60.376810763],[15.32511932,60.379969815],[15.322546731,60.38392675],[15.313347348,60.389291107],[15.311172619,60.393336665],[15.312691525,60.406038089],[15.321618953,60.420445718],[15.343589918,60.434038593],[15.362144001,60.44107371],[15.367357082,60.445728397],[15.371583129,60.454542791],[15.37579233,60.45855347],[15.395267223,60.466308671],[15.410298066,60.478626998],[15.421385293,60.483476868]]},"properties":{"segment_id":"50045","code":1,"text":"Normalt","info":["Torrt"],"road":"Väg 50","updated":"2026-05-03T22:00:45.879Z","lan":20}},{"type":"Feature","geometry":{"type":"LineString","coordinates":[[17.238705005,63.169283775],[17.220213613,63.174009774],[17.177548359,63.162288483],[17.138636011,63.161685816],[17.116682764,63.164304396],[17.084320599,63.173052453],[17.066536541,63.171902727],[17.053893118,63.175435126],[17.045348972,63.175711065],[17.040342094,63.174301641],[17.033091571,63.169503407],[17.028771155,63.162831392],[17.022247728,63.159279231],[17.023949794,63.153787128],[17.018538158,63.141060997]]},"properties":{"segment_id":"87000","code":1,"text":"Normalt","info":["Torrt"],"road":"Väg 87","updated":"2026-05-03T22:00:46.200Z","lan":22}},{"type":"Feature","geometry":{"type":"LineString","coordinates":[[15.18933404,60.155516702],[15.185535862,60.155971028],[15.180451296,60.161661799],[15.168083558,60.163518769],[15.15060309,60.186346543],[15.140062128,60.192104667],[15.130692276,60.203014743],[15.121599636,60.207620634],[15.106655952,60.211539349],[15.098605957,60.216708487],[15.094995033,60.22238583],[15.064555557,60.227576009],[15.047744674,60.224790667],[15.031146557,60.233990045],[15.016396993,60.238329515],[14.997255498,60.23392184],[14.990357935,60.234585959],[14.978884211,60.246975558],[14.981479937,60.256475642],[14.984405234,60.260211244],[14.983770783,60.264224738]]},"properties":{"segment_id":"66010","code":1,"text":"Normalt","info":["Torrt"],"road":"Väg 66","updated":"2026-05-03T22:00:45.892Z","lan":20}},{"type":"Feature","geometry":{"type":"LineString","coordinates":[[15.446533445,60.481051619],[15.472971825,60.463784111],[15.474417729,60.459442219],[15.478179503,60.455612794],[15.490926721,60.449829008],[15.514891598,60.434312954],[15.535307203,60.42519977],[15.560412752,60.417060429],[15.601691519,60.408538955],[15.610929698,60.403603367],[15.620643519,60.394247248],[15.625799202,60.391538398],[15.686036027,60.377719206],[15.722313071,60.360727369],[15.7441979,60.357006136],[15.748040158,60.353832903],[15.748024432,60.349980926],[15.749868156,60.348201649],[15.763068776,60.344723473],[15.7787395,60.337826411],[15.804213138,60.334352503],[15.824075883,60.334814565],[15.838836725,60.329837547],[15.878271003,60.324779001],[15.932154543,60.314489904],[15.975525608,60.298689066],[15.993542115,60.283649538]]},"properties":{"segment_id":"70017","code":1,"text":"Normalt","info":["Torrt"],"road":"Väg 70","updated":"2026-05-03T22:00:45.904Z","lan":20}},{"type":"Feature","geometry":{"type":"LineString","coordinates":[[14.98950911,60.235142589],[14.980667375,60.22495049],[14.95861581,60.219585006],[14.956959084,60.216765084],[14.95866332,60.210516262],[14.953090384,60.208853297],[14.917512744,60.208252312],[14.907596164,60.205965113],[14.887255079,60.208687976],[14.867461667,60.200049842],[14.852943111,60.203742867],[14.845655196,60.203743566],[14.840413918,60.202058291],[14.837476052,60.19792438],[14.823609312,60.190624679],[14.822652772,60.187435849],[14.820387769,60.186184716],[14.789884374,60.185717874],[14.734519867,60.191894942],[14.726745658,60.189966612],[14.718753185,60.184149429],[14.706254742,60.18062049],[14.675845904,60.180379028],[14.671151678,60.175698339],[14.658761638,60.17120441],[14.601623099,60.167543139],[14.583140509,60.168518902],[14.57187805,60.162960819],[14.559655676,60.162112648],[14.549666139,60.157445822],[14.519123495,60.16049021],[14.45885786,60.160616999],[14.43594552,60.156166517],[14.428728973,60.149535833],[14.412611859,60.141348073],[14.411020317,60.137713365],[14.404667163,60.135601762],[14.387053616,60.13694914],[14.374917527,60.140843336],[14.364955703,60.139224569],[14.337565836,60.145735163],[14.308439465,60.139210953],[14.277152876,60.14470096],[14.257912465,60.143463171],[14.239157547,60.146993466],[14.224969561,60.152981349],[14.211194661,60.155046156]]},"properties":{"segment_id":"245005","code":1,"text":"Normalt","info":["Torrt"],"road":"Väg 245","updated":"2026-05-03T22:00:45.917Z","lan":20}},{"type":"Feature","geometry":{"type":"LineString","coordinates":[[15.616631981,60.603131902],[15.565474745,60.599730579],[15.549570623,60.6008384],[15.516317702,60.595125808],[15.504375175,60.58562709],[15.489274986,60.584049087],[15.469546404,60.579091796],[15.456490944,60.573363756],[15.450224563,60.567521965],[15.432114357,60.562356183],[15.41915704,60.55331108],[15.41568961,60.548814638],[15.408998607,60.547362793],[15.394213987,60.55038814],[15.373037989,60.549658824],[15.369292729,60.547379682],[15.371022727,60.54243665],[15.367115759,60.538667444],[15.336700632,60.53372853],[15.332099531,60.529295635]]},"properties":{"segment_id":"293000","code":1,"text":"Normalt","info":["Torrt"],"road":"Väg 293","updated":"2026-05-03T22:00:45.930Z","lan":20}},{"type":"Feature","geometry":{"type":"LineString","coordinates":[[13.721766531,60.686318863],[13.738009466,60.691905422],[13.750412867,60.699339902],[13.78424742,60.709519427],[13.822468744,60.73113253],[13.842899592,60.758023504],[13.843969459,60.770109722],[13.856459144,60.78695383],[13.856298826,60.804847846],[13.859778103,60.807786654],[13.867511497,60.810518861],[13.884624574,60.815807032],[13.928785741,60.822361879],[13.951766169,60.821384828],[13.971452688,60.823880453],[14.063027098,60.825205605],[14.087512368,60.819726462],[14.11263031,60.816321157],[14.119756834,60.818567817],[14.126739665,60.824099362]]},"properties":{"segment_id":"45050","code":1,"text":"Normalt","info":["Torrt"],"road":"E 45","updated":"2026-05-03T22:00:45.941Z","lan":20}},{"type":"Feature","geometry":{"type":"LineString","coordinates":[[14.047388221,61.221120835],[14.033125391,61.214438761],[14.03479069,61.211730204],[14.034163868,61.208493547],[14.026473674,61.19472861],[14.025356622,61.182707547],[14.022165043,61.176471514],[14.013244734,61.166799934],[14.005427196,61.16122999],[13.999474651,61.153769946],[13.980456445,61.148905357],[13.975573048,61.142520698],[13.961853815,61.139480171],[13.957949837,61.135086603],[13.952086463,61.134385884],[13.93631575,61.137306543],[13.923889809,61.135179129],[13.914536917,61.1252549],[13.895832574,61.1154425],[13.86802375,61.112043112],[13.854784351,61.112281806],[13.842704774,61.105660403],[13.820423726,61.100655224],[13.80082415,61.090650975],[13.767392202,61.084846157],[13.738011633,61.085140659],[13.731700796,61.082531553],[13.719285605,61.08053785],[13.689866568,61.078253487],[13.676818746,61.072864603],[13.661452892,61.070252959],[13.642097392,61.071720935],[13.617697249,61.078746627],[13.55080349,61.074471934],[13.519364961,61.067764644],[13.500589136,61.069003226],[13.472990919,61.066754494],[13.459656024,61.062777801],[13.457561531,61.058219222],[13.454431661,61.056674872],[13.431249641,61.055303073],[13.416406551,61.05056816],[13.398237339,61.050910588],[13.385371529,61.048216087],[13.369656063,61.049122767],[13.362879421,61.052309412],[13.356228952,61.058397736],[13.340100322,61.061774428],[13.335776814,61.066130319],[13.331224559,61.067061935]]},"properties":{"segment_id":"102400","code":1,"text":"Normalt","info":["Torrt"],"road":"Väg 1024","updated":"2026-05-03T22:00:45.954Z","lan":20}},{"type":"Feature","geometry":{"type":"LineString","coordinates":[[17.018516462,63.14103437],[17.016054014,63.136436525],[17.010434172,63.131497351],[17.010338098,63.126381031],[17.01383693,63.119337221],[17.005403961,63.110352632],[17.016184245,63.095421242],[17.015695857,63.088083818],[17.009083779,63.081829964],[17.002634814,63.078482529],[16.98683648,63.075059748],[16.960092138,63.074848729],[16.928797393,63.07916583],[16.898889019,63.080279106],[16.86523541,63.06623565],[16.855322317,63.064112378],[16.833008791,63.063038281],[16.811703648,63.057144636]]},"properties":{"segment_id":"87003","code":1,"text":"Normalt","info":["Torrt"],"road":"Väg 87","updated":"2026-05-03T22:00:46.353Z","lan":22}},{"type":"Feature","geometry":{"type":"LineString","coordinates":[[13.272482551,61.149926617],[13.255612509,61.171773845],[13.24880526,61.177504947],[13.249174648,61.179898381],[13.24586209,61.186626362],[13.23066565,61.195875572],[13.225768534,61.202546474],[13.22221807,61.215341248],[13.21847533,61.222260529],[13.218806631,61.228919014],[13.216690766,61.231414555],[13.212076074,61.245757584],[13.207808161,61.25164596],[13.191425332,61.259699023],[13.180643194,61.268480939],[13.176007097,61.275414101],[13.165535229,61.281909157],[13.15912083,61.287883811],[13.158673929,61.290095813],[13.152876408,61.293465373],[13.140820554,61.29373183],[13.126047385,61.301368311],[13.112905823,61.305353062],[13.083008216,61.304440325],[13.071433468,61.308344454]]},"properties":{"segment_id":"311000","code":1,"text":"Normalt","info":["Torrt"],"road":"Väg 311","updated":"2026-05-03T22:00:45.969Z","lan":20}},{"type":"Feature","geometry":{"type":"LineString","coordinates":[[15.620542537,60.628945527],[15.623093705,60.631393831],[15.622208359,60.634773932],[15.625308621,60.640056901],[15.641947916,60.650249745],[15.645978343,60.658813966],[15.647085094,60.670211516],[15.650758762,60.673605605],[15.657739322,60.675762302],[15.685626259,60.678845821],[15.696824521,60.682020368],[15.718772755,60.684391517],[15.724536667,60.687503018],[15.728141507,60.694693373],[15.734067575,60.698369246],[15.746130733,60.702001859],[15.756484886,60.707636323],[15.780987172,60.713924581],[15.778589005,60.71857155],[15.764658727,60.730871719],[15.764677393,60.734741425],[15.768779328,60.739108553],[15.767135693,60.74785421],[15.753737791,60.76166747],[15.755725681,60.766594539],[15.755435358,60.772979975],[15.751998905,60.783028377],[15.751014604,60.799823851],[15.757731602,60.808037442]]},"properties":{"segment_id":"50055","code":1,"text":"Normalt","info":["Torrt"],"road":"Väg 50","updated":"2026-05-03T22:00:45.982Z","lan":20}},{"type":"Feature","geometry":{"type":"LineString","coordinates":[[15.757751039,60.808082225],[15.760368251,60.815367018],[15.760220899,60.836278907],[15.762073726,60.842248123],[15.759464658,60.84627629],[15.753104302,60.850460142],[15.749617432,60.857949743],[15.751280518,60.867628261],[15.749464331,60.874201664],[15.750851674,60.879949132],[15.74868068,60.891857694],[15.722697975,60.910585044],[15.710318597,60.914394911],[15.697850016,60.923537237],[15.686579343,60.943230787],[15.695932762,60.954028617],[15.691727196,60.958467597],[15.69234617,60.969956645],[15.697391411,60.978495932],[15.709906197,60.983718841],[15.709332309,60.993624911],[15.715410141,60.997552235],[15.717460999,61.001590547],[15.727460985,61.007902598],[15.745662219,61.010380009],[15.752962728,61.014056484],[15.762525662,61.028682306],[15.780816972,61.034225096],[15.791553155,61.041668442]]},"properties":{"segment_id":"50060","code":1,"text":"Normalt","info":["Torrt"],"road":"Väg 50","updated":"2026-05-03T22:00:45.996Z","lan":20}},{"type":"Feature","geometry":{"type":"LineString","coordinates":[[15.774876104,61.808297452],[15.78420758,61.803684037],[15.81621023,61.798604966],[15.836774236,61.797996452],[15.843385696,61.801151963],[15.850149729,61.801541182],[15.889877726,61.80038284],[15.91844302,61.80664064],[15.949742255,61.808869711],[15.96555493,61.813912593],[16.020667236,61.817904304],[16.030483937,61.823675468],[16.03617472,61.825230697],[16.061365253,61.821294783]]},"properties":{"segment_id":"84004","code":1,"text":"Normalt","info":["Torrt"],"road":"Väg 84","updated":"2026-05-03T22:00:52.297Z","lan":21}},{"type":"Feature","geometry":{"type":"LineString","coordinates":[[15.117256214,60.88405795],[15.118445492,60.88185728],[15.117479102,60.879541783],[15.10487978,60.873797244],[15.100590811,60.868575273],[15.102368219,60.854361599],[15.10577141,60.848271804],[15.102590171,60.843219586],[15.092766916,60.837408896],[15.048588208,60.817464739],[15.051402612,60.795592873],[15.047724594,60.793053404],[15.035376169,60.789465949],[15.024441391,60.781585529],[15.018614505,60.771656565],[15.017931598,60.765066646],[15.020162914,60.75257761],[15.016656359,60.7480351],[15.007996397,60.741643381],[15.006271638,60.737719975],[15.011218593,60.725284751],[15.020418349,60.721467897],[15.027927742,60.7151997],[15.050742573,60.703476326],[15.054800595,60.698357091],[15.080641146,60.682560134],[15.089014416,60.6718706],[15.088360434,60.666959872],[15.078416888,60.656227936],[15.058400578,60.643309293],[15.056043071,60.622929326],[15.04994116,60.611915216],[15.051740407,60.606195269],[15.057432386,60.602691354],[15.070464544,60.599686322],[15.079274419,60.595766785],[15.086052375,60.590555089],[15.097864388,60.584935423],[15.120217656,60.57873102],[15.127194451,60.566343221],[15.132789906,60.560789062]]},"properties":{"segment_id":"70020","code":1,"text":"Normalt","info":["Torrt"],"road":"Väg 70","updated":"2026-05-03T22:00:46.010Z","lan":20}},{"type":"Feature","geometry":{"type":"LineString","coordinates":[[11.850377949,58.025531183],[11.869922525,58.028305611],[11.914834891,58.058783804],[11.947688359,58.076949009],[11.951926468,58.082155484],[11.956695479,58.083734539],[11.966214278,58.090729292],[11.975860652,58.09425715],[11.989057202,58.106028784],[11.990988368,58.109705322],[11.985090724,58.11600084],[11.985912675,58.122554119],[11.980971267,58.130561727]]},"properties":{"segment_id":"650005","code":1,"text":"Normalt","info":["Torrt"],"road":"Väg 650","updated":"2026-05-05T14:07:14.128Z","lan":14}},{"type":"Feature","geometry":{"type":"LineString","coordinates":[[15.117348456,60.884093782],[15.106047488,60.892713126],[15.075665229,60.90214263],[15.047020039,60.913880992],[15.021222561,60.912388199],[14.989068519,60.905171092],[14.967240706,60.906846443],[14.947057748,60.904703247],[14.898497446,60.912172054],[14.860314059,60.920083416],[14.826276612,60.921992045],[14.757625838,60.936861372],[14.751109244,60.939587792],[14.731164871,60.954363222],[14.708871505,60.963411647],[14.686534291,60.985007542],[14.682166895,60.987457292],[14.655755573,60.994341442],[14.625684287,61.006444504],[14.590230943,61.00947482]]},"properties":{"segment_id":"70025","code":1,"text":"Normalt","info":["Torrt"],"road":"Väg 70","updated":"2026-05-03T22:00:46.022Z","lan":20}},{"type":"Feature","geometry":{"type":"LineString","coordinates":[[14.551501545,61.009549166],[14.59003179,61.009142028],[14.590685213,61.012977623],[14.588326361,61.019443592],[14.591182932,61.030369516],[14.599139362,61.040762938],[14.608708594,61.048440227],[14.610027748,61.057125717],[14.615286492,61.067959203],[14.619127851,61.072099929],[14.621125487,61.081720885],[14.634517008,61.093904842],[14.635466565,61.100021338],[14.628289514,61.111008661],[14.629171664,61.114898494]]},"properties":{"segment_id":"45055","code":1,"text":"Normalt","info":["Torrt"],"road":"E 45","updated":"2026-05-03T22:00:46.033Z","lan":20}},{"type":"Feature","geometry":{"type":"LineString","coordinates":[[17.734003263,59.833325539],[17.73237907,59.83768085],[17.734028388,59.850386668],[17.72885314,59.858059044],[17.706753225,59.86920684],[17.687331155,59.881158582],[17.662897378,59.891429791],[17.652676909,59.900925678],[17.650451994,59.907115634],[17.650658405,59.913067984],[17.659912014,59.929654994],[17.660606497,59.938768902],[17.657139825,59.946906588],[17.648656816,59.957750384],[17.647165059,59.97093305],[17.639120754,59.983348466],[17.635740285,59.997197527],[17.625542327,60.009511168],[17.623883845,60.018240609]]},"properties":{"segment_id":"4100","code":1,"text":"Normalt","info":["Torrt"],"road":"E 4","updated":"2026-05-26T10:36:47.846Z","lan":3}},{"type":"Feature","geometry":{"type":"LineString","coordinates":[[14.846811713,61.495266542],[14.862134867,61.4874996],[14.866075494,61.483751027],[14.867875917,61.470933223],[14.875117991,61.462115368],[14.873581855,61.447633548],[14.849472456,61.426566162],[14.835854949,61.418057846],[14.830246966,61.412251587],[14.815966792,61.403731448],[14.807618685,61.393898629],[14.790654742,61.383046823],[14.770432285,61.364026907],[14.755642285,61.356244604],[14.747630014,61.345762223],[14.74794164,61.337225201],[14.74615824,61.333603947],[14.731852607,61.321797967],[14.729815107,61.317637333],[14.719088516,61.318369691],[14.720388577,61.308703557],[14.700554719,61.287743534],[14.702483641,61.281077424],[14.70155828,61.278337225],[14.678570587,61.264477159],[14.677474139,61.256852546],[14.674361427,61.251431591],[14.674143398,61.245487862],[14.677144121,61.241778287],[14.694463073,61.23299337],[14.704248767,61.224297752],[14.704926619,61.221507173],[14.690098172,61.209031011],[14.685041202,61.199170809],[14.673843477,61.189879308],[14.667124287,61.179718118],[14.662953464,61.166312988],[14.663146185,61.162183694],[14.65415304,61.155248128],[14.65433172,61.152501381],[14.658309501,61.147160717],[14.658133038,61.144583644],[14.652516577,61.136785582],[14.634044454,61.12518242],[14.629171664,61.114898494]]},"properties":{"segment_id":"45060","code":1,"text":"Normalt","info":["Torrt"],"road":"E 45","updated":"2026-05-03T22:00:46.045Z","lan":20}},{"type":"Feature","geometry":{"type":"LineString","coordinates":[[16.878889728,63.695875976],[16.889146908,63.694655504],[16.926769897,63.704077062],[16.940598593,63.709780638],[16.95218386,63.71751535],[16.969408508,63.719462473],[16.982634501,63.727316058],[16.985661355,63.731484894],[17.004273158,63.744280824],[17.007792814,63.751036941],[17.023588352,63.767514717],[17.023928696,63.776514596],[17.03000285,63.780568003],[17.046108806,63.785790052],[17.077142549,63.787151302],[17.101717463,63.800145768],[17.124827746,63.80930626],[17.150817045,63.81338365],[17.162023759,63.819097016],[17.163660797,63.821361934],[17.158041038,63.828395069],[17.157264934,63.831800389],[17.158917162,63.836381491],[17.156519242,63.843043138],[17.15727641,63.8468206],[17.163897765,63.856480856],[17.169904727,63.863393782],[17.201783372,63.87592143],[17.217482858,63.893467621],[17.224120919,63.911169719],[17.237976493,63.916424046]]},"properties":{"segment_id":"90010","code":1,"text":"Normalt","info":["Torrt"],"road":"Väg 90","updated":"2026-05-03T22:00:46.578Z","lan":22}},{"type":"Feature","geometry":{"type":"LineString","coordinates":[[14.55144543,61.009593869],[14.541848017,61.0094898],[14.537899903,61.020267943],[14.530912448,61.027381376],[14.512965492,61.034410466],[14.4955217,61.046556542],[14.48738611,61.048123996],[14.4656693,61.047869235],[14.433150051,61.052162844],[14.400446709,61.061807747],[14.380074176,61.070047468],[14.335533225,61.078580459],[14.323550401,61.085075043],[14.306492919,61.090213872],[14.289042627,61.104344596],[14.254362275,61.117328763],[14.23276241,61.121831719],[14.196368526,61.124574223],[14.183024279,61.130231373],[14.153958282,61.145872393],[14.138972836,61.151146875],[14.107719354,61.168407192],[14.097009221,61.18021444],[14.089464227,61.185847169],[14.081896759,61.195995401],[14.058342169,61.209723142],[14.044438443,61.224448972],[14.039201884,61.227626185],[14.034078188,61.23619995],[14.0322143,61.246538607]]},"properties":{"segment_id":"70030","code":1,"text":"Normalt","info":["Torrt"],"road":"Väg 70","updated":"2026-05-03T22:00:46.057Z","lan":20}},{"type":"Feature","geometry":{"type":"LineString","coordinates":[[17.262213577,63.178536885],[17.290456451,63.178075219],[17.343792278,63.170165043],[17.358363713,63.166601315],[17.384347436,63.165386069],[17.406734041,63.165609954],[17.440918402,63.170755473],[17.464414885,63.17906914],[17.476615403,63.181595797],[17.483859876,63.180544331],[17.495661175,63.175173869],[17.51810587,63.173897543],[17.572195623,63.177903098],[17.610971825,63.176351206],[17.629900114,63.172930487],[17.636161694,63.168359933],[17.653459749,63.161104487],[17.670933,63.157570567],[17.680415394,63.152928274]]},"properties":{"segment_id":"335000","code":1,"text":"Normalt","info":["Torrt"],"road":"Väg 335","updated":"2026-05-03T22:00:46.605Z","lan":22}},{"type":"Feature","geometry":{"type":"LineString","coordinates":[[14.032170692,61.246744796],[14.032102286,61.255031241],[14.007754888,61.267550633],[13.949233134,61.280541704],[13.936883829,61.27996969],[13.927884177,61.275275037],[13.917190345,61.274364126],[13.859184621,61.278414088],[13.843087435,61.276338472],[13.835886357,61.270315148],[13.827966969,61.26863084],[13.7922796,61.272340327],[13.756095103,61.283209881],[13.735075028,61.293691297],[13.724293394,61.305029289],[13.718450452,61.307748696],[13.687706818,61.310633592],[13.661349242,61.315637946],[13.638394479,61.322099025],[13.613660444,61.325054334],[13.600690529,61.328908005],[13.582508734,61.331817274],[13.565270761,61.342617641],[13.56082965,61.347329543],[13.530205762,61.364044043],[13.518311217,61.379798862],[13.49142082,61.402606433],[13.486308887,61.40993046],[13.48546704,61.413773111],[13.473747432,61.423169014],[13.466682257,61.437285552],[13.454694702,61.44346237],[13.447115721,61.453307063],[13.427888156,61.462200377],[13.422975134,61.469551395],[13.423344405,61.483410449],[13.415435599,61.495656074],[13.401977669,61.49981801],[13.392517331,61.505462481],[13.381506054,61.507972153],[13.370690241,61.513536214],[13.367772071,61.516491408],[13.365617624,61.522077621],[13.359099588,61.526946944],[13.356823759,61.530870416],[13.346157863,61.536209943],[13.343912369,61.539873184],[13.334842724,61.546928297],[13.322235636,61.553885544],[13.311631608,61.563371667],[13.307498457,61.570809242],[13.296750803,61.58169327],[13.283120609,61.58765557],[13.258220957,61.595188462],[13.245740482,61.61091342],[13.245696994,61.615680921],[13.243176968,61.618881151],[13.235930457,61.623250633],[13.227628773,61.632176606],[13.217195222,61.635426277],[13.199273723,61.64763712],[13.18757678,61.651038583],[13.180489041,61.655012256],[13.169497701,61.670983969],[13.162184827,61.688800187],[13.143191621,61.692782388]]},"properties":{"segment_id":"70035","code":1,"text":"Normalt","info":["Torrt"],"road":"Väg 70","updated":"2026-05-03T22:00:46.073Z","lan":20}},{"type":"Feature","geometry":{"type":"LineString","coordinates":[[13.142846707,61.692858528],[13.131985199,61.694874926],[13.111892627,61.695057425],[13.064828102,61.692326301],[13.031311325,61.699634248],[13.010621145,61.710201099],[12.980917364,61.735952371],[12.973120477,61.745392074],[12.962522833,61.750982263],[12.956437731,61.758183538],[12.95710743,61.766086973],[12.906188154,61.807472302],[12.895851243,61.819293872],[12.881000438,61.825118261],[12.864372255,61.829377863],[12.853782442,61.829527167],[12.813026898,61.837191403],[12.799987119,61.842057227],[12.772554255,61.846428934],[12.725762641,61.857993178],[12.712006679,61.857109347],[12.712538433,61.8532924],[12.711223811,61.852058117],[12.701303605,61.851012471],[12.686256339,61.852430453],[12.669181247,61.849492624],[12.646589445,61.852610255],[12.615344761,61.851541891],[12.600500969,61.845921827],[12.598765063,61.84357437],[12.599436392,61.839607444],[12.606348683,61.836494811],[12.606281989,61.831257642],[12.604353952,61.828942824],[12.571942218,61.817964504],[12.539835958,61.816971031],[12.522038418,61.818923383],[12.503664936,61.814144798],[12.489732419,61.814330926],[12.470329032,61.812007887],[12.450735523,61.813612543],[12.441667142,61.812384048],[12.430902033,61.807386768],[12.412952788,61.807732365],[12.40689663,61.806612145],[12.402301678,61.803704953],[12.392755355,61.805257514],[12.374331211,61.803612977],[12.350824432,61.815377102],[12.32823747,61.820724055],[12.310074442,61.821447385],[12.288640677,61.827151891],[12.283880308,61.831144832],[12.285837754,61.83414771],[12.285127265,61.836810422],[12.287470248,61.839326855],[12.283379807,61.843243201],[12.285516345,61.847237671],[12.280664728,61.849216683],[12.27815157,61.852688031],[12.262895193,61.853633601],[12.240495849,61.857667979],[12.23569462,61.859880024],[12.225780426,61.859527583],[12.196244322,61.864335884],[12.189522329,61.869193033],[12.183169205,61.871048208]]},"properties":{"segment_id":"70040","code":1,"text":"Normalt","info":["Torrt"],"road":"Väg 70","updated":"2026-05-03T22:00:46.091Z","lan":20}},{"type":"Feature","geometry":{"type":"LineString","coordinates":[[13.071432917,61.308353426],[13.068878469,61.312232506],[13.072549584,61.316325764],[13.073648107,61.327036785],[13.072181789,61.329611264],[13.073475218,61.33441606],[13.064929711,61.342044547],[13.065685156,61.345557585],[13.063255955,61.348558299],[13.056239804,61.354043836],[13.058297518,61.363394709],[13.054131878,61.367205624],[13.054384413,61.375488992],[13.056728653,61.378126768],[13.067326245,61.380801211],[13.079986113,61.393220422],[13.081790689,61.40043894],[13.0812017,61.404238196],[13.085508548,61.414976168],[13.086529497,61.421869253],[13.089317775,61.42439589],[13.088480066,61.427670828],[13.09595891,61.431690913],[13.096636255,61.434421328],[13.105284994,61.439911975],[13.103690004,61.445484306],[13.091069445,61.460762609],[13.09024646,61.466848496],[13.085773854,61.470602244],[13.08683229,61.477217404],[13.083228051,61.481477168],[13.084180779,61.486447517],[13.081474819,61.49226442],[13.076944031,61.495361554],[13.07506662,61.502635805],[13.078094559,61.505947223],[13.082530584,61.507769733],[13.084066733,61.512739278],[13.083505482,61.516664616],[13.078813154,61.524150768],[13.080932795,61.526677023],[13.082157546,61.536706876],[13.086984109,61.544488359],[13.088850215,61.561270986],[13.091750704,61.564319805],[13.099342449,61.567649433],[13.10322363,61.573477421],[13.1121126,61.576905124],[13.117033496,61.580870265],[13.114649224,61.593759294],[13.122095214,61.596852066],[13.123140019,61.607309857],[13.134414123,61.615483042],[13.135995668,61.618351172],[13.137193441,61.627921871],[13.123096906,61.648508184],[13.12108703,61.665443223],[13.121810153,61.673445049],[13.122381208,61.676488006],[13.12547024,61.678838098],[13.129211297,61.686037044],[13.13619844,61.688350268],[13.142924433,61.692823663]]},"properties":{"segment_id":"311005","code":1,"text":"Normalt","info":["Torrt"],"road":"Väg 311","updated":"2026-05-03T22:00:46.126Z","lan":20}},{"type":"Feature","geometry":{"type":"LineString","coordinates":[[16.998138359,59.512205239],[16.998564925,59.514336575],[17.004837828,59.519666047],[17.008715398,59.53432902],[17.006087929,59.539516352],[17.007786311,59.547844091],[17.016313778,59.557602799],[17.017429801,59.561169649],[17.01380227,59.571259028],[17.001214051,59.579608176],[16.997240063,59.583073218],[16.996749872,59.585559861],[17.012730903,59.59481873],[17.027944103,59.61148025],[17.038837627,59.617194771],[17.045096918,59.62333114],[17.051207332,59.635128585]]},"properties":{"segment_id":"55023","code":1,"text":"Normalt","info":["Torrt"],"road":"Väg 55","updated":"2026-05-26T10:36:47.901Z","lan":3}},{"type":"Feature","geometry":{"type":"LineString","coordinates":[[15.651735933,62.183731735],[15.659001462,62.188356277],[15.662739061,62.194101481],[15.657893604,62.203675717],[15.647838631,62.213444745],[15.640646431,62.229725808],[15.645753799,62.232861899],[15.651410515,62.240007765],[15.658301866,62.245388142],[15.660645558,62.251337466],[15.670115131,62.259038886],[15.670348478,62.266075402],[15.663312502,62.275453789],[15.675167559,62.28775741],[15.674496889,62.293101717],[15.683066808,62.303759912],[15.678149776,62.312356576],[15.675516781,62.314514782],[15.663140018,62.316665884],[15.652956539,62.321274133],[15.63180433,62.333983762],[15.618279205,62.337159353],[15.586801932,62.352600431],[15.58408055,62.354703375],[15.582667857,62.358560163],[15.573682923,62.365590069],[15.557477353,62.369138721],[15.538245302,62.376592927],[15.52123362,62.387743359],[15.511743708,62.391467794],[15.498546514,62.400393164],[15.495169624,62.404444516],[15.494804133,62.409266055],[15.482338901,62.419964525],[15.477081955,62.427818841],[15.459560587,62.435633109],[15.450809305,62.442321987],[15.44502169,62.454404518],[15.445289787,62.456791316],[15.451304371,62.461026684],[15.467872753,62.464311247],[15.476635989,62.467943864],[15.480833075,62.472103377],[15.487709853,62.484699977],[15.493267285,62.488746645],[15.524227598,62.495985324],[15.548353452,62.507642486],[15.565890712,62.509906357],[15.586992394,62.515537126],[15.618842675,62.520148116],[15.653467877,62.518832567],[15.663269684,62.520249519],[15.66609066,62.52392534],[15.691894481,62.526618532],[15.702074686,62.534843894],[15.712960782,62.538208764],[15.781155237,62.54080658],[15.811596774,62.544394302],[15.827697649,62.548725293],[15.830815149,62.551049649],[15.831498742,62.553944965]]},"properties":{"segment_id":"83010","code":1,"text":"Normalt","info":["Torrt"],"road":"Väg 83","updated":"2026-05-03T22:00:46.141Z","lan":22}},{"type":"Feature","geometry":{"type":"LineString","coordinates":[[17.931760141,62.629130234],[17.921073693,62.638300159],[17.882469076,62.654145404],[17.861095075,62.659478813],[17.842654716,62.667372144],[17.839825994,62.672710959],[17.847347299,62.680426715],[17.846994512,62.686514769],[17.851420017,62.690655426],[17.852563882,62.69522203],[17.859091926,62.702885609],[17.874010322,62.70827547],[17.903397471,62.713508887],[17.921550628,62.723174413],[17.922873863,62.72626376],[17.921249976,62.73003425],[17.90945518,62.736099785],[17.90636198,62.739289707],[17.905743354,62.745940448],[17.902099258,62.752707621],[17.902425502,62.755826718],[17.907304093,62.763980567],[17.918478282,62.774509738],[17.918722363,62.783513964],[17.921201165,62.787154215],[17.954734377,62.8087928],[17.967162362,62.815052473],[17.970079763,62.821395461],[17.967536197,62.832785093],[17.969676336,62.837249178],[17.975534567,62.840386112],[17.996321592,62.84555928],[18.032050391,62.862490361],[18.046347316,62.872539059],[18.076333311,62.878588671],[18.084474534,62.882659636],[18.092838006,62.899463292],[18.093391189,62.912737111],[18.099277732,62.920899231],[18.093358856,62.938752736]]},"properties":{"segment_id":"4135","code":1,"text":"Normalt","info":["Torrt"],"road":"E 4","updated":"2026-05-03T22:00:46.155Z","lan":22}},{"type":"Feature","geometry":{"type":"LineString","coordinates":[[14.953522366,58.055552842],[14.956070703,58.063880033],[14.960553859,58.071201798],[14.97639517,58.083843314],[14.982678906,58.099311198],[14.981998815,58.102284117],[14.976327453,58.109280094],[14.978323533,58.119708426],[14.967108474,58.132595019],[14.968273862,58.139655058],[14.979919748,58.148800947],[14.99395119,58.154407051],[15.01014891,58.1728824],[15.021407327,58.180398779],[15.028197265,58.187430205],[15.057191964,58.1968424]]},"properties":{"segment_id":"32010","code":1,"text":"Normalt","info":["Torrt"],"road":"Väg 32","updated":"2026-05-04T04:53:29.468Z","lan":6}},{"type":"Feature","geometry":{"type":"LineString","coordinates":[[17.919572443,62.785364637],[17.916194663,62.789683397],[17.911576394,62.79178218],[17.873681553,62.7988853],[17.866456531,62.804691486],[17.868432832,62.810273977],[17.867780352,62.812442982],[17.851001238,62.820607394],[17.847465134,62.824244852],[17.847306764,62.82585583],[17.849943195,62.827526997],[17.871760059,62.833119394],[17.875987356,62.83757801],[17.873961925,62.85083202],[17.869552672,62.861844122],[17.849839791,62.882220232],[17.852427597,62.889209711],[17.848867292,62.896125946],[17.813077135,62.909266486],[17.798566254,62.909312722],[17.790710991,62.913070039],[17.785699832,62.91899818],[17.783672284,62.924202627],[17.770083894,62.936586193],[17.772474658,62.941434173],[17.776513387,62.943896548],[17.775433826,62.948525309],[17.761996974,62.955560901],[17.731433599,62.965828411],[17.719465028,62.972930067],[17.698147917,62.977838453],[17.689982016,62.984990482],[17.672491502,62.993019148],[17.671800887,62.995834288],[17.676422902,63.001871907],[17.675135751,63.005722195]]},"properties":{"segment_id":"90000","code":1,"text":"Normalt","info":["Torrt"],"road":"Väg 90","updated":"2026-05-03T22:00:46.168Z","lan":22}},{"type":"Feature","geometry":{"type":"LineString","coordinates":[[17.857031917,62.87463752],[17.869775738,62.881240768],[17.881960696,62.884297474],[17.903865157,62.883317826],[17.906232481,62.886358893],[17.904765062,62.891616776],[17.906606052,62.895099836],[17.923248199,62.898330601],[17.937933392,62.908525621],[17.954566758,62.91409744],[17.976451007,62.916790063],[18.006348326,62.915536055],[18.04244904,62.921112613],[18.064688475,62.919903467],[18.077727176,62.923598969],[18.087110283,62.931289969],[18.094064473,62.934793707]]},"properties":{"segment_id":"332000","code":1,"text":"Normalt","info":["Torrt"],"road":"Väg 332","updated":"2026-05-03T22:00:46.187Z","lan":22}},{"type":"Feature","geometry":{"type":"LineString","coordinates":[[17.675105335,63.005821562],[17.672628194,63.01135582],[17.674186069,63.018223786],[17.672358975,63.024392354],[17.673332267,63.027894514],[17.669667021,63.032355443],[17.629730479,63.045874185],[17.610944249,63.056370248],[17.595893375,63.062717976],[17.541048442,63.07896167],[17.523867458,63.096232675],[17.512540533,63.101391068],[17.485474873,63.124489272],[17.479362098,63.127712372],[17.447822241,63.136961833],[17.40434599,63.142787924],[17.386146625,63.148617685],[17.349995989,63.147909937],[17.313514972,63.158970412],[17.270038288,63.160193143],[17.239621903,63.16932319],[17.25342449,63.171565103]]},"properties":{"segment_id":"90003","code":1,"text":"Normalt","info":["Torrt"],"road":"Väg 90","updated":"2026-05-03T22:00:46.534Z","lan":22}},{"type":"Feature","geometry":{"type":"LineString","coordinates":[[17.24200928,62.398713422],[17.23481812,62.401424207],[17.233321997,62.411999639],[17.218106052,62.413347248],[17.210104712,62.41853904],[17.192465308,62.420703455],[17.178140856,62.426935533],[17.174832887,62.431800319],[17.172726507,62.439618571],[17.166181423,62.446922116],[17.161968385,62.456757358],[17.162499392,62.461687929],[17.154418047,62.466078292],[17.158048666,62.471499743],[17.158268137,62.484211472],[17.151938071,62.497374491],[17.145612701,62.502302836],[17.147460707,62.506934808],[17.144748609,62.513791947],[17.152426136,62.5289211],[17.147565474,62.534841555],[17.133719004,62.542389875],[17.121893484,62.552465207],[17.12500502,62.559269236],[17.116385307,62.566933657]]},"properties":{"segment_id":"86000","code":1,"text":"Normalt","info":["Torrt"],"road":"Väg 86","updated":"2026-05-03T22:00:46.629Z","lan":22}},{"type":"Feature","geometry":{"type":"LineString","coordinates":[[17.254078632,63.171545741],[17.261609473,63.178690173],[17.248520195,63.182624357],[17.242557287,63.191356546],[17.235214338,63.19694053],[17.228449366,63.212140579],[17.207991238,63.239980334],[17.20797142,63.244937017],[17.218933134,63.257480692],[17.209074083,63.269010364],[17.20861932,63.271926588],[17.218435299,63.28058231],[17.223235456,63.287753461],[17.210218758,63.300894635],[17.201607778,63.307304173],[17.19778821,63.313235289],[17.179587686,63.320994094],[17.164088312,63.323887926],[17.147834039,63.331164005],[17.135812443,63.334460146],[17.124059087,63.33248982],[17.115086775,63.333547971],[17.101898712,63.332423131],[17.088595483,63.334378368],[17.067137289,63.34494429],[17.06069701,63.349903717],[17.044230263,63.352501894],[17.014116515,63.363255037],[16.997248793,63.377237517],[16.980850141,63.385483339],[16.977552037,63.395431771],[16.972244747,63.400362227],[16.971642039,63.407624735],[16.9659185,63.413251957],[16.956537475,63.418165915],[16.943152303,63.432946484],[16.913202323,63.444357059],[16.87151113,63.468950609],[16.862363465,63.482293836],[16.86547563,63.495225844],[16.864325283,63.499460254],[16.835200774,63.519021083],[16.832877037,63.524796349],[16.833029348,63.532496994],[16.844066917,63.546108828],[16.844806615,63.549456861],[16.837629977,63.559908867],[16.835825206,63.570345697],[16.821204613,63.586152466],[16.817379395,63.5988499],[16.82062297,63.606376649],[16.82113373,63.614674134],[16.814103601,63.631290125],[16.796118749,63.645672934],[16.78792452,63.654420005],[16.785531598,63.662951036],[16.791266359,63.669289397],[16.806096588,63.679364879],[16.831497162,63.681629329],[16.868812215,63.687864707],[16.878723852,63.695815299]]},"properties":{"segment_id":"90005","code":1,"text":"Normalt","info":["Torrt"],"road":"Väg 90","updated":"2026-05-03T22:00:46.559Z","lan":22}},{"type":"Feature","geometry":{"type":"LineString","coordinates":[[17.352537312,62.381874991],[17.340536069,62.389459134],[17.337170319,62.399403013],[17.338022801,62.408844982],[17.349589253,62.424006769],[17.348553666,62.4275984],[17.336762165,62.440099599],[17.345618586,62.455666392],[17.336128495,62.464258143],[17.316196408,62.469870874],[17.312898869,62.4721347],[17.311633696,62.475343621],[17.314390272,62.479868823],[17.32590919,62.490722935],[17.365616374,62.511123442],[17.386926453,62.516193957],[17.43354792,62.518164369],[17.457615433,62.516862839],[17.46773076,62.52004325],[17.480185806,62.528192678],[17.506427109,62.533247533],[17.540380865,62.534906462],[17.577099634,62.543753962],[17.635400875,62.553498099],[17.650106057,62.558034084],[17.669075791,62.557547428],[17.727301099,62.563474155],[17.754252452,62.576849621],[17.785948567,62.587368354],[17.824016937,62.606868565],[17.848476974,62.612705272],[17.873723234,62.610240024],[17.887070214,62.612758839],[17.898051226,62.612989995],[17.926451589,62.624759008],[17.931759256,62.62912127]]},"properties":{"segment_id":"4130","code":1,"text":"Normalt","info":["Torrt"],"road":"E 4","updated":"2026-05-03T22:00:46.617Z","lan":22}},{"type":"Feature","geometry":{"type":"LineString","coordinates":[[15.888241845,59.396936245],[15.914358054,59.397618042],[15.950518555,59.404140128],[15.975793545,59.404725979],[16.00560954,59.409915082],[16.032794447,59.409981253],[16.053852126,59.418093263],[16.062565229,59.418354937]]},"properties":{"segment_id":"20030","code":1,"text":"Normalt","info":["Torrt"],"road":"E 20","updated":"2026-05-26T10:36:48.017Z","lan":4}},{"type":"Feature","geometry":{"type":"LineString","coordinates":[[17.116254318,62.567007474],[17.096346828,62.573951967],[17.085380529,62.580248713],[17.073815873,62.584173925],[17.0623008,62.594194265],[17.023420354,62.604800335],[17.01250322,62.611925392],[16.984457491,62.619248406],[16.938011916,62.637066161],[16.889355536,62.652599219],[16.873664354,62.664347219],[16.81053119,62.684632633],[16.795623707,62.697519465],[16.797199568,62.710921736],[16.796175698,62.715316207],[16.786366292,62.72452728],[16.781298328,62.733605722],[16.775523289,62.737808782],[16.758722588,62.745247483],[16.752404315,62.750946689],[16.749324442,62.758786973],[16.726655274,62.767695117],[16.719028297,62.776344553],[16.706175268,62.785209646],[16.69380208,62.787881981],[16.679444165,62.795335148],[16.67314373,62.801802396],[16.674676011,62.810474644],[16.672811867,62.815308891],[16.675432591,62.821364635],[16.681174357,62.827050925],[16.672805881,62.839737382],[16.667401927,62.844882846],[16.668856511,62.86498463],[16.665042359,62.876422403],[16.668790293,62.882168676],[16.685967563,62.887431729],[16.696034451,62.897563558],[16.700914321,62.905028126],[16.704005603,62.918942197],[16.69572607,62.931736376],[16.695847859,62.941673193],[16.69296787,62.946403067],[16.691889556,62.952646476],[16.685319411,62.95735748],[16.682121675,62.962791137],[16.674039381,62.969754987],[16.677560136,62.984714756],[16.67616251,62.999930331],[16.67442103,63.002967415],[16.661620996,63.009869468],[16.661645462,63.011341489]]},"properties":{"segment_id":"86005","code":1,"text":"Normalt","info":["Torrt"],"road":"Väg 86","updated":"2026-05-03T22:00:46.643Z","lan":22}},{"type":"Feature","geometry":{"type":"LineString","coordinates":[[18.719070829,63.300401662],[18.733897019,63.303841674],[18.771988829,63.306728585],[18.796085058,63.315542056],[18.802609758,63.316221697],[18.84053864,63.309308294],[18.870487195,63.297245309],[18.883903076,63.296017034],[18.896347093,63.298391031],[18.911883841,63.305136761],[18.926720005,63.308008681],[18.941085357,63.313112083],[19.002328254,63.315043593],[19.047207233,63.323913571],[19.065669704,63.335009603],[19.079619398,63.3391589],[19.104566656,63.339026484],[19.117677829,63.343412101],[19.142801519,63.347807356],[19.167872177,63.356334867],[19.188657144,63.370108143],[19.194348113,63.386445037],[19.194685356,63.392727578],[19.205141358,63.408267818],[19.205574017,63.425433595],[19.215042517,63.44245882],[19.230312158,63.451626037],[19.260329023,63.461260823],[19.283727587,63.472328871]]},"properties":{"segment_id":"4145","code":1,"text":"Normalt","info":["Torrt"],"road":"E 4","updated":"2026-05-03T22:00:46.658Z","lan":22}},{"type":"Feature","geometry":{"type":"LineString","coordinates":[[17.02592685,61.298799299],[17.031791255,61.303731777],[17.03526717,61.314142051],[17.034912556,61.31789225],[17.017534052,61.335555689],[17.01662452,61.339143415],[17.019461748,61.34720165],[17.0122459,61.364129021],[16.996387965,61.377168805],[16.992766838,61.383795523],[16.991942408,61.397314005],[16.993961197,61.407827323],[16.987183424,61.417921519],[16.984045942,61.426067484],[16.992650992,61.443704788],[16.992671937,61.44990984],[16.988534666,61.460944151],[16.990239968,61.472081676],[16.984202863,61.489321877],[16.9858424,61.508560489],[16.982735763,61.514676268],[16.976870874,61.520903793]]},"properties":{"segment_id":"4115","code":1,"text":"Normalt","info":["Torrt"],"road":"E 4","updated":"2026-05-03T22:00:46.687Z","lan":21}},{"type":"Feature","geometry":{"type":"LineString","coordinates":[[17.680434391,63.152918934],[17.689267896,63.151377709],[17.715736384,63.153684649],[17.754956421,63.147369204],[17.76502255,63.148610381],[17.773085248,63.155476409],[17.790022323,63.162859415],[17.79110884,63.166718012],[17.796931654,63.169818738],[17.802783923,63.177939281],[17.808318118,63.181512319],[17.811783123,63.187515215],[17.817646568,63.191171226],[17.821663989,63.196686943],[17.847562208,63.2031668],[17.853478325,63.2064701],[17.853952825,63.210879534],[17.848984155,63.22954421],[17.854103544,63.234201781],[17.848180223,63.240589703],[17.86336317,63.249670615],[17.875461344,63.251294746],[17.90280915,63.246787265],[17.920445132,63.246408252],[17.95586093,63.241805303],[17.959052241,63.24378685],[17.9584003,63.253572929],[17.965045115,63.259668164],[17.966320146,63.267617703],[17.978646217,63.273827378],[17.996967304,63.27451163],[18.011208533,63.279097404],[18.03838559,63.278016827],[18.054740538,63.274594713],[18.079514814,63.274411097],[18.104383867,63.267690603],[18.123971227,63.266435461],[18.134412925,63.268200024],[18.186021189,63.26779035],[18.205769711,63.263699514],[18.235475575,63.262398146],[18.255542362,63.26953144],[18.273799929,63.268717216],[18.274434424,63.277650356],[18.278016064,63.282131612],[18.282405489,63.284581819],[18.286592635,63.290504292],[18.309321201,63.298970545],[18.328010197,63.2998376],[18.33367186,63.303729972],[18.337801987,63.304387875],[18.368079598,63.302524962],[18.371994348,63.300824139],[18.375185214,63.296696658],[18.398648252,63.290118951],[18.450434249,63.288828062],[18.473207734,63.293116927],[18.485624138,63.292939205],[18.51457198,63.290475302],[18.538403124,63.283927681],[18.557386548,63.287506723],[18.566561374,63.286477393]]},"properties":{"segment_id":"335005","code":1,"text":"Normalt","info":["Torrt"],"road":"Väg 335","updated":"2026-05-03T22:00:46.673Z","lan":22}},{"type":"Feature","geometry":{"type":"LineString","coordinates":[[16.387663655,61.348233258],[16.393369565,61.355878759],[16.413398139,61.35668663],[16.437774944,61.35359367],[16.476385726,61.345924759],[16.527489108,61.351816071],[16.588382306,61.352303443],[16.618373717,61.349686884],[16.699904108,61.351098208],[16.718063328,61.346002938],[16.755208446,61.330855421],[16.803104242,61.304788201],[16.86409506,61.292577826],[16.88897397,61.290348054],[16.910725366,61.285849838],[16.940876096,61.289041058],[16.964246479,61.286387912],[16.985840563,61.286693304],[17.000833006,61.289418694],[17.018907163,61.296775497],[17.026194563,61.297160846]]},"properties":{"segment_id":"50075","code":1,"text":"Normalt","info":["Torrt"],"road":"Väg 50","updated":"2026-05-03T22:00:46.699Z","lan":21}},{"type":"Feature","geometry":{"type":"LineString","coordinates":[[16.393430433,61.355985882],[16.396107947,61.36445242],[16.387733939,61.377270126],[16.388774365,61.383005955],[16.38539137,61.393267313],[16.387913549,61.396518874],[16.410409209,61.412844553],[16.408171179,61.420975597],[16.408625475,61.426896914],[16.398837989,61.440645553],[16.385948563,61.44810396],[16.366725095,61.464863837],[16.363557945,61.469259191],[16.363360106,61.4737505],[16.366462696,61.483721658],[16.374434236,61.490752636],[16.372778583,61.493247421],[16.359247403,61.500413212],[16.356992536,61.502994567],[16.360101189,61.512651524],[16.363301238,61.516624045],[16.363093924,61.535499113],[16.354206645,61.544359614],[16.347339753,61.555659687],[16.318760641,61.574541991],[16.314575883,61.584683046],[16.298661274,61.594693465]]},"properties":{"segment_id":"83003","code":1,"text":"Normalt","info":["Torrt"],"road":"Väg 83","updated":"2026-05-03T22:00:46.728Z","lan":21}},{"type":"Feature","geometry":{"type":"LineString","coordinates":[[16.964317028,61.072336894],[16.96263961,61.073986768],[16.961867946,61.080688528],[16.95466618,61.0901866],[16.953601192,61.096676987],[16.935479433,61.111899239],[16.934908761,61.120780124],[16.93274989,61.124340323],[16.921955901,61.132486747],[16.867574344,61.16136575],[16.849361749,61.165567118],[16.829288926,61.165983563],[16.815814999,61.170268885],[16.797669778,61.173573252],[16.775019752,61.187782085],[16.75727551,61.201878469],[16.747024684,61.205989134],[16.731747908,61.215919389],[16.716911266,61.219403754],[16.683558192,61.218340532],[16.637338419,61.214003961],[16.618989896,61.21056076],[16.589494716,61.216701715],[16.574590405,61.223242118],[16.551400311,61.238675674],[16.549463863,61.246276384],[16.552957033,61.259660541],[16.550118556,61.263733701],[16.539856172,61.270082199],[16.52695076,61.274717672],[16.517988414,61.283429303],[16.510111159,61.288024734],[16.489832801,61.296437796],[16.472597477,61.301088445],[16.443791858,61.31289095],[16.434049399,61.319575771],[16.41641537,61.325785662],[16.40858139,61.33232296],[16.395339095,61.3383677],[16.391483289,61.343300724],[16.392691833,61.346098735],[16.387663655,61.348233258]]},"properties":{"segment_id":"83000","code":1,"text":"Normalt","info":["Torrt"],"road":"Väg 83","updated":"2026-05-03T22:00:46.714Z","lan":21}},{"type":"Feature","geometry":{"type":"LineString","coordinates":[[15.791915399,61.042088298],[15.800489601,61.050243914],[15.803470693,61.058270771],[15.795716564,61.069647264],[15.799422957,61.073333412],[15.799721192,61.077075586],[15.805333651,61.085688328],[15.820527618,61.091073689],[15.828154452,61.095543252],[15.840415158,61.097011852],[15.855188109,61.102180494],[15.861143562,61.109038032],[15.866234876,61.121521263],[15.866546793,61.126134105],[15.879270819,61.134428749],[15.886557358,61.141985816],[15.884995129,61.146557011],[15.887819315,61.151871613],[15.881724698,61.159839261],[15.884416136,61.174330565],[15.879693466,61.178994096],[15.87604833,61.18701732],[15.870774929,61.210259959],[15.877200857,61.217104787],[15.87699399,61.226398536],[15.8844382,61.230201815],[15.881302257,61.237279071],[15.88425072,61.24475664],[15.893331061,61.250209728],[15.886092554,61.254584671],[15.88421922,61.257568658],[15.892391141,61.268989215],[15.896107637,61.277691468],[15.909768387,61.287584281],[15.945484876,61.300071284],[15.96949347,61.305612134],[15.977731748,61.31296009],[15.982690357,61.319837518],[16.007713023,61.33591377],[16.032129377,61.338468898],[16.0465444,61.336940099],[16.066896424,61.341872548]]},"properties":{"segment_id":"50065","code":1,"text":"Normalt","info":["Torrt"],"road":"Väg 50","updated":"2026-05-03T22:00:46.742Z","lan":21}},{"type":"Feature","geometry":{"type":"LineString","coordinates":[[16.066972699,61.341916841],[16.076625336,61.344857436],[16.117391184,61.34364856],[16.133724061,61.341439303],[16.149595433,61.334859477],[16.159366052,61.332747344],[16.217758498,61.334553081],[16.263283509,61.32852585],[16.271528164,61.3295623],[16.291250575,61.336595177],[16.311720204,61.341166843],[16.336804134,61.344199686],[16.383853364,61.34450996],[16.387464852,61.347965921]]},"properties":{"segment_id":"50070","code":1,"text":"Normalt","info":["Torrt"],"road":"Väg 50","updated":"2026-05-03T22:00:46.757Z","lan":21}},{"type":"Feature","geometry":{"type":"LineString","coordinates":[[15.774801575,61.808351736],[15.757641232,61.820360261],[15.750692787,61.833523109],[15.751331587,61.850324968],[15.739508474,61.862732679],[15.705319374,61.884475272],[15.66816547,61.890316206],[15.641651283,61.901511027],[15.631171775,61.907385542],[15.623935133,61.914698861],[15.613251169,61.919316126],[15.599886598,61.923369721],[15.452104828,61.944437023],[15.441574747,61.943735062],[15.425407007,61.939117978],[15.406486211,61.93627558],[15.393565833,61.937551881],[15.371662891,61.947666663],[15.3653328,61.953859587],[15.358819261,61.957637946],[15.353583963,61.966556383],[15.343259455,61.972740491],[15.302902607,61.986874546],[15.281746542,61.987772152],[15.244972041,61.995122397]]},"properties":{"segment_id":"84005","code":1,"text":"Normalt","info":["Torrt"],"road":"Väg 84","updated":"2026-05-03T22:00:46.769Z","lan":21}},{"type":"Feature","geometry":{"type":"LineString","coordinates":[[17.302576474,60.507424384],[17.287744845,60.514595866],[17.275966834,60.52356391],[17.263206504,60.546487774],[17.255633375,60.554538135],[17.229030545,60.573784128],[17.193384154,60.590478563],[17.179133051,60.606357984],[17.159517604,60.621496098],[17.147368541,60.633960681],[17.121613401,60.646900905],[17.116834101,60.65128774],[17.111009963,60.662094705],[17.094520614,60.670832228]]},"properties":{"segment_id":"4105","code":1,"text":"Normalt","info":["Torrt"],"road":"E 4","updated":"2026-05-03T22:00:46.781Z","lan":21}},{"type":"Feature","geometry":{"type":"LineString","coordinates":[[17.074989504,61.741727077],[17.080702249,61.75144687],[17.090741027,61.758675937],[17.101038017,61.770453331],[17.128926869,61.779820968],[17.141261708,61.788672268],[17.166420272,61.795228348],[17.188632133,61.812486739],[17.192777686,61.828019674],[17.192408752,61.833494654],[17.205436138,61.856446825],[17.206202787,61.860763107],[17.198993238,61.880339176],[17.184828674,61.897016886],[17.186044331,61.902313946],[17.185015335,61.907637666],[17.189881255,61.911772124],[17.20645021,61.915467911],[17.211320351,61.918021034],[17.219733397,61.93893578],[17.227416027,61.94731624],[17.240332352,61.954443864],[17.242358985,61.963606903],[17.240135566,61.989991682],[17.241736057,61.996700999],[17.23641065,62.006899379],[17.249902952,62.01575924],[17.256304632,62.031756662],[17.265693924,62.044364122]]},"properties":{"segment_id":"4120","code":1,"text":"Normalt","info":["Torrt"],"road":"E 4","updated":"2026-05-03T22:00:46.816Z","lan":21}},{"type":"Feature","geometry":{"type":"LineString","coordinates":[[16.298589304,61.594774954],[16.296559572,61.597613429],[16.294573056,61.615948095],[16.283616054,61.625954453],[16.272815459,61.633049455],[16.166098406,61.654623217],[16.159237397,61.657455706],[16.151446513,61.663752203],[16.144968439,61.673448901],[16.145852087,61.683021027],[16.149825126,61.689236414],[16.164753155,61.701149812],[16.16531168,61.702922706],[16.163116563,61.706900647],[16.168943785,61.713449893],[16.170213424,61.717999877],[16.167978357,61.721933335],[16.168214813,61.726680667],[16.158859078,61.741618551],[16.161004244,61.754842855],[16.15946724,61.762828238],[16.153759712,61.771818321],[16.132179156,61.786434384],[16.1291619,61.792573126],[16.126272919,61.794993925],[16.087017182,61.813409346],[16.061812351,61.821048932],[16.07417638,61.828287612]]},"properties":{"segment_id":"83004","code":1,"text":"Normalt","info":["Torrt"],"road":"Väg 83","updated":"2026-05-03T22:00:46.831Z","lan":21}},{"type":"Feature","geometry":{"type":"LineString","coordinates":[[17.070698319,61.713926474],[17.042686346,61.714382801],[17.010379627,61.722700079],[16.98040658,61.723989502],[16.952590057,61.733368371],[16.939762898,61.733819842],[16.902085419,61.739645705],[16.865453238,61.740750555],[16.812291578,61.756441026],[16.788488687,61.757965612],[16.781030883,61.761043757],[16.764006376,61.764208887],[16.747568424,61.762740116],[16.719150985,61.764230478],[16.669986789,61.775298153],[16.644967582,61.77928164],[16.628785343,61.786980944],[16.612941831,61.786458663],[16.567171506,61.797044906],[16.55295229,61.79833775]]},"properties":{"segment_id":"84000","code":1,"text":"Normalt","info":["Torrt"],"road":"Väg 84","updated":"2026-05-03T22:00:46.851Z","lan":21}},{"type":"Feature","geometry":{"type":"LineString","coordinates":[[16.55293333,61.798337965],[16.501640912,61.797651388],[16.489799061,61.801084457],[16.46372769,61.804597028],[16.42176335,61.80720159],[16.368404164,61.802087197],[16.346487159,61.796360222],[16.336364642,61.795642079],[16.317663249,61.796998925],[16.288122267,61.805000336],[16.260801692,61.805038341],[16.239836394,61.806934989],[16.141983047,61.824778277],[16.12265003,61.825655784],[16.10831891,61.824165086],[16.08716414,61.829909213],[16.079136771,61.82788067],[16.074251995,61.828278043]]},"properties":{"segment_id":"84003","code":1,"text":"Normalt","info":["Torrt"],"road":"Väg 84","updated":"2026-05-03T22:00:46.863Z","lan":21}},{"type":"Feature","geometry":{"type":"LineString","coordinates":[[16.81164322,63.057127453],[16.788805667,63.04932879],[16.753502585,63.04746316],[16.735934486,63.044079625],[16.692964001,63.017936702],[16.678449775,63.01671813],[16.659970475,63.011415021],[16.6559763,63.012395496],[16.642647469,63.020935831],[16.619878583,63.02834433],[16.551175351,63.036960138],[16.542084678,63.04153009],[16.509526834,63.065050778],[16.460449116,63.091553422],[16.411883155,63.093257345],[16.370658116,63.102459091],[16.366365624,63.105570538],[16.364213457,63.118840788],[16.355978099,63.127609112],[16.337805281,63.141255443],[16.324052071,63.14641126],[16.283651254,63.150525514],[16.260235653,63.150627584],[16.243597302,63.15372752],[16.228198233,63.153825658],[16.211392842,63.157327161],[16.196680732,63.155836186],[16.183629694,63.149769936],[16.175183548,63.148017931],[16.118225255,63.144860632],[16.09530882,63.145443226],[16.073584948,63.148248133],[16.058209243,63.146729941],[16.040100552,63.139772749],[16.027897837,63.138605009],[16.004197345,63.142230401],[15.960279281,63.164713587],[15.945202783,63.1779463],[15.935824369,63.180342081],[15.912353854,63.17818796],[15.887480797,63.172924178],[15.856620667,63.173741908],[15.819507662,63.171232254],[15.810921649,63.168867089],[15.797248158,63.161961481],[15.765809294,63.157790311],[15.740461451,63.160177597],[15.720154188,63.160237145],[15.682202662,63.166393193],[15.657533201,63.165163219],[15.611970532,63.168238949],[15.604524164,63.167292519]]},"properties":{"segment_id":"87005","code":1,"text":"Normalt","info":["Torrt"],"road":"Väg 87","updated":"2026-05-03T22:00:51.912Z","lan":23}},{"type":"Feature","geometry":{"type":"LineString","coordinates":[[14.93744025,62.174065169],[14.924555415,62.174211352],[14.907126552,62.178338868],[14.884361952,62.18020678],[14.863296501,62.18797908],[14.860442611,62.194466135],[14.853479566,62.199934518],[14.844663507,62.210157941],[14.84443615,62.213245541],[14.849011289,62.221113847],[14.848632086,62.22386916],[14.829665322,62.241368908],[14.816445354,62.260175313],[14.804351461,62.269188924],[14.806097778,62.279199893],[14.790299342,62.292757999],[14.747999081,62.316438849],[14.738964946,62.328154095],[14.727185039,62.339540243],[14.694339267,62.366481329],[14.678732381,62.371185615],[14.655082915,62.392366674],[14.628988059,62.403555742],[14.616521267,62.414625506],[14.603750515,62.423090209],[14.595826689,62.432070543],[14.552540473,62.454118461],[14.532833512,62.461297627],[14.518823023,62.470576247],[14.505576753,62.476517051],[14.485176583,62.488632936],[14.463181893,62.49673638],[14.454473722,62.50168441],[14.450095483,62.5075197],[14.446875141,62.527281437],[14.448111396,62.536073952],[14.455508517,62.550330084],[14.456659213,62.557605192],[14.451608258,62.572081853],[14.434985657,62.587723857],[14.417400232,62.599913092],[14.39543737,62.612978924],[14.379970927,62.617408334],[14.374129557,62.620865079],[14.367430346,62.634335015],[14.372792791,62.646333177]]},"properties":{"segment_id":"45075","code":1,"text":"Normalt","info":["Torrt"],"road":"E 45","updated":"2026-05-03T22:00:51.927Z","lan":23}},{"type":"Feature","geometry":{"type":"LineString","coordinates":[[16.828784286,59.937191131],[16.868914165,59.935604636],[16.892680827,59.93681953],[16.946953355,59.936245019],[16.970977722,59.931181575],[16.998962947,59.918014714],[17.020450104,59.917750008],[17.033690288,59.91018101],[17.058577171,59.903668745],[17.074242302,59.903674613],[17.091741224,59.898718202],[17.125800386,59.895334662]]},"properties":{"segment_id":"72000","code":1,"text":"Normalt","info":["Torrt"],"road":"Väg 72","updated":"2026-05-26T10:36:48.028Z","lan":3}},{"type":"Feature","geometry":{"type":"LineString","coordinates":[[14.678307764,63.203415054],[14.688947983,63.208608387],[14.706550659,63.21009079],[14.725595261,63.214894578],[14.78807953,63.245651126],[14.836817753,63.259976594],[14.849085809,63.264271185],[14.855599745,63.268415396],[14.856944856,63.27040022],[14.856228579,63.278189757],[14.868407573,63.291233135],[14.870725514,63.307982451],[14.868443671,63.313939699],[14.858181519,63.326979357],[14.857215332,63.332587694],[14.859881516,63.342812716],[14.851757996,63.360834991],[14.854841189,63.363844731],[14.87272639,63.370009553],[14.895381114,63.38666725],[14.920557695,63.391296512],[14.940372549,63.389224004],[14.957119744,63.389571054],[14.976242999,63.396566871],[14.984608221,63.397995007],[15.020052354,63.393704483],[15.044731894,63.396490046],[15.058658569,63.40469693],[15.077978042,63.412136755],[15.105558834,63.419245014],[15.11696862,63.427259569],[15.127918319,63.438531453],[15.178073639,63.458886373],[15.191182236,63.469522463],[15.236477607,63.485052886],[15.264228677,63.503061507],[15.279423861,63.507986722],[15.292637446,63.517096599],[15.318222609,63.524257752],[15.33608884,63.533990441],[15.353585584,63.537269014],[15.368559567,63.542705892],[15.371585715,63.546458488],[15.372862497,63.556408116],[15.362500126,63.569304356],[15.351352869,63.578118262],[15.355872541,63.596496177],[15.354353986,63.600798778],[15.359963533,63.607623498],[15.355715616,63.61782026],[15.356124373,63.632752976],[15.382613423,63.651648245],[15.390090724,63.663815641],[15.392137303,63.671573078],[15.400399385,63.679950522],[15.453436667,63.707470848],[15.483963014,63.728407936]]},"properties":{"segment_id":"45080","code":1,"text":"Normalt","info":["Torrt"],"road":"E 45","updated":"2026-05-03T22:00:51.942Z","lan":23}},{"type":"Feature","geometry":{"type":"LineString","coordinates":[[15.604464225,63.167274823],[15.593908095,63.162795769],[15.57415837,63.162024322],[15.562355365,63.164566688],[15.518739811,63.18041249],[15.50612666,63.181633735],[15.488294426,63.186812017],[15.47192842,63.189667575],[15.442831856,63.190685652],[15.41635529,63.194382672],[15.380944907,63.193378034],[15.343912105,63.194441769],[15.281734174,63.193465686],[15.254288443,63.191246735],[15.227747869,63.192413623],[15.192444176,63.191110568],[15.087892872,63.196805121],[15.049011889,63.19503781],[14.994892059,63.195333368],[14.926026246,63.202350641],[14.886396892,63.204478509],[14.818743268,63.203941659],[14.783098882,63.198273362],[14.725946681,63.184056842],[14.693603452,63.180167386]]},"properties":{"segment_id":"87010","code":1,"text":"Normalt","info":["Torrt"],"road":"Väg 87","updated":"2026-05-03T22:00:51.957Z","lan":23}},{"type":"Feature","geometry":{"type":"LineString","coordinates":[[15.484209056,63.728586601],[15.489174156,63.732339154],[15.485352248,63.737395767],[15.495386915,63.748283667],[15.520988959,63.81041384],[15.51904514,63.817349135],[15.514807068,63.822201534],[15.514055717,63.82890813],[15.517099038,63.83418323],[15.525580979,63.842157857],[15.537757693,63.848475977],[15.553403275,63.850938782],[15.560049458,63.853802979],[15.572765363,63.865994366],[15.591647597,63.875637749],[15.619549686,63.881892891],[15.649508128,63.879652559],[15.678343053,63.882508827],[15.688678525,63.889684548],[15.731779768,63.907197952],[15.763742239,63.931524673],[15.795808483,63.939563959],[15.829669575,63.952459205],[15.844091842,63.955561994],[15.848152724,63.958212759],[15.854448566,63.968514643],[15.871001232,63.974743381],[15.871473381,63.980726664],[15.874343863,63.984972376],[15.88897572,63.99270047],[15.893398846,63.999350497],[15.897673768,64.002590924],[15.921055816,64.012200043],[15.936264345,64.014947811],[15.939126722,64.017334567],[15.9411122,64.022832212],[15.944493523,64.024793691],[15.96398213,64.028533843],[15.971482859,64.032343052],[15.995430565,64.032845149],[16.016687145,64.037562384],[16.020177902,64.039521369],[16.02180135,64.04415894],[16.025596056,64.047111872],[16.0460616,64.053795963],[16.044866478,64.062914048],[16.050130754,64.069382921],[16.057154037,64.069726953],[16.069621791,64.065579171],[16.076278586,64.066535265],[16.081551034,64.070893876],[16.087422312,64.078999346],[16.084911364,64.093512565],[16.087621753,64.099352953],[16.096170427,64.104359673],[16.106202705,64.106330096],[16.136667259,64.107459709],[16.150607824,64.106048865],[16.1626491,64.107846965],[16.187451989,64.106560867],[16.200661981,64.10826553],[16.204980933,64.11841661],[16.210935054,64.123115074],[16.221968732,64.12649633],[16.224863927,64.128805556],[16.222937047,64.140112442],[16.224410629,64.14230795],[16.235371201,64.145222149],[16.251592257,64.145756932],[16.257477983,64.148183434],[16.261633456,64.151872237],[16.261981548,64.158178775],[16.264781967,64.161421481],[16.279515241,64.166049835],[16.30384158,64.183398984],[16.304678203,64.186308459],[16.302519109,64.190743555],[16.288583827,64.199232112],[16.284814042,64.20854566],[16.286036434,64.212690403],[16.296069144,64.220140873],[16.299312689,64.226457513]]},"properties":{"segment_id":"45085","code":1,"text":"Normalt","info":["Torrt"],"road":"E 45","updated":"2026-05-03T22:00:51.973Z","lan":23}},{"type":"Feature","geometry":{"type":"LineString","coordinates":[[14.365785335,62.034035985],[14.400622483,62.03832986],[14.415326611,62.037163058],[14.45778064,62.039463717],[14.481339641,62.046951004],[14.543386826,62.054862997],[14.559006978,62.055317675],[14.575242798,62.059659366],[14.588113268,62.058540336],[14.607700823,62.052663774],[14.640416778,62.051702514],[14.660538138,62.04466189],[14.682899955,62.041860464],[14.709957127,62.041408253],[14.726698139,62.044278985],[14.757220105,62.043492193],[14.793334712,62.046647846],[14.837659283,62.046491598],[14.863347249,62.044733061],[14.88767398,62.048372522],[14.899133617,62.052573398],[14.918325289,62.06344765],[14.938226281,62.071070045],[14.951998947,62.086910021],[14.963822923,62.094265343],[14.970975195,62.105119557],[14.970060236,62.11984969],[14.972102562,62.129212521],[14.970467818,62.134346687],[14.955186693,62.145473319],[14.953356088,62.150768784],[14.953885258,62.156074002],[14.949671229,62.162885603],[14.950944041,62.171063527],[14.946889006,62.173252264],[14.937651452,62.17407424]]},"properties":{"segment_id":"45070","code":1,"text":"Normalt","info":["Torrt"],"road":"E 45","updated":"2026-05-03T22:00:52.005Z","lan":23}},{"type":"Feature","geometry":{"type":"LineString","coordinates":[[14.846679752,61.495365144],[14.843338007,61.498799638],[14.843379243,61.501807067],[14.848687781,61.507316113],[14.856907246,61.52184117],[14.850244969,61.535156216],[14.849217919,61.545290348],[14.846225228,61.549398566],[14.844921114,61.561893332],[14.83656434,61.56896658],[14.821487319,61.58805111],[14.819606109,61.594081281],[14.822800638,61.60219181],[14.820805822,61.608203884],[14.81448607,61.615305335],[14.817036186,61.617705658],[14.828129466,61.620081024],[14.829308657,61.621689402],[14.810990273,61.63511301],[14.793304583,61.653167281],[14.785967897,61.663093619],[14.770638641,61.672656298],[14.762278232,61.681466481],[14.75576059,61.683699276],[14.744815777,61.693293736],[14.734964066,61.69810468],[14.727277038,61.70581882],[14.708528469,61.712728453],[14.694283756,61.720579254],[14.692350667,61.722810208],[14.692840416,61.726833008],[14.691049646,61.731811225],[14.673311074,61.735827729],[14.668038196,61.740339481],[14.662988724,61.750255732],[14.661166009,61.757576467],[14.66901578,61.762146952],[14.681310074,61.765901491],[14.690552921,61.777556771],[14.6899648,61.785140959],[14.695690681,61.788951008],[14.696502393,61.791241921],[14.691140416,61.800242796],[14.667406422,61.821722996],[14.661034529,61.840119029],[14.650254853,61.859401281],[14.634453233,61.868094683],[14.629537466,61.873736953],[14.626375476,61.886690966],[14.621616626,61.891588296],[14.623671886,61.896190065],[14.621145789,61.905052235],[14.622183238,61.911985182],[14.620465488,61.915409598],[14.615028644,61.920789567],[14.593374378,61.935296699],[14.582213328,61.951780602],[14.573698135,61.959573307],[14.574211712,61.966504958],[14.580713819,61.983275491],[14.579725806,61.989897313],[14.576273667,61.995218931],[14.564279367,62.003664588],[14.534202565,62.015074538],[14.467229988,62.020577477],[14.455617719,62.023566335],[14.409734703,62.029787274],[14.377914388,62.024153785],[14.366041081,62.033687062]]},"properties":{"segment_id":"45065","code":1,"text":"Normalt","info":["Torrt"],"road":"E 45","updated":"2026-05-03T22:00:51.988Z","lan":23}},{"type":"Feature","geometry":{"type":"LineString","coordinates":[[15.244762422,61.995167652],[15.235818393,61.996314281],[15.22428574,61.993407126],[15.206780286,61.993174145],[15.18562827,61.995906181],[15.150381697,61.990625962],[15.121629239,61.978957777],[15.084199105,61.980071871],[15.025728533,61.990732438],[15.009754756,61.995680593],[14.973961466,61.996145263],[14.950666826,61.999262754],[14.919962578,62.001034704],[14.900035454,62.005070149],[14.884539653,62.012598384],[14.850611563,62.017763278],[14.812619387,62.026352415],[14.786977342,62.028801755],[14.768871557,62.034930575],[14.742764575,62.036832343],[14.716611637,62.030991261],[14.683620828,62.029519278],[14.643673961,62.034852857],[14.639074597,62.039086863],[14.639276247,62.041430289],[14.650238695,62.047427928]]},"properties":{"segment_id":"84007","code":1,"text":"Normalt","info":["Torrt"],"road":"Väg 84","updated":"2026-05-03T22:00:52.017Z","lan":23}},{"type":"Feature","geometry":{"type":"LineString","coordinates":[[14.205147804,60.129436396],[14.207998588,60.132147329],[14.207313872,60.137414206],[14.210403498,60.143718309],[14.209505985,60.151103078],[14.211091268,60.155602268],[14.198260003,60.172837694],[14.195532736,60.181181054],[14.195868764,60.191769869],[14.18776398,60.207407565],[14.186312408,60.220122519],[14.180065969,60.228129627],[14.180842146,60.243327574],[14.173652117,60.252702398],[14.169977041,60.274409576],[14.171455979,60.279555003],[14.185767232,60.299586577],[14.187316985,60.309311672],[14.19677917,60.319767193],[14.19970476,60.32524423],[14.203330549,60.339929119],[14.20144447,60.349651301],[14.206306646,60.3613444],[14.204508534,60.368184797],[14.199419953,60.374583395],[14.199561562,60.37768207],[14.208471491,60.385699879],[14.216186522,60.398316342],[14.226274157,60.406833674],[14.235574104,60.422834263],[14.237413615,60.432694861],[14.236557254,60.43977445],[14.239065682,60.449064165],[14.2331225,60.46138529],[14.237175663,60.470755713],[14.235329583,60.477326769],[14.238330083,60.490570018],[14.242081291,60.497496224],[14.238094993,60.506021521],[14.238985684,60.509968373],[14.237187675,60.511313936]]},"properties":{"segment_id":"26080","code":1,"text":"Normalt","info":["Torrt"],"road":"Väg 26","updated":"2026-05-03T22:00:52.077Z","lan":20}},{"type":"Feature","geometry":{"type":"LineString","coordinates":[[14.36566711,62.034206002],[14.360972132,62.04024373],[14.353685494,62.04397113],[14.319382295,62.049147634],[14.277719452,62.06331713],[14.273166387,62.066498015],[14.267977709,62.075375718],[14.240175971,62.093386017],[14.209303886,62.10218991],[14.157134014,62.123731863],[14.139243735,62.125883965],[14.07657135,62.124519502],[14.044910306,62.135741495],[14.004831203,62.134992396],[13.961840938,62.147065272],[13.915514373,62.146808983],[13.895140812,62.154108091],[13.886065666,62.160310556],[13.88249103,62.165632254],[13.873209808,62.193207241],[13.87371163,62.201407595],[13.871326113,62.209189469],[13.858276443,62.228913513],[13.844052813,62.245161372],[13.838840129,62.262075971],[13.835304491,62.268348416],[13.812601925,62.289136147],[13.773340156,62.314542149],[13.770422379,62.330235688],[13.773810433,62.338991545],[13.782965946,62.350850133],[13.783777612,62.355615183],[13.778750682,62.373768081],[13.765067724,62.387768645],[13.73856802,62.403008046],[13.729480832,62.405564812],[13.708782035,62.405814436],[13.674549483,62.412315855],[13.648101656,62.411155085],[13.628392625,62.414625322],[13.610369102,62.411708628],[13.584724482,62.410400172],[13.551451641,62.416387547],[13.539934342,62.420316311],[13.52952203,62.426132148],[13.523624798,62.42436405]]},"properties":{"segment_id":"84010","code":1,"text":"Normalt","info":["Torrt"],"road":"Väg 84","updated":"2026-05-03T22:00:52.030Z","lan":23}},{"type":"Feature","geometry":{"type":"LineString","coordinates":[[13.523266771,62.424162748],[13.51558184,62.420579803],[13.498381425,62.41837556],[13.434082989,62.425721205],[13.322050467,62.425926004],[13.305712295,62.429202969],[13.27734475,62.431728382],[13.251752242,62.437075172],[13.23364382,62.441542672],[13.204940669,62.453234281],[13.177325875,62.457832341],[13.12947414,62.450985618],[13.124771962,62.448067235],[13.120590104,62.439346435],[13.107544484,62.432058763],[13.064192555,62.41848892],[13.046541244,62.419831894],[13.014242961,62.418899522],[13.009326292,62.417410673],[13.000368808,62.411194553],[12.976342094,62.404319741],[12.960833236,62.403249528],[12.932756169,62.393030185],[12.908010462,62.393558605],[12.876913439,62.401241457],[12.805821192,62.410250939],[12.786491391,62.419787089],[12.773892948,62.422783239],[12.737033324,62.424569257],[12.719930203,62.427604132],[12.715482833,62.431302944],[12.713686172,62.438592267],[12.716592507,62.44063348],[12.724933856,62.441811537],[12.7265694,62.443499525],[12.725732462,62.445075344],[12.708938896,62.453771527],[12.691061395,62.467835946],[12.637269838,62.493319456],[12.590835538,62.52231398],[12.559552833,62.534083292],[12.545268852,62.545094761],[12.538644728,62.547816137],[12.506309528,62.550197624],[12.483449831,62.546060861],[12.472423844,62.546939593],[12.469472361,62.545503124],[12.467674386,62.541483031],[12.460124189,62.54016052],[12.438853931,62.539862094],[12.423225688,62.537293572],[12.384688855,62.534556766],[12.363060675,62.534832803],[12.338049287,62.54119337],[12.320002705,62.548078527],[12.284305102,62.553604705],[12.258737395,62.560991577],[12.245256937,62.56847789],[12.235102284,62.570486986],[12.203506983,62.582864557],[12.177640513,62.599886997],[12.148081988,62.613614259],[12.137150818,62.616364223],[12.130147625,62.622643141],[12.12875474,62.626557801],[12.112257101,62.635317617],[12.09359009,62.641811972],[12.073533574,62.641331454]]},"properties":{"segment_id":"84015","code":1,"text":"Normalt","info":["Torrt"],"road":"Väg 84","updated":"2026-05-03T22:00:52.047Z","lan":23}},{"type":"Feature","geometry":{"type":"LineString","coordinates":[[12.548543519,62.541937185],[12.548965797,62.54507882],[12.557864649,62.547093575],[12.567116192,62.554331569],[12.568080938,62.557051489],[12.563779938,62.568238175],[12.569699494,62.571789685],[12.584165946,62.576323991],[12.604623987,62.589212401],[12.611980112,62.597303675],[12.620776182,62.603281685],[12.623021351,62.610297484],[12.621514182,62.613540694],[12.629200113,62.617631334],[12.629010964,62.622199059],[12.632451904,62.625023177],[12.633238948,62.628116685],[12.645623341,62.631324789],[12.647917919,62.635108052],[12.656797809,62.640007342],[12.659231132,62.645768327],[12.664720555,62.651400614],[12.663264346,62.654770797],[12.665112621,62.658321777],[12.673686105,62.662271859],[12.674289556,62.664535851],[12.671572915,62.666304714],[12.672592015,62.668746236],[12.670018239,62.671424426],[12.666928853,62.681637201],[12.663023574,62.686062185],[12.663234581,62.688589084],[12.677746688,62.694685028],[12.73283575,62.730876446],[12.746459978,62.746244432],[12.750227186,62.752572597],[12.763415012,62.761017424],[12.766449601,62.765187304],[12.766965431,62.769505684],[12.76561429,62.782432712],[12.762636476,62.786022073],[12.76555921,62.79040566],[12.76139574,62.796167165],[12.765380003,62.799238663],[12.773246552,62.80105156],[12.777454333,62.804305819],[12.787537057,62.804330061],[12.801565268,62.807746643],[12.814445988,62.816621358],[12.811641202,62.8274248],[12.805813084,62.832120061],[12.803372128,62.837460623],[12.79682604,62.840680706],[12.786543833,62.849409047],[12.791004972,62.852801455]]},"properties":{"segment_id":"531000","code":1,"text":"Normalt","info":["Torrt"],"road":"Väg 531","updated":"2026-05-03T22:00:52.064Z","lan":23}},{"type":"Feature","geometry":{"type":"LineString","coordinates":[[21.994195976,66.016264746],[22.000844236,66.016267924],[22.017580042,66.012121523],[22.036986114,66.013233829],[22.0437862,66.015942365],[22.052104814,66.026903927],[22.064716039,66.031193063],[22.090669568,66.029247028],[22.100682632,66.025095398],[22.111044439,66.02433571],[22.152147527,66.033778742],[22.176940991,66.036435717],[22.193378965,66.045902675],[22.203048415,66.047054512],[22.216044144,66.052324694],[22.237293639,66.048230182],[22.273854081,66.048097896],[22.298025426,66.041934496]]},"properties":{"segment_id":"356020","code":1,"text":"Normalt","info":["Torrt"],"road":"Väg 356","updated":"2026-05-03T22:00:52.221Z","lan":25}},{"type":"Feature","geometry":{"type":"LineString","coordinates":[[14.236755318,60.511113928],[14.239782351,60.512496004],[14.23908251,60.513605409],[14.221329008,60.522571811],[14.20739318,60.538957267],[14.20664025,60.541422014],[14.208548873,60.547610863],[14.194506687,60.562440995],[14.193015204,60.568860926],[14.183835985,60.57548553],[14.174563707,60.59204863],[14.16686913,60.598052718],[14.165046009,60.606427675],[14.155300544,60.612418291],[14.151060511,60.617356803],[14.149513285,60.636570848],[14.145306226,60.640800053],[14.140254254,60.653365107],[14.12893435,60.670890587],[14.120781844,60.692673969],[14.109124021,60.701656663],[14.105948769,60.711772665],[14.106379144,60.723331322],[14.12180671,60.732995692],[14.129998138,60.740636164],[14.133500441,60.749511916],[14.142987721,60.754924196],[14.142672272,60.759869476],[14.145484633,60.772116462],[14.155287488,60.782611776],[14.155078924,60.787045945],[14.151226857,60.790325815],[14.142891053,60.804620839],[14.142657056,60.808560993],[14.126739665,60.824099362]]},"properties":{"segment_id":"26085","code":1,"text":"Normalt","info":["Torrt"],"road":"Väg 26","updated":"2026-05-03T22:00:52.089Z","lan":20}},{"type":"Feature","geometry":{"type":"LineString","coordinates":[[17.177363577,61.804017699],[17.205604612,61.810652617],[17.207533184,61.818740017],[17.213282364,61.821584135],[17.226097682,61.823909581],[17.229979757,61.829513365],[17.249697601,61.83057494],[17.264390803,61.834832898],[17.261855594,61.840649225],[17.267044565,61.845045087],[17.276294941,61.848313849],[17.285482198,61.854025819],[17.30538156,61.856756001],[17.311696492,61.86133795],[17.312647588,61.866638602],[17.316469077,61.870148649]]},"properties":{"segment_id":"781000","code":1,"text":"Normalt","info":["Torrt"],"road":"Väg 781","updated":"2026-05-03T22:00:52.268Z","lan":21}},{"type":"Feature","geometry":{"type":"LineString","coordinates":[[14.372830285,62.646405153],[14.374060911,62.652801597],[14.380529135,62.658871192],[14.383805963,62.675868245],[14.390537915,62.684649241],[14.404658892,62.693452451],[14.414719527,62.716275689],[14.415365738,62.734041704],[14.428267358,62.751831125],[14.43700804,62.757503242],[14.439407512,62.767260592],[14.448449617,62.777079993],[14.463685873,62.78720078],[14.48622204,62.795318195],[14.510046462,62.801004025],[14.516859113,62.805291047],[14.517835467,62.810347723],[14.516366431,62.823366433],[14.51964406,62.837783628],[14.517947105,62.844294171],[14.518531808,62.86257061],[14.522734455,62.872413225],[14.522361347,62.880858024],[14.524538124,62.890936017],[14.521983114,62.901689127],[14.522894365,62.908576487],[14.535471755,62.925914362],[14.542475312,62.940253216],[14.545129922,62.950745199],[14.552631882,62.957680294],[14.556126904,62.965114049],[14.567131739,62.979679473],[14.573510502,62.983306993],[14.61982559,62.998060065],[14.682815,63.005790557],[14.73168454,63.016850563],[14.766455858,63.028633964],[14.793708496,63.031270161],[14.81340306,63.038971346],[14.831924603,63.056442424],[14.837055178,63.06573778],[14.842833202,63.06936132]]},"properties":{"segment_id":"45077","code":1,"text":"Normalt","info":["Torrt"],"road":"E 45","updated":"2026-05-03T22:00:52.102Z","lan":23}},{"type":"Feature","geometry":{"type":"LineString","coordinates":[[16.99639528,61.54737142],[17.022497589,61.564417818],[17.027355788,61.573936661],[17.02566172,61.585213988],[17.026693461,61.590047995],[17.054443606,61.60554664],[17.056151843,61.608843654],[17.053373835,61.621565518],[17.054908075,61.625071706],[17.061022147,61.632460252],[17.076700153,61.636892869],[17.083444922,61.64877004],[17.083884419,61.65333432],[17.088361851,61.661474065],[17.086251822,61.664918755],[17.076949042,61.670708808],[17.078535897,61.67716847],[17.078076345,61.684108198],[17.07226356,61.698627492],[17.071646543,61.710293125]]},"properties":{"segment_id":"583000","code":1,"text":"Normalt","info":["Torrt"],"road":"Väg 583","updated":"2026-05-03T22:00:52.165Z","lan":21}},{"type":"Feature","geometry":{"type":"LineString","coordinates":[[14.126739665,60.824099362],[14.126208049,60.826735641],[14.128338202,60.828877422],[14.158357016,60.846918282],[14.19774037,60.843827994],[14.205908337,60.846857371],[14.209575456,60.855588178],[14.216394447,60.856741424],[14.240640009,60.852723461],[14.253605545,60.853146214],[14.262638621,60.848518252],[14.271837599,60.846997148],[14.283968249,60.84763692],[14.306250658,60.853679514],[14.319874772,60.853479758],[14.330214081,60.858963598],[14.361896169,60.868113988],[14.368514896,60.872356077],[14.374166109,60.881890561],[14.37552919,60.890381426],[14.387588305,60.899558811],[14.402205566,60.903440295],[14.429555198,60.905839445],[14.468262423,60.921718763],[14.472433845,60.927113115],[14.471022145,60.938824128],[14.4771501,60.947754403],[14.475836362,60.954680447],[14.477936797,60.961709521],[14.500198743,60.975270077],[14.519275247,60.981938345],[14.522040373,60.986078097],[14.530161463,60.990559762],[14.532710404,60.996978961],[14.539282667,61.001454686],[14.539368901,61.003160811],[14.551501545,61.009549166]]},"properties":{"segment_id":"45053","code":1,"text":"Normalt","info":["Torrt"],"road":"E 45","updated":"2026-05-03T22:00:52.176Z","lan":20}},{"type":"Feature","geometry":{"type":"LineString","coordinates":[[17.316469755,61.870157619],[17.304618452,61.884555345],[17.289746975,61.890533371],[17.27107814,61.902625387],[17.267318693,61.906108987],[17.266255912,61.910787427],[17.262482287,61.914872806],[17.242772878,61.919613717],[17.235686198,61.926652926],[17.222710855,61.92692583],[17.215754911,61.928753186]]},"properties":{"segment_id":"781005","code":1,"text":"Normalt","info":["Torrt"],"road":"Väg 781","updated":"2026-05-03T22:00:52.280Z","lan":21}},{"type":"Feature","geometry":{"type":"LineString","coordinates":[[16.926495777,60.286749538],[16.916200965,60.295996633],[16.913883394,60.300305189],[16.919319835,60.327575129],[16.924431211,60.332557759],[16.951691749,60.345237374],[16.962710755,60.354290194],[16.967653805,60.363216602],[16.969793125,60.377330757],[16.976628125,60.390135782],[16.976377579,60.396480413],[16.972307018,60.40720175],[16.973898119,60.410986301],[16.98002462,60.41737097],[16.979894782,60.420911587],[16.968795217,60.431413707],[16.965484548,60.440982853],[16.959312014,60.451366382],[16.944328175,60.461977172],[16.942153385,60.467586248],[16.942589028,60.472744134],[16.935106273,60.488848528],[16.937631937,60.494263473],[16.940946308,60.510112071],[16.944747994,60.514583262],[16.942164605,60.529853016],[16.944729488,60.534934965],[16.943632334,60.544300364],[16.950370886,60.556281832],[16.952604008,60.564880134],[16.960179489,60.572169713],[16.975239014,60.597337874],[16.973716465,60.605605105],[16.977877985,60.610617995],[16.975422509,60.615881345],[16.980173764,60.622735588],[16.987529702,60.629101946]]},"properties":{"segment_id":"56035","code":1,"text":"Normalt","info":["Torrt"],"road":"Väg 56","updated":"2026-05-03T22:00:52.189Z","lan":21}},{"type":"Feature","geometry":{"type":"LineString","coordinates":[[16.5537796,61.804200441],[16.553082888,61.81144512],[16.565168449,61.821804027],[16.569036389,61.831744198],[16.566254855,61.8390217],[16.56727355,61.845582461],[16.562156005,61.852922373],[16.563193378,61.862095714],[16.543558344,61.86668106],[16.531051009,61.875125984],[16.531755807,61.878574871],[16.54031937,61.884719353],[16.54066725,61.893532375],[16.544973069,61.897784827]]},"properties":{"segment_id":"305000","code":1,"text":"Normalt","info":["Torrt"],"road":"Väg 305","updated":"2026-05-03T22:00:52.289Z","lan":21}},{"type":"Feature","geometry":{"type":"LineString","coordinates":[[20.975039076,64.730233718],[20.962308059,64.728965346],[20.950437984,64.724716905],[20.948805453,64.721036995],[20.950358493,64.713465045],[20.941213715,64.703478785],[20.942615438,64.685261351],[20.94503527,64.681823369],[20.95567198,64.650483189],[20.961258961,64.64027168],[20.962023807,64.632965363],[20.956621388,64.619272592],[20.942434319,64.592824976],[20.917987389,64.582690748],[20.912990073,64.572726602],[20.90895338,64.569476498],[20.882772578,64.557939603],[20.833064017,64.527987437],[20.814035242,64.518667955],[20.790706995,64.509993187],[20.769707761,64.506822992],[20.746448401,64.500038633],[20.7295099,64.498936465],[20.704593416,64.490032293],[20.69469431,64.490011725],[20.678149758,64.495171482],[20.668436215,64.500974674],[20.648868776,64.509037769],[20.64564448,64.511826064],[20.624726626,64.512097753],[20.61786581,64.51357548]]},"properties":{"segment_id":"364012","code":1,"text":"Normalt","info":["Torrt"],"road":"Väg 364","updated":"2026-05-03T22:00:52.201Z","lan":24}},{"type":"Feature","geometry":{"type":"LineString","coordinates":[[15.9995718,60.184882204],[15.998714625,60.186936034],[16.000325882,60.19011168],[15.991966699,60.207119119],[15.990474762,60.219872391],[15.996827548,60.225796278],[16.002172125,60.237654046],[16.009471158,60.24538408],[16.010439521,60.250432245],[16.007686941,60.256101348],[16.01027326,60.258524151],[16.016966927,60.260511428],[16.014078275,60.261772707]]},"properties":{"segment_id":"69007","code":1,"text":"Normalt","info":["Torrt"],"road":"Väg 69","updated":"2026-05-03T22:00:52.212Z","lan":20}},{"type":"Feature","geometry":{"type":"LineString","coordinates":[[15.057191964,58.1968424],[15.064173698,58.200782081],[15.063849393,58.219158924],[15.078495642,58.237913606],[15.083289794,58.248787427],[15.084079041,58.258343438],[15.093457658,58.267174906],[15.096617424,58.275803947],[15.107955051,58.286995011],[15.116981712,58.29879794],[15.113307676,58.307567321],[15.104153926,58.310916264],[15.099027177,58.314539927],[15.094788412,58.318692642],[15.094270196,58.3228066]]},"properties":{"segment_id":"32015","code":1,"text":"Normalt","info":["Torrt"],"road":"Väg 32","updated":"2026-04-16T14:02:54.197Z","lan":5}},{"type":"Feature","geometry":{"type":"LineString","coordinates":[[15.988398504,61.857991466],[15.983737981,61.862010888],[15.980796707,61.869896169],[15.976745748,61.872842667],[15.960809654,61.873996256],[15.924405724,61.888842869],[15.909278584,61.891313651],[15.907304398,61.895321596],[15.901613088,61.897845709],[15.893589209,61.905905789],[15.887358668,61.909635751],[15.873864437,61.923753514],[15.873587015,61.930048331],[15.878509365,61.934290208],[15.883984206,61.946392441],[15.884575769,61.953004874],[15.876918728,61.960549776],[15.87806638,61.964654038],[15.863785338,61.972195306],[15.858459655,61.978180426],[15.854826868,61.987449463],[15.845878256,61.99236125],[15.840611348,62.000733186],[15.841778025,62.003571822],[15.844840865,62.005222852],[15.890624335,62.013364585],[15.907739002,62.012059143],[15.908649578,62.013130415],[15.9064191,62.017777308],[15.900515994,62.023606214],[15.906691574,62.025011127],[15.908575051,62.02921802],[15.907459044,62.031532491],[15.883562221,62.041239106],[15.86907185,62.052031728],[15.857599645,62.056906141],[15.849753834,62.062969235],[15.817449476,62.080471724],[15.812756033,62.085364914],[15.790877809,62.098131299],[15.776737762,62.103229513],[15.768187779,62.109830385],[15.727968042,62.118692522],[15.719009109,62.124035678],[15.697079231,62.13246036],[15.689128216,62.138685158],[15.681746701,62.151612309],[15.676882412,62.155478207],[15.676927946,62.160953788],[15.678867327,62.165271078],[15.670932141,62.171898633],[15.657201868,62.177143977],[15.652147783,62.181449724],[15.651716147,62.183704898]]},"properties":{"segment_id":"83007","code":1,"text":"Normalt","info":["Torrt"],"road":"Väg 83","updated":"2026-05-03T22:00:52.233Z","lan":21}},{"type":"Feature","geometry":{"type":"LineString","coordinates":[[17.074653952,61.984408443],[17.063684428,61.982534604],[17.053111829,61.974906906],[17.053660914,61.972572951],[17.06028014,61.967167095],[17.062968962,61.957545353],[17.060380009,61.94630535],[17.052172019,61.940195819],[17.040553218,61.93518704],[17.026165807,61.924569779],[17.028832188,61.919672442],[17.046091734,61.911999679],[17.052266032,61.896435391],[17.048792223,61.892024134],[17.039818326,61.887586686],[17.037715865,61.883154835],[17.041440338,61.877657799],[17.048589272,61.873618311],[17.052368301,61.868982202],[17.047520351,61.854192652],[17.035821798,61.846041987],[17.036654938,61.835972118],[17.027045745,61.800616518],[17.031066262,61.795986305],[17.057763623,61.785827453],[17.06496074,61.779460249],[17.096100435,61.765589734],[17.097771438,61.762295397],[17.095585243,61.758853466]]},"properties":{"segment_id":"758000","code":1,"text":"Normalt","info":["Torrt"],"road":"Väg 758","updated":"2026-05-03T22:00:52.248Z","lan":21}},{"type":"Feature","geometry":{"type":"LineString","coordinates":[[17.074826192,61.984414831],[17.103764487,61.981623652],[17.134054678,61.975581571],[17.158934062,61.978184629],[17.169111262,61.976632967],[17.202134576,61.976181311],[17.215634174,61.978371765],[17.241762483,61.977311803]]},"properties":{"segment_id":"307000","code":1,"text":"Normalt","info":["Torrt"],"road":"Väg 307","updated":"2026-05-03T22:00:52.258Z","lan":21}},{"type":"Feature","geometry":{"type":"LineString","coordinates":[[16.91148414,59.76985251],[16.898705872,59.774088605],[16.858819917,59.777514913],[16.843361705,59.782106741],[16.828577429,59.791600388],[16.810839756,59.800037204],[16.793364951,59.805234541],[16.778911327,59.81703511],[16.77433263,59.81913577],[16.729233874,59.826831613],[16.714643655,59.834162804],[16.693867923,59.834386912],[16.684289377,59.837276108],[16.667080913,59.84607238],[16.637984226,59.855463802],[16.629815681,59.865130197],[16.623396597,59.88768947]]},"properties":{"segment_id":"70005","code":1,"text":"Normalt","info":["Torrt"],"road":"Väg 70","updated":"2026-05-26T10:37:33.781Z","lan":19}},{"type":"Feature","geometry":{"type":"LineString","coordinates":[[15.611950994,60.625977233],[15.596593828,60.63059876],[15.559526726,60.651705963],[15.540736605,60.668770624],[15.512741044,60.673522621],[15.506188212,60.680469985],[15.48867839,60.690716614],[15.479720743,60.699107946],[15.466531993,60.705367598],[15.457520163,60.71837251],[15.449788361,60.722474875],[15.437398825,60.734708538],[15.430370316,60.738403436],[15.367705465,60.746302246],[15.35336321,60.749833359],[15.32194976,60.762006192],[15.319023134,60.764832366],[15.316432847,60.775765073],[15.312959534,60.781079375],[15.307641913,60.783794123],[15.290364034,60.786175921],[15.281446374,60.789202621],[15.264567782,60.802722237],[15.256587444,60.820415808],[15.235884251,60.832753849],[15.214535955,60.839065351],[15.18080924,60.844430002],[15.154615404,60.845818373],[15.122295936,60.843463472],[15.106652547,60.858676739],[15.102074065,60.860233504]]},"properties":{"segment_id":"69015","code":1,"text":"Normalt","info":["Torrt"],"road":"Väg 69","updated":"2026-05-03T22:00:52.322Z","lan":20}},{"type":"Feature","geometry":{"type":"LineString","coordinates":[[11.841160941,57.980029819],[11.844491263,58.001980462],[11.843428916,58.013270017],[11.846703067,58.028208425],[11.846361986,58.039578766],[11.851800667,58.044989411],[11.872624317,58.053807787],[11.88275401,58.059745644],[11.890415069,58.067779418],[11.890391881,58.073504073],[11.882710613,58.089215621],[11.882467281,58.099195103],[11.879225819,58.108310225],[11.880427807,58.118450927],[11.885851621,58.131031669],[11.884392514,58.146949242],[11.889235016,58.163910492],[11.902923696,58.175855795],[11.908035271,58.183205881],[11.909221391,58.189139486],[11.908306748,58.200837144],[11.917005176,58.218123993]]},"properties":{"segment_id":"6057","code":1,"text":"Normalt","info":["Torrt"],"road":"E 6","updated":"2026-05-05T14:07:14.067Z","lan":14}},{"type":"Feature","geometry":{"type":"LineString","coordinates":[[15.716301249,59.971054349],[15.698646535,59.977380827],[15.675649527,59.988329909],[15.653189648,60.006375085],[15.618382042,60.022651831],[15.581326339,60.037555312],[15.574371192,60.045317006],[15.560574198,60.052209555],[15.547332041,60.069092397],[15.541351278,60.081275063],[15.533712178,60.089019352],[15.526643073,60.093267958],[15.507247564,60.098219483],[15.493194356,60.108428169],[15.479548026,60.11504215],[15.470644949,60.124044368],[15.462754338,60.127295723],[15.439807644,60.131378646],[15.421020779,60.128961436],[15.405230383,60.129971465],[15.391768198,60.137644278],[15.380141651,60.139518884],[15.344430843,60.140460587],[15.337316,60.141933517],[15.317195032,60.139163771],[15.304202308,60.139840742],[15.293929766,60.144775516],[15.263745571,60.150998712],[15.252197761,60.155304224],[15.236133242,60.155719924],[15.222982093,60.150166693],[15.214922188,60.148725399],[15.192578817,60.152854219]]},"properties":{"segment_id":"66007","code":1,"text":"Normalt","info":["Torrt"],"road":"Väg 66","updated":"2026-05-03T22:00:52.334Z","lan":20}},{"type":"Feature","geometry":{"type":"LineString","coordinates":[[12.008989835,57.769916969],[12.008450243,57.782334157],[12.010747761,57.785884589],[12.015573077,57.78899124],[12.016403797,57.810518149],[12.013664758,57.826936886],[12.013381228,57.83992625],[12.014329446,57.851677355],[12.018124519,57.861230526],[12.024675115,57.867873337],[12.037065605,57.875119639],[12.040935571,57.887351983],[12.051310916,57.906538897],[12.064537441,57.92093756],[12.081367107,57.927508756],[12.093860954,57.936998183],[12.101167545,57.950106666],[12.104242878,57.952845984],[12.130325399,57.963656078],[12.148007903,57.9677658],[12.155856398,57.973082229],[12.162534426,57.983386708],[12.162809383,57.99210115],[12.15956254,57.999119314],[12.16001017,58.003937301],[12.163362213,58.008640364],[12.173360883,58.015603128],[12.176387431,58.020388437],[12.176445332,58.041562636]]},"properties":{"segment_id":"45003","code":1,"text":"Normalt","info":["Torrt"],"road":"E 45","updated":"2026-05-05T14:07:14.105Z","lan":14}},{"type":"Feature","geometry":{"type":"LineString","coordinates":[[13.272374229,61.149188883],[13.262393149,61.148908422],[13.235398169,61.15983792],[13.213920791,61.164270705],[13.199342833,61.165307824],[13.186128014,61.169136503],[13.162169869,61.168992957],[13.14940205,61.166358439],[13.143193655,61.161594728],[13.129487639,61.156987715],[13.115767411,61.157982778],[13.084437315,61.171345765],[13.050094401,61.178237366],[13.035291543,61.188063547],[13.01310964,61.185773163],[13.003098558,61.181692404],[12.978291935,61.17779487],[12.961933201,61.180540169],[12.949514088,61.180155076],[12.935296835,61.185650785],[12.913661615,61.178592496],[12.905897522,61.178149312],[12.892768524,61.174209529],[12.868085986,61.19711075],[12.8649139,61.204928117],[12.864951052,61.209877218],[12.859399515,61.217324656],[12.85068666,61.223015398],[12.852832637,61.231976518],[12.842732383,61.240159494],[12.842793733,61.252590169],[12.845394085,61.259268453],[12.845073497,61.263403588],[12.852205829,61.270117709],[12.844513094,61.272124182],[12.836974521,61.266723373]]},"properties":{"segment_id":"66025","code":1,"text":"Normalt","info":["Torrt"],"road":"Väg 66","updated":"2026-05-03T22:00:52.346Z","lan":20}},{"type":"Feature","geometry":{"type":"LineString","coordinates":[[13.721251517,60.686376805],[13.709643789,60.690907917],[13.692017397,60.701036533],[13.679740477,60.704229602],[13.663991239,60.704935572],[13.635172233,60.711810938],[13.623555665,60.71261706],[13.600938432,60.717725821],[13.583518978,60.726612407],[13.558001629,60.734278513],[13.540679493,60.746213833],[13.531981542,60.749468385],[13.523962658,60.754678473],[13.505874632,60.759282462],[13.491981502,60.768259542],[13.473250023,60.777252126],[13.45853571,60.782319236],[13.42917657,60.801249878],[13.426976118,60.806019412],[13.429286855,60.815879478],[13.428227287,60.819863151],[13.413336647,60.831658386],[13.417196724,60.848837594],[13.420286238,60.852618553],[13.414181811,60.866591255],[13.408081351,60.872607556],[13.406570469,60.879638886],[13.40093047,60.880425053],[13.401682401,60.886019488],[13.400187947,60.889001012],[13.390284829,60.896452968],[13.378803289,60.912748406],[13.369462538,60.922306981],[13.35279771,60.952079212],[13.347125142,60.956778091],[13.345631595,60.96562296],[13.340016225,60.976599236],[13.335716031,60.980380649],[13.336008565,60.987864544],[13.332099541,60.996841078],[13.330846371,61.0076823],[13.338125786,61.02058648],[13.339433055,61.032042932],[13.336730453,61.039462943],[13.338140851,61.045415998],[13.337577992,61.051919459],[13.328629964,61.074447205],[13.325640322,61.078056001],[13.32149157,61.088484001],[13.314442597,61.097582649],[13.308425476,61.100488791],[13.294311923,61.111769763],[13.293270566,61.117315165],[13.286898505,61.12701368],[13.283438385,61.129529076],[13.282289916,61.134606089],[13.273113512,61.149261179]]},"properties":{"segment_id":"66020","code":1,"text":"Normalt","info":["Torrt"],"road":"Väg 66","updated":"2026-05-03T22:00:52.362Z","lan":20}},{"type":"Feature","geometry":{"type":"LineString","coordinates":[[11.829633335,58.078791178],[11.861237589,58.067638434],[11.874509043,58.059013129]]},"properties":{"segment_id":"170000","code":1,"text":"Normalt","info":["Torrt"],"road":"Väg 170","updated":"2026-05-05T14:07:14.117Z","lan":14}},{"type":"Feature","geometry":{"type":"LineString","coordinates":[[14.907161578,58.447336347],[14.91378514,58.44300294],[14.937809214,58.438508162],[14.961150066,58.44236141],[14.977871046,58.438395593],[15.005995158,58.441172625],[15.010413862,58.439196427],[15.018408255,58.430743995],[15.047913431,58.418575474],[15.057572261,58.410685769],[15.065180673,58.406667405],[15.094925969,58.401843729]]},"properties":{"segment_id":"206000","code":1,"text":"Normalt","info":["Torrt"],"road":"Väg 206","updated":"2026-04-16T14:02:54.222Z","lan":5}},{"type":"Feature","geometry":{"type":"LineString","coordinates":[[15.979684641,60.297401338],[15.97763806,60.302175555],[15.9714739,60.309090074],[15.951192006,60.325507536],[15.945038056,60.33499778],[15.945663817,60.343478887],[15.943159893,60.348372485],[15.903073923,60.388213565],[15.888584524,60.395772834],[15.87784673,60.399328004],[15.869546936,60.405910364],[15.849189699,60.41463481],[15.84590594,60.421030929],[15.834033192,60.428289115],[15.829008757,60.433564294],[15.810807648,60.443885534],[15.805656075,60.455284316],[15.795672784,60.470779296],[15.773266072,60.482296496],[15.758482798,60.495149502],[15.745172477,60.501285299],[15.739024919,60.50633872],[15.734476488,60.51856621],[15.734945686,60.523196758],[15.744715164,60.528170833],[15.755900385,60.539807544],[15.776065049,60.552226513],[15.777789285,60.564804945],[15.77254354,60.573535935],[15.774132501,60.581230638],[15.770753891,60.585730624]]},"properties":{"segment_id":"69012","code":1,"text":"Normalt","info":["Torrt"],"road":"Väg 69","updated":"2026-05-03T22:00:52.378Z","lan":20}},{"type":"Feature","geometry":{"type":"LineString","coordinates":[[14.98384306,60.264251684],[14.98219471,60.271138287],[14.974901496,60.282118285],[14.953520581,60.300079238],[14.947001325,60.303776085],[14.937994905,60.320436914],[14.924323907,60.329435595],[14.922206214,60.336617423],[14.912035528,60.346873856],[14.883664349,60.3564504],[14.875617064,60.356550867],[14.869359212,60.353312506],[14.846881702,60.354662294],[14.812616181,60.369675887],[14.807256491,60.374615542],[14.801458362,60.391729529],[14.784341915,60.406553763],[14.767030089,60.441433882],[14.76203546,60.446076024],[14.753462076,60.450271453],[14.740882796,60.452743676],[14.739905787,60.456719333],[14.735917189,60.459854034]]},"properties":{"segment_id":"66015","code":1,"text":"Normalt","info":["Torrt"],"road":"Väg 66","updated":"2026-05-03T22:00:52.390Z","lan":20}},{"type":"Feature","geometry":{"type":"LineString","coordinates":[[14.953962358,58.055984136],[14.980946222,58.039922256],[14.990414335,58.038046083],[15.009837524,58.030114952],[15.015506676,58.022982666],[15.015624194,58.020728164],[15.024437029,58.011259715],[15.021096991,58.000760299],[15.025069917,57.996681725],[15.026825488,57.991705304],[15.049375682,57.982267372],[15.051522007,57.969664648],[15.060751635,57.959843131],[15.066746426,57.957513758],[15.085061952,57.956784255],[15.101985614,57.960050282],[15.108412312,57.956128761],[15.11435539,57.954641504],[15.127605896,57.955670824],[15.137836428,57.944504331],[15.15010745,57.938238857],[15.162243212,57.936625123],[15.170596661,57.931772799],[15.175614508,57.92542455],[15.184785573,57.919573126],[15.200416607,57.913531363],[15.205077877,57.908161548],[15.20378457,57.900286226],[15.20882436,57.893667122],[15.223531159,57.882468181],[15.228958222,57.874078065],[15.237841608,57.868789143],[15.258263178,57.844101819],[15.268836794,57.836660461],[15.269809124,57.831556432],[15.277035268,57.823070508]]},"properties":{"segment_id":"131000","code":1,"text":"Normalt","info":["Torrt"],"road":"Väg 131","updated":"2026-05-04T04:53:29.368Z","lan":6}},{"type":"Feature","geometry":{"type":"LineString","coordinates":[[14.417444559,57.773808213],[14.441585209,57.77719549],[14.455152975,57.777263512],[14.500814431,57.771532054],[14.532341799,57.778838293],[14.561727842,57.776535983],[14.576918465,57.77296765],[14.597756074,57.77679914]]},"properties":{"segment_id":"132005","code":1,"text":"Normalt","info":["Torrt"],"road":"Väg 132","updated":"2026-05-04T04:53:29.387Z","lan":6}},{"type":"Feature","geometry":{"type":"LineString","coordinates":[[14.452273135,58.002753998],[14.457115204,58.000313616],[14.467104655,57.999798944],[14.478976719,58.001267298],[14.506677579,58.000910626],[14.513261544,58.003208475],[14.520221236,58.011633244],[14.5251614,58.013026043],[14.537230827,58.008902772],[14.559549485,58.010428096],[14.614026703,58.002359362],[14.63002315,58.008155437],[14.646539657,58.011507798],[14.668764336,58.012878964],[14.700105011,58.019262091],[14.70552138,58.017235804],[14.717823029,58.002640829],[14.736048125,57.99991345],[14.745645794,57.996789262],[14.769456117,57.976966212],[14.774184936,57.975097432],[14.808638031,57.975405429],[14.838486451,57.984716357],[14.843356631,57.988611691],[14.853452131,57.988920129],[14.85564849,57.993692124],[14.866221324,57.9979522],[14.878952273,58.000165553],[14.918441393,57.991547261]]},"properties":{"segment_id":"133000","code":1,"text":"Normalt","info":["Torrt"],"road":"Väg 133","updated":"2026-05-04T04:53:29.401Z","lan":6}},{"type":"Feature","geometry":{"type":"LineString","coordinates":[[14.859894053,57.815939091],[14.861278859,57.819120356],[14.871351209,57.826837798],[14.874277974,57.83248162],[14.873721777,57.837439297],[14.86689648,57.84777992],[14.864852948,57.853643188],[14.865316252,57.860425294],[14.869474105,57.871028699],[14.877574399,57.878366277],[14.880810879,57.888797724],[14.888847947,57.896799183],[14.900695404,57.913273362],[14.909792679,57.919792225],[14.913242803,57.938064342],[14.917975428,57.951208352],[14.917539289,57.957208128],[14.914462614,57.964849876],[14.913821884,57.978304629],[14.914969573,57.986299456],[14.920025308,57.994233905],[14.920009747,58.001212957],[14.95066329,58.027716557],[14.951113661,58.032674802],[14.947595744,58.041376965],[14.953538809,58.055939073]]},"properties":{"segment_id":"32007","code":1,"text":"Normalt","info":["Torrt"],"road":"Väg 32","updated":"2026-05-04T04:53:29.480Z","lan":6}},{"type":"Feature","geometry":{"type":"LineString","coordinates":[[14.955382401,57.690874697],[14.988609035,57.696406279],[14.992064356,57.698939604],[14.995721071,57.705110744],[14.994428406,57.708991122],[14.995384785,57.71048225],[15.0006378,57.713976512],[15.010239076,57.716473223],[15.013951704,57.724431323],[15.049353073,57.731806045],[15.059957244,57.736714862],[15.073889126,57.749381703],[15.093041181,57.755665759],[15.115423557,57.750410602],[15.114297554,57.755630405],[15.119172354,57.761275849],[15.119314677,57.763665034],[15.11039407,57.776014922],[15.107589232,57.782655309],[15.108387316,57.790846547],[15.112836163,57.793537374],[15.143479471,57.800800077],[15.150460571,57.800540481],[15.15771418,57.797208197],[15.16858124,57.800706318],[15.203048111,57.805533241],[15.2153421,57.81011193],[15.233423264,57.826814055],[15.238608444,57.829283533],[15.248642986,57.829165461],[15.261187436,57.824550282],[15.27765684,57.822898485]]},"properties":{"segment_id":"134000","code":1,"text":"Normalt","info":["Torrt"],"road":"Väg 134","updated":"2026-05-04T04:53:29.416Z","lan":6}},{"type":"Feature","geometry":{"type":"LineString","coordinates":[[14.991320312,57.512729899],[14.987697078,57.516098129],[14.993200471,57.545004954],[14.983172272,57.554381953],[14.974055653,57.567405298],[14.96837095,57.587857515],[14.970337256,57.617464715],[14.968129965,57.633902316],[14.961170526,57.642640413],[14.951949301,57.648709458]]},"properties":{"segment_id":"32000","code":1,"text":"Normalt","info":["Torrt"],"road":"Väg 32","updated":"2026-05-04T04:53:29.431Z","lan":6}},{"type":"Feature","geometry":{"type":"LineString","coordinates":[[14.955173524,57.656264968],[14.956508121,57.661286675],[14.953380219,57.669522544],[14.952717365,57.676492735],[14.954996654,57.69083863],[14.952033526,57.699155329],[14.936973582,57.724605042],[14.935626219,57.736443222],[14.926905288,57.747010806],[14.924887744,57.755884249],[14.888066196,57.773732046],[14.883904218,57.781911251],[14.869088859,57.800687921],[14.859164486,57.817429349]]},"properties":{"segment_id":"32005","code":1,"text":"Normalt","info":["Torrt"],"road":"Väg 32","updated":"2026-05-04T04:53:29.455Z","lan":6}},{"type":"Feature","geometry":{"type":"LineString","coordinates":[[14.956563586,57.656948126],[14.970852678,57.663653199],[14.983724263,57.665523877],[15.006418705,57.659434601],[15.02885231,57.650960932],[15.050180102,57.649894329],[15.062686353,57.644409388],[15.07980091,57.641633118],[15.108786335,57.632601983],[15.145229325,57.637353103],[15.152203073,57.642842243],[15.16114358,57.645552891],[15.189156091,57.642729503],[15.204926681,57.644070289],[15.241227911,57.63896703],[15.270049823,57.642906038],[15.279399257,57.640999383],[15.311110088,57.639263575],[15.320816178,57.636364886],[15.348316413,57.632779924],[15.373614207,57.63538455],[15.405559786,57.634504652],[15.416661691,57.635806983],[15.46044388,57.621408589],[15.482163726,57.620582063],[15.503224033,57.621766565],[15.533353318,57.6144838],[15.548167209,57.616720029],[15.57300775,57.616645818]]},"properties":{"segment_id":"40040","code":1,"text":"Normalt","info":["Torrt"],"road":"Väg 40","updated":"2026-05-04T04:53:29.552Z","lan":6}},{"type":"Feature","geometry":{"type":"LineString","coordinates":[[12.005408282,57.795896553],[12.007850932,57.802578151],[12.004170209,57.823809854],[12.006009889,57.839195171],[12.000792864,57.850252463],[11.989964369,57.85759046],[11.975194184,57.863413599],[11.963339849,57.87560531],[11.947533334,57.883162178],[11.93098172,57.894626824],[11.900112028,57.908122369],[11.884058247,57.918011525],[11.870334779,57.934211881],[11.852578119,57.949798715],[11.840540239,57.969021976],[11.841160941,57.980029819]]},"properties":{"segment_id":"6055","code":1,"text":"Normalt","info":["Torrt"],"road":"E 6","updated":"2026-05-05T14:07:14.045Z","lan":14}},{"type":"Feature","geometry":{"type":"LineString","coordinates":[[11.963069333,57.875212362],[11.954794053,57.874124208],[11.928747637,57.864238817],[11.914932861,57.868011025],[11.89608778,57.879226648],[11.889325478,57.886413191],[11.880164406,57.891643987],[11.809838541,57.896537714],[11.796776808,57.894977274],[11.776743806,57.889661194],[11.757195908,57.89176076],[11.745346769,57.891016935],[11.740914108,57.89430082],[11.727778304,57.898232325],[11.705777732,57.893474364],[11.700473949,57.889830961],[11.668141197,57.889399459],[11.643412587,57.894122998],[11.620293003,57.892071011],[11.605228522,57.887857447],[11.597632603,57.888579833],[11.588656461,57.88676568]]},"properties":{"segment_id":"168000","code":1,"text":"Normalt","info":["Torrt"],"road":"Väg 168","updated":"2026-05-05T14:07:14.081Z","lan":14}},{"type":"Feature","geometry":{"type":"LineString","coordinates":[[11.760061261,58.057552759],[11.756014714,58.050196085],[11.745949886,58.04584935],[11.740246892,58.04053502],[11.719978235,58.031079445],[11.685608193,58.018700918],[11.677982552,58.011248061],[11.668971703,58.005250527],[11.664330008,57.995816483],[11.658433961,57.991149247],[11.645874671,57.975411556],[11.637004461,57.968965769],[11.626254792,57.965813282],[11.606610942,57.966233898],[11.595712566,57.964683834],[11.588107218,57.961774071],[11.568670116,57.94978929],[11.580321469,57.94177964],[11.58148629,57.939132245]]},"properties":{"segment_id":"169000","code":1,"text":"Normalt","info":["Torrt"],"road":"Väg 169","updated":"2026-05-05T14:07:14.094Z","lan":14}},{"type":"Feature","geometry":{"type":"LineString","coordinates":[[19.780954648,63.922531188],[19.773017568,63.929070735],[19.77101046,63.933363804],[19.771632737,63.939054005],[19.770285153,63.94218314],[19.758607285,63.948898925],[19.750770892,63.963932092],[19.740020074,63.968951897],[19.731692326,63.97718306],[19.729034679,63.98397859],[19.732465904,63.989487104],[19.730887312,63.993225767],[19.717211395,64.005874955],[19.701258128,64.008731433],[19.694924188,64.012012221],[19.691669666,64.021667739],[19.692288904,64.038266028],[19.6853979,64.044990379],[19.670939385,64.052137948],[19.651879314,64.055501819],[19.641257059,64.061848679],[19.634303852,64.072375808],[19.632676502,64.081231012],[19.61068262,64.092451438],[19.599972452,64.103374331],[19.588937282,64.10714905],[19.581442733,64.11245679],[19.57093461,64.114594893],[19.559797918,64.122938078],[19.538957379,64.130252669],[19.524283992,64.137453265],[19.497320982,64.165801812],[19.448368878,64.200894613],[19.409765381,64.20903522],[19.380623526,64.218661176],[19.360203274,64.226492098],[19.342235512,64.23698881],[19.325752415,64.24359141]]},"properties":{"segment_id":"12010","code":1,"text":"Normalt","info":["Torrt"],"road":"E 12","updated":"2026-05-09T21:46:14.942Z","lan":24}},{"type":"Feature","geometry":{"type":"LineString","coordinates":[[20.039806369,63.9933032],[20.035550555,63.998560646],[20.033709529,64.012099788],[20.022474921,64.026108545],[19.999474031,64.047916229],[19.992708617,64.06262231],[19.99028367,64.072924088],[19.978157074,64.084152392],[19.972236371,64.091847997],[19.971698583,64.09493366],[19.974441347,64.104743129],[19.970214424,64.116068402],[19.94471111,64.137518077],[19.930240654,64.141031548],[19.880088996,64.144296926],[19.840662009,64.157369167],[19.807168874,64.165161616],[19.754519889,64.170155357],[19.711638101,64.181639299],[19.706373546,64.184273516],[19.705970564,64.189790037],[19.710222226,64.198168681],[19.715887517,64.202958391]]},"properties":{"segment_id":"363005","code":1,"text":"Normalt","info":["Torrt"],"road":"Väg 363","updated":"2026-05-09T21:46:14.979Z","lan":24}},{"type":"Feature","geometry":{"type":"LineString","coordinates":[[19.78092212,63.922460317],[19.745874625,63.923021372],[19.7293872,63.913102781],[19.706796501,63.91102535],[19.69296486,63.904038129],[19.684562402,63.902871906],[19.64380164,63.918089371],[19.635001096,63.919837479],[19.582620246,63.925796044],[19.537984628,63.92607948],[19.504064617,63.930996945],[19.467617793,63.931416839],[19.419606146,63.936757465],[19.402494875,63.936586845],[19.364896839,63.932017155],[19.319425783,63.934990956],[19.288765792,63.929583248],[19.2107813,63.933725512],[19.190103997,63.928249226],[19.183170421,63.920252039],[19.178844621,63.917671436],[19.163554082,63.914939353],[19.143073119,63.918781313],[19.123101153,63.919594625],[19.105452943,63.923592988],[19.042148311,63.925150692],[18.940633959,63.935877435],[18.927711852,63.94089294],[18.854334186,63.961449289],[18.834644563,63.970095583],[18.816277918,63.975630799],[18.790845105,63.997155152],[18.785567243,64.000051767],[18.736337775,64.001319459],[18.718628309,64.008235316],[18.681574272,64.017474008],[18.665827078,64.02328187],[18.641537702,64.026804572],[18.614030611,64.035273112],[18.586095343,64.040377379],[18.551610472,64.053533878],[18.488342196,64.062209435],[18.458702016,64.058920096],[18.43010593,64.068554955],[18.396605588,64.069099198]]},"properties":{"segment_id":"92000","code":1,"text":"Normalt","info":["Torrt"],"road":"Väg 92","updated":"2026-05-09T21:46:14.962Z","lan":24}},{"type":"Feature","geometry":{"type":"LineString","coordinates":[[15.531262375,58.432231341],[15.54952136,58.409385913],[15.558551752,58.404694369],[15.631207972,58.409467696]]},"properties":{"segment_id":"404000","code":1,"text":"Normalt","info":["Torrt"],"road":"E 4","updated":"2026-04-16T14:02:54.241Z","lan":5}},{"type":"Feature","geometry":{"type":"LineString","coordinates":[[19.715889041,64.202967334],[19.719474237,64.207167778],[19.709157723,64.217132647],[19.707052411,64.221625022],[19.708317269,64.227959968],[19.706055661,64.231297299],[19.684907919,64.242058744],[19.659694893,64.244017277],[19.644881823,64.24847316],[19.63177917,64.256496929],[19.630116086,64.259894728],[19.633793794,64.267142494],[19.633378991,64.274771909],[19.624541177,64.279071481],[19.62075115,64.283004026],[19.619092074,64.296571343],[19.606962113,64.311206323],[19.54372466,64.322437679],[19.523697984,64.327437281],[19.496331742,64.339070294],[19.477847756,64.344240477],[19.449199054,64.360470236],[19.377761917,64.386303449],[19.367696222,64.413366835],[19.363750565,64.417835416],[19.353873506,64.422938543],[19.349643303,64.428781548],[19.350225802,64.432450078],[19.347352754,64.437155971],[19.339750169,64.443934511],[19.339190856,64.450648356],[19.326498508,64.464516367],[19.327877451,64.469545853],[19.319010995,64.488325251],[19.320167766,64.492345513],[19.325891467,64.500051981],[19.344296337,64.513883658],[19.347114003,64.522403523],[19.347090769,64.528283467]]},"properties":{"segment_id":"363010","code":1,"text":"Normalt","info":["Torrt"],"road":"Väg 363","updated":"2026-05-09T21:46:14.993Z","lan":24}},{"type":"Feature","geometry":{"type":"LineString","coordinates":[[16.936880468,64.829912443],[16.991721105,64.862579935],[16.990478225,64.876590802],[16.98258758,64.885277551],[16.983868573,64.888895914],[16.987946594,64.892046081],[16.988973857,64.896789843],[17.001221856,64.903761983],[17.01849637,64.910853655],[17.032920295,64.923188712],[17.042460775,64.927914554],[17.053354948,64.949999798],[17.06264513,64.955428094],[17.073444222,64.958680495],[17.076939891,64.964152486],[17.09248704,64.970883177],[17.109172781,64.97071109],[17.117356812,64.976923798],[17.115373239,64.982400813],[17.094565309,64.990674504],[17.083956582,64.992788837],[17.076139191,64.999459624],[17.064159787,65.018781592],[17.063292249,65.023766561],[17.059612474,65.029741804],[17.061541907,65.033000603],[17.086438374,65.0485168],[17.089949796,65.053458749],[17.090438987,65.062141236],[17.09858278,65.067808156],[17.103651255,65.080824878],[17.10961471,65.083577568]]},"properties":{"segment_id":"45094","code":1,"text":"Normalt","info":["Våt"],"road":"E 45","updated":"2026-05-11T01:23:42.568Z","lan":24}},{"type":"Feature","geometry":{"type":"LineString","coordinates":[[17.12381945,65.098646031],[17.121071223,65.114394089],[17.10873329,65.12485538],[17.107886669,65.130307087],[17.103108387,65.138892931],[17.075904819,65.14745849],[17.059196082,65.157293507],[17.04183338,65.162117675],[17.030228085,65.168890623],[17.018648018,65.179719502],[17.021363979,65.187330675],[17.020308585,65.189741517],[16.996610485,65.202463383],[16.984584116,65.215700797],[16.971963101,65.22197955],[16.949489839,65.228205717],[16.906676923,65.243367184],[16.858950883,65.249663986],[16.838909119,65.255834082],[16.833848843,65.258839783],[16.82871,65.266298077],[16.810332562,65.277021385],[16.808405025,65.284242785],[16.801720996,65.289663208],[16.771538364,65.301662027],[16.763580703,65.302975985],[16.722982649,65.303571228],[16.69179275,65.313043126],[16.684886585,65.317823335],[16.659784387,65.325891918],[16.632898953,65.327962399],[16.588364597,65.3526156],[16.534539223,65.361051963],[16.520275182,65.367971944],[16.513005483,65.379927037],[16.507873261,65.382356555],[16.48902976,65.383997281],[16.439553819,65.397318802],[16.422075785,65.398202174],[16.402235189,65.395991449],[16.390592313,65.396888726],[16.354749122,65.404895921],[16.332850657,65.414728505],[16.319451663,65.415187],[16.30722158,65.419223733],[16.291358094,65.41913565],[16.278564011,65.424547819],[16.276274082,65.428865574],[16.269977738,65.430156925],[16.253940719,65.431080358],[16.229829085,65.42763495]]},"properties":{"segment_id":"12020","code":1,"text":"Normalt","info":["Våt"],"road":"E 12","updated":"2026-05-11T01:23:42.483Z","lan":24}},{"type":"Feature","geometry":{"type":"LineString","coordinates":[[21.067421022,67.635389641],[21.112759438,67.644520231],[21.139112312,67.645154498],[21.23931247,67.659073513],[21.316827245,67.664972822],[21.361148873,67.670600912],[21.397336158,67.670123654],[21.44045907,67.662461146],[21.492201023,67.662424909],[21.542534918,67.657580776],[21.619994863,67.670639928],[21.640978659,67.678542316]]},"properties":{"segment_id":"45125","code":1,"text":"Normalt","info":["Våt"],"road":"E 45","updated":"2026-05-12T04:40:56.277Z","lan":25}},{"type":"Feature","geometry":{"type":"LineString","coordinates":[[17.12372507,65.098530673],[17.140085275,65.100730489],[17.160637259,65.10074962],[17.19740194,65.103679858],[17.215882503,65.114341595],[17.225593017,65.123695368],[17.24623453,65.129599586],[17.257667923,65.135191148],[17.261039643,65.146496424],[17.259111727,65.151920729],[17.264457458,65.159057746],[17.283843109,65.163090922],[17.301504095,65.170308124],[17.32798161,65.172736604],[17.348029734,65.176544962],[17.374338796,65.177684234],[17.398264735,65.174646487],[17.410637223,65.174717615],[17.462888276,65.184939112],[17.504223585,65.183258753],[17.571456462,65.185183797],[17.589519727,65.190727299],[17.601999417,65.200720174],[17.620988498,65.203774949],[17.637045551,65.209339048],[17.639614749,65.211296182],[17.639944077,65.217386944],[17.646648525,65.222386891],[17.662329451,65.242545683],[17.671116716,65.248549334],[17.67209206,65.253111214],[17.669981315,65.26741603],[17.664687823,65.274647983],[17.667350915,65.281056562],[17.667598218,65.290291344],[17.669294991,65.293278148],[17.663846044,65.301572224],[17.654614543,65.305811511],[17.654496877,65.312529648]]},"properties":{"segment_id":"45095","code":1,"text":"Normalt","info":["Våt"],"road":"E 45","updated":"2026-05-11T01:23:42.506Z","lan":24}},{"type":"Feature","geometry":{"type":"LineString","coordinates":[[17.542790466,65.537147775],[17.561104966,65.539290749],[17.608646074,65.535634761],[17.632818411,65.536330533],[17.655738913,65.542368628],[17.702012258,65.547639277],[17.714320365,65.554521843],[17.724559597,65.556690854],[17.762482576,65.557038064],[17.794863623,65.559857423],[17.831921142,65.558560079],[17.851677988,65.556071082],[17.911482817,65.559201115],[17.93005997,65.557649357],[17.968301652,65.561288611],[18.119090231,65.584399378],[18.146574752,65.584838393]]},"properties":{"segment_id":"45100","code":1,"text":"Normalt","info":["Våt"],"road":"E 45","updated":"2026-05-11T01:23:42.529Z","lan":24}},{"type":"Feature","geometry":{"type":"LineString","coordinates":[[12.157394032,57.743955687],[12.175241697,57.740310965],[12.213060784,57.741958017],[12.242306179,57.750956249],[12.251679983,57.755905117]]},"properties":{"segment_id":"20003","code":1,"text":"Normalt","info":["Torrt"],"road":"E 20","updated":"2026-04-28T12:14:02.558Z","lan":14}},{"type":"Feature","geometry":{"type":"LineString","coordinates":[[18.049779707,64.827234857],[18.009203689,64.831565075],[17.976877072,64.841358826],[17.961691095,64.848119383],[17.937478617,64.85599089],[17.918198756,64.870137586],[17.903244254,64.878539511],[17.893178655,64.887679964],[17.880610498,64.895036122],[17.866702022,64.906933921],[17.855555622,64.91070423],[17.84216787,64.918108441],[17.813550145,64.925251999],[17.780065054,64.943166507],[17.729322267,64.961012525],[17.699829889,64.979130709],[17.674134162,65.007383717],[17.655757828,65.016412287],[17.629135965,65.024443418],[17.618600893,65.02595729],[17.56787787,65.023300036],[17.518201522,65.024190419],[17.482706689,65.030979345],[17.471452437,65.03561903],[17.461995696,65.041817343],[17.429975075,65.052145132],[17.409849603,65.053637908],[17.400666381,65.052708261],[17.392288543,65.049610511],[17.385420476,65.042457227],[17.376530698,65.041189297],[17.30612661,65.04828875],[17.270496823,65.055459185],[17.249141504,65.054336498],[17.182109074,65.063408658],[17.160551519,65.064798734],[17.136638212,65.071318119],[17.134075598,65.073850213],[17.110186438,65.083003984],[17.107959658,65.091706757],[17.123818735,65.098637065]]},"properties":{"segment_id":"12017","code":1,"text":"Normalt","info":["Våt"],"road":"E 12","updated":"2026-05-11T01:23:42.552Z","lan":24}},{"type":"Feature","geometry":{"type":"LineString","coordinates":[[16.561617874,59.8888762],[16.550226421,59.892558223],[16.539062956,59.899676304],[16.523668755,59.928513409],[16.508114143,59.942576678],[16.499256742,59.948596036],[16.470633713,59.960422607],[16.460366761,59.980662505],[16.452879474,59.987696199],[16.402604125,60.007242807],[16.375570032,60.01443314],[16.344966968,60.03077838],[16.342385203,60.035267914],[16.34175577,60.046302286],[16.337436836,60.055389333],[16.33064498,60.06781488],[16.321337404,60.077238793]]},"properties":{"segment_id":"70010","code":1,"text":"Normalt","info":["Torrt"],"road":"Väg 70","updated":"2026-05-26T10:37:33.791Z","lan":19}},{"type":"Feature","geometry":{"type":"LineString","coordinates":[[18.114800829,65.246524385],[18.103558935,65.247484317],[18.093227114,65.251648854],[18.071843235,65.255895069],[18.040553003,65.266122264],[18.012481826,65.264549572],[17.980065447,65.265087395],[17.963282176,65.269307349],[17.955533034,65.274587468],[17.934964212,65.279183714],[17.891706705,65.28077526],[17.872094555,65.284248757],[17.830520901,65.286436937],[17.812126587,65.290373411],[17.786491257,65.290005907],[17.727416614,65.305265379],[17.717231455,65.305377591],[17.692499055,65.309763353],[17.674854647,65.310436759],[17.6539236,65.313446593]]},"properties":{"segment_id":"363020","code":1,"text":"Normalt","info":["Våt"],"road":"Väg 363","updated":"2026-05-11T01:23:42.587Z","lan":24}},{"type":"Feature","geometry":{"type":"LineString","coordinates":[[17.542771468,65.537175027],[17.538256115,65.544181594],[17.522548954,65.556464826],[17.521273057,65.559628264],[17.523729305,65.567308405],[17.523991533,65.577619583],[17.508934913,65.588372962],[17.507470317,65.591862545],[17.497928994,65.597810271],[17.493466093,65.60038831],[17.483753296,65.602333849],[17.492633104,65.615475465],[17.486449008,65.628477526],[17.482663094,65.632974276],[17.455115962,65.643906853],[17.422023877,65.660461418],[17.382925437,65.670153979],[17.37106118,65.67797855],[17.357967245,65.679788586],[17.338071996,65.685391466],[17.318746826,65.687724384],[17.302531303,65.692243091],[17.29431829,65.691002434],[17.292739766,65.689410371],[17.292842891,65.685162831],[17.285895065,65.683669322],[17.232586233,65.685392951],[17.182681263,65.692174614],[17.161727051,65.700515779],[17.137871487,65.712942799],[17.12924869,65.724444982],[17.129808806,65.72886235],[17.126926185,65.733857298],[17.12105239,65.739109176],[17.112607932,65.742044681],[17.099300978,65.749624312],[17.087096074,65.752834361],[17.081101505,65.759719802],[17.071118901,65.763221344],[17.02419612,65.772834603],[17.009135724,65.780877883],[17.00031271,65.783775956],[16.996112421,65.78711586],[16.984272335,65.790626738],[16.977132305,65.795305621],[16.966623191,65.797711842],[16.955976371,65.802362907],[16.935169038,65.807222782],[16.91881758,65.809439105],[16.907070318,65.807387022],[16.886822332,65.808409845],[16.869060968,65.814174324],[16.837038486,65.820171259],[16.761863788,65.815436624],[16.740058457,65.815596273],[16.710285719,65.821980566],[16.699392141,65.821078766],[16.68214898,65.823135836],[16.639929476,65.823163027],[16.623868306,65.828781524],[16.608873941,65.83721393],[16.598953602,65.839327989],[16.588363757,65.844813614],[16.576665278,65.848371481],[16.553952462,65.850649525],[16.53443308,65.854731887],[16.514729877,65.852451064],[16.484667182,65.85396563],[16.473702252,65.858019886],[16.453843018,65.861834868],[16.442082307,65.866307126],[16.414144548,65.871736081],[16.409120182,65.874079554],[16.405560649,65.878760509],[16.402201613,65.880307774],[16.371561395,65.88527787],[16.362440774,65.890348347],[16.340373104,65.895101137],[16.334637685,65.898758398],[16.323128303,65.901164172],[16.315613797,65.904880881],[16.304772556,65.915759247],[16.304999837,65.921518141],[16.295857722,65.931887811],[16.295030108,65.935080276],[16.287382268,65.93860818],[16.271656102,65.939779978],[16.259465461,65.945811578],[16.238331319,65.948953343],[16.214742985,65.954713746],[16.210174348,65.957648041],[16.183334438,65.957165974],[16.144682345,65.960123443],[16.117506198,65.965060917]]},"properties":{"segment_id":"363025","code":1,"text":"Normalt","info":["Våt"],"road":"Väg 363","updated":"2026-05-11T01:23:42.627Z","lan":24}},{"type":"Feature","geometry":{"type":"LineString","coordinates":[[17.65375122,65.31344065],[17.632179772,65.325131978],[17.608571043,65.329250442],[17.5943455,65.33467642],[17.587697937,65.340940811],[17.579213278,65.344506876],[17.574025386,65.349488655],[17.577592175,65.356924634],[17.572045259,65.362002216],[17.572170342,65.366139061],[17.576100345,65.371773244],[17.578360285,65.383181963],[17.572460971,65.393068844],[17.575089981,65.39901254],[17.573788737,65.406172403],[17.566886905,65.417557414],[17.569251025,65.422545043],[17.573763098,65.426337913],[17.572467567,65.435769107],[17.579673821,65.448269755],[17.571668811,65.454223868],[17.572483796,65.45768457],[17.569729382,65.462175544],[17.571195827,65.46830966],[17.564010086,65.47564992],[17.565885547,65.481112766],[17.553670991,65.489686734],[17.557041335,65.497180443],[17.556157882,65.499421905],[17.54635111,65.503968257],[17.540136469,65.510563604],[17.538973259,65.531304211],[17.542790466,65.537147775]]},"properties":{"segment_id":"45097","code":1,"text":"Normalt","info":["Våt"],"road":"E 45","updated":"2026-05-11T01:23:42.650Z","lan":24}},{"type":"Feature","geometry":{"type":"LineString","coordinates":[[15.109413838,65.783391944],[15.095498919,65.801676927],[15.088608538,65.807037258],[15.086654709,65.817786626],[15.078490801,65.823721399],[15.056454848,65.833357852],[15.046090221,65.839686436],[15.043951242,65.843661566],[15.035025136,65.850033831],[15.029491111,65.856826628],[15.012671111,65.871076096],[14.988836186,65.883376475],[14.98400388,65.89474323],[14.988824815,65.909502129],[14.994839291,65.91567498],[15.027273061,65.934593938],[15.032559403,65.94398625],[15.038746264,65.950031717],[15.032950647,65.957587202],[15.036102034,65.961767283],[15.042115585,65.966350264],[15.061915595,65.973969463],[15.06893373,65.989101613],[15.092065787,66.003354383],[15.094781665,66.010763277],[15.09058714,66.015143937],[15.089937933,66.018598379],[15.081410779,66.027332466],[15.067228334,66.035673889],[15.060546913,66.037318453],[15.043667179,66.0374049],[14.993004066,66.041932587],[14.966403335,66.04750939],[14.927141845,66.052358421],[14.899090945,66.049696017],[14.887228417,66.051446225],[14.872977437,66.058083069],[14.87341324,66.072590404],[14.866339827,66.081529054],[14.859197484,66.086044352],[14.857293942,66.09039379],[14.851590585,66.093950106],[14.849124583,66.099581824],[14.84249439,66.102248716],[14.831710047,66.10058659],[14.823248788,66.102218929],[14.820534454,66.10441382],[14.820068357,66.107750678],[14.801392221,66.119256188],[14.7697536,66.124756699],[14.73612879,66.124003198],[14.697797504,66.120766083],[14.665940505,66.124172528],[14.646279148,66.128955505],[14.611437504,66.125094852],[14.603214092,66.127074636],[14.591231989,66.135476732]]},"properties":{"segment_id":"12025","code":1,"text":"Normalt","info":["Torrt"],"road":"E 12","updated":"2026-05-11T04:12:38.419Z","lan":24}},{"type":"Feature","geometry":{"type":"LineString","coordinates":[[16.229613624,65.427636701],[16.204166784,65.427356788],[16.190102549,65.429487114],[16.149310466,65.428788447],[16.135061585,65.431749555],[16.105285465,65.443886589],[16.096455451,65.45346253],[16.073082961,65.46751161],[16.058976161,65.472043654],[16.021460476,65.473898439],[16.007287224,65.476460933],[15.980581219,65.478323038],[15.956185692,65.485594542],[15.895555809,65.480006849],[15.851063924,65.479868418],[15.795254306,65.490301804],[15.786934539,65.493099854],[15.774113415,65.500837543],[15.752720208,65.504704795],[15.711260707,65.502302816],[15.693428584,65.49901169],[15.654005701,65.506598176],[15.642376494,65.517181642],[15.616209059,65.530919402],[15.587383498,65.539351151],[15.571862779,65.549136517],[15.549352939,65.553642997],[15.540743038,65.55825878],[15.539188828,65.561655865],[15.539611065,65.566355892],[15.530550651,65.574678256],[15.53060585,65.582708318],[15.524151938,65.593811538],[15.526355346,65.597662029],[15.532706825,65.601686438],[15.531875881,65.611980596],[15.535125982,65.616984725],[15.53558889,65.621541029],[15.540476315,65.62582149],[15.540912922,65.628018154],[15.515008594,65.64141386],[15.508598775,65.646971279],[15.510130979,65.650842168],[15.50903337,65.653618262],[15.500817077,65.659306968],[15.494687392,65.660556183],[15.467621225,65.659690581],[15.4510529,65.66097868],[15.419018147,65.668795146],[15.414441701,65.670978916],[15.414584982,65.675859371],[15.411599555,65.67830788],[15.38987937,65.683820006],[15.387350273,65.687890815],[15.391719831,65.69327189],[15.390367296,65.695984931],[15.367225881,65.705534841],[15.359995562,65.711904286],[15.345981928,65.71648552],[15.298300704,65.714477707],[15.272978203,65.710083944],[15.255015521,65.71118268],[15.235050147,65.710245754],[15.203944148,65.716364513],[15.176943466,65.725738002],[15.16608855,65.732694478],[15.157705599,65.734659246],[15.090728469,65.738338365],[15.088622955,65.741264445],[15.091174146,65.74721132],[15.109768303,65.753730642],[15.115508066,65.758696844],[15.115895347,65.762312225],[15.111802625,65.769968292],[15.112983315,65.780294055],[15.109479115,65.783329094]]},"properties":{"segment_id":"12022","code":1,"text":"Normalt","info":["Torrt"],"road":"E 12","updated":"2026-05-11T04:12:38.442Z","lan":24}},{"type":"Feature","geometry":{"type":"LineString","coordinates":[[21.104515023,67.407169207],[21.115784895,67.415747071],[21.132428454,67.418598696],[21.137559511,67.42168131],[21.136924014,67.424029226],[21.119138011,67.435955624],[21.116440328,67.439318434],[21.116782095,67.442646754],[21.121276811,67.447978718],[21.125167234,67.461412283],[21.12452158,67.468272633],[21.128646435,67.474690417],[21.120595229,67.488073543],[21.123073135,67.493203106],[21.140758335,67.508643198],[21.144105339,67.518449999],[21.148578479,67.524521219],[21.152011251,67.535900932],[21.143631993,67.54587498],[21.148094311,67.557945194],[21.148066775,67.561638955],[21.139080643,67.575481286],[21.129818395,67.584037487],[21.122613376,67.595811428],[21.119729307,67.603882074],[21.113273044,67.608575097],[21.096510676,67.616628111],[21.083349457,67.628686532],[21.069196324,67.634206461],[21.056650125,67.642132427],[21.023773148,67.648490366],[21.00796784,67.657730527],[20.986630811,67.665471067],[20.965724121,67.667411689],[20.942459856,67.671740934],[20.911897947,67.673172183],[20.838832784,67.689645409],[20.775272554,67.699668709],[20.751422864,67.706401928],[20.708133855,67.725957959],[20.681608401,67.732602424],[20.664271358,67.741568874],[20.645835336,67.747609939],[20.636131125,67.753652653],[20.617069969,67.772186292],[20.614446208,67.778676051],[20.597732766,67.789988287],[20.591150797,67.801437384],[20.590593017,67.810132693],[20.587424205,67.813103289],[20.544514365,67.823296537],[20.518308068,67.83353485],[20.490893141,67.838337478],[20.422369764,67.841796132],[20.385498795,67.846128929],[20.340737623,67.845636455],[20.322610598,67.847046617],[20.316161903,67.848453147],[20.312435108,67.851552401],[20.305255126,67.854151841],[20.279183433,67.858837514]]},"properties":{"segment_id":"10015","code":1,"text":"Normalt","info":["Våt"],"road":"E 10","updated":"2026-05-12T04:40:56.217Z","lan":25}},{"type":"Feature","geometry":{"type":"LineString","coordinates":[[20.278283144,67.858758617],[20.261961458,67.862829384],[20.244764346,67.863993587],[20.231689273,67.867795009],[20.215969538,67.868971761],[20.189928698,67.876717908],[20.169269285,67.877929609],[20.142945604,67.883319729],[20.134187363,67.887975436],[20.128224556,67.89546652],[20.092662622,67.916805959],[20.079796931,67.926496893],[20.063789573,67.934556602],[20.051033519,67.944079423],[19.968711562,67.966928003],[19.953605971,67.974687163],[19.941707916,67.984380741],[19.933949926,67.988013374],[19.90323049,67.994517512],[19.874477848,67.995867279],[19.860616162,68.000648148],[19.849362152,68.006564818],[19.841504106,68.013369821],[19.838175832,68.01867435],[19.837426558,68.029649118],[19.83055228,68.041550027],[19.830283579,68.050936898],[19.82488063,68.062560383],[19.826178422,68.068412318],[19.833030229,68.075504333],[19.834016447,68.084557686],[19.840749841,68.095285954],[19.841723159,68.09968166],[19.840572966,68.104058733],[19.831115697,68.113624898],[19.813223377,68.125315721],[19.811263668,68.128277269],[19.810042127,68.135686363],[19.80692626,68.139238984],[19.783032083,68.147764166],[19.776463211,68.15284562],[19.777691858,68.158744696],[19.781747645,68.164067524],[19.803800474,68.170990812],[19.806984583,68.173155335],[19.807790193,68.176764721],[19.805009173,68.179866819],[19.794959411,68.183584216],[19.783730892,68.190122455],[19.762135373,68.198360898],[19.750697314,68.209677005],[19.740391034,68.21517821],[19.664879514,68.229799853],[19.573126661,68.232984635],[19.530754804,68.23878602],[19.521133591,68.241826208],[19.517255756,68.24757713],[19.511961211,68.251811284],[19.500404056,68.255891502],[19.446724382,68.263189594],[19.42169356,68.263156844],[19.398958398,68.268362614],[19.369593886,68.271177945],[19.311520513,68.284612659],[19.299158096,68.289192895],[19.29277343,68.294085222],[19.28757782,68.295890913],[19.256953245,68.301045391],[19.211869448,68.304655461],[19.193018706,68.311098692],[19.171141139,68.321767113],[19.154821795,68.324502641],[19.145394792,68.331863598],[19.118137137,68.339647677],[19.052623056,68.346250131],[19.024344188,68.350592407],[18.984032363,68.349656122],[18.928611595,68.345167792],[18.882336899,68.348525198],[18.850917324,68.347295643],[18.780579614,68.358023832],[18.773371755,68.36048678],[18.769289663,68.3666876],[18.758766797,68.371209957],[18.737361272,68.38435667],[18.720790141,68.387745085],[18.69601143,68.398221218],[18.693826563,68.40082059],[18.695731582,68.404281628],[18.694076303,68.406842325]]},"properties":{"segment_id":"10020","code":1,"text":"Normalt","info":["Våt"],"road":"E 10","updated":"2026-05-12T04:40:56.254Z","lan":25}},{"type":"Feature","geometry":{"type":"LineString","coordinates":[[21.641444126,67.678595359],[21.692208503,67.672966198],[21.710321672,67.668837422],[21.725516972,67.66480046],[21.729131846,67.661459474],[21.739016507,67.657434091],[21.766399491,67.652578976],[21.777868786,67.648989495],[21.78227684,67.643919026],[21.809827935,67.638661029],[21.831996953,67.630073093],[21.834316668,67.622753842],[21.842422229,67.619309985],[21.850528511,67.609221112],[21.869218747,67.598006083],[21.874676569,67.586837794],[21.89448851,67.572532634],[21.896591465,67.569070799],[21.910647257,67.558642101],[21.913039158,67.55513149],[21.925080609,67.547852912],[21.925945834,67.544614892],[21.916533386,67.53358575],[21.916852751,67.530010555],[21.923856945,67.5200623],[21.918975014,67.514816916],[21.920427166,67.511734051],[21.958563063,67.49664763],[22.005395308,67.480739416],[22.038674463,67.45889779]]},"properties":{"segment_id":"395000","code":1,"text":"Normalt","info":["Våt"],"road":"Väg 395","updated":"2026-05-12T04:40:56.294Z","lan":25}},{"type":"Feature","geometry":{"type":"LineString","coordinates":[[21.641248352,67.678657453],[21.630825544,67.68346408],[21.63094499,67.687992592],[21.62798206,67.695711346],[21.636774348,67.714179752],[21.647905063,67.721349422],[21.649519332,67.724437885],[21.647492878,67.727504105],[21.639617648,67.731981051],[21.634223307,67.738510316],[21.633427364,67.742823866],[21.651545333,67.762876522],[21.653385006,67.771751234],[21.648227484,67.784390921],[21.635514149,67.792940008],[21.629836586,67.802544495],[21.618668079,67.807441839],[21.609330331,67.817292985],[21.595379396,67.823941368],[21.591563465,67.827817745],[21.591672947,67.835446696],[21.588791636,67.841619322],[21.587873193,67.849920605],[21.59735345,67.890129192],[21.595248865,67.900226826],[21.598324615,67.915658057],[21.598428994,67.924936588],[21.596727496,67.931494084],[21.598088738,67.946525924],[21.605415782,67.956144259],[21.607981285,67.962601897],[21.615758881,67.969065532],[21.642177418,67.984391497],[21.646871119,67.994268855],[21.646345256,68.001536638],[21.657713326,68.011188528],[21.718194026,68.042111682],[21.730708604,68.044880635],[21.752207477,68.043610929],[21.763713835,68.048257949],[21.764057839,68.050001641],[21.756088903,68.064788732],[21.724696538,68.082165725],[21.705558563,68.086606386],[21.699802373,68.091771362],[21.698621466,68.098642842],[21.758526672,68.12431991],[21.76002364,68.126854711],[21.759760659,68.131453928],[21.762079286,68.134640147],[21.778639542,68.14271341],[21.78192062,68.151422114],[21.794832658,68.163692115],[21.799761306,68.172206748],[21.811982703,68.178752813],[21.828857775,68.194599232],[21.901036447,68.211967781],[21.936789219,68.223789247],[21.969018525,68.246204111],[21.975122923,68.252006747],[21.989242047,68.259662405],[22.015248622,68.269537512],[22.028110531,68.273122572],[22.080227884,68.282438098],[22.100952804,68.290002245],[22.118721967,68.301461504],[22.13026615,68.313926898],[22.158549747,68.322486427],[22.172454504,68.335515769],[22.179494241,68.339396946],[22.183623549,68.345027592],[22.189080526,68.349139382],[22.192342778,68.357179962],[22.204642458,68.365036404],[22.216093262,68.369284572],[22.23949144,68.372795578],[22.291627168,68.386359111],[22.350617947,68.408286088],[22.389791668,68.412253657],[22.42393258,68.422402162],[22.435767176,68.43286564],[22.441638624,68.435716795],[22.453847561,68.438437692],[22.473056894,68.439616448],[22.478234298,68.441243212],[22.477221648,68.442850015]]},"properties":{"segment_id":"45130","code":1,"text":"Normalt","info":["Våt"],"road":"E 45","updated":"2026-05-12T04:40:56.342Z","lan":25}},{"type":"Feature","geometry":{"type":"LineString","coordinates":[[23.261413372,67.770868879],[23.233803453,67.774512729],[23.227534908,67.776764293],[23.224877067,67.782953241],[23.221727832,67.785932002],[23.197672746,67.803855101],[23.186764578,67.80979017],[23.159283239,67.817424111],[23.155717358,67.820205116],[23.155732116,67.822698082],[23.165260637,67.830821636],[23.185181994,67.835756996],[23.200577026,67.850812764],[23.20140266,67.856192742],[23.221393685,67.866705847],[23.232083362,67.88707636],[23.229696071,67.89088378],[23.230354809,67.892937949],[23.247260275,67.900993879],[23.255872399,67.907236388],[23.255031619,67.917183382],[23.256899937,67.918715501],[23.266362606,67.921534955],[23.313121779,67.918237711],[23.352457522,67.929641874],[23.39242845,67.932165243],[23.413509935,67.937443758],[23.412849712,67.940117336],[23.423082016,67.944697202],[23.427246849,67.950303953],[23.425130793,67.9532697],[23.427173132,67.962873121],[23.414644795,67.967586615],[23.410440194,67.972820008],[23.409461188,67.977525749],[23.413056133,67.984201864],[23.411267416,67.989328937],[23.41378335,67.996738596],[23.401689871,68.003226701],[23.4010379,68.008240911],[23.397567006,68.014981634],[23.390491493,68.020777025],[23.386782971,68.027276392],[23.379422079,68.031313979],[23.372621354,68.039344861],[23.369844754,68.044910089],[23.369776488,68.055850739],[23.358656446,68.062338408],[23.357496951,68.06671804],[23.344624729,68.075589438],[23.348664262,68.085218019],[23.330197317,68.103961794],[23.328201496,68.113182691],[23.320034573,68.118567433],[23.314636495,68.119780575],[23.249372396,68.118658719],[23.228209605,68.123939554],[23.197544057,68.128561706],[23.161418339,68.131225888],[23.118990191,68.148097716],[23.095295944,68.151857712],[23.074057515,68.159152419],[23.065176652,68.16491773],[23.016767552,68.181363838],[22.935640506,68.219656266],[22.896089052,68.226149821],[22.885523084,68.229282838],[22.880384164,68.235308085],[22.876670809,68.260356897],[22.823340669,68.283044424],[22.822317095,68.291960557],[22.819035249,68.299141135],[22.797034694,68.310021123],[22.791753418,68.32135825],[22.791625477,68.326809259],[22.796719641,68.340259098],[22.795129331,68.341887],[22.764870719,68.350800768],[22.729117135,68.353291718],[22.721608317,68.357442399],[22.719918246,68.363597366],[22.706895134,68.373980386],[22.666216324,68.380106161],[22.619702435,68.389314317],[22.603583514,68.399115628],[22.563257522,68.41511725],[22.544836845,68.418968351],[22.531934207,68.425555102],[22.496574439,68.438469211],[22.478258476,68.441242126]]},"properties":{"segment_id":"99030","code":1,"text":"Normalt","info":["Våt"],"road":"Väg 99","updated":"2026-05-12T04:40:56.372Z","lan":25}},{"type":"Feature","geometry":{"type":"LineString","coordinates":[[17.531549856,58.982259825],[17.536956942,58.998506268],[17.542329096,59.008778321],[17.554107636,59.022221421],[17.567692884,59.049706981],[17.592009028,59.072925026],[17.597802095,59.086304379],[17.608888289,59.102856641],[17.610921326,59.112591312],[17.615456825,59.1161658],[17.628308234,59.120838834],[17.645329553,59.133979417],[17.650171955,59.145282598],[17.644827778,59.155571567],[17.648848737,59.161419683],[17.649831078,59.16574837],[17.642348484,59.178533663],[17.642084419,59.182141992],[17.644882581,59.187538907],[17.655497862,59.191428494],[17.659601733,59.194884633]]},"properties":{"segment_id":"4080","code":1,"text":"Normalt","info":["Torrt"],"road":"E 4","updated":"2026-05-26T10:36:41.890Z","lan":1}},{"type":"Feature","geometry":{"type":"LineString","coordinates":[[16.316012508,59.459039213],[16.314157621,59.466251778],[16.304981538,59.477704842],[16.3055637,59.4882159],[16.303836302,59.501579029],[16.307359283,59.506797788],[16.321813985,59.51769026],[16.324702151,59.525537456],[16.320646589,59.531227549],[16.321219984,59.535487765],[16.336489498,59.551786039],[16.339512781,59.55708091],[16.345910393,59.561317227],[16.351757429,59.572528237],[16.353120805,59.580471379]]},"properties":{"segment_id":"56020","code":1,"text":"Normalt","info":["Torrt"],"road":"Väg 56","updated":"2026-05-26T10:37:33.894Z","lan":19}},{"type":"Feature","geometry":{"type":"LineString","coordinates":[[18.799353457,64.825558973],[18.825161527,64.82885885],[18.836864718,64.833687742],[18.839183283,64.837069395],[18.839488189,64.841868956],[18.835920433,64.853418118],[18.845204503,64.860591458],[18.844835763,64.865102937],[18.850352226,64.876911389],[18.860829469,64.882444584],[18.862659107,64.888696248],[18.870019582,64.896915807],[18.886396124,64.899705826],[18.90227822,64.910127432],[18.924897416,64.912821483],[18.93487764,64.916637751],[18.94650207,64.918369866],[18.963208312,64.926247544],[19.006089037,64.931282628],[19.013776754,64.933529002],[19.0208292,64.937886151],[19.043086271,64.94354752],[19.066753306,64.944889268],[19.092552657,64.939499938],[19.125939128,64.945049704],[19.154753194,64.946864046],[19.206744109,64.942869614],[19.266533262,64.948790795],[19.310918412,64.943826837],[19.362525454,64.944768689],[19.380874458,64.948841608],[19.39929818,64.949979487],[19.403692692,64.953229785],[19.426824662,64.961003562],[19.439200243,64.96960741],[19.439229712,64.982947942],[19.432090759,64.990855946],[19.429458062,64.996112485],[19.4203814,65.003007504],[19.419450822,65.008680805],[19.409349794,65.018293316],[19.407638288,65.033410956],[19.41096281,65.038203262],[19.410663778,65.051822823],[19.422459631,65.059529011],[19.440701767,65.081571015],[19.448953434,65.085416166],[19.468785084,65.089904155],[19.484295623,65.098439172],[19.489011789,65.1022445],[19.495386336,65.111933638],[19.512887175,65.120118673],[19.519293488,65.125778285],[19.519918392,65.129949096],[19.515488244,65.13980176],[19.512851592,65.156819683],[19.515740181,65.161353843],[19.532381217,65.176153677],[19.535855683,65.184823626],[19.532735278,65.193090653],[19.513291046,65.210849285],[19.509393991,65.216756419],[19.50920881,65.225464892],[19.515646449,65.237426721],[19.523269845,65.24313113],[19.555743169,65.257209378],[19.587144263,65.264795519],[19.600537453,65.2751307]]},"properties":{"segment_id":"365010","code":1,"text":"Normalt","info":["fläckvis Våt","Torrt"],"road":"Väg 365","updated":"2026-05-20T05:08:56.118Z","lan":24}},{"type":"Feature","geometry":{"type":"LineString","coordinates":[[20.393349541,64.878232699],[20.348781208,64.874590419],[20.266547673,64.888246522],[20.222979368,64.884162145],[20.19863218,64.885358386],[20.155478955,64.896002953],[20.120010096,64.906783305],[20.094994365,64.917394421],[19.950072794,64.935026226],[19.912510153,64.948494385],[19.888720897,64.960061421],[19.862650192,64.965151252],[19.792000378,64.96736066],[19.697153483,64.976389079],[19.662303866,64.976350815],[19.615746118,64.980183309],[19.574495116,64.980223643],[19.543010016,64.983119956],[19.49365587,64.983348634],[19.459670234,64.987228414],[19.416509171,64.988207855],[19.383967486,64.986354663],[19.342495477,64.990400261],[19.289543465,64.992598388],[19.211187488,65.003577691],[19.192901336,65.00875776],[19.16748012,65.004221032],[19.14447283,65.006282137],[19.139254816,65.009078439],[19.137481646,65.014088926],[19.134327448,65.017187281],[19.121224087,65.020974065],[19.116893287,65.025695299],[19.102134899,65.032312048],[19.086541404,65.041852988],[19.063779267,65.050230156],[19.047613751,65.058263224],[19.038911086,65.063198985],[19.028850536,65.071846478],[18.995379472,65.082252878],[18.963048392,65.085890093],[18.943766916,65.092079227],[18.902355147,65.099752159],[18.89225648,65.106197624],[18.886532031,65.114002494],[18.874005606,65.123025597],[18.870848113,65.131077755],[18.866335653,65.134384303],[18.82311449,65.145800199],[18.789133979,65.157104329],[18.781743736,65.161603905],[18.780297575,65.164497694],[18.770445746,65.166740501],[18.75056432,65.17604451],[18.736338189,65.186274066],[18.720701476,65.193545077],[18.690985347,65.202401063],[18.677402824,65.212132283],[18.643874616,65.222473094],[18.628916096,65.224874675],[18.59987613,65.236803484],[18.59456458,65.237128287],[18.570063778,65.23163032],[18.474968001,65.228685393],[18.436242517,65.231749966],[18.407842186,65.228740745],[18.387023402,65.23054094],[18.363442311,65.227818946],[18.326709115,65.235894479],[18.31267943,65.244090797],[18.297772605,65.247732969],[18.270509055,65.248705754],[18.244152066,65.255851475],[18.217047363,65.255742142],[18.181844119,65.259742359],[18.141550914,65.258344014],[18.134215234,65.256673868],[18.126382954,65.250981156],[18.115034614,65.246690183]]},"properties":{"segment_id":"370000","code":1,"text":"Normalt","info":["fläckvis Våt","Torrt"],"road":"Väg 370","updated":"2026-05-20T05:08:56.149Z","lan":24}},{"type":"Feature","geometry":{"type":"LineString","coordinates":[[18.008827124,59.381942272],[18.019117043,59.372682319],[18.021613507,59.365516434],[18.039780586,59.351938141],[18.026032381,59.344179581],[18.0103897,59.344550969],[18.00962096,59.343220812],[18.011326161,59.339631886],[18.009937949,59.330111713],[18.007811939,59.327150476],[17.996876797,59.321588564],[17.997314702,59.319574586],[18.008639263,59.309069221],[18.020012583,59.303746661],[18.020895169,59.30240521],[18.019625745,59.300772216],[18.007024667,59.297954711],[17.996947815,59.291456511],[17.989440072,59.289373667],[17.955317063,59.288823077],[17.923978075,59.281605422],[17.915740467,59.276452681],[17.910550094,59.269128638],[17.893283826,59.262585755],[17.884191008,59.255715913],[17.876844573,59.254117412],[17.862053851,59.254120236],[17.842045386,59.246669641],[17.83376681,59.239922437],[17.815225546,59.236901707],[17.802683391,59.231089507],[17.791028182,59.22792578],[17.786046813,59.224887739],[17.780647304,59.217347804],[17.774284936,59.214105261],[17.724016112,59.210909531],[17.700624478,59.206482834],[17.685932704,59.206131395],[17.665452349,59.200515142],[17.661802383,59.198406608],[17.659545787,59.194840854]]},"properties":{"segment_id":"4085","code":1,"text":"Normalt","info":["Torrt"],"road":"E 4","updated":"2026-05-26T10:36:41.911Z","lan":1}},{"type":"Feature","geometry":{"type":"LineString","coordinates":[[16.347508254,59.910655712],[16.354750563,59.910213282],[16.360311961,59.913272296],[16.373773954,59.915755063],[16.391912141,59.913247804],[16.396968143,59.909718793],[16.404980122,59.908466153],[16.414717596,59.909538491],[16.43263002,59.915218475],[16.448010507,59.91560726],[16.458251362,59.918287424],[16.466728754,59.91623557],[16.485640806,59.915179619],[16.511627827,59.917129455],[16.529717056,59.908703226],[16.536248495,59.908411727]]},"properties":{"segment_id":"256000","code":1,"text":"Normalt","info":["Torrt"],"road":"Väg 256","updated":"2026-05-26T10:37:33.962Z","lan":19}},{"type":"Feature","geometry":{"type":"LineString","coordinates":[[18.008827124,59.381942272],[18.000825568,59.388255172],[17.98219937,59.396401448],[17.971510284,59.402908624],[17.928370079,59.419860948],[17.920147775,59.428590618],[17.924176349,59.435419393],[17.924442399,59.438908866],[17.918753728,59.451094956],[17.911900573,59.458822871],[17.91092231,59.463660972],[17.912797285,59.469648511],[17.919875053,59.479635246],[17.919272512,59.489020717],[17.924965819,59.500296151],[17.924056382,59.512860426],[17.926704206,59.523008827],[17.923146838,59.529513115],[17.905523085,59.541362458],[17.899669588,59.550253214],[17.897502512,59.566636805],[17.900956724,59.580838165],[17.896272927,59.595174808],[17.8996975,59.60550413],[17.899339015,59.613068803]]},"properties":{"segment_id":"4090","code":1,"text":"Normalt","info":["Torrt"],"road":"E 4","updated":"2026-05-26T10:36:41.928Z","lan":1}},{"type":"Feature","geometry":{"type":"LineString","coordinates":[[18.684627693,59.743102001],[18.695349902,59.740697135],[18.713258306,59.740802861],[18.734633773,59.737508546],[18.770038623,59.735821878],[18.811120644,59.728980653],[18.867513336,59.725999723],[18.924062154,59.719411633],[18.95057533,59.720710363],[18.984574157,59.719825653],[19.046037375,59.724983435],[19.053584099,59.723941236],[19.064480737,59.718533183]]},"properties":{"segment_id":"18000","code":1,"text":"Normalt","info":["Torrt"],"road":"E 18","updated":"2026-05-26T10:36:41.941Z","lan":1}},{"type":"Feature","geometry":{"type":"LineString","coordinates":[[18.084489321,59.294856933],[18.098251959,59.264029716],[18.100255396,59.257107256],[18.099332228,59.248879588],[18.1058148,59.244348439],[18.116900131,59.242411654],[18.120785103,59.240008887],[18.125894129,59.227421598],[18.134598429,59.218908222],[18.134610834,59.21598723],[18.130272859,59.20919897],[18.132091542,59.19997967],[18.151014125,59.184406202],[18.158416422,59.173918434],[18.158931627,59.165655931],[18.155019982,59.153789502],[18.160640363,59.143596394],[18.160005976,59.138615112],[18.134187945,59.123837859],[18.129289119,59.118429229],[18.124342085,59.10748572]]},"properties":{"segment_id":"73000","code":1,"text":"Normalt","info":["Torrt"],"road":"Väg 73","updated":"2026-05-26T10:36:47.044Z","lan":1}},{"type":"Feature","geometry":{"type":"LineString","coordinates":[[18.164525719,59.497239044],[18.174624654,59.508595795],[18.179201113,59.517579026],[18.191489474,59.530454031],[18.22695328,59.549597119],[18.230748717,59.556135693],[18.232731322,59.566834956],[18.237262698,59.573256338],[18.249700457,59.583372796],[18.267749759,59.593698697],[18.282670952,59.610553422],[18.320321719,59.631200161],[18.343440726,59.639895882],[18.352970284,59.648936183],[18.374832039,59.663815202],[18.393974581,59.670771468],[18.413549239,59.681542502],[18.428386253,59.687239943],[18.470593741,59.693472507],[18.478112865,59.69619432],[18.488227985,59.702657547],[18.499905312,59.706498854],[18.538499152,59.711161744],[18.551494994,59.719295317],[18.557860148,59.726609989],[18.563852698,59.730734722],[18.596258348,59.74090622],[18.622796283,59.743753734],[18.662425041,59.742006647],[18.676544632,59.744254532],[18.684251921,59.743247382]]},"properties":{"segment_id":"18003","code":1,"text":"Normalt","info":["Torrt"],"road":"E 18","updated":"2026-05-26T10:36:41.956Z","lan":1}},{"type":"Feature","geometry":{"type":"LineString","coordinates":[[18.164485411,59.497186101],[18.163484463,59.493480902],[18.165156704,59.486996998],[18.16379343,59.478474769],[18.15812892,59.471161977],[18.135873607,59.455891026],[18.127941408,59.447993477],[18.116964695,59.4455062],[18.099165263,59.444222626],[18.072678698,59.436248968],[18.067148177,59.433036176],[18.062644437,59.426537061],[18.039676419,59.417629682],[18.034062495,59.409672831],[18.036771735,59.404496658],[18.037760596,59.397042064],[18.043956673,59.391865308],[18.043520952,59.386223153],[18.040742132,59.380375068],[18.013822203,59.378690747]]},"properties":{"segment_id":"18005","code":1,"text":"Normalt","info":["Torrt"],"road":"E 18","updated":"2026-05-26T10:36:46.998Z","lan":1}},{"type":"Feature","geometry":{"type":"LineString","coordinates":[[17.972093256,59.401718186],[17.954240206,59.398062188],[17.946845654,59.390223113],[17.941990856,59.388886019],[17.909675838,59.397832991],[17.88155366,59.400524034],[17.863275313,59.406308879],[17.855147532,59.412552211],[17.850574085,59.426292098],[17.844618134,59.435587164],[17.839732004,59.447787861],[17.814385791,59.47019783],[17.7810394,59.48124498],[17.760176663,59.485317377],[17.73846512,59.500994724],[17.725552923,59.507428261],[17.689504123,59.511328596],[17.658630887,59.522903392],[17.637035712,59.528291174],[17.564842865,59.564379287]]},"properties":{"segment_id":"18010","code":1,"text":"Normalt","info":["Torrt"],"road":"E 18","updated":"2026-05-26T10:36:47.009Z","lan":1}},{"type":"Feature","geometry":{"type":"LineString","coordinates":[[17.261872426,59.223419545],[17.292547262,59.219567323],[17.366294447,59.201670548],[17.390702091,59.200792639],[17.423681237,59.19681273],[17.479663574,59.187041716],[17.517832619,59.186568187],[17.535056292,59.184849635],[17.563158107,59.187209273],[17.628127918,59.176171619],[17.644598554,59.17797573],[17.642219357,59.181168875]]},"properties":{"segment_id":"20045","code":1,"text":"Normalt","info":["Torrt"],"road":"E 20","updated":"2026-05-26T10:36:47.021Z","lan":1}},{"type":"Feature","geometry":{"type":"LineString","coordinates":[[17.332116147,59.033991021],[17.340938536,59.033778012],[17.39143527,59.039836548],[17.433887185,59.052684389],[17.459608839,59.054849201],[17.472736299,59.058893999],[17.492667939,59.060255219],[17.518683273,59.064388375],[17.534790647,59.070363683],[17.543054425,59.078755288],[17.551304862,59.082681259],[17.57157351,59.088543271],[17.601086001,59.086328398]]},"properties":{"segment_id":"57005","code":1,"text":"Normalt","info":["Torrt"],"road":"Väg 57","updated":"2026-05-26T10:36:47.033Z","lan":1}},{"type":"Feature","geometry":{"type":"LineString","coordinates":[[18.124242665,59.107353313],[18.11666226,59.100265402],[18.08538752,59.087569274],[18.076530837,59.07837074],[18.060155396,59.066410805],[18.010262027,59.057829116],[17.973224794,59.042508972],[17.960741736,59.035246445],[17.952208878,59.027641183],[17.938680477,59.001682267],[17.913488935,58.978124017],[17.900563213,58.952947852],[17.902555361,58.94892231],[17.915228378,58.942481716],[17.927554883,58.931186107],[17.939637674,58.924064368],[17.955612822,58.918020688],[17.957604942,58.91145102],[17.95446168,58.908413647],[17.955009231,58.904860503],[17.950676167,58.901913159]]},"properties":{"segment_id":"73005","code":1,"text":"Normalt","info":["Torrt"],"road":"Väg 73","updated":"2026-05-26T10:36:47.055Z","lan":1}},{"type":"Feature","geometry":{"type":"LineString","coordinates":[[18.275653642,57.030694833],[18.284653526,57.037398739],[18.29095142,57.047076732],[18.300341428,57.070354961],[18.301130109,57.074586195],[18.298757446,57.082065053],[18.303291806,57.090350676],[18.315157088,57.103206763],[18.325714914,57.109129655],[18.327730989,57.118892699],[18.336511915,57.125383347],[18.347903004,57.138222289],[18.346596082,57.146266925],[18.33245044,57.157413297],[18.336768484,57.191728313],[18.339550799,57.19649961],[18.354627883,57.204969988],[18.367653342,57.21775481],[18.373865114,57.237499933]]},"properties":{"segment_id":"142000","code":1,"text":"Normalt","info":["Torrt"],"road":"Väg 142","updated":"2026-05-26T10:36:47.081Z","lan":9}},{"type":"Feature","geometry":{"type":"LineString","coordinates":[[18.678790569,59.744434291],[18.682892022,59.746099034],[18.685698991,59.765579794],[18.672727187,59.774994906],[18.66867723,59.785507993],[18.65629084,59.799237381],[18.65068158,59.803402254],[18.649117316,59.812748848],[18.658682102,59.83778576],[18.667201322,59.842006779],[18.673979835,59.85552523],[18.692498044,59.862988646],[18.695593628,59.869939892],[18.700732797,59.874676328],[18.698677839,59.881277906],[18.662802187,59.888555321],[18.64752468,59.889509901],[18.626278316,59.893800156],[18.580830518,59.905821013],[18.588026189,59.911305647],[18.594107996,59.920865011],[18.596633739,59.932444753],[18.60539602,59.950451325],[18.60740938,59.96697948],[18.599108975,59.975565333],[18.592926981,59.989000394],[18.586013149,59.995561099],[18.583201034,60.002899868],[18.570750296,60.012755715],[18.56899437,60.016614119],[18.569259338,60.032210066],[18.555783755,60.040528006],[18.543591217,60.042105101],[18.530234807,60.046084939],[18.525009702,60.051176761],[18.52754325,60.05891047],[18.523945104,60.063095925],[18.52364925,60.072451034],[18.519285819,60.076899394],[18.488202597,60.087259349],[18.477919303,60.093650814]]},"properties":{"segment_id":"76000","code":1,"text":"Normalt","info":["Torrt"],"road":"Väg 76","updated":"2026-05-26T10:36:47.068Z","lan":1}},{"type":"Feature","geometry":{"type":"LineString","coordinates":[[18.068384206,59.320839845],[18.10495831,59.313565465],[18.107586301,59.311930119],[18.105756083,59.309017221],[18.11032239,59.308018534],[18.154121604,59.312203936],[18.166519464,59.311696275],[18.198227278,59.315971809],[18.229860889,59.313636098],[18.25286152,59.315364124]]},"properties":{"segment_id":"222000","code":1,"text":"Normalt","info":["Torrt"],"road":"Väg 222","updated":"2026-05-26T10:36:47.163Z","lan":1}},{"type":"Feature","geometry":{"type":"LineString","coordinates":[[18.373918009,57.237534469],[18.380824459,57.242886237],[18.397753813,57.247562227],[18.399901695,57.249994217],[18.397055257,57.256903433],[18.396551392,57.262778332],[18.389835048,57.267319813],[18.389134779,57.272696538],[18.383786728,57.280418994],[18.385470265,57.293138865],[18.37990662,57.30831924],[18.385350547,57.319104016],[18.380736499,57.328199794],[18.377942549,57.33903538],[18.386674239,57.35585364],[18.38937457,57.369615801],[18.388747486,57.375260148],[18.383479845,57.389785159],[18.37256496,57.406510917],[18.366144118,57.409865068],[18.351455894,57.412450444],[18.354290323,57.415754941],[18.362862791,57.420578249],[18.367529977,57.42911927],[18.364299655,57.434230698],[18.364364636,57.438022481],[18.367622053,57.442627868],[18.366513108,57.445435238],[18.355023028,57.453778332],[18.353628525,57.456395406],[18.360152005,57.470586514],[18.359374946,57.481924797],[18.37228852,57.500691244],[18.370393269,57.508382876],[18.373437647,57.515483933],[18.363543712,57.522688013],[18.342055883,57.521218809],[18.338179851,57.522499068],[18.329660523,57.538635124],[18.33127926,57.54190039],[18.330810233,57.545184827],[18.325928935,57.547390111],[18.320478911,57.552720397],[18.319329435,57.557910385],[18.302047073,57.56337974],[18.302260622,57.572381146],[18.296173497,57.584801249],[18.291757779,57.600566244],[18.293663761,57.604975058],[18.300053848,57.608592573],[18.291949808,57.611572689],[18.273234128,57.623960417],[18.27532329,57.629110809],[18.278798399,57.631969006]]},"properties":{"segment_id":"142005","code":1,"text":"Normalt","info":["Torrt"],"road":"Väg 142","updated":"2026-05-26T10:36:47.096Z","lan":9}},{"type":"Feature","geometry":{"type":"LineString","coordinates":[[18.692286919,57.340641763],[18.692735896,57.345771311],[18.686522404,57.353622816],[18.684305173,57.361698574],[18.667248985,57.368499659],[18.662468693,57.381963112],[18.646227411,57.391902047],[18.639848745,57.398766732],[18.631820661,57.412880046],[18.633025015,57.420154548],[18.630908778,57.428729593],[18.616116498,57.432697622],[18.599518074,57.433586874],[18.592175404,57.436053171],[18.59011519,57.43867417],[18.588850419,57.446010336],[18.580089187,57.452588869],[18.57081418,57.464188836],[18.563211707,57.468350812],[18.537342763,57.476038204],[18.53073772,57.481950122],[18.52205085,57.484296904],[18.510308748,57.490126406],[18.460848428,57.498290675],[18.453292352,57.506148144],[18.446267185,57.510107066],[18.440876357,57.528053746],[18.428796097,57.536967819],[18.423005005,57.547930525],[18.414361832,57.557585736],[18.401451502,57.567634042],[18.37978381,57.578598912],[18.371171614,57.586074598],[18.355380526,57.594891264],[18.331955834,57.61953952],[18.303273311,57.636482065]]},"properties":{"segment_id":"143000","code":1,"text":"Normalt","info":["Torrt"],"road":"Väg 143","updated":"2026-05-26T10:36:47.113Z","lan":9}},{"type":"Feature","geometry":{"type":"LineString","coordinates":[[17.853584958,59.252509193],[17.868876884,59.249504039],[17.876730263,59.250265075],[17.897133142,59.241374519],[17.93595586,59.231068485],[17.968881551,59.231830376]]},"properties":{"segment_id":"259000","code":1,"text":"Normalt","info":["Torrt"],"road":"Väg 259","updated":"2026-05-26T10:36:47.243Z","lan":1}},{"type":"Feature","geometry":{"type":"LineString","coordinates":[[18.308114831,57.635168837],[18.348677706,57.630117948],[18.356938106,57.632101042],[18.361537445,57.636167693],[18.366340779,57.63772077],[18.395397324,57.638174697],[18.412726732,57.632260175],[18.431264259,57.630148867],[18.4410675,57.631383427],[18.462266117,57.637699156],[18.495729479,57.639852038],[18.519940592,57.63834368],[18.534372006,57.634021132],[18.548354447,57.63423143],[18.565300883,57.629798615],[18.579074508,57.628581957],[18.613857011,57.641804978],[18.634738091,57.6469147],[18.643061469,57.650657659],[18.685855427,57.660052125],[18.708322573,57.67012949],[18.724033801,57.671168904],[18.734862481,57.673996074],[18.754023466,57.674453288],[18.76217658,57.679281657],[18.775368678,57.68363545],[18.792508881,57.686862536],[18.79856961,57.693756437],[18.798318079,57.696002746],[18.795019653,57.69914075],[18.795890229,57.703924774],[18.793085761,57.715157701],[18.788377549,57.723309733],[18.79079551,57.734044356],[18.789385851,57.74482172],[18.789867238,57.761773101],[18.786176654,57.769741577],[18.77818046,57.773406014]]},"properties":{"segment_id":"147000","code":1,"text":"Normalt","info":["Torrt"],"road":"Väg 147","updated":"2026-05-26T10:36:47.128Z","lan":9}},{"type":"Feature","geometry":{"type":"LineString","coordinates":[[17.939054604,59.339521224],[17.917620491,59.329983895],[17.897016544,59.324270617],[17.890981337,59.323596013],[17.880246635,59.32638578],[17.870619493,59.32502584],[17.860542092,59.313701106],[17.860478907,59.308976081],[17.850266954,59.297833314],[17.824779927,59.293222227],[17.812003762,59.293786394],[17.808367437,59.290800875]]},"properties":{"segment_id":"261000","code":1,"text":"Normalt","info":["Torrt"],"road":"Väg 261","updated":"2026-05-26T10:36:47.255Z","lan":1}},{"type":"Feature","geometry":{"type":"LineString","coordinates":[[17.80993437,59.468900963],[17.811050006,59.472551913],[17.814832233,59.474501123],[17.841201467,59.477695064],[17.866663537,59.474919365],[17.889150214,59.474567681],[17.915482129,59.469453819]]},"properties":{"segment_id":"267000","code":1,"text":"Normalt","info":["Torrt"],"road":"Väg 267","updated":"2026-05-26T10:36:47.264Z","lan":1}},{"type":"Feature","geometry":{"type":"LineString","coordinates":[[18.300143519,57.608473373],[18.315804445,57.618049923],[18.33476298,57.641560597],[18.34056099,57.645003067],[18.380952565,57.649924511],[18.418961982,57.660767753],[18.436823208,57.661460894],[18.454806178,57.664305678],[18.482039668,57.671738838],[18.499827473,57.6846422],[18.501435212,57.689299294],[18.500267701,57.693898386],[18.508088068,57.698724881],[18.509795808,57.703702746],[18.513199549,57.705900613],[18.532560413,57.707078328],[18.564156173,57.722832166],[18.619201653,57.736956983],[18.637940705,57.743611725],[18.660536741,57.746933759],[18.688297384,57.745120693],[18.74558483,57.753264589],[18.761206919,57.759715105],[18.767270706,57.766250852],[18.776685836,57.772146949],[18.78217407,57.781657214],[18.803381326,57.787567248],[18.814916091,57.797955426],[18.833408183,57.808285122],[18.857617095,57.812414262],[18.872640069,57.81833957],[18.887145615,57.820511717],[18.900795516,57.827842637],[18.934268925,57.838199719],[18.955299346,57.840413268],[18.968420888,57.847493016],[18.991959507,57.855071041],[19.007517456,57.856792014],[19.030083307,57.854341002],[19.053465761,57.860968722],[19.058275175,57.865319834]]},"properties":{"segment_id":"148000","code":1,"text":"Normalt","info":["Torrt"],"road":"Väg 148","updated":"2026-05-26T10:36:47.148Z","lan":9}},{"type":"Feature","geometry":{"type":"LineString","coordinates":[[18.252985146,59.315370022],[18.278076307,59.31741884],[18.307969535,59.327950853],[18.320038328,59.32943219],[18.344766446,59.321735145],[18.352962332,59.316221655],[18.369728973,59.309236717],[18.379784788,59.307124523],[18.403047156,59.305269063],[18.440907982,59.313450296],[18.458192339,59.313127052],[18.475378978,59.306341641],[18.506743781,59.302138654],[18.525571014,59.289109113],[18.548725308,59.286394237],[18.558442308,59.282209791],[18.583731405,59.284158164],[18.620317567,59.281455124],[18.629793311,59.278889875],[18.642231014,59.285149035],[18.651196044,59.284870728],[18.665903019,59.290605578],[18.67253071,59.291614184],[18.679753659,59.288371749],[18.704173809,59.286572961]]},"properties":{"segment_id":"222005","code":1,"text":"Normalt","info":["Torrt"],"road":"Väg 222","updated":"2026-05-26T10:36:47.174Z","lan":1}},{"type":"Feature","geometry":{"type":"LineString","coordinates":[[17.927319718,59.514404795],[17.928243321,59.518122128],[17.933599982,59.517903185],[17.944660443,59.521446463],[17.961062323,59.52334938],[17.968137632,59.53140193],[17.973280524,59.532147719],[17.988370242,59.529943648],[17.995112402,59.542522352],[18.042583747,59.543601154],[18.063606891,59.534429742],[18.090095985,59.530211902],[18.107558774,59.530040627],[18.120350125,59.533492269],[18.171073433,59.536477585],[18.170512059,59.540669962],[18.173560816,59.543166171],[18.195156239,59.544509519],[18.219084309,59.553763203],[18.22201294,59.55884052],[18.231124021,59.559864942]]},"properties":{"segment_id":"268000","code":1,"text":"Normalt","info":["Torrt"],"road":"Väg 268","updated":"2026-05-26T10:36:47.276Z","lan":1}},{"type":"Feature","geometry":{"type":"LineString","coordinates":[[18.043067141,59.751686544],[18.160926969,59.739134082],[18.20560425,59.741860968],[18.221454332,59.741356146],[18.25728109,59.735017086],[18.280661306,59.735099811],[18.308987822,59.740733546],[18.337585222,59.739703962],[18.354682189,59.742952869],[18.362363305,59.742136224],[18.367016103,59.7446682],[18.376790417,59.7457113],[18.396266809,59.741631865],[18.403573363,59.736796107],[18.420048666,59.732170653],[18.457698236,59.737178834],[18.503785253,59.737286715],[18.525784241,59.741613975],[18.527027059,59.738371864],[18.534472104,59.733848318],[18.565686816,59.732410628]]},"properties":{"segment_id":"77000","code":1,"text":"Normalt","info":["Torrt"],"road":"Väg 77","updated":"2026-05-26T10:36:47.188Z","lan":1}},{"type":"Feature","geometry":{"type":"LineString","coordinates":[[17.650304343,59.203502481],[17.656108816,59.201775668],[17.658957326,59.199210609],[17.669240223,59.198550539],[17.677736331,59.194089872],[17.681929126,59.187480243],[17.68839577,59.182647384],[17.692720984,59.173536748],[17.703016944,59.168048591],[17.737387248,59.164102928],[17.765896923,59.165457599],[17.796438772,59.164021715]]},"properties":{"segment_id":"225000","code":1,"text":"Normalt","info":["Torrt"],"road":"Väg 225","updated":"2026-05-26T10:36:47.200Z","lan":1}},{"type":"Feature","geometry":{"type":"LineString","coordinates":[[17.796541499,59.164208198],[17.798773458,59.172031407],[17.814244063,59.181158858],[17.817422226,59.187011437],[17.824276378,59.192191042],[17.835049912,59.197293833],[17.84205036,59.19911773],[17.865927808,59.198925717],[17.873111077,59.20081582],[17.884543965,59.199699873],[17.940863282,59.215366899],[17.956641073,59.22594492],[17.972737596,59.233422656],[17.977981994,59.239467097],[17.999815632,59.245426247],[18.00825039,59.249769423],[18.014277735,59.256827824],[18.005613259,59.266832272],[18.012495545,59.273403743],[18.020006278,59.277525033],[18.031132442,59.278048112],[18.04252111,59.282293427],[18.046264086,59.284677094],[18.046010347,59.286749888],[18.057579451,59.293146456]]},"properties":{"segment_id":"226000","code":1,"text":"Normalt","info":["Torrt"],"road":"Väg 226","updated":"2026-05-26T10:36:47.212Z","lan":1}},{"type":"Feature","geometry":{"type":"LineString","coordinates":[[18.229956926,59.2496277],[18.217282533,59.248818543],[18.203357086,59.25112153],[18.181673888,59.245524816],[18.171330767,59.250702314],[18.169804992,59.255241933],[18.1668707,59.257658989],[18.145926637,59.26480852],[18.134878498,59.261867012],[18.124921628,59.262960351],[18.079124231,59.258247303],[18.065448037,59.262093043],[18.056069499,59.269269196],[18.042047933,59.275223275],[18.037210503,59.280638206]]},"properties":{"segment_id":"229000","code":1,"text":"Normalt","info":["Torrt"],"road":"Väg 229","updated":"2026-05-26T10:36:47.223Z","lan":1}},{"type":"Feature","geometry":{"type":"LineString","coordinates":[[17.839509285,59.198050085],[17.841675172,59.200294068],[17.841378094,59.203885827],[17.831720099,59.211653524],[17.829599508,59.215671332],[17.838804514,59.22563331],[17.842954123,59.232731104],[17.837709521,59.235873818],[17.835201962,59.24009782]]},"properties":{"segment_id":"258000","code":1,"text":"Normalt","info":["Torrt"],"road":"Väg 258","updated":"2026-05-26T10:36:47.234Z","lan":1}},{"type":"Feature","geometry":{"type":"LineString","coordinates":[[18.041863853,59.383458128],[18.041267685,59.380147139],[18.049859534,59.372667558],[18.05559295,59.36183062]]},"properties":{"segment_id":"182000","code":1,"text":"Normalt","info":["Torrt"],"road":"E18","updated":"2026-05-26T10:36:47.313Z","lan":1}},{"type":"Feature","geometry":{"type":"LineString","coordinates":[[18.166992726,59.496406418],[18.187746931,59.493277556],[18.223117168,59.495582037],[18.260797388,59.491914909],[18.274045853,59.489121065],[18.285456695,59.481078656],[18.305222911,59.478881318],[18.313496525,59.481826182],[18.33108288,59.49444638],[18.339945075,59.498632885],[18.356481103,59.504410401],[18.364899213,59.505146538],[18.381024011,59.510095815],[18.395492067,59.517162372],[18.409160815,59.519583686],[18.426850487,59.526392095],[18.438376927,59.533944692],[18.449855187,59.535439836],[18.488122698,59.548508502],[18.526650448,59.546684033],[18.560698443,59.559459398],[18.571217328,59.561788184],[18.607705725,59.564454001],[18.62442803,59.571209497],[18.644870176,59.575432426],[18.660423259,59.583699264],[18.670669642,59.594926866],[18.673923906,59.606539002],[18.684571184,59.61128246],[18.686729949,59.616893663],[18.683713143,59.622875286],[18.684418795,59.630442033],[18.679433369,59.634348536],[18.672669057,59.644237329],[18.674854079,59.652355853],[18.669393722,59.662028015],[18.674709162,59.66935772],[18.680165049,59.67308778],[18.683441849,59.679620484],[18.679742846,59.684785076],[18.665456046,59.688906674],[18.662479118,59.692414571],[18.664959309,59.705495747],[18.66994108,59.715729417],[18.670662978,59.720527173],[18.678033349,59.725570159],[18.689583617,59.741857141]]},"properties":{"segment_id":"276000","code":1,"text":"Normalt","info":["Torrt"],"road":"Väg 276","updated":"2026-05-26T10:36:47.300Z","lan":1}},{"type":"Feature","geometry":{"type":"LineString","coordinates":[[16.375091445,58.718290255],[16.400530832,58.726145218],[16.426267507,58.737602822],[16.463305695,58.742038144],[16.497318608,58.743812316],[16.533503987,58.751668784],[16.559262876,58.754871992],[16.593898791,58.754376607],[16.621370047,58.75631566],[16.648085114,58.75462954],[16.688881364,58.758916363],[16.710872899,58.758222205],[16.75279417,58.75198191],[16.792211372,58.758150271],[16.8444648,58.757628918],[16.862859093,58.755999009],[16.881273895,58.750620155],[16.903278794,58.751581749],[16.940516269,58.745133484],[16.973651057,58.750074346],[16.981458622,58.7542307],[16.990690694,58.763610964]]},"properties":{"segment_id":"4070","code":1,"text":"Normalt","info":["Torrt"],"road":"E 4","updated":"2026-05-26T10:36:47.324Z","lan":4}},{"type":"Feature","geometry":{"type":"LineString","coordinates":[[16.062547612,59.41835508],[16.097517451,59.407737824],[16.166104132,59.418198735],[16.219484151,59.412915194],[16.258047229,59.404699778],[16.274317423,59.40500897]]},"properties":{"segment_id":"20035","code":1,"text":"Normalt","info":["Torrt"],"road":"E 20","updated":"2026-05-26T10:36:47.338Z","lan":4}},{"type":"Feature","geometry":{"type":"LineString","coordinates":[[16.238684627,59.008088653],[16.252346724,59.010795502],[16.281303194,59.012156008],[16.297712,59.016447616],[16.336400094,59.020661999],[16.356438211,59.021280111],[16.38939781,59.028269066],[16.424905829,59.030398447],[16.448602067,59.03619856],[16.467694079,59.036837059],[16.481615928,59.039211589],[16.516070722,59.041561677],[16.536349721,59.038233058],[16.574688643,59.037027416],[16.582608364,59.038709429],[16.589689748,59.04373365],[16.5942,59.049660414],[16.598735633,59.051221359]]},"properties":{"segment_id":"55005","code":1,"text":"Normalt","info":["Torrt"],"road":"Väg 55","updated":"2026-05-26T10:36:47.411Z","lan":4}},{"type":"Feature","geometry":{"type":"LineString","coordinates":[[16.274634716,59.405014854],[16.288226612,59.405294553],[16.315236043,59.402699059],[16.334166189,59.403467926],[16.356835575,59.408299688],[16.396208397,59.405693035],[16.414198519,59.406217872],[16.442845255,59.396752247],[16.482779982,59.389712157],[16.513733336,59.388099311],[16.6025772,59.376098485],[16.629623289,59.37704781],[16.654746237,59.371728601],[16.680813688,59.368583921],[16.716718381,59.369032423],[16.776555859,59.380536665],[16.805207339,59.374744972],[16.834510628,59.374030712],[16.887002982,59.358909855],[16.902743083,59.356911552],[16.916244365,59.358294751],[16.938366188,59.367974379],[16.95507115,59.367428581]]},"properties":{"segment_id":"20040","code":1,"text":"Normalt","info":["Torrt"],"road":"E 20","updated":"2026-05-26T10:36:47.349Z","lan":4}},{"type":"Feature","geometry":{"type":"LineString","coordinates":[[16.18534503,58.992672367],[16.151217555,59.002617357],[16.084102622,59.006896745],[16.037305909,59.011626847],[16.031320998,59.014126522],[16.021602979,59.024082926],[16.00575809,59.026694672],[15.986368652,59.032762319],[15.971065825,59.03999996],[15.953246006,59.040922561],[15.935749407,59.046717139],[15.909136877,59.05015764],[15.897435452,59.053328653],[15.870054779,59.065352285],[15.861394006,59.083030857],[15.821347941,59.106335664],[15.813603688,59.11994562],[15.806584251,59.125252222],[15.804749391,59.129700165],[15.798545036,59.132630307]]},"properties":{"segment_id":"52005","code":1,"text":"Normalt","info":["Torrt"],"road":"Väg 52","updated":"2026-05-26T10:36:47.362Z","lan":4}},{"type":"Feature","geometry":{"type":"LineString","coordinates":[[16.627351564,58.904865801],[16.619241433,58.906297032],[16.538033068,58.908465236],[16.52208192,58.907001257],[16.492152656,58.910278312],[16.473573575,58.909862622],[16.45700679,58.9126911],[16.443107179,58.91124815],[16.431673604,58.91482436],[16.424102559,58.920315153],[16.414814611,58.924234454],[16.405583845,58.935167394],[16.371554633,58.952481536],[16.36885526,58.955869351],[16.367931392,58.963271222],[16.363020213,58.967050513],[16.35356888,58.968182601],[16.332427137,58.967458845],[16.307804563,58.970772731],[16.274021244,58.970139578],[16.261631597,58.97140159],[16.266373009,58.980220242],[16.263633679,58.989507127],[16.256648032,58.996473022],[16.238454158,59.007974095],[16.229300159,59.006148198],[16.216092742,59.008329637],[16.1989182,59.006639512],[16.190974832,59.002491453],[16.189058704,58.996904566],[16.184647863,58.992642819]]},"properties":{"segment_id":"52010","code":1,"text":"Normalt","info":["Torrt"],"road":"Väg 52","updated":"2026-05-26T10:36:47.375Z","lan":4}},{"type":"Feature","geometry":{"type":"LineString","coordinates":[[16.598735633,59.051221359],[16.621608391,59.060431524],[16.616098816,59.074934763],[16.606414615,59.081630042],[16.60777426,59.08346353],[16.620835334,59.087693297],[16.621961741,59.090849942],[16.62032455,59.096107028],[16.621981161,59.098655242],[16.630808409,59.103287213],[16.65080503,59.110256105],[16.658599794,59.11723475],[16.665164907,59.120411259],[16.667339312,59.12525174],[16.670138991,59.127488267],[16.683601151,59.129416243],[16.69715414,59.136326836],[16.713019791,59.139028775]]},"properties":{"segment_id":"55010","code":1,"text":"Normalt","info":["Torrt"],"road":"Väg 55","updated":"2026-05-26T10:36:47.422Z","lan":4}},{"type":"Feature","geometry":{"type":"LineString","coordinates":[[16.713534001,59.139174691],[16.711832552,59.14500871],[16.712974611,59.147221272],[16.688665857,59.158102785],[16.675762002,59.16603953],[16.658577435,59.172781121],[16.643392722,59.18304305],[16.617183619,59.196198234],[16.61183586,59.202354486],[16.611187083,59.20605415],[16.617049935,59.213741861],[16.61754473,59.217535114],[16.608097675,59.23569714],[16.598345767,59.247934001],[16.558609659,59.28054414],[16.540919263,59.288739517],[16.540857794,59.296311894],[16.532737941,59.30669182],[16.533075316,59.317699476],[16.530719397,59.321185142],[16.52809172,59.33820041],[16.534934748,59.348026842],[16.535569711,59.351962334],[16.531939236,59.355705498],[16.519467548,59.359246492],[16.533224208,59.369764696],[16.531729602,59.374865882],[16.523631422,59.377960593],[16.524297254,59.382991517],[16.526895492,59.385179601]]},"properties":{"segment_id":"53015","code":1,"text":"Normalt","info":["Torrt"],"road":"Väg 53","updated":"2026-05-26T10:36:47.388Z","lan":4}},{"type":"Feature","geometry":{"type":"LineString","coordinates":[[16.195755458,58.838504997],[16.20743186,58.854392919],[16.205823848,58.858997624],[16.197256182,58.86593038],[16.19632893,58.870214277],[16.20265856,58.882200035],[16.20877428,58.887433227],[16.210322093,58.891011437],[16.207639918,58.899685919],[16.198973393,58.909053652],[16.195934511,58.924108134],[16.196825956,58.932803118],[16.199855035,58.935981512],[16.213868693,58.943664844],[16.225361937,58.957055973],[16.249631197,58.964700878],[16.261447557,58.971600981]]},"properties":{"segment_id":"55003","code":1,"text":"Normalt","info":["Torrt"],"road":"Väg 55","updated":"2026-05-26T10:36:47.400Z","lan":4}},{"type":"Feature","geometry":{"type":"LineString","coordinates":[[16.713057039,59.147121379],[16.748756474,59.160765931],[16.759768179,59.1633389],[16.780303515,59.163993277],[16.790476162,59.16785068],[16.792813701,59.170728773],[16.795491208,59.181416896],[16.794039141,59.187104895],[16.789183336,59.194672188],[16.790181795,59.202042017],[16.792913025,59.204366764],[16.800977123,59.206177552],[16.828282779,59.204871232],[16.875167847,59.217318084],[16.899118884,59.217320818],[16.925533824,59.228088927],[16.937153859,59.237051848],[16.941448998,59.248153393],[16.941219903,59.257076685],[16.95042133,59.264304966],[16.971908293,59.273610759],[16.975527554,59.278828792],[16.977740362,59.291254347],[16.984550155,59.303259567],[17.008302468,59.320600685],[17.01604584,59.328790238]]},"properties":{"segment_id":"55015","code":1,"text":"Normalt","info":["Torrt"],"road":"Väg 55","updated":"2026-05-26T10:36:47.434Z","lan":4}},{"type":"Feature","geometry":{"type":"LineString","coordinates":[[16.964698587,59.365316683],[16.958385586,59.366920732],[16.95735231,59.368535158],[16.966320112,59.374786927],[16.98238504,59.378603919],[16.991918128,59.390163168],[17.0071904,59.394995364],[17.018026718,59.401879685],[17.020526394,59.409242808],[17.019203503,59.4160273],[17.025228669,59.422185959],[17.025751768,59.42798969],[17.022886713,59.433747142],[17.022549941,59.43933064],[17.01961114,59.443580041],[17.009819402,59.451564008],[17.007189937,59.458098917],[17.010427046,59.46863073],[17.02054821,59.482047445],[17.016443134,59.485757809],[17.004614827,59.50548594],[16.998938545,59.509300617],[16.998150708,59.512115225]]},"properties":{"segment_id":"55020","code":1,"text":"Normalt","info":["Torrt"],"road":"Väg 55","updated":"2026-05-26T10:36:47.795Z","lan":4}},{"type":"Feature","geometry":{"type":"LineString","coordinates":[[16.627283005,58.904884629],[16.641890593,58.897343274],[16.651313005,58.894375791],[16.666944147,58.880898914],[16.691970953,58.863677304],[16.698192231,58.861116456],[16.70269493,58.856413136],[16.728392206,58.847439412],[16.741359325,58.840231694],[16.752288455,58.831541179],[16.761913062,58.819094691],[16.780263866,58.808144242],[16.786170372,58.802133885],[16.787289668,58.796971156],[16.820871431,58.782847373],[16.832003049,58.780354153],[16.868620361,58.777978322],[16.893805822,58.773182234],[16.950431765,58.770038493],[16.987630053,58.764520596]]},"properties":{"segment_id":"52015","code":1,"text":"Normalt","info":["Torrt"],"road":"Väg 52","updated":"2026-05-26T10:36:48.061Z","lan":4}},{"type":"Feature","geometry":{"type":"LineString","coordinates":[[16.213065987,59.008411902],[16.214370458,59.031599065],[16.219839263,59.04383447],[16.224885753,59.061238015],[16.223316071,59.070548704],[16.197690094,59.086020426],[16.191124927,59.096490347],[16.178557305,59.105676311],[16.174902573,59.110622265],[16.159746757,59.118967521],[16.150754757,59.128459971],[16.139707593,59.133057039],[16.134145744,59.137138333],[16.120510754,59.141325205],[16.117980885,59.143610283],[16.117138674,59.148341667],[16.108437268,59.15227814],[16.109968167,59.157438255],[16.108961986,59.161470435],[16.116204459,59.174413224],[16.10877132,59.184760319],[16.102628291,59.200511653],[16.101963155,59.210845613],[16.098412402,59.216443954],[16.103191595,59.226121087],[16.100412872,59.240496435],[16.109469143,59.252705685],[16.117113562,59.259097711],[16.119004266,59.264874279],[16.117853323,59.270973345],[16.119880161,59.278733544]]},"properties":{"segment_id":"56000","code":1,"text":"Normalt","info":["Torrt"],"road":"Väg 56","updated":"2026-05-26T10:36:47.807Z","lan":4}},{"type":"Feature","geometry":{"type":"LineString","coordinates":[[17.821558597,59.737826738],[17.814743288,59.74842252],[17.79026809,59.767049278],[17.780959405,59.778917899],[17.772128385,59.797047025],[17.758463707,59.809041507],[17.752084805,59.819929789],[17.734003263,59.833325539],[17.73237907,59.83768085],[17.734281288,59.848898965],[17.730148413,59.856864196],[17.687331155,59.881158582],[17.662897378,59.891429791],[17.654049949,59.898858612],[17.651069605,59.904542719],[17.650353125,59.911259323],[17.652001541,59.916895166],[17.66038298,59.93106499],[17.660078977,59.940899811],[17.648656816,59.957750384],[17.647165059,59.97093305],[17.639120754,59.983348466],[17.636208257,59.996316732],[17.625110305,60.010624786]]},"properties":{"segment_id":"4095","code":1,"text":"Normalt","info":["Torrt"],"road":"E 4","updated":"2026-05-26T10:36:47.833Z","lan":3}},{"type":"Feature","geometry":{"type":"LineString","coordinates":[[16.621712544,59.06042124],[16.636548443,59.063243901],[16.688140195,59.05863922],[16.708559835,59.060365846],[16.717768101,59.06455576],[16.726490586,59.062499701],[16.741174863,59.062132678],[16.768631545,59.067985986],[16.822309247,59.067036155],[16.829739556,59.069644298],[16.831774295,59.072472074],[16.82922852,59.075777711],[16.83084849,59.079329967],[16.839473592,59.083330994],[16.858451744,59.082503534],[16.870424968,59.078037652],[16.892392045,59.079901817],[16.904816916,59.078641988],[16.918265695,59.081048811],[16.947196942,59.071751478],[16.959268251,59.077534378],[16.980761922,59.078061272],[17.003324804,59.081649308],[17.011303385,59.081103616],[17.019182728,59.077387917],[17.024405531,59.077180729],[17.034852412,59.085632123],[17.068033379,59.089985242],[17.085953829,59.083535728],[17.102390948,59.075481724],[17.118241739,59.072474839],[17.136892872,59.073022244],[17.157421007,59.069825551],[17.164226467,59.063747042],[17.169450716,59.063605824],[17.176272451,59.060041782],[17.201873842,59.05508168],[17.238635836,59.055601908],[17.278165938,59.048651364],[17.288346085,59.045722924],[17.303970363,59.034818007],[17.331828493,59.033861437]]},"properties":{"segment_id":"57000","code":1,"text":"Normalt","info":["Torrt"],"road":"Väg 57","updated":"2026-05-26T10:36:47.820Z","lan":4}},{"type":"Feature","geometry":{"type":"LineString","coordinates":[[17.302576474,60.507424384],[17.322220958,60.497867982],[17.352324604,60.487342983],[17.375842014,60.476605093],[17.408711319,60.46657449],[17.413831634,60.461783899],[17.417365105,60.445946149],[17.42640858,60.433125002],[17.440603732,60.422229959],[17.466731245,60.408813084],[17.473098745,60.402739225],[17.481958122,60.37744876],[17.480234451,60.369575815],[17.473418881,60.357916968],[17.474357621,60.350686111],[17.485042814,60.340300005],[17.512226668,60.32402353],[17.519182205,60.316732208],[17.521925291,60.310032554],[17.519452525,60.299793629],[17.506185764,60.286578743],[17.501983329,60.277522043],[17.500491867,60.26083233],[17.501802195,60.236552811],[17.495655481,60.212988685],[17.499238245,60.189142372],[17.508971244,60.177450768],[17.528775758,60.166006639],[17.537123083,60.158067315],[17.545802466,60.141892103],[17.547328065,60.13366976],[17.546876721,60.122475947],[17.550253653,60.115861884],[17.568748688,60.097033723],[17.596713474,60.082967077],[17.606045896,60.074078151],[17.615096949,60.056704296],[17.625080892,60.047576339],[17.629293626,60.040467132],[17.629620219,60.033057854],[17.624689867,60.022518921],[17.623866473,60.017342559]]},"properties":{"segment_id":"4103","code":1,"text":"Normalt","info":["Torrt"],"road":"E 4","updated":"2026-05-26T10:36:47.864Z","lan":3}},{"type":"Feature","geometry":{"type":"LineString","coordinates":[[18.199931957,57.380303483],[18.225941003,57.380457273],[18.2325713,57.379019652],[18.236669486,57.381898617],[18.240512295,57.380181686],[18.244246222,57.370458255],[18.256877551,57.359048361],[18.254852207,57.344637418],[18.260216438,57.334071114],[18.259067233,57.317354242],[18.262542646,57.311205412],[18.265690884,57.29838604],[18.272241982,57.291941156],[18.282033391,57.286489976],[18.288044429,57.279069477],[18.307139851,57.274172362],[18.339764673,57.259689998],[18.342682372,57.257472862],[18.350393962,57.244673021],[18.37390147,57.237534914]]},"properties":{"segment_id":"141000","code":1,"text":"Normalt","info":["Torrt"],"road":"Väg 141","updated":"2026-05-26T10:36:48.094Z","lan":9}},{"type":"Feature","geometry":{"type":"LineString","coordinates":[[17.566383368,59.563684252],[17.537166997,59.577972721],[17.495732536,59.590547228],[17.463173613,59.594514731],[17.444602932,59.599147995],[17.410925595,59.612681833],[17.389937082,59.624448639],[17.290916309,59.633727218],[17.256992342,59.639184666],[17.221721911,59.640541789],[17.191215922,59.645070653],[17.153812521,59.646498931],[17.082888121,59.65514538],[17.071042493,59.653599356],[17.057406912,59.646861493],[17.047217873,59.643895054],[16.986222601,59.649108912],[16.977175056,59.647952191],[16.945492493,59.639246214],[16.89656726,59.641184697],[16.86918168,59.636844428]]},"properties":{"segment_id":"18015","code":1,"text":"Normalt","info":["Torrt"],"road":"E 18","updated":"2026-05-26T10:36:47.878Z","lan":3}},{"type":"Feature","geometry":{"type":"LineString","coordinates":[[17.661309723,59.941063641],[17.665271626,59.944020264],[17.670054951,59.959178645],[17.699741165,59.974135101],[17.706638605,59.980678093],[17.709145289,59.989628918],[17.716612019,59.999331223],[17.735799355,60.006634542],[17.742130734,60.011372725],[17.749868066,60.02890211],[17.751449233,60.050925883],[17.758525545,60.073275286],[17.7614752,60.077157853],[17.763149828,60.084274446],[17.769708348,60.08913256],[17.770364748,60.096306343],[17.77369131,60.101205003],[17.781673024,60.109860106],[17.791172952,60.113433485],[17.798331212,60.120146425],[17.805788907,60.12272877],[17.81172116,60.126834566],[17.817403445,60.139579593],[17.835133341,60.155301443],[17.848431569,60.17087393],[17.850307822,60.176916169],[17.864064879,60.185352553],[17.875115329,60.188554355],[17.877885648,60.194639769]]},"properties":{"segment_id":"29090","code":1,"text":"Normalt","info":["Torrt"],"road":"Väg 290","updated":"2026-05-26T10:36:47.890Z","lan":3}},{"type":"Feature","geometry":{"type":"LineString","coordinates":[[17.55125265,59.845162633],[17.529245394,59.840071376],[17.510123394,59.832199428],[17.490146874,59.818016458],[17.455936377,59.805714306],[17.437058712,59.791880484],[17.404808622,59.778433208],[17.385335266,59.765214126],[17.358636693,59.753326013],[17.344537339,59.749275393],[17.318592635,59.746070732],[17.308010937,59.742070917],[17.297414556,59.730560595],[17.278958815,59.715826454],[17.278815863,59.691763057],[17.275952084,59.677583418],[17.265105369,59.661888942],[17.230747082,59.660762126],[17.170831741,59.653108114],[17.147069764,59.648451009]]},"properties":{"segment_id":"55025","code":1,"text":"Normalt","info":["Torrt"],"road":"Väg 55","updated":"2026-05-26T10:36:47.911Z","lan":3}},{"type":"Feature","geometry":{"type":"LineString","coordinates":[[17.081541318,59.654034953],[17.07215685,59.66446867],[17.045890197,59.679199161],[17.021115318,59.698419318],[17.012683093,59.701243616],[16.990197719,59.704209322],[16.962210951,59.72166998],[16.958713414,59.725117478],[16.957086965,59.733504165],[16.946247018,59.748710371],[16.917410278,59.763873962],[16.911585778,59.769761212]]},"properties":{"segment_id":"70000","code":1,"text":"Normalt","info":["Torrt"],"road":"Väg 70","updated":"2026-05-26T10:36:47.921Z","lan":3}},{"type":"Feature","geometry":{"type":"LineString","coordinates":[[17.550966755,59.845392773],[17.538127428,59.84840805],[17.497103186,59.851124312],[17.454264705,59.851112572],[17.408939052,59.85941512],[17.375349876,59.85874984],[17.365505173,59.862214973],[17.346700163,59.863782201],[17.302607101,59.871917822],[17.281409238,59.87857485],[17.239070447,59.880621913],[17.151552151,59.893236919],[17.091741224,59.898718202],[17.074242302,59.903674613],[17.06367476,59.903687822]]},"properties":{"segment_id":"72005","code":1,"text":"Normalt","info":["Torrt"],"road":"Väg 72","updated":"2026-05-26T10:36:47.932Z","lan":3}},{"type":"Feature","geometry":{"type":"LineString","coordinates":[[18.477849409,60.093670627],[18.463658878,60.099058187],[18.458175335,60.104090867],[18.45570288,60.112271087],[18.459054467,60.117782582],[18.457956451,60.121046741],[18.446339953,60.127245602],[18.435278174,60.129995838],[18.430941453,60.133155047],[18.427789922,60.148739634],[18.419878274,60.155343163],[18.416846709,60.162952662],[18.399865813,60.176789523],[18.399255769,60.182053602],[18.390488758,60.18696954],[18.377769149,60.19735088],[18.373281936,60.205858956],[18.364249983,60.2139251],[18.36322041,60.220619448],[18.367459945,60.228483117],[18.365415541,60.231626498],[18.365427355,60.235966827],[18.348911328,60.243421637],[18.346435488,60.253872774],[18.335813698,60.264277281],[18.305407118,60.275381816],[18.288724307,60.286004887],[18.285254121,60.289298967],[18.283103418,60.297448902],[18.276500869,60.301305402],[18.255808277,60.321539214],[18.236678734,60.33054355],[18.228486297,60.332189647],[18.224429729,60.335711852],[18.217353214,60.338399482],[18.202016835,60.355034512],[18.164886973,60.368090467],[18.149138589,60.368662068]]},"properties":{"segment_id":"76005","code":1,"text":"Normalt","info":["Torrt"],"road":"Väg 76","updated":"2026-05-26T10:36:47.943Z","lan":3}},{"type":"Feature","geometry":{"type":"LineString","coordinates":[[17.117037799,58.677293655],[17.110923682,58.674600071],[17.106319999,58.669195312],[17.100734767,58.667229285],[17.050614733,58.690029782],[17.041863573,58.691758971],[17.026725543,58.691396226],[17.017135919,58.69417003],[17.012554802,58.697924994],[17.010395257,58.702082202],[17.010638417,58.7107925],[17.006003134,58.720558053],[17.005382124,58.734079],[16.998478921,58.742648729],[16.990474999,58.74744401],[16.990010281,58.749292803],[16.986222029,58.74924343]]},"properties":{"segment_id":"53000","code":1,"text":"Normalt","info":["Torrt"],"road":"Väg 53","updated":"2026-05-26T10:36:48.122Z","lan":4}},{"type":"Feature","geometry":{"type":"LineString","coordinates":[[18.148810138,60.36864289],[18.101602085,60.370965462],[18.041099345,60.36291037],[17.978169173,60.38334696],[17.883583101,60.400345229],[17.873469259,60.405298828],[17.860844466,60.4170619],[17.849926142,60.422471092],[17.780122199,60.440046424],[17.772484329,60.448129565],[17.7681319,60.45937824],[17.760086767,60.472392225],[17.753215966,60.479362128],[17.744759257,60.484190182],[17.666287815,60.502950213],[17.648590222,60.513085863],[17.610462755,60.52044012],[17.578914295,60.534169117],[17.537985853,60.544448736],[17.47979866,60.554812492],[17.4686218,60.558244405],[17.462898772,60.561440149],[17.465904868,60.564492729],[17.467058359,60.568612497],[17.464824386,60.587203169],[17.459854935,60.598693837],[17.433469685,60.608069611],[17.422820177,60.620057167],[17.402242054,60.638303584],[17.372446697,60.647242792]]},"properties":{"segment_id":"76010","code":1,"text":"Normalt","info":["Torrt"],"road":"Väg 76","updated":"2026-05-26T10:36:47.956Z","lan":3}},{"type":"Feature","geometry":{"type":"LineString","coordinates":[[16.11992159,59.278391907],[16.117915694,59.282513493],[16.110389997,59.289098123],[16.109257512,59.295295712],[16.106400875,59.299244718],[16.10791543,59.305320983],[16.107182838,59.309799759],[16.112181982,59.329488464],[16.111109822,59.337023678],[16.112856532,59.351728604],[16.111387438,59.355746643],[16.115248339,59.362988262],[16.107304576,59.378359458],[16.110429301,59.388337649],[16.107948273,59.399171748],[16.101680223,59.407361486]]},"properties":{"segment_id":"56003","code":1,"text":"Normalt","info":["Torrt"],"road":"Väg 56","updated":"2026-05-26T10:36:48.173Z","lan":4}},{"type":"Feature","geometry":{"type":"LineString","coordinates":[[17.670209877,59.888532564],[17.678163918,59.889844484],[17.694375832,59.887366567],[17.721912509,59.907527428],[17.753359122,59.916792927],[17.768861945,59.923529976],[17.795390417,59.928046292],[17.806538462,59.934143607],[17.81935662,59.936664328],[17.836914278,59.944122409],[17.860583651,59.948408908],[17.879232707,59.955667169],[17.896776864,59.964950842],[17.91880066,59.967178785],[17.93221205,59.970888699],[17.959993631,60.000575508],[17.979836011,60.017515612],[17.998241192,60.026102277],[18.036456633,60.037718908],[18.055644095,60.052533943],[18.082142146,60.06324039],[18.092131621,60.070096757],[18.116285272,60.082549883],[18.119489313,60.085619354],[18.125016389,60.097251303],[18.126101301,60.108314202],[18.131737059,60.113823996],[18.150752185,60.125152982],[18.154112176,60.129583868],[18.159530017,60.142870651],[18.188441029,60.155961935],[18.191963428,60.159192916],[18.193619805,60.163996473]]},"properties":{"segment_id":"288000","code":1,"text":"Normalt","info":["Torrt"],"road":"Väg 288","updated":"2026-05-26T10:36:47.968Z","lan":3}},{"type":"Feature","geometry":{"type":"LineString","coordinates":[[18.193627641,60.164077159],[18.193651115,60.171930432],[18.190531512,60.176768246],[18.189984365,60.190458203],[18.194475967,60.202499126],[18.191679761,60.211247023],[18.194387643,60.214578508],[18.210681136,60.216647002],[18.236937868,60.222649183],[18.260771472,60.23143778],[18.292054035,60.233818936],[18.308520069,60.241730592],[18.324263924,60.240483109],[18.348911328,60.243421637]]},"properties":{"segment_id":"288005","code":1,"text":"Normalt","info":["Torrt"],"road":"Väg 288","updated":"2026-05-26T10:36:47.981Z","lan":3}},{"type":"Feature","geometry":{"type":"LineString","coordinates":[[17.242757715,60.390103069],[17.246762399,60.388957654],[17.258650847,60.379540578],[17.277073884,60.369768137],[17.29712522,60.363962085],[17.339802861,60.359732959],[17.426769397,60.361174821],[17.469078546,60.3520778],[17.473332213,60.349833832],[17.482279077,60.339704856],[17.485865063,60.340149886],[17.490464204,60.345561478],[17.492291665,60.34551825],[17.501366232,60.34046099],[17.520948414,60.322726476],[17.544572586,60.313930684],[17.575619345,60.296093166],[17.614179336,60.263564638],[17.641320701,60.253028326],[17.66598678,60.237594855],[17.684905007,60.222820982],[17.695479682,60.218321077],[17.712354478,60.215371564],[17.746126611,60.215889197],[17.781509491,60.208548083],[17.820506934,60.195765656],[17.877772923,60.194794957]]},"properties":{"segment_id":"292000","code":1,"text":"Normalt","info":["Torrt"],"road":"Väg 292","updated":"2026-05-26T10:36:47.992Z","lan":3}},{"type":"Feature","geometry":{"type":"LineString","coordinates":[[17.877950682,60.194764142],[17.895547845,60.185782325],[17.911721055,60.180989329],[17.925223297,60.173189433],[17.968950874,60.167526201],[17.984095917,60.16254045],[17.993075038,60.161358401],[18.139207426,60.165010172],[18.195320405,60.164054289],[18.210363231,60.166314354],[18.245610622,60.164044173],[18.279553415,60.167718934],[18.302466634,60.172478438],[18.3560589,60.173386634],[18.386087651,60.171408882],[18.409079322,60.176390874],[18.43571742,60.17355444],[18.461092817,60.164076986],[18.473302463,60.164934539],[18.471405449,60.169001653],[18.474472877,60.170718663]]},"properties":{"segment_id":"292005","code":1,"text":"Normalt","info":["Torrt"],"road":"Väg 292","updated":"2026-05-26T10:36:48.005Z","lan":3}},{"type":"Feature","geometry":{"type":"LineString","coordinates":[[17.89802914,59.604453828],[17.884383147,59.612159055],[17.865442323,59.613374517],[17.853955228,59.615925549],[17.810562479,59.629739433],[17.789770136,59.626320267],[17.755711424,59.629565821],[17.743236099,59.627563441],[17.731156793,59.62866935],[17.722260764,59.627470837],[17.713977505,59.634731606],[17.706510976,59.637635341],[17.702245895,59.64858579],[17.69073482,59.658885334],[17.676765677,59.658272836],[17.660005298,59.652899839],[17.631248823,59.646580187],[17.611458308,59.644514269],[17.609016662,59.642325801],[17.608699013,59.638235278],[17.598597097,59.63105089],[17.582347275,59.635208395],[17.574795557,59.639229174]]},"properties":{"segment_id":"263005","code":1,"text":"Normalt","info":["Torrt"],"road":"Väg 263","updated":"2026-05-26T10:36:48.039Z","lan":1}},{"type":"Feature","geometry":{"type":"LineString","coordinates":[[17.975093238,59.23530078],[17.990367934,59.228695975],[17.999444875,59.228235236],[18.000273947,59.225897663],[18.009897284,59.219312922],[18.014529928,59.213014014],[18.013866351,59.210657031],[18.008195188,59.20695131],[18.005597497,59.202518301],[18.010452067,59.196169439],[18.021656316,59.190346783],[18.02811943,59.184813452],[18.047997117,59.175406982],[18.071771217,59.171117359],[18.088108802,59.171763282],[18.100932977,59.162605786],[18.128919683,59.154025891],[18.152580793,59.154091416]]},"properties":{"segment_id":"259005","code":1,"text":"Normalt","info":["Torrt"],"road":"Väg 259","updated":"2026-05-26T10:36:48.050Z","lan":1}},{"type":"Feature","geometry":{"type":"LineString","coordinates":[[18.305725275,57.645011376],[18.31637482,57.650566165],[18.332043193,57.6625319],[18.335534323,57.668399555],[18.341742413,57.674060497],[18.343775169,57.679004669],[18.376159053,57.694845895],[18.384765526,57.714203306],[18.403115626,57.725729601],[18.4063301,57.735072842],[18.420332605,57.748259997],[18.431186221,57.766969693],[18.450586195,57.775827362],[18.455253723,57.781705013],[18.457767,57.787920023],[18.500040287,57.795128054],[18.513747336,57.79965687],[18.522664767,57.803904018],[18.524567105,57.809244914],[18.535529361,57.813865816],[18.544402164,57.821196263],[18.572594412,57.823802651],[18.585417028,57.827872497],[18.600671625,57.829094106],[18.60730945,57.830928072],[18.615707883,57.835857998],[18.623775915,57.835465732],[18.647973734,57.847061065],[18.680747033,57.850482872],[18.711778591,57.857067007],[18.719669264,57.857204328],[18.729460548,57.853868855],[18.740830403,57.85276063],[18.76919975,57.855048962],[18.780688517,57.853151411],[18.785341321,57.849281367],[18.781278333,57.847523577],[18.780312679,57.844909099],[18.786739467,57.839961099],[18.788046146,57.829294907],[18.7905072,57.824168458],[18.789552183,57.817966383],[18.78380223,57.813103412],[18.782955662,57.810170723],[18.790509076,57.785058219]]},"properties":{"segment_id":"149000","code":1,"text":"Normalt","info":["Torrt"],"road":"Väg 149","updated":"2026-05-26T10:36:48.079Z","lan":9}},{"type":"Feature","geometry":{"type":"LineString","coordinates":[[16.988450299,58.764651684],[16.98820815,58.767071972],[16.982032462,58.774326859],[16.968159957,58.77983055],[16.959490689,58.787472657],[16.947976371,58.802783973],[16.946041465,58.81150902],[16.930628097,58.823616404],[16.923474422,58.833937139],[16.921191285,58.849970234],[16.912831601,58.862149745],[16.896998142,58.870683646],[16.864451525,58.877319798],[16.855163272,58.88334634],[16.845034814,58.885063368],[16.831344504,58.891635986],[16.825426482,58.897235217],[16.82420426,58.901052242],[16.812416168,58.905350176],[16.809650352,58.909898319],[16.811005454,58.912565221],[16.828644274,58.919700901],[16.841203915,58.927885779],[16.846259416,58.936015115],[16.845113644,58.944825728],[16.856860702,58.954143625],[16.853455481,58.959052198],[16.85422626,58.965957989],[16.853011653,58.970224291],[16.839834553,58.972990346],[16.835681158,58.976669398],[16.84199181,58.986029711],[16.84195823,58.991267183],[16.846333721,59.001795634],[16.845883897,59.006401254],[16.843767024,59.008820835],[16.850889228,59.016597199],[16.845383055,59.027616806],[16.846526643,59.032046999],[16.836184393,59.043323602],[16.835763353,59.049482751],[16.833067386,59.053203825],[16.820515579,59.060503983],[16.816473025,59.073450828],[16.808699597,59.080233583],[16.809137114,59.088213049],[16.803549962,59.095162551],[16.7936874,59.100868483],[16.775689307,59.104322801],[16.769136206,59.107960404],[16.759989853,59.116573225],[16.750132399,59.12161094],[16.723217773,59.12769281],[16.713827025,59.134895222],[16.713534001,59.139174691]]},"properties":{"segment_id":"53005","code":1,"text":"Normalt","info":["Torrt"],"road":"Väg 53","updated":"2026-05-26T10:36:48.108Z","lan":4}},{"type":"Feature","geometry":{"type":"LineString","coordinates":[[17.601841454,59.871106317],[17.590718967,59.876275821],[17.568872953,59.882884749],[17.554599424,59.89206539],[17.535937141,59.909692808],[17.505473212,59.919654496],[17.489674235,59.930410779],[17.453560824,59.937528989],[17.416756449,59.947659184],[17.385517953,59.964748056],[17.333804755,59.982749708],[17.305756477,60.000876159],[17.283551726,60.018041981],[17.282147248,60.02317747],[17.274112906,60.031364598],[17.260782342,60.034108554],[17.242437836,60.041319865],[17.238275444,60.047211185],[17.228050318,60.054058039],[17.216561477,60.069180203],[17.193060156,60.080378008],[17.187609912,60.097427106]]},"properties":{"segment_id":"272000","code":1,"text":"Normalt","info":["Torrt"],"road":"Väg 272","updated":"2026-05-26T10:36:48.134Z","lan":3}},{"type":"Feature","geometry":{"type":"LineString","coordinates":[[16.120970733,59.279343855],[16.13709179,59.285445945],[16.152873472,59.284974895],[16.188328964,59.290484979],[16.206731425,59.295560794],[16.221092955,59.301408436],[16.252146041,59.307265814],[16.274695923,59.315166213],[16.285806974,59.317230518],[16.305693853,59.318092564],[16.316439337,59.320624965],[16.378474844,59.319507499],[16.415619037,59.324965224],[16.426217718,59.328774593],[16.46340925,59.330823255],[16.460035304,59.339447482],[16.464678872,59.343984976],[16.466467449,59.349578354],[16.460356879,59.360451745],[16.46549407,59.373103006],[16.460630236,59.379911666],[16.461749379,59.383419887],[16.466011492,59.387539492],[16.467962779,59.393984248]]},"properties":{"segment_id":"230000","code":1,"text":"Normalt","info":["Torrt"],"road":"Väg 230","updated":"2026-05-26T10:36:48.187Z","lan":4}},{"type":"Feature","geometry":{"type":"LineString","coordinates":[[17.733785863,59.843949792],[17.781625172,59.849164575],[17.810775993,59.857925295],[17.82769794,59.855262683],[17.898117872,59.85455736],[17.906914477,59.856295158],[17.911566999,59.860271592],[17.934616679,59.862347418],[17.947602585,59.869380286],[17.959188951,59.873073895],[17.972869418,59.88317079],[17.980144235,59.885351537],[18.008932865,59.877885738],[18.032605752,59.877369504],[18.059177949,59.872621235],[18.070512957,59.868789936],[18.069718297,59.865986917],[18.076568644,59.863158159],[18.101020471,59.856734392],[18.114063105,59.862482965],[18.14156177,59.866843656],[18.158478878,59.871866425],[18.170584456,59.879240657],[18.192832881,59.887347785],[18.216321558,59.888932816],[18.242578062,59.897050677],[18.254301702,59.902243296],[18.265292909,59.909412178]]},"properties":{"segment_id":"282000","code":1,"text":"Normalt","info":["Torrt"],"road":"Väg 282","updated":"2026-05-26T10:36:48.148Z","lan":3}},{"type":"Feature","geometry":{"type":"LineString","coordinates":[[16.9551751,59.367400074],[16.990812601,59.359899257],[17.001029375,59.355916196],[17.00820608,59.349643645],[17.012116507,59.335767758],[17.01665036,59.330685249],[17.051168197,59.317121199],[17.091507677,59.297821939],[17.098964213,59.292563623],[17.109208933,59.281043368],[17.136535864,59.268066114],[17.153229384,59.252303769],[17.186971628,59.236073871],[17.20858565,59.228980004],[17.261230059,59.22351157]]},"properties":{"segment_id":"20043","code":1,"text":"Normalt","info":["Torrt"],"road":"E 20","updated":"2026-05-26T10:36:48.160Z","lan":4}},{"type":"Feature","geometry":{"type":"LineString","coordinates":[[17.187630855,60.097471672],[17.194974828,60.103763489],[17.204960656,60.107271279],[17.215461801,60.114398636],[17.221113641,60.123223519],[17.222027957,60.127438927],[17.214933102,60.140276997],[17.202738871,60.145384818],[17.200025888,60.147918044],[17.199974222,60.150649551],[17.205051424,60.157319885],[17.204487134,60.160194664],[17.181720114,60.173164815],[17.174644727,60.18176939],[17.149612613,60.183129901],[17.135788985,60.180766534],[17.125728846,60.175781517],[17.111371433,60.172328397],[17.095328005,60.165846524],[17.082853992,60.165261783],[17.054279821,60.16949831],[17.035001418,60.177232807],[17.031761396,60.186659592],[17.015740124,60.193038788],[17.013461156,60.198534356],[16.955476981,60.234951492]]},"properties":{"segment_id":"272005","code":1,"text":"Normalt","info":["Torrt"],"road":"Väg 272","updated":"2026-05-26T10:36:48.200Z","lan":3}},{"type":"Feature","geometry":{"type":"LineString","coordinates":[[17.265755026,59.661518392],[17.319799628,59.661525702],[17.360601214,59.653467042],[17.381048662,59.652198942],[17.404568343,59.654195257],[17.423156796,59.649316268],[17.437196483,59.643207603],[17.46686699,59.637163446],[17.484322739,59.630643823],[17.492597399,59.625491627],[17.49546427,59.625643689],[17.501203014,59.63030475],[17.509970196,59.631071451],[17.521876147,59.636071565],[17.538461526,59.64917356],[17.54830569,59.653061339],[17.560522704,59.651251068],[17.574762185,59.639256782]]},"properties":{"segment_id":"263000","code":1,"text":"Normalt","info":["Torrt"],"road":"Väg 263","updated":"2026-05-26T10:36:48.216Z","lan":3}},{"type":"Feature","geometry":{"type":"LineString","coordinates":[[17.752463837,59.660739542],[17.736569117,59.67726278],[17.738877884,59.690089704],[17.736624987,59.696237343],[17.737454357,59.701386249],[17.727338491,59.722791719],[17.720515769,59.727713116],[17.708361409,59.731423489],[17.698309354,59.734092228],[17.687294073,59.734093529],[17.667285236,59.740035923],[17.662055158,59.744319794],[17.65471544,59.746040632],[17.650535037,59.755289093],[17.645487275,59.761032999],[17.647311036,59.766521613],[17.661775936,59.775483247],[17.665673078,59.784801891],[17.679850224,59.796678466],[17.69795898,59.818230125],[17.698851505,59.822425514],[17.690342075,59.832617451],[17.691483719,59.836367545],[17.689405526,59.84025536],[17.690301308,59.843390566],[17.700449408,59.844359649]]},"properties":{"segment_id":"255000","code":1,"text":"Normalt","info":["Torrt"],"road":"Väg 255","updated":"2026-05-26T10:36:48.228Z","lan":3}},{"type":"Feature","geometry":{"type":"LineString","coordinates":[[15.804766861,59.129700056],[15.84129071,59.13424642],[15.867798453,59.143169689],[15.890519244,59.144425914],[15.917103655,59.150859921],[15.940827766,59.164206675],[15.956472921,59.167657915],[15.980941106,59.167547362],[16.006948593,59.160298291],[16.02389214,59.157866711],[16.05660277,59.148533838],[16.065573869,59.14917905],[16.084960983,59.154658761],[16.109295541,59.155566924]]},"properties":{"segment_id":"214000","code":1,"text":"Normalt","info":["Torrt"],"road":"Väg 214","updated":"2026-05-26T10:36:48.242Z","lan":4}},{"type":"Feature","geometry":{"type":"LineString","coordinates":[[16.991683241,58.764637719],[16.998786236,58.768776998],[17.029092775,58.772732553],[17.0713008,58.786147887],[17.104522615,58.801268764],[17.119462923,58.806100021],[17.128521028,58.813775788],[17.146442131,58.820171895],[17.178611053,58.838993167],[17.20407111,58.851830308],[17.210516315,58.858017892],[17.221980334,58.864541178],[17.230340684,58.874791565],[17.257637434,58.886607601],[17.267170574,58.89225338],[17.295375908,58.897729912],[17.326814228,58.907508559],[17.347436235,58.910450889],[17.383002029,58.92099466],[17.403119008,58.930478228],[17.426980583,58.937678381],[17.431296021,58.941451677],[17.436813124,58.951401524],[17.443769283,58.95583444],[17.497770143,58.964030338],[17.525364052,58.975031133],[17.531518647,58.982071755]]},"properties":{"segment_id":"4077","code":1,"text":"Normalt","info":["Torrt"],"road":"E 4","updated":"2026-05-26T10:36:48.254Z","lan":4}},{"type":"Feature","geometry":{"type":"LineString","coordinates":[[16.37385205,59.406082941],[16.366154971,59.415297714],[16.365038506,59.425646857],[16.359972701,59.4333787],[16.346708312,59.44164417],[16.323227619,59.448629017],[16.316011113,59.459003302]]},"properties":{"segment_id":"56017","code":1,"text":"Normalt","info":["Torrt"],"road":"Väg 56","updated":"2026-05-26T10:36:48.265Z","lan":4}},{"type":"Feature","geometry":{"type":"LineString","coordinates":[[17.777292096,59.27501556],[17.759822513,59.277813261],[17.748578154,59.281851983],[17.729025501,59.283925705],[17.65546501,59.299661353],[17.643164198,59.306632292],[17.632019562,59.320209378],[17.633792552,59.326310119],[17.641962444,59.332353148],[17.638125647,59.340696868],[17.624558223,59.34949733],[17.623995258,59.35656164],[17.609236622,59.368771531],[17.59539401,59.377897633],[17.582392055,59.381965209],[17.566283142,59.398320443],[17.551924743,59.398090014],[17.536072845,59.391310517]]},"properties":{"segment_id":"816005","code":1,"text":"Normalt","info":["Torrt"],"road":"816","updated":"2026-05-26T10:36:48.479Z","lan":1}},{"type":"Feature","geometry":{"type":"LineString","coordinates":[[16.109365758,59.155575306],[16.147492282,59.165689362],[16.158041497,59.172987366],[16.16476677,59.175253415],[16.214238234,59.176489105],[16.233543939,59.179576521],[16.251134315,59.185910919],[16.254174127,59.195312096],[16.265473567,59.201193201],[16.277420669,59.21118047],[16.283934726,59.221400043],[16.300621449,59.223892762],[16.311472498,59.223568256],[16.319030791,59.23190746],[16.332064469,59.234460121],[16.332712945,59.241647638],[16.334839809,59.244931017],[16.344765302,59.248098083],[16.351056237,59.252873944],[16.358970234,59.254318403],[16.362441625,59.260443417],[16.36582737,59.262644328],[16.391664098,59.272474897],[16.410951932,59.274683337],[16.423245823,59.28165396],[16.434974283,59.284246664],[16.441698616,59.288016519],[16.447265421,59.292607248],[16.446796956,59.300597097],[16.448639766,59.30717809],[16.453947215,59.31135828],[16.456762255,59.321314369],[16.463349444,59.326979806],[16.463786884,59.330612438]]},"properties":{"segment_id":"214005","code":1,"text":"Normalt","info":["Torrt"],"road":"Väg 214","updated":"2026-05-26T10:36:48.277Z","lan":4}},{"type":"Feature","geometry":{"type":"LineString","coordinates":[[18.304027711,57.091383031],[18.302700529,57.101333429],[18.275052207,57.118006562],[18.284906267,57.141561426],[18.280958351,57.160272772],[18.250968305,57.175005305],[18.246345764,57.18645143],[18.230324061,57.194074374],[18.225930417,57.202358528],[18.225515427,57.208230079],[18.213320669,57.224192886],[18.21338869,57.228973301],[18.211310202,57.233278298],[18.212244997,57.240400635],[18.210855726,57.255681497],[18.206957038,57.262918367],[18.192825269,57.273480865],[18.173422648,57.280561395],[18.170635032,57.283076743],[18.172694632,57.293307937],[18.170820697,57.311072141],[18.17579298,57.316142114],[18.192514045,57.325426452],[18.192980351,57.330223638],[18.190604597,57.338661542],[18.192647823,57.34783221],[18.203450114,57.360546379],[18.20274291,57.367315008],[18.197925027,57.376561233],[18.199429099,57.380262338]]},"properties":{"segment_id":"140800","code":1,"text":"Normalt","info":["Torrt"],"road":"Väg 140","updated":"2026-05-26T10:36:48.331Z","lan":9}},{"type":"Feature","geometry":{"type":"LineString","coordinates":[[17.87791079,60.194926734],[17.878262337,60.197291068],[17.883261753,60.1981168],[17.898037618,60.196419816],[17.89641002,60.199860641],[17.899403091,60.204323535],[17.89907696,60.207376518],[17.904661415,60.211117728],[17.909712816,60.218608112],[17.918714541,60.222354594],[17.919757001,60.228791761],[17.91787663,60.231007487],[17.921811131,60.234613635],[17.923809415,60.238990152],[17.934378541,60.244012904],[17.93726568,60.247390226],[17.945295755,60.251866375],[17.947302736,60.257095968],[17.954681474,60.264533138],[17.957832302,60.272387695],[17.962166363,60.277304658],[17.977383132,60.282489993],[17.983570766,60.288236283],[17.993065876,60.289945365],[18.007444133,60.290024766],[18.018190718,60.2931144],[18.032648339,60.289541268],[18.045818406,60.291027843],[18.051238711,60.302566356],[18.061996476,60.309938335],[18.061392633,60.313160033],[18.063057387,60.316041899],[18.081940886,60.326693142],[18.101745376,60.330877765],[18.105801814,60.332750841],[18.11058723,60.337895451],[18.125009553,60.34085479],[18.127903693,60.343814859],[18.127704108,60.349300788],[18.129320787,60.351410301],[18.144355089,60.358944936],[18.145400348,60.364518293],[18.149019583,60.368557058]]},"properties":{"segment_id":"29095","code":1,"text":"Normalt","info":["Torrt"],"road":"Väg 290","updated":"2026-05-26T10:36:48.294Z","lan":3}},{"type":"Feature","geometry":{"type":"LineString","coordinates":[[18.376808178,59.745710843],[18.383122387,59.747750161],[18.389012641,59.754383681],[18.4349616,59.775119179],[18.440793653,59.806809434],[18.439871071,59.82173491],[18.442509513,59.830518566],[18.441640423,59.839043511],[18.446215794,59.854786686],[18.451232078,59.861467739],[18.462568014,59.866166993],[18.472770033,59.874184727],[18.484056158,59.879872211],[18.490952242,59.887994123],[18.490086226,59.893202989],[18.49156276,59.895509628],[18.502703583,59.898359408],[18.537043848,59.901971235],[18.560056168,59.900658948],[18.573759134,59.902633604],[18.580810743,59.905803575]]},"properties":{"segment_id":"280005","code":1,"text":"Normalt","info":["Torrt"],"road":"Väg 280","updated":"2026-05-26T10:36:48.394Z","lan":1}},{"type":"Feature","geometry":{"type":"LineString","coordinates":[[16.926664908,60.286549493],[16.933985192,60.273886998],[16.959676024,60.252331795],[16.960675123,60.246676601],[16.959268343,60.240670729],[16.950421359,60.22586469],[16.955143369,60.206314056],[16.945941627,60.192330319],[16.94449533,60.184043544],[16.945618414,60.180775712],[16.953730828,60.172851311],[16.954894906,60.166654754],[16.946090555,60.151883792],[16.927501763,60.14241054],[16.915871442,60.133822242],[16.915425708,60.129562426],[16.923081808,60.11729928],[16.916294505,60.083195591],[16.909733119,60.072952595],[16.892436704,60.054645188],[16.874135604,60.042026288],[16.868018275,60.02877521],[16.853637294,60.012361812],[16.85152683,60.005098358],[16.8532029,59.995626195],[16.853181698,59.981462471],[16.850236753,59.977830296],[16.83585486,59.968600436],[16.835470219,59.964887401],[16.839020606,59.956224592],[16.830604898,59.944566733],[16.828706721,59.937407766],[16.804035493,59.936301514],[16.756303722,59.939739023],[16.710808701,59.9280505],[16.668417161,59.925513092],[16.638226515,59.916658961],[16.616527783,59.915884989],[16.619552786,59.91042324],[16.62318008,59.887647231],[16.582324113,59.885719295],[16.56194646,59.888261593]]},"properties":{"segment_id":"56030","code":1,"text":"Normalt","info":["Torrt"],"road":"Väg 56","updated":"2026-05-26T10:36:48.308Z","lan":3}},{"type":"Feature","geometry":{"type":"LineString","coordinates":[[18.265603416,59.909476373],[18.284347109,59.910106694],[18.321303434,59.906924243],[18.332736002,59.904415654],[18.349581705,59.898119726],[18.365863744,59.896563165],[18.382327013,59.898558834],[18.409469405,59.893544897],[18.441852262,59.895173848],[18.460851591,59.893821968],[18.490681879,59.894787008]]},"properties":{"segment_id":"282005","code":1,"text":"Normalt","info":["Torrt"],"road":"Väg 282","updated":"2026-05-26T10:36:48.320Z","lan":1}},{"type":"Feature","geometry":{"type":"LineString","coordinates":[[18.199403706,57.380352872],[18.195350005,57.38291882],[18.197791803,57.388402874],[18.195386072,57.397668504],[18.165461374,57.408806637],[18.151396032,57.418202091],[18.1490441,57.423402414],[18.148977543,57.430576966],[18.144645712,57.437965951],[18.145093307,57.445118651],[18.133335378,57.452467676],[18.122581074,57.467331964],[18.126204403,57.480059649],[18.128569092,57.483317707],[18.141241245,57.488818056],[18.149774102,57.495831878],[18.152209315,57.499483265],[18.154288935,57.509839957],[18.15995659,57.517050662],[18.174791064,57.527626136],[18.180842647,57.534367907],[18.201711213,57.548779065],[18.202494866,57.559986001],[18.2081285,57.568507967],[18.208144211,57.574386149],[18.216415998,57.582040718],[18.239687696,57.587989405],[18.250555449,57.598919063],[18.260601239,57.612188213],[18.273334177,57.618744289],[18.288256867,57.631489449],[18.301393384,57.635344664],[18.315795539,57.645322806],[18.33042512,57.645441431],[18.336915196,57.643274621]]},"properties":{"segment_id":"140900","code":1,"text":"Normalt","info":["Torrt"],"road":"Väg 140","updated":"2026-05-26T10:36:48.346Z","lan":9}},{"type":"Feature","geometry":{"type":"LineString","coordinates":[[17.720431501,59.354853949],[17.718840214,59.365534387],[17.702213127,59.37446972],[17.694056445,59.376183923],[17.682245095,59.386921749],[17.655747805,59.392001339]]},"properties":{"segment_id":"800005","code":1,"text":"Normalt","info":["Torrt"],"road":"800","updated":"2026-05-26T10:36:48.456Z","lan":1}},{"type":"Feature","geometry":{"type":"LineString","coordinates":[[17.811798769,59.29406937],[17.808253427,59.301774507],[17.789264066,59.302245631],[17.782803445,59.303812548],[17.775550128,59.309241731],[17.768712809,59.318731941],[17.76066045,59.322829414],[17.747669048,59.324793339],[17.745909981,59.332404906],[17.743902474,59.334549725],[17.728885143,59.339824916],[17.722789647,59.344534813],[17.720431501,59.354853949]]},"properties":{"segment_id":"800000","code":1,"text":"Normalt","info":["Torrt"],"road":"800","updated":"2026-05-26T10:36:48.469Z","lan":1}},{"type":"Feature","geometry":{"type":"LineString","coordinates":[[18.399351738,57.248525811],[18.408201569,57.244689955],[18.416785275,57.24390822],[18.441698163,57.251794924],[18.453539678,57.253024965],[18.459022106,57.257009385],[18.459961624,57.261010981],[18.470749981,57.279385343],[18.479744076,57.285510353],[18.522887214,57.298826705],[18.547459416,57.302540414],[18.573066852,57.312926743],[18.600826231,57.318490494],[18.617969535,57.328229246],[18.653277958,57.341143271],[18.680979591,57.341800564],[18.696676468,57.33931696],[18.701321739,57.337067402],[18.702781654,57.332744754],[18.713778366,57.326405358],[18.714410823,57.324768301],[18.711444362,57.323372457]]},"properties":{"segment_id":"144000","code":1,"text":"Normalt","info":["Torrt"],"road":"Väg 144","updated":"2026-05-26T10:36:48.358Z","lan":9}},{"type":"Feature","geometry":{"type":"LineString","coordinates":[[18.137091708,59.455511286],[18.148318019,59.454558051],[18.166845849,59.456374536],[18.183106388,59.452833717],[18.198861227,59.453500041],[18.211742131,59.451404358],[18.218274734,59.448825989],[18.221671646,59.445390078],[18.221943723,59.440647267],[18.219374979,59.434231111],[18.222295456,59.428955604],[18.262299325,59.427107704],[18.296677782,59.422226227],[18.313456146,59.41489887],[18.319153608,59.405380201],[18.330612322,59.402697393],[18.346754783,59.403200804],[18.349887402,59.400118543]]},"properties":{"segment_id":"274000","code":1,"text":"Normalt","info":["Torrt"],"road":"Väg 274","updated":"2026-05-26T10:36:48.372Z","lan":1}},{"type":"Feature","geometry":{"type":"LineString","coordinates":[[18.333913984,59.636552783],[18.333472629,59.647663206],[18.339091886,59.653820158],[18.34181889,59.660697763],[18.372928225,59.689046753],[18.368778596,59.693215693],[18.36878296,59.695911774],[18.371897768,59.698240327],[18.374655674,59.706024317],[18.373514112,59.718528076],[18.374937707,59.731235471],[18.369578916,59.736702628],[18.37034602,59.743432376],[18.368780128,59.744326362]]},"properties":{"segment_id":"280000","code":1,"text":"Normalt","info":["Torrt"],"road":"Väg 280","updated":"2026-05-26T10:36:48.382Z","lan":1}},{"type":"Feature","geometry":{"type":"LineString","coordinates":[[17.79645624,59.164021338],[17.803807486,59.159127438],[17.825704151,59.15414195],[17.831776657,59.149723483],[17.833676911,59.146051813],[17.8317047,59.136579051],[17.829565294,59.133750307],[17.812315315,59.123171845],[17.804210596,59.120669565],[17.803616042,59.117672248],[17.805778476,59.114839969],[17.805606163,59.111878453],[17.804273318,59.108825219],[17.799118893,59.104749276],[17.800928396,59.101664102],[17.794989027,59.099941209],[17.788124748,59.088758194],[17.785288967,59.074675895],[17.785976799,59.072181101],[17.794632245,59.066163133],[17.806337325,59.062918001],[17.802846219,59.051770494],[17.807065076,59.049181153],[17.807327619,59.046201212],[17.804410893,59.040585446],[17.803240642,59.032856153],[17.797393436,59.024185622],[17.798548871,59.021033651],[17.805180908,59.014312638],[17.805852492,59.008655072],[17.798016975,58.996900658],[17.806433417,58.995685095],[17.815363077,58.988608092],[17.821602133,58.987196238],[17.844859325,58.987387972],[17.856404234,58.983844827],[17.871567303,58.983437348],[17.892215438,58.977864437],[17.913127697,58.977350358]]},"properties":{"segment_id":"225005","code":1,"text":"Normalt","info":["Torrt"],"road":"Väg 225","updated":"2026-05-26T10:36:48.423Z","lan":1}},{"type":"Feature","geometry":{"type":"LineString","coordinates":[[17.924419733,59.435377997],[17.928753317,59.439593963],[17.940930939,59.445942644],[17.955478676,59.456540815],[17.987910955,59.472408602],[17.998600108,59.474257344],[18.059341988,59.476272339]]},"properties":{"segment_id":"265000","code":1,"text":"Normalt","info":["Torrt"],"road":"Väg 265","updated":"2026-05-26T10:36:48.434Z","lan":1}},{"type":"Feature","geometry":{"type":"LineString","coordinates":[[18.084895906,59.294496824],[18.075908936,59.305475272],[18.065640329,59.325119078],[18.059574617,59.32903599],[18.053907858,59.329968774],[18.048718325,59.335050787],[18.028263197,59.33920331],[18.025754569,59.341256538],[18.02578655,59.343196811]]},"properties":{"segment_id":"425000","code":1,"text":"Normalt","info":["Torrt"],"road":"E 4","updated":"2026-05-26T10:36:48.445Z","lan":1}},{"type":"Feature","geometry":{"type":"LineString","coordinates":[[16.869199904,59.63685315],[16.848051828,59.632275726],[16.825445814,59.624580533],[16.808775446,59.622233826],[16.761691615,59.624779317],[16.677465638,59.623719718],[16.657125309,59.618984678],[16.63039338,59.609161796],[16.617648623,59.606912696],[16.578973406,59.612072776],[16.56650756,59.617665131],[16.554630685,59.619593851],[16.549954848,59.62353817],[16.543733166,59.624734264],[16.527258138,59.623499224],[16.510414778,59.617191926],[16.475112654,59.611352042]]},"properties":{"segment_id":"18020","code":1,"text":"Normalt","info":["Torrt"],"road":"E 18","updated":"2026-05-26T10:37:33.703Z","lan":19}},{"type":"Feature","geometry":{"type":"LineString","coordinates":[[16.468972206,59.609543938],[16.444837066,59.603426635],[16.42097093,59.592137855],[16.383923849,59.586759616],[16.354329436,59.580584621],[16.30394143,59.579371614],[16.254010248,59.591749885],[16.240906829,59.592817648],[16.194970369,59.58564696],[16.159826949,59.582316663],[16.103217377,59.573142503],[16.07868763,59.566683216],[16.046169125,59.555092667],[16.018664142,59.549472201],[15.985816679,59.532597801],[15.967620085,59.520151885]]},"properties":{"segment_id":"18025","code":1,"text":"Normalt","info":["Torrt"],"road":"E 18","updated":"2026-05-26T10:37:33.715Z","lan":19}},{"type":"Feature","geometry":{"type":"LineString","coordinates":[[16.477449394,59.610077324],[16.459077451,59.621680326],[16.439582534,59.630544743],[16.419954819,59.643224583],[16.384706745,59.651019855],[16.353259963,59.663256848],[16.298023782,59.672535407],[16.257140157,59.688838404],[16.249737514,59.695168667],[16.244630974,59.71124775],[16.231209841,59.729138029],[16.224422376,59.750719055],[16.219650132,59.755038198],[16.211123331,59.758448846]]},"properties":{"segment_id":"66000","code":1,"text":"Normalt","info":["Torrt"],"road":"Väg 66","updated":"2026-05-26T10:37:33.743Z","lan":19}},{"type":"Feature","geometry":{"type":"LineString","coordinates":[[15.520510888,59.769974881],[15.541853917,59.775132845],[15.545662734,59.778277974],[15.547512682,59.783577326],[15.547181224,59.788355937],[15.543068209,59.793976345],[15.547150114,59.803864084],[15.543055961,59.807472938],[15.531857163,59.810544844],[15.52800118,59.813586534],[15.532808776,59.819906829],[15.531623413,59.82385371],[15.535036162,59.827593395],[15.541204185,59.830693114],[15.555651719,59.833847658],[15.562740099,59.838442096],[15.574784587,59.842655426],[15.583176466,59.848051247],[15.589572907,59.857541247],[15.599153378,59.86415197],[15.621327244,59.869742383],[15.635015861,59.870206918],[15.647852841,59.872775477],[15.667858633,59.881790015],[15.671626638,59.885254999],[15.685712064,59.892491965],[15.689040275,59.896147317],[15.705372305,59.897650345],[15.72047478,59.90173527],[15.722214639,59.90529969],[15.718292278,59.909110569],[15.715645253,59.91488995],[15.715675962,59.922962553],[15.727883655,59.930699122],[15.733325418,59.939738495],[15.750650269,59.949285279],[15.765464241,59.96443876]]},"properties":{"segment_id":"68005","code":1,"text":"Normalt","info":["Torrt"],"road":"Väg 68","updated":"2026-05-26T10:37:33.755Z","lan":19}},{"type":"Feature","geometry":{"type":"LineString","coordinates":[[15.80834702,59.983812824],[15.816109114,59.98609981],[15.812708276,59.991391885],[15.804237461,59.99834914],[15.792404576,60.001339058],[15.782974069,60.009710472],[15.782394349,60.014778437],[15.794317692,60.022052664],[15.805163715,60.032035275],[15.841219015,60.051117051],[15.880055595,60.059718267],[15.907958181,60.063929714],[15.914145613,60.066158968],[15.91757401,60.070580202],[15.928278109,60.074250073],[15.96959809,60.075112058],[15.985241903,60.08447018],[15.989001182,60.091751702],[15.991836838,60.093975431],[16.006383255,60.096335061],[16.037174641,60.106828263],[16.048236278,60.112461304],[16.072420903,60.115374641],[16.097716098,60.123949693],[16.126600666,60.123913626],[16.147092337,60.129906948]]},"properties":{"segment_id":"68010","code":1,"text":"Normalt","info":["Torrt"],"road":"Väg 68","updated":"2026-05-26T10:37:33.769Z","lan":19}},{"type":"Feature","geometry":{"type":"LineString","coordinates":[[16.210894598,59.758522798],[16.176540635,59.762103707],[16.16018061,59.767763142],[16.154371435,59.771756709],[16.149983072,59.777228347],[16.146417187,59.795813078],[16.143623732,59.801665688],[16.132910821,59.811618855],[16.121513963,59.817329218],[16.08164116,59.831052608],[16.052963914,59.844863242],[16.044913331,59.851635594],[16.032419329,59.871257038],[16.018611228,59.87819841],[16.009995146,59.885080647],[15.989494482,59.892078998],[15.975505035,59.903794488],[15.963870093,59.909465644],[15.948272671,59.920561278],[15.904748971,59.938755057],[15.889661489,59.942063485],[15.872845627,59.941699876],[15.864875756,59.943557314],[15.848419317,59.952374593],[15.844040383,59.960412662],[15.824559087,59.976367144],[15.808097703,59.983877208],[15.798218195,59.981422978],[15.76555585,59.964528026],[15.733204383,59.965870075],[15.716531575,59.970936363]]},"properties":{"segment_id":"66005","code":1,"text":"Normalt","info":["Torrt"],"road":"Väg 66","updated":"2026-05-26T10:37:33.803Z","lan":19}},{"type":"Feature","geometry":{"type":"LineString","coordinates":[[15.841685636,59.600714182],[15.829280482,59.608471401],[15.82581591,59.614599848],[15.821530508,59.618380518],[15.818094963,59.625801713],[15.80644038,59.629232517],[15.799166623,59.634288003],[15.79445261,59.641177507],[15.782062974,59.648418143],[15.77699326,59.658577874],[15.769398816,59.663274338],[15.768941928,59.66580043],[15.771238348,59.670726016],[15.762445323,59.680655508],[15.773565868,59.684676381],[15.775362307,59.694014057],[15.791922086,59.703901077],[15.798237681,59.709421513],[15.795789551,59.715605688],[15.792048716,59.719040728],[15.792118067,59.721222466],[15.801564775,59.729633365],[15.814015408,59.752384131],[15.821361297,59.760195975],[15.840883521,59.772743408],[15.858602583,59.778322259],[15.859795875,59.785247069],[15.855613075,59.790949737],[15.848148106,59.794473356],[15.844995144,59.802261366]]},"properties":{"segment_id":"250005","code":1,"text":"Normalt","info":["Torrt"],"road":"Väg 250","updated":"2026-05-26T10:37:33.840Z","lan":19}},{"type":"Feature","geometry":{"type":"LineString","coordinates":[[15.84483976,59.802459924],[15.842867992,59.804133874],[15.835836426,59.824428608],[15.832425519,59.829254507],[15.833477305,59.832085521],[15.841905234,59.837348031],[15.840466647,59.8425656],[15.843600065,59.852154112],[15.841591851,59.856037316],[15.842106211,59.867914478],[15.836614762,59.878931898],[15.83689996,59.881749776],[15.826040574,59.889065062],[15.82075236,59.894908076],[15.820075073,59.897884626],[15.819854229,59.901253446],[15.823443692,59.907606769],[15.824627697,59.913535048],[15.831536067,59.921627402],[15.827601788,59.930281767],[15.823326169,59.935355181],[15.811208848,59.938169091],[15.775689738,59.960562681],[15.76575159,59.964473012]]},"properties":{"segment_id":"250010","code":1,"text":"Normalt","info":["Torrt"],"road":"Väg 250","updated":"2026-05-26T10:37:33.852Z","lan":19}},{"type":"Feature","geometry":{"type":"LineString","coordinates":[[16.304299811,59.49527867],[16.288153256,59.497046343],[16.27996112,59.500871881],[16.263883437,59.504584734],[16.259067044,59.518515795],[16.252162561,59.523925738],[16.24753028,59.530121939],[16.249010184,59.537148878],[16.247164441,59.541755736],[16.232746449,59.550855269],[16.224852392,59.558545152],[16.220092847,59.568827767],[16.213579729,59.573270936],[16.211188691,59.579642513],[16.21529843,59.591477083],[16.208222366,59.59715553],[16.201464969,59.608353827],[16.198494758,59.623477663],[16.197799069,59.638293243],[16.196569571,59.641124413],[16.190535072,59.645534977],[16.187398181,59.651149404],[16.188231127,59.653629511],[16.181523594,59.657668539],[16.185390619,59.662644865],[16.180683534,59.67062621],[16.181524582,59.677372085],[16.184550884,59.68261644],[16.18195015,59.685926799],[16.182171282,59.688169965],[16.186289901,59.691114376],[16.185091805,59.694412107],[16.18801265,59.699127476],[16.19927553,59.708490663],[16.196542979,59.711110991],[16.196168334,59.716053743],[16.201599393,59.729187704],[16.200824183,59.737825148],[16.206199533,59.748274223],[16.209403885,59.75126225],[16.210890374,59.758406089]]},"properties":{"segment_id":"252000","code":1,"text":"Normalt","info":["Torrt"],"road":"Väg 252","updated":"2026-05-26T10:37:33.873Z","lan":19}},{"type":"Feature","geometry":{"type":"LineString","coordinates":[[16.548933353,59.624457365],[16.572325974,59.645051662],[16.575659611,59.650687897],[16.58257437,59.672788705],[16.575859154,59.696167183],[16.577805127,59.702026588],[16.582958919,59.708799351],[16.583310936,59.713240871],[16.58064336,59.717368498],[16.565489495,59.729055059],[16.56291161,59.736701877],[16.555332204,59.749706859],[16.558427094,59.764570053],[16.562580247,59.774193525],[16.566736851,59.779658526],[16.567339714,59.784537124],[16.564434103,59.795537773],[16.551761441,59.811234287],[16.538845182,59.820358131],[16.529983984,59.832864335],[16.535465496,59.845742237],[16.535799338,59.855312159],[16.540450399,59.862074459],[16.544774524,59.877534099],[16.558756792,59.886934242]]},"properties":{"segment_id":"56025","code":1,"text":"Normalt","info":["Torrt"],"road":"Väg 56","updated":"2026-05-26T10:37:33.906Z","lan":19}},{"type":"Feature","geometry":{"type":"LineString","coordinates":[[16.154550209,59.771261213],[16.138198714,59.769562796],[16.050555692,59.783143169],[15.99582886,59.787179016],[15.965018661,59.791853881],[15.948707605,59.792206022],[15.924047997,59.796727949],[15.875581496,59.79689783],[15.84891808,59.802334892],[15.830585628,59.800485285],[15.803457009,59.800339463],[15.743369567,59.801491916],[15.719315823,59.804274693],[15.705781211,59.809035481],[15.701788638,59.815845604],[15.700887907,59.822199153],[15.689234544,59.826984081],[15.685606929,59.830119021]]},"properties":{"segment_id":"233000","code":1,"text":"Normalt","info":["Torrt"],"road":"Väg 233","updated":"2026-05-26T10:37:33.926Z","lan":19}},{"type":"Feature","geometry":{"type":"LineString","coordinates":[[15.685412028,59.830182895],[15.677999981,59.82971841],[15.676564246,59.831925849],[15.677042463,59.835272856],[15.683097044,59.839084935],[15.682297097,59.84184588],[15.665096392,59.849934866],[15.650894985,59.865765274],[15.647852841,59.872775477],[15.638384849,59.877329507],[15.628677112,59.884461161],[15.596392106,59.893429244],[15.567323006,59.898065338],[15.534743825,59.90836642],[15.501332713,59.908713202],[15.467976401,59.911727223],[15.452151578,59.91566159],[15.441587819,59.920088367]]},"properties":{"segment_id":"233005","code":1,"text":"Normalt","info":["Torrt"],"road":"Väg 233","updated":"2026-05-26T10:37:33.937Z","lan":19}},{"type":"Feature","geometry":{"type":"LineString","coordinates":[[16.347454265,59.910647283],[16.330289983,59.908486645],[16.325653097,59.909242821],[16.29304504,59.939337051],[16.280893282,59.943999719],[16.27493472,59.949652253],[16.227039065,59.949531627],[16.208668234,59.96372845],[16.183460199,59.966022357],[16.150458158,59.973525247],[16.140345467,59.979539913],[16.124361167,59.982694338],[16.112284054,59.991282849],[16.105567646,59.992524624],[16.097681561,59.996353067],[16.082837606,59.998011197],[16.069244759,60.006257857],[16.051360242,60.014007473],[16.037742738,60.014483314],[16.03193882,60.020491471],[16.010406468,60.02390861],[15.986179482,60.033394795],[15.968951962,60.037150074],[15.952899253,60.046300477],[15.944897553,60.053425015],[15.939511063,60.055358134],[15.935678328,60.058905385],[15.931180764,60.059924906],[15.927965579,60.063763908],[15.926219315,60.06747581],[15.927708816,60.068695599],[15.924202294,60.073084305]]},"properties":{"segment_id":"256005","code":1,"text":"Normalt","info":["Torrt"],"road":"Väg 256","updated":"2026-05-26T10:37:33.950Z","lan":19}},{"type":"Feature","geometry":{"type":"LineString","coordinates":[[14.439586229,56.905468206],[14.427166207,56.91017332],[14.42144263,56.916040334],[14.418915624,56.92222743],[14.414828063,56.925190984],[14.403586812,56.928524758],[14.388798449,56.935622414],[14.365394589,56.941578888],[14.334359228,56.968548631],[14.310246714,56.976539375],[14.289966239,56.995327835],[14.264947172,57.005344077],[14.261810431,57.009098808],[14.255954457,57.027768352],[14.251630445,57.032252433]]},"properties":{"segment_id":"27008","code":1,"text":"Normalt","info":["Torrt"],"road":"Väg 27","updated":"2026-04-30T14:35:49.410Z","lan":6}},{"type":"Feature","geometry":{"type":"LineString","coordinates":[[15.92988595,60.074553072],[15.933668739,60.080596741],[15.936706628,60.090749322],[15.919541494,60.110274859],[15.918616278,60.112580083],[15.920461187,60.121313483],[15.917869378,60.125821311],[15.941180394,60.132886338],[15.944637949,60.137324629],[15.957519274,60.144424877],[15.957654046,60.156492604],[15.958857734,60.158234937],[15.97549494,60.165216446],[15.995090721,60.167881412],[15.998908347,60.17431809],[15.998275316,60.180186608],[15.999606215,60.184828066]]},"properties":{"segment_id":"69005","code":1,"text":"Normalt","info":["Torrt"],"road":"Väg 69","updated":"2026-05-26T10:37:33.972Z","lan":19}},{"type":"Feature","geometry":{"type":"LineString","coordinates":[[14.3355162,58.899423848],[14.349743009,58.906151135],[14.377453041,58.9126281],[14.404365545,58.921646018],[14.441694526,58.942675237],[14.49716713,58.951919474],[14.530035799,58.960889127],[14.533729373,58.96289623],[14.540835754,58.971121124],[14.545175132,58.973085277],[14.564431666,58.975594264],[14.583162591,58.975763685],[14.623712026,58.981716383]]},"properties":{"segment_id":"20020","code":1,"text":"Normalt","info":["Torrt"],"road":"E 20","updated":"2026-05-26T10:37:54.055Z","lan":18}},{"type":"Feature","geometry":{"type":"LineString","coordinates":[[14.906104813,58.856004364],[14.892099249,58.83933392],[14.894418919,58.834261639],[14.888404851,58.829846966],[14.889209725,58.827297086],[14.88738305,58.824475504],[14.844604573,58.809828139],[14.832785081,58.801901167],[14.820492545,58.796154813],[14.811759554,58.785580761],[14.79977457,58.779087438],[14.797157602,58.774080942],[14.797660731,58.764876213],[14.793097109,58.758986414],[14.79038725,58.74972261],[14.780924331,58.743141747],[14.774864293,58.734455621],[14.763798972,58.728373608],[14.75400321,58.719104784],[14.719348084,58.70880451],[14.707715993,58.700399271],[14.6981986,58.697476425]]},"properties":{"segment_id":"49030","code":1,"text":"Normalt","info":["Torrt"],"road":"Väg 49","updated":"2026-05-26T10:37:54.070Z","lan":18}},{"type":"Feature","geometry":{"type":"LineString","coordinates":[[14.965086005,58.688098691],[14.967648249,58.696739156],[14.962926272,58.707622932],[14.983921881,58.727987283],[14.985215484,58.731822335],[14.982811012,58.739357109],[14.983206177,58.743856646],[14.990114638,58.752937149],[14.996800594,58.777069367],[14.996575405,58.780787477],[14.990918284,58.785960229],[14.969839532,58.796536569],[14.961075139,58.804293744],[14.936884357,58.810912099],[14.930558514,58.814591025],[14.928245921,58.819430468],[14.928832831,58.837212953],[14.918351818,58.844562088],[14.9143182,58.850064745],[14.906450949,58.856202193],[14.897185972,58.870887813],[14.895550056,58.878592051]]},"properties":{"segment_id":"50015","code":1,"text":"Normalt","info":["Torrt"],"road":"Väg 50","updated":"2026-05-26T10:37:54.082Z","lan":18}},{"type":"Feature","geometry":{"type":"LineString","coordinates":[[14.895584583,58.878645964],[14.900530629,58.889759131],[14.903647211,58.89208752],[14.909785744,58.893582762],[14.929931684,58.893586268],[14.948711879,58.90187537],[14.968232469,58.907701184],[14.981819069,58.918624421],[14.998610522,58.925962967],[15.000156331,58.929240947],[14.999478794,58.936039366],[15.001581101,58.938437213],[15.027528017,58.946516949],[15.032084571,58.950081245],[15.033817237,58.962330489],[15.038717391,58.975243348],[15.043694944,59.005156345],[15.042272107,59.008946646],[15.024982975,59.031941513],[15.017708438,59.04712889],[15.007340986,59.061849045],[15.005772511,59.066959061],[15.009557748,59.069985282]]},"properties":{"segment_id":"50020","code":1,"text":"Normalt","info":["Torrt"],"road":"Väg 50","updated":"2026-05-26T10:37:54.093Z","lan":18}},{"type":"Feature","geometry":{"type":"LineString","coordinates":[[15.599497691,59.374981468],[15.579279962,59.36788852],[15.552610595,59.347538006],[15.530014851,59.333945741],[15.484660443,59.323588298],[15.467152844,59.317976645],[15.43895597,59.31526382],[15.410967869,59.3090958],[15.375130266,59.306788193],[15.273784494,59.307606302],[15.262000247,59.305367502],[15.23923084,59.296493894],[15.193858111,59.292438391],[15.188315225,59.290066752],[15.183991546,59.285798324],[15.176044319,59.269492141],[15.170289288,59.262279638],[15.150467014,59.249704689],[15.145094863,59.243909505]]},"properties":{"segment_id":"18035","code":1,"text":"Normalt","info":["Torrt"],"road":"E 18","updated":"2026-05-26T10:37:54.141Z","lan":18}},{"type":"Feature","geometry":{"type":"LineString","coordinates":[[15.413824358,58.809878079],[15.413862554,58.82180474],[15.406686266,58.828581251],[15.410670217,58.833005252],[15.404954534,58.83751379],[15.402730137,58.841400525],[15.404254286,58.853250635],[15.412635986,58.862851718],[15.410365837,58.867331456],[15.41578896,58.872774532],[15.420977742,58.881630894],[15.425120643,58.884221803],[15.431105556,58.892581181],[15.431653401,58.896162737],[15.434705633,58.898765956],[15.435027849,58.914741887],[15.427909481,58.937244741],[15.424408846,58.942222677],[15.416838271,58.94846202],[15.415667881,58.956638333],[15.409127881,58.969546623],[15.409162814,58.99010352],[15.405106849,58.995899879],[15.402962251,59.005991949],[15.399826424,59.008803654],[15.383475193,59.016369943],[15.376183235,59.023171752],[15.363635341,59.029089919],[15.349061449,59.041828659],[15.329387004,59.052827548],[15.318604493,59.061251378],[15.310378191,59.073278405],[15.307261413,59.091462542],[15.308191486,59.101761053],[15.306824155,59.106990979],[15.292679515,59.12109615],[15.282793155,59.133825494]]},"properties":{"segment_id":"51010","code":1,"text":"Normalt","info":["Torrt"],"road":"Väg 51","updated":"2026-05-26T10:37:54.123Z","lan":18}},{"type":"Feature","geometry":{"type":"LineString","coordinates":[[14.825165021,59.252592842],[14.841336413,59.251580822],[14.895245329,59.254069031],[14.914345911,59.252134276],[14.941165498,59.246365847],[14.99007762,59.245525638],[15.0191771,59.242866432],[15.072458891,59.247634178],[15.087373786,59.245810999],[15.112632381,59.239469449],[15.132789625,59.239594127],[15.146724364,59.243728072]]},"properties":{"segment_id":"18040","code":1,"text":"Normalt","info":["Torrt"],"road":"E 18","updated":"2026-05-26T10:37:54.153Z","lan":18}},{"type":"Feature","geometry":{"type":"LineString","coordinates":[[14.825515752,59.252584332],[14.815012517,59.255847644],[14.808492594,59.26147785],[14.80029934,59.264913977],[14.761080181,59.274663392],[14.708462202,59.278561445],[14.689042411,59.28179434],[14.684017044,59.284359596],[14.678413549,59.292311418],[14.675535502,59.294055441],[14.643770326,59.298058495],[14.629490535,59.308229283],[14.59993538,59.315397991],[14.590152378,59.322551841],[14.57474883,59.327711077],[14.546764483,59.330930519],[14.542380734,59.330187798],[14.537984434,59.326499337],[14.532996427,59.325026748],[14.477934184,59.323345061]]},"properties":{"segment_id":"18045","code":1,"text":"Normalt","info":["Torrt"],"road":"E 18","updated":"2026-05-26T10:37:54.163Z","lan":18}},{"type":"Feature","geometry":{"type":"LineString","coordinates":[[15.28302431,59.134309938],[15.269764492,59.14578829],[15.26395751,59.161201737],[15.261789537,59.175000103],[15.253500867,59.182605003],[15.245981998,59.197984946],[15.239513635,59.204274322],[15.232644832,59.206109812],[15.199299256,59.208176792],[15.1742752,59.215055773],[15.132744757,59.214512081]]},"properties":{"segment_id":"51015","code":1,"text":"Normalt","info":["Torrt"],"road":"Väg 51","updated":"2026-05-26T10:37:54.178Z","lan":18}},{"type":"Feature","geometry":{"type":"LineString","coordinates":[[15.798770072,59.132539115],[15.790072912,59.135780524],[15.779829433,59.137189562],[15.743234126,59.135554089],[15.641400829,59.139904748],[15.610288736,59.138770419],[15.571130362,59.147560959],[15.53116552,59.154115735],[15.494625086,59.153020663],[15.458695404,59.155577236],[15.415134956,59.149347532],[15.392117524,59.140698937],[15.337640792,59.13358672],[15.323204896,59.129591189]]},"properties":{"segment_id":"52000","code":1,"text":"Normalt","info":["Torrt"],"road":"Väg 52","updated":"2026-05-26T10:37:54.190Z","lan":18}},{"type":"Feature","geometry":{"type":"LineString","coordinates":[[15.017263702,59.894274473],[15.013598828,59.891212923],[15.010862502,59.884272088],[15.005234069,59.880097],[14.987211879,59.874107203],[14.991195166,59.872616943],[14.993463894,59.869833449],[15.001071412,59.867310383],[15.004302901,59.862649984],[14.996162835,59.849423254],[14.999018553,59.844215212],[14.99682401,59.840758079],[14.997555785,59.837660172],[15.001248754,59.834607164],[14.995772595,59.830494494],[14.976885853,59.826451759],[14.95893778,59.816893187],[14.931288363,59.814591879],[14.926250079,59.811320606],[14.916576787,59.80862995],[14.90381369,59.808648178],[14.891343533,59.811763349],[14.877046362,59.81170587],[14.872095184,59.810461975],[14.865433047,59.804807202],[14.856954005,59.803657855],[14.837741762,59.807164527],[14.819881456,59.797236841],[14.805650785,59.792960272],[14.790496913,59.791599054],[14.76850209,59.792945041],[14.754100345,59.791266664],[14.748034091,59.792422531],[14.742459685,59.796748877],[14.725904259,59.801259098],[14.703494239,59.804191728],[14.690306265,59.811749102],[14.66535455,59.812882302],[14.658545598,59.816241139],[14.63904842,59.820400542],[14.610636357,59.8132526],[14.603094248,59.805821874],[14.589388577,59.804280217],[14.578518774,59.79843601],[14.55553319,59.799581597],[14.53279619,59.785386739]]},"properties":{"segment_id":"63010","code":1,"text":"Normalt","info":["Torrt"],"road":"Väg 63","updated":"2026-05-26T10:37:54.203Z","lan":18}},{"type":"Feature","geometry":{"type":"LineString","coordinates":[[15.189294409,59.617612231],[15.191506751,59.61705227],[15.210071536,59.62398319],[15.215309948,59.628123363],[15.216136921,59.632656802],[15.21856738,59.635562228],[15.235731656,59.64540129],[15.244766769,59.648662363],[15.251005212,59.657325043],[15.257425733,59.661533096],[15.3150471,59.679959618],[15.336712314,59.688948456],[15.361828641,59.692320886],[15.376459633,59.696500242],[15.384504669,59.702439498],[15.397099883,59.708176007],[15.402832311,59.716384014],[15.413889168,59.720686864],[15.423707962,59.728099781],[15.427978419,59.733868901],[15.430524167,59.745121184],[15.436418773,59.749636509],[15.487964221,59.765178798],[15.514230431,59.767970169],[15.520349533,59.769903682]]},"properties":{"segment_id":"68000","code":1,"text":"Normalt","info":["Torrt"],"road":"Väg 68","updated":"2026-05-26T10:37:54.216Z","lan":18}},{"type":"Feature","geometry":{"type":"LineString","coordinates":[[14.623937589,58.981770923],[14.712527573,59.00610209],[14.744884924,59.009241233],[14.762436068,59.016620784],[14.802130029,59.021465174],[14.829893641,59.031742503],[14.914337386,59.038633106],[14.95699584,59.051469568],[14.979842867,59.06173992],[15.01473875,59.072274837],[15.062377079,59.102983056],[15.078140926,59.133391426],[15.099969744,59.152944864],[15.118265926,59.175703857],[15.123115122,59.18629623],[15.128442789,59.206963915],[15.143043813,59.231339316],[15.14540805,59.239239387]]},"properties":{"segment_id":"20023","code":1,"text":"Normalt","info":["Torrt"],"road":"E 20","updated":"2026-05-26T10:37:54.227Z","lan":18}},{"type":"Feature","geometry":{"type":"LineString","coordinates":[[13.679169689,58.124510496],[13.687478473,58.125728144],[13.724966118,58.125327008],[13.767165977,58.12168178],[13.798781863,58.128612827],[13.840575926,58.127400758],[13.865689361,58.130590899],[13.900001209,58.139631546],[13.919193587,58.149757279],[13.924764308,58.156586171],[13.950808062,58.172414566],[13.966857255,58.172401783],[13.975771322,58.179893131],[13.973146853,58.183042845]]},"properties":{"segment_id":"193000","code":1,"text":"Normalt","info":["Torrt"],"road":"Väg 193","updated":"2026-04-29T21:25:58.051Z","lan":14}},{"type":"Feature","geometry":{"type":"LineString","coordinates":[[14.332714182,59.105827063],[14.342276373,59.108866466],[14.355522547,59.11017225],[14.365638377,59.115556642],[14.37059776,59.114637802],[14.404578588,59.120949883],[14.408408234,59.123742425],[14.409695369,59.132190134],[14.411653277,59.134174769],[14.452186858,59.138959139],[14.457301048,59.138262157],[14.464565409,59.134152231],[14.481671166,59.131931565],[14.49043514,59.132433241],[14.508929027,59.12704427],[14.518955147,59.127180585],[14.523427828,59.122132007],[14.536541569,59.117303001],[14.540263472,59.111954802],[14.555946261,59.111856722],[14.580336889,59.11795486],[14.591532868,59.125255858],[14.630995662,59.130187573],[14.645224201,59.134636669],[14.676927011,59.139703589],[14.6821213,59.143075117],[14.68489818,59.150921864],[14.715757327,59.161140987],[14.736597967,59.164013749],[14.781437512,59.1589062],[14.806638534,59.16146067],[14.819254051,59.160158705],[14.852140693,59.173823596],[14.862386681,59.183901886],[14.875412709,59.191692043],[14.881480615,59.198388101],[14.892795555,59.21891805],[14.901233012,59.226980095],[14.946285011,59.246098651]]},"properties":{"segment_id":"204005","code":1,"text":"Normalt","info":["Torrt"],"road":"Väg 204","updated":"2026-05-26T10:37:54.248Z","lan":18}},{"type":"Feature","geometry":{"type":"LineString","coordinates":[[14.637883141,58.985717295],[14.605969579,59.001331474],[14.599862698,59.007087374],[14.590810358,59.023170535],[14.573631107,59.029240013],[14.554521121,59.04670611],[14.535060673,59.058986267],[14.530070465,59.068182479],[14.5297847,59.073776412],[14.534253796,59.081237516],[14.544460072,59.089158772],[14.548197117,59.110204492],[14.547303702,59.111746047],[14.539982157,59.112097495],[14.535361473,59.118035194],[14.523427828,59.122132007],[14.516060861,59.131723003],[14.511026528,59.134326486],[14.510524557,59.137665382],[14.501066343,59.142730381],[14.499226466,59.146638845],[14.500362398,59.159853672],[14.499264676,59.163172263],[14.489277705,59.171440433],[14.482726297,59.180143641],[14.466480386,59.189651267],[14.45853627,59.209438516],[14.445978952,59.217055019],[14.441828083,59.227751056]]},"properties":{"segment_id":"205005","code":1,"text":"Normalt","info":["Torrt"],"road":"Väg 205","updated":"2026-05-26T10:37:54.267Z","lan":18}},{"type":"Feature","geometry":{"type":"LineString","coordinates":[[14.441582646,59.227758984],[14.435352411,59.229420434],[14.429141526,59.235131893],[14.433539601,59.238357161],[14.435956498,59.245902312],[14.441734069,59.253883946],[14.44055566,59.263730484],[14.441533958,59.271475855],[14.46203378,59.284323378],[14.483011565,59.292140476],[14.502194076,59.305712722],[14.504993243,59.310078869],[14.503607251,59.31840738],[14.507964909,59.324440743]]},"properties":{"segment_id":"205010","code":1,"text":"Normalt","info":["Torrt"],"road":"Väg 205","updated":"2026-05-26T10:37:54.278Z","lan":18}},{"type":"Feature","geometry":{"type":"LineString","coordinates":[[16.390627214,56.957307537],[16.392727825,56.965567984],[16.42856118,57.019502962],[16.440760258,57.056792977],[16.446727972,57.061000856],[16.468946838,57.06783115],[16.479494106,57.075901011],[16.4826066,57.079485019],[16.487698707,57.091284348],[16.498906691,57.106864886],[16.499078401,57.11316103],[16.497370877,57.11627213],[16.489081803,57.123720214],[16.476511603,57.130786936],[16.472832884,57.135088851],[16.465851701,57.149509883],[16.448258763,57.159956479],[16.444071088,57.165781731],[16.444389407,57.180728133],[16.438363705,57.194255938],[16.43473605,57.214655999],[16.437234599,57.231643761],[16.433193388,57.239784797],[16.423336746,57.249743624],[16.422006929,57.254807841],[16.426289837,57.263114674],[16.446703883,57.277570659]]},"properties":{"segment_id":"22047","code":1,"text":"Normalt","info":["Torrt"],"road":"E 22","updated":"2026-08-25T08:09:21.537Z","lan":8}},{"type":"Feature","geometry":{"type":"LineString","coordinates":[[15.22873418,59.296853996],[15.230274643,59.327357178],[15.238954251,59.342176875],[15.236342879,59.353469743],[15.220702209,59.368745486],[15.218569366,59.379076257],[15.213294808,59.388334531],[15.201520327,59.397719514],[15.18612751,59.403723124],[15.178969603,59.412363009],[15.177846619,59.423302287],[15.16399232,59.433620556],[15.141908156,59.442904846],[15.130759001,59.459816896],[15.134682925,59.479443201],[15.15512423,59.502660731],[15.184095146,59.519263025],[15.197242706,59.531223108],[15.207947078,59.544110693],[15.217359689,59.550201745],[15.220426303,59.553896341],[15.219916064,59.559752097],[15.216639309,59.564732421],[15.208044311,59.571355554],[15.19961139,59.582000845],[15.187985396,59.589516223],[15.184272705,59.593903663],[15.183799223,59.598017095],[15.185546156,59.603222937],[15.183968792,59.609600837],[15.189188166,59.617630344]]},"properties":{"segment_id":"50025","code":1,"text":"Normalt","info":["Torrt"],"road":"Väg 50","updated":"2026-05-26T10:37:54.293Z","lan":18}},{"type":"Feature","geometry":{"type":"LineString","coordinates":[[15.526468747,59.154538979],[15.526249987,59.171037224],[15.523765778,59.179030995],[15.524735161,59.190908375],[15.513405271,59.203382679],[15.50104031,59.207939129],[15.497206552,59.212848221],[15.476167631,59.21631259],[15.474415477,59.218797608],[15.466969821,59.221303162],[15.438544837,59.220530985],[15.41350366,59.224232112],[15.412047786,59.229903389],[15.408605869,59.232213234],[15.406199329,59.237626986],[15.398854287,59.245022625],[15.388909773,59.250773235],[15.325580755,59.254682877],[15.304666169,59.261172415],[15.238284835,59.261625146]]},"properties":{"segment_id":"207000","code":1,"text":"Normalt","info":["Torrt"],"road":"Väg 207","updated":"2026-05-26T10:37:54.337Z","lan":18}},{"type":"Feature","geometry":{"type":"LineString","coordinates":[[15.189206294,59.617702157],[15.187876357,59.620766184],[15.17134299,59.632166236],[15.129128132,59.647255714],[15.114751937,59.650420973],[15.108271644,59.654485328],[15.09880652,59.663912542],[15.10056914,59.671678666],[15.096120039,59.692667571],[15.104394182,59.702862175],[15.126923887,59.716500412],[15.133571995,59.725347762],[15.136758213,59.734889847],[15.135927985,59.740682573],[15.143843487,59.74879173],[15.148308201,59.764519047],[15.147715311,59.771353186],[15.152755126,59.787124552],[15.153091979,59.79843841],[15.151170367,59.803029182],[15.137727817,59.814932848],[15.118238077,59.824209685],[15.108528442,59.832703682],[15.083396313,59.84067783],[15.064644399,59.850224576],[15.060759723,59.853584747],[15.057869961,59.864936083],[15.039899338,59.873248736],[15.021619061,59.886201338],[15.017317115,59.893888351]]},"properties":{"segment_id":"50030","code":1,"text":"Normalt","info":["Torrt"],"road":"Väg 50","updated":"2026-05-26T10:37:54.305Z","lan":18}},{"type":"Feature","geometry":{"type":"LineString","coordinates":[[15.017353105,59.894364255],[15.022404646,59.911909232],[15.022113363,59.930990444],[15.026305404,59.937975611],[15.020605559,59.951849701],[15.019329784,59.974504701],[15.020734,59.985513098],[15.01369549,59.995777327],[14.988234682,60.012227512],[14.968410822,60.037060808],[14.968444389,60.039503161],[14.975926495,60.04352742],[14.982888578,60.049822922],[14.984843839,60.053899714]]},"properties":{"segment_id":"50035","code":1,"text":"Normalt","info":["Torrt"],"road":"Väg 50","updated":"2026-05-26T10:37:54.325Z","lan":18}},{"type":"Feature","geometry":{"type":"LineString","coordinates":[[15.873520011,59.426357182],[15.835677737,59.425590018],[15.785542564,59.422075534],[15.775864744,59.418864506],[15.764690149,59.409357259],[15.752479179,59.40445304],[15.712905074,59.398739097],[15.646316115,59.379095473],[15.599638938,59.37500776]]},"properties":{"segment_id":"18030","code":1,"text":"Normalt","info":["fläckvis Våt","fläckvis Torrt"],"road":"E 18","updated":"2026-06-01T17:41:17.922Z","lan":19}},{"type":"Feature","geometry":{"type":"LineString","coordinates":[[15.441426499,59.920061968],[15.40979668,59.91938283],[15.396785712,59.917168768],[15.391156392,59.912956249],[15.3919681,59.907485329],[15.389950039,59.90310034],[15.384420054,59.901015379],[15.373268903,59.902870261],[15.362292589,59.901194779],[15.350217313,59.903687788],[15.328985045,59.898776832],[15.316958853,59.89908466],[15.305896135,59.895339418],[15.29671723,59.896159572],[15.281862377,59.893713841],[15.272619636,59.895484276],[15.252519215,59.891519479],[15.245339905,59.892116702],[15.211068335,59.901128533],[15.198952,59.901623285],[15.193868806,59.900490471],[15.185021237,59.894136772],[15.169624317,59.892226907],[15.150960801,59.882812221],[15.141914238,59.881223933],[15.137072513,59.876766276],[15.133228903,59.87594411],[15.126393866,59.877504287],[15.115628866,59.884374461],[15.111738822,59.891112385],[15.096879296,59.900004783],[15.0907178,59.901903821],[15.07142852,59.892792606],[15.061774826,59.881223012],[15.056947392,59.878845638],[15.04707439,59.869932955],[15.037039515,59.871256136],[15.022536084,59.868385993],[14.994391457,59.876155015]]},"properties":{"segment_id":"233010","code":1,"text":"Normalt","info":["Torrt"],"road":"Väg 233","updated":"2026-05-26T10:37:54.354Z","lan":18}},{"type":"Feature","geometry":{"type":"LineString","coordinates":[[15.61263582,56.534970517],[15.611810453,56.546303855],[15.609329048,56.551805475],[15.594919832,56.570670447],[15.584986952,56.578767491],[15.548793643,56.619882582],[15.548654389,56.624887395],[15.555471119,56.635153042],[15.556742788,56.639585546],[15.549587655,56.666668628],[15.528678907,56.687090178],[15.523052741,56.70282708],[15.510998581,56.713577102],[15.500501342,56.726412959],[15.486383601,56.73540793]]},"properties":{"segment_id":"28005","code":1,"text":"Normalt","info":["Torrt"],"road":"Väg 28","updated":"2026-08-25T08:09:21.596Z","lan":8}},{"type":"Feature","geometry":{"type":"LineString","coordinates":[[14.895240485,58.877720661],[14.853075156,58.861666769],[14.845572263,58.860831781],[14.824466961,58.8623226],[14.811296235,58.867755418],[14.792811209,58.867969587],[14.783957316,58.869697376],[14.745326469,58.890471588],[14.737463491,58.893168074],[14.73374311,58.896339683],[14.720728794,58.900524241],[14.721482411,58.903929602],[14.710514954,58.911934376],[14.700843527,58.912056061],[14.688541391,58.907392911],[14.681967241,58.906847042],[14.665127293,58.910612412],[14.66151526,58.916036417],[14.66117682,58.920454101],[14.655047183,58.92388654],[14.653874695,58.931714686],[14.633642607,58.942651502],[14.626538283,58.950426538],[14.625702468,58.955381526],[14.63313459,58.965955228],[14.629371412,58.974727708],[14.623902895,58.981761842]]},"properties":{"segment_id":"205000","code":1,"text":"Normalt","info":["Torrt"],"road":"Väg 205","updated":"2026-05-26T10:37:54.365Z","lan":18}},{"type":"Feature","geometry":{"type":"LineString","coordinates":[[15.768230394,59.412443715],[15.701542744,59.416456132],[15.693492768,59.418286231],[15.681344973,59.417048028],[15.633166819,59.426190033],[15.600655367,59.427511045],[15.597154182,59.428865163],[15.593366089,59.432977434],[15.59408689,59.435883767],[15.592639999,59.438835868],[15.59565901,59.444084572],[15.592546224,59.448597836],[15.556088677,59.46556007],[15.540677806,59.469549072],[15.528824123,59.46874445],[15.502678046,59.462022692],[15.455613283,59.458585223],[15.436265569,59.460312569],[15.404589522,59.469924405],[15.381136854,59.479343158],[15.37803445,59.482890314],[15.375230221,59.494276127],[15.374988604,59.502745003],[15.37235227,59.505554307],[15.356316369,59.509325682],[15.34009179,59.515771616],[15.272916208,59.530009582],[15.252970169,59.538787146],[15.239687384,59.548330868],[15.223567233,59.555354741]]},"properties":{"segment_id":"249000","code":1,"text":"Normalt","info":["fläckvis Våt","fläckvis Torrt"],"road":"Väg 249","updated":"2026-06-01T17:41:18.013Z","lan":19}},{"type":"Feature","geometry":{"type":"LineString","coordinates":[[14.506676395,59.324839989],[14.502993877,59.331543302],[14.515759812,59.340984773],[14.516350336,59.346438019],[14.512043108,59.353749909],[14.511086119,59.360373791],[14.502879336,59.37547457],[14.502022977,59.379871643],[14.503514889,59.383765788],[14.509905739,59.391001099],[14.516906143,59.416225746],[14.512178217,59.436243016],[14.513679599,59.443414806],[14.508083989,59.452320158],[14.503608422,59.455625898],[14.502127606,59.463962843],[14.493823805,59.469426808],[14.495894719,59.479672187],[14.499115199,59.48510857],[14.493476157,59.497371668],[14.493612556,59.51184814],[14.489452495,59.525230277],[14.490557946,59.533972205],[14.488071014,59.539404426],[14.48942095,59.54368421],[14.485130719,59.558268977],[14.486664701,59.567919562],[14.482286901,59.579854745],[14.483564896,59.585418418],[14.482636662,59.5905154],[14.476845298,59.605345319],[14.47842286,59.609877519],[14.476094369,59.61488804],[14.477613264,59.630070241],[14.476634553,59.634852651],[14.479593741,59.641877762],[14.483044974,59.64467519],[14.480994919,59.6556675],[14.491306508,59.662568536],[14.494382065,59.675197167],[14.505961545,59.681006344],[14.515079305,59.681686896],[14.522012504,59.679916357],[14.524800989,59.681129783],[14.525333117,59.692473251],[14.529361189,59.697848711],[14.52921186,59.702158491],[14.543153993,59.703949822],[14.544550651,59.705786554]]},"properties":{"segment_id":"205015","code":1,"text":"Normalt","info":["Torrt"],"road":"Väg 205","updated":"2026-05-26T10:37:54.386Z","lan":18}},{"type":"Feature","geometry":{"type":"LineString","coordinates":[[16.067071019,59.417626669],[16.070070375,59.420538849],[16.090451626,59.426315549],[16.082464158,59.433396023],[16.069456857,59.433494198],[16.053689894,59.437825352],[16.046186629,59.442645465],[16.042914553,59.446910541],[16.036268372,59.450456932],[16.020099195,59.456475519],[16.004240438,59.460064903],[15.996051341,59.464168875],[15.992255804,59.468319866],[15.990124839,59.476310833],[15.984662609,59.483922755],[15.993347206,59.497687208],[15.994007906,59.507542888],[15.970956829,59.51940872]]},"properties":{"segment_id":"250000","code":1,"text":"Normalt","info":["fläckvis Våt","fläckvis Torrt"],"road":"Väg 250","updated":"2026-06-01T17:41:18.029Z","lan":19}},{"type":"Feature","geometry":{"type":"LineString","coordinates":[[14.965054556,59.508755632],[14.963770646,59.503358337],[14.958861126,59.50242297],[14.95664009,59.498839252],[14.949260272,59.496941827],[14.940071369,59.489933569],[14.925129704,59.483603967],[14.907033644,59.471038329],[14.902605014,59.464605424],[14.901280384,59.459009884],[14.896737202,59.456312368],[14.880004867,59.45412491],[14.868040994,59.45991447],[14.86517109,59.462919846],[14.853614989,59.462880474],[14.847155067,59.459532511],[14.83444987,59.456616486],[14.83238091,59.45408148],[14.824552182,59.453541381],[14.814327596,59.449297654],[14.809246876,59.449568717],[14.806851567,59.45209757],[14.803091565,59.452648721],[14.769559546,59.440048745],[14.72599046,59.433768365],[14.677188722,59.412311117],[14.657181975,59.408219052],[14.635754032,59.399144936],[14.627525136,59.393176831],[14.601784708,59.385575421],[14.598341942,59.378991349],[14.589487852,59.370369709],[14.580397585,59.372693613],[14.571415656,59.371910075],[14.57340829,59.365962699],[14.570536011,59.349618166],[14.582643937,59.345957604],[14.57131408,59.336716051],[14.57071608,59.333957132],[14.572863612,59.328100047]]},"properties":{"segment_id":"243000","code":1,"text":"Normalt","info":["Torrt"],"road":"Väg 243","updated":"2026-05-26T10:37:54.400Z","lan":18}},{"type":"Feature","geometry":{"type":"LineString","coordinates":[[15.889616622,59.397654312],[15.885929989,59.406866544],[15.885465387,59.417412907],[15.88767983,59.422579667],[15.897353469,59.435176168]]},"properties":{"segment_id":"20027","code":1,"text":"Normalt","info":["fläckvis Våt","fläckvis Torrt"],"road":"E 20","updated":"2026-06-01T17:41:18.048Z","lan":19}},{"type":"Feature","geometry":{"type":"LineString","coordinates":[[15.970769425,59.519652586],[15.964854154,59.523557975],[15.951925447,59.536458885],[15.898238828,59.554987805],[15.880478813,59.568659845],[15.878966449,59.575144848],[15.876396702,59.578439898],[15.86575574,59.586000265],[15.860148934,59.587653657],[15.84179057,59.600659627]]},"properties":{"segment_id":"250003","code":1,"text":"Normalt","info":["fläckvis Våt","fläckvis Torrt"],"road":"Väg 250","updated":"2026-06-01T17:41:18.061Z","lan":19}},{"type":"Feature","geometry":{"type":"LineString","coordinates":[[15.133772622,59.467967697],[15.122609496,59.474677725],[15.093605098,59.478661886],[15.068607929,59.485960156],[15.019769042,59.50807633],[14.983145212,59.509585368],[14.969896953,59.506933908],[14.965938606,59.50806441],[14.961550635,59.513891172],[14.944739211,59.518473896],[14.913423864,59.518591621],[14.896519197,59.521865997],[14.83967582,59.522706689],[14.828598416,59.525314789],[14.808461714,59.535371328],[14.766942674,59.546187657],[14.758444552,59.549845041],[14.746105436,59.555892119],[14.740529987,59.560820142],[14.721203214,59.56992197],[14.708879383,59.580769818],[14.688404886,59.591166337],[14.67650841,59.594343326],[14.650979305,59.606885582],[14.640782581,59.615981593],[14.629140374,59.636692668],[14.604857619,59.643096229],[14.596232101,59.647937042],[14.584528181,59.650423833],[14.571387623,59.661076566],[14.560755129,59.666644829],[14.556623624,59.671695569],[14.548438273,59.691584936],[14.547269975,59.696546752],[14.548162394,59.702835695],[14.526169487,59.718778157],[14.518414904,59.736332389],[14.508965483,59.749973616]]},"properties":{"segment_id":"244000","code":1,"text":"Normalt","info":["Torrt"],"road":"Väg 244","updated":"2026-05-26T10:37:54.419Z","lan":18}},{"type":"Feature","geometry":{"type":"LineString","coordinates":[[15.283162839,59.134156967],[15.254173231,59.134091209],[15.179319482,59.118132071],[15.164596783,59.11102105],[15.13412429,59.101752301],[15.107044359,59.10057407],[15.087309032,59.103794887],[15.062411897,59.102929157]]},"properties":{"segment_id":"52020","code":1,"text":"Normalt","info":["Torrt"],"road":"Väg 52","updated":"2026-05-26T10:37:54.432Z","lan":18}},{"type":"Feature","geometry":{"type":"LineString","coordinates":[[22.196520942,66.641913035],[22.185763085,66.647260162],[22.172108173,66.659693179],[22.148902695,66.667961064],[22.126196829,66.674154929],[22.067355941,66.684675931],[22.011255248,66.697458063],[21.9416564,66.732797983],[21.901564065,66.747197233],[21.886949012,66.754456379],[21.874858298,66.764803929],[21.844551323,66.782489425],[21.821057483,66.793850391],[21.810910027,66.807316348],[21.797171712,66.816546258],[21.785283742,66.827119161],[21.771104535,66.831362184],[21.724385788,66.837572958],[21.684860762,66.849394672],[21.676741464,66.854290381],[21.669185608,66.86134285],[21.655099637,66.869508667],[21.643916869,66.880200374],[21.635486712,66.885872476],[21.595503853,66.901598078],[21.54499598,66.917216466],[21.529058705,66.925165839],[21.48897952,66.92946549],[21.449351452,66.937763647],[21.41864573,66.94660818],[21.394393288,66.956464716],[21.371102154,66.962341179],[21.364064752,66.965939647],[21.348409335,66.978288863],[21.336650037,66.984282191],[21.324981053,66.994793192],[21.309406167,67.001044369],[21.286777084,67.006952081],[21.277600638,67.015017614],[21.259241232,67.022003776],[21.247583874,67.031948471],[21.238179405,67.037065479],[21.205987212,67.046082739],[21.184218716,67.055605862],[21.147729075,67.064777107],[21.123269699,67.067658009],[21.089754787,67.075403171],[20.940305587,67.101785355],[20.900937471,67.105663148]]},"properties":{"segment_id":"10010","code":1,"text":"Normalt","info":["Torrt"],"road":"E 10","updated":"2026-06-11T18:06:39.626Z","lan":25}},{"type":"Feature","geometry":{"type":"LineString","coordinates":[[14.129676597,58.420345221],[14.139947972,58.414746959],[14.162195445,58.413502121],[14.171369143,58.410615698],[14.183607786,58.409814019],[14.193391213,58.402591663],[14.195519908,58.397781771],[14.202631871,58.389679654],[14.20190017,58.377396836],[14.207850298,58.367490795],[14.214224485,58.361422361],[14.216343471,58.35603721],[14.226268451,58.343693531],[14.226947489,58.340760541]]},"properties":{"segment_id":"201000","code":1,"text":"Normalt","info":["Torrt"],"road":"Väg 201","updated":"2026-04-29T21:25:58.073Z","lan":14}},{"type":"Feature","geometry":{"type":"LineString","coordinates":[[21.193444994,67.051886686],[21.241589319,67.055207935],[21.276899801,67.064878029],[21.321010308,67.069921273],[21.340338659,67.077295042],[21.380239553,67.07404015],[21.426780621,67.075804207],[21.459078195,67.074133972],[21.49102278,67.069957458],[21.545035379,67.070444178],[21.557354084,67.068241871],[21.588961683,67.055109881],[21.620381626,67.045880611],[21.6527712,67.039839218],[21.723261676,67.030368209],[21.76823558,67.030455993],[21.806644278,67.021960537],[21.810579724,67.020123751],[21.816149203,67.01303303],[21.822665779,67.011607676],[21.852892488,67.011916927],[21.891537248,67.00930301],[21.929515255,67.01316426],[21.952199966,67.006940741],[21.956897322,67.007960768],[21.970480319,67.016533802],[21.996036555,67.021944879],[22.010512519,67.030015969],[22.044454344,67.042488817],[22.056574883,67.044844673],[22.130092572,67.043007754],[22.16487348,67.051550649],[22.249706993,67.063850848],[22.266253279,67.063968803],[22.288922063,67.060619288],[22.303641194,67.056153095],[22.323006151,67.055819329],[22.387900456,67.066460207],[22.409810631,67.065871215],[22.495532625,67.074178831],[22.508415371,67.073632721],[22.522090789,67.070954226]]},"properties":{"segment_id":"394000","code":1,"text":"Normalt","info":["Torrt"],"road":"Väg 394","updated":"2026-06-11T18:06:39.685Z","lan":25}},{"type":"Feature","geometry":{"type":"LineString","coordinates":[[11.945666994,57.72742966],[11.942217561,57.732864956],[11.938150254,57.751155958],[11.940211103,57.756805262],[11.935533639,57.769742614],[11.937734919,57.782280074],[11.932089516,57.788129419],[11.926812369,57.790221525]]},"properties":{"segment_id":"2000040","code":1,"text":"Normalt","info":["Våt"],"road":"Tuvevägen väg 570","updated":"2026-02-21T06:50:30.357Z","lan":14}},{"type":"Feature","geometry":{"type":"LineString","coordinates":[[19.796437556,66.949529393],[19.796331184,66.952832812],[19.821267398,66.960331508],[19.832689747,66.967222877],[19.837987054,66.972385064],[19.837140139,66.977941428],[19.833848584,66.984030899],[19.834931962,66.989708264],[19.844413512,66.998304007],[19.854535242,67.014667619],[19.864091134,67.019186509],[19.885894581,67.021305279],[19.91032159,67.019535877],[19.937517819,67.021777682],[19.970099256,67.019493494],[19.978757796,67.02187558],[19.984783863,67.028576084],[19.996814713,67.033891526],[20.046085105,67.044576367],[20.076282334,67.041573045],[20.091857026,67.042568049],[20.09992642,67.045223789],[20.118942691,67.056054687],[20.130028447,67.058764897],[20.180111978,67.061819214],[20.227498848,67.06139315],[20.280124469,67.067958665],[20.358727501,67.083523156],[20.425286753,67.091057931],[20.4469678,67.09780429],[20.46115904,67.108260678],[20.467413783,67.115164199],[20.472474633,67.117807077],[20.495686758,67.124810226],[20.537443296,67.133623954],[20.576728625,67.134117003],[20.662254378,67.123584932],[20.668829802,67.126564441],[20.671836868,67.131678055],[20.669918182,67.134932735],[20.660505311,67.137913681],[20.66380716,67.147040429],[20.665707679,67.147737983],[20.667029447,67.146466856],[20.702729601,67.143915447],[20.71186825,67.140959755],[20.729323989,67.143789843],[20.766760803,67.14407804],[20.809256408,67.148818519],[20.904714357,67.137540287]]},"properties":{"segment_id":"45117","code":1,"text":"Normalt","info":["Torrt"],"road":"E 45","updated":"2026-06-11T18:06:39.710Z","lan":25}},{"type":"Feature","geometry":{"type":"LineString","coordinates":[[20.901150209,67.106060425],[20.904328398,67.11659394],[20.901681408,67.130449718],[20.907738212,67.140714555],[20.937318711,67.157488107],[20.940382158,67.160606466],[20.94330315,67.167367782],[20.967931853,67.181521411],[20.982602547,67.199836624],[21.011460953,67.208756997],[21.018545764,67.213118711],[21.019319097,67.216295363],[21.017577821,67.220098061],[21.006346607,67.229435589],[21.001645889,67.238887195],[21.002681159,67.242279172],[21.020763531,67.252423277],[21.030625407,67.26359633],[21.041446518,67.271797124],[21.072003591,67.285959174],[21.07910491,67.291714532],[21.084538323,67.303999236],[21.081086811,67.313892564],[21.082797875,67.323175648],[21.078640875,67.328295508],[21.078608125,67.330458131],[21.082194252,67.335095211],[21.093695919,67.340728569],[21.094697487,67.348669784],[21.097637425,67.3538626],[21.093629385,67.366244915],[21.078673598,67.375889706],[21.077176733,67.379188426],[21.08052691,67.382781017],[21.097700808,67.387812763],[21.109026445,67.394740496],[21.11084855,67.399282362],[21.104492122,67.407080016]]},"properties":{"segment_id":"10013","code":1,"text":"Normalt","info":["Torrt"],"road":"E 10","updated":"2026-06-11T18:06:39.730Z","lan":25}},{"type":"Feature","geometry":{"type":"LineString","coordinates":[[15.266626512,56.552222133],[15.294906462,56.55121493],[15.324045748,56.555769255],[15.348253719,56.554086651],[15.389257341,56.561341075],[15.426618469,56.586239513],[15.44660933,56.595674617],[15.479650512,56.628927824],[15.486175867,56.631885246],[15.518703741,56.630028988],[15.534795901,56.626834393],[15.548369739,56.627736638],[15.585829598,56.62272347],[15.625298144,56.629413358],[15.644740541,56.630149702],[15.668594147,56.637858132],[15.674488678,56.640180209],[15.690370161,56.650919182],[15.699669771,56.659896445],[15.70167183,56.664044885],[15.7206393,56.679057055],[15.721729301,56.681431566],[15.720853446,56.690268131],[15.730179831,56.70733773]]},"properties":{"segment_id":"12094","code":1,"text":"Normalt","info":["Torrt"],"road":"Väg 120","updated":"2026-08-25T08:09:20.804Z","lan":8}},{"type":"Feature","geometry":{"type":"LineString","coordinates":[[18.694076303,68.406842325],[18.688871605,68.417565619],[18.683329205,68.420840689],[18.673113388,68.423598519],[18.6715951,68.430188969],[18.66981125,68.431683264],[18.644441176,68.435435756],[18.629723655,68.44110012],[18.618223642,68.442948042],[18.592011082,68.442444087],[18.588145263,68.440551072],[18.588487122,68.435469072],[18.58696752,68.434199323],[18.571057849,68.433938028],[18.558799629,68.43034626],[18.517614315,68.432017007],[18.478125975,68.429510994],[18.459294453,68.430054284],[18.423248298,68.426027354],[18.413037344,68.429029021],[18.404744779,68.429548299],[18.381932604,68.426320283],[18.325360657,68.427400962],[18.294000419,68.423504828],[18.270908893,68.428483821],[18.261901088,68.432862148],[18.253613065,68.434289665],[18.199359164,68.43067594],[18.182913046,68.42668878],[18.166084777,68.425858912],[18.127004366,68.427465118],[18.119388731,68.429564658],[18.115717401,68.433206548],[18.106722034,68.43523239]]},"properties":{"segment_id":"10025","code":1,"text":"Normalt","info":["Våt"],"road":"E 10","updated":"2026-06-12T07:02:11.059Z","lan":25}},{"type":"Feature","geometry":{"type":"LineString","coordinates":[[15.998452954,56.413259783],[16.012858539,56.4253265],[16.032174682,56.432130606],[16.042418001,56.439044208],[16.056494856,56.445421248],[16.063439175,56.446628814],[16.070184102,56.444189842]]},"properties":{"segment_id":"13090","code":1,"text":"Normalt","info":["Torrt"],"road":"Väg 130","updated":"2026-08-25T08:09:21.450Z","lan":8}},{"type":"Feature","geometry":{"type":"LineString","coordinates":[[16.001526855,56.2988296],[16.01580942,56.312127944],[16.032398717,56.321847387],[16.04686982,56.333640119],[16.048485695,56.337121634],[16.047571743,56.343320046],[16.048834417,56.349832489],[16.061174711,56.357769042],[16.062695339,56.36588745],[16.068509113,56.372908678],[16.070234504,56.379587621],[16.066533229,56.393752887],[16.070047539,56.410461602],[16.067719324,56.417606723],[16.077730873,56.430566293],[16.075868255,56.435811683],[16.079072604,56.444157807],[16.07875319,56.465517688],[16.085381939,56.492486411],[16.086388636,56.50497553],[16.084086224,56.543279908],[16.087927819,56.560973301],[16.090463045,56.565389562],[16.11434593,56.58011051],[16.137571653,56.608651507],[16.148364755,56.615883921],[16.204516013,56.632181597],[16.234026557,56.646259248],[16.258170146,56.662136385],[16.289512742,56.669794305],[16.314032384,56.669573926],[16.324700771,56.674106096],[16.327891376,56.677118002],[16.32840879,56.680688478]]},"properties":{"segment_id":"22040","code":1,"text":"Normalt","info":["Torrt"],"road":"E 22","updated":"2026-08-25T08:09:21.497Z","lan":8}},{"type":"Feature","geometry":{"type":"LineString","coordinates":[[16.328396267,56.680796431],[16.325379012,56.685518693],[16.317068927,56.692525198],[16.31329884,56.698674709],[16.312481047,56.70473912],[16.316266191,56.722857561],[16.306551425,56.741953662],[16.305231843,56.751051101],[16.309676733,56.758470842],[16.33976781,56.781709316],[16.346867661,56.790285211],[16.362674926,56.802719228],[16.368099171,56.810458674],[16.369538526,56.818035029],[16.366462581,56.834349136],[16.378081535,56.851247536],[16.378989452,56.859880836],[16.382192344,56.869342294],[16.38248831,56.884918521],[16.378884049,56.902029264],[16.385273408,56.917600928],[16.385651383,56.932232747],[16.389661305,56.943284281],[16.390554773,56.95712865]]},"properties":{"segment_id":"22045","code":1,"text":"Normalt","info":["Torrt"],"road":"E 22","updated":"2026-08-25T08:09:21.520Z","lan":8}},{"type":"Feature","geometry":{"type":"LineString","coordinates":[[15.932118757,56.736384917],[15.925416264,56.750342589],[15.919936195,56.754282329],[15.907888849,56.755888968],[15.89380714,56.751768081],[15.89010996,56.752405458],[15.872027486,56.75896595],[15.861409455,56.769569267],[15.849999352,56.772908814],[15.844546883,56.7763868],[15.831355501,56.7807429],[15.812626478,56.783480697],[15.796155699,56.789408619],[15.787594391,56.794098765],[15.785960802,56.80835787],[15.775884763,56.819282679],[15.759213053,56.823625668],[15.735708044,56.834843717],[15.704421624,56.844502259],[15.683624516,56.859243727],[15.676382625,56.868716286],[15.665279359,56.876241544],[15.629499222,56.887252515],[15.610584121,56.895809157],[15.596926096,56.898902689],[15.575535482,56.901114217],[15.556103694,56.906035467],[15.523231207,56.908468252],[15.494761054,56.91378577],[15.484742368,56.913771116],[15.465791211,56.909962189],[15.454420236,56.909393147],[15.385268608,56.915815164],[15.365758316,56.921066333]]},"properties":{"segment_id":"31000","code":1,"text":"Normalt","info":["Torrt"],"road":"Väg 31","updated":"2026-08-25T08:09:21.616Z","lan":8}},{"type":"Feature","geometry":{"type":"LineString","coordinates":[[16.307503124,56.758996799],[16.284412659,56.779784833]]},"properties":{"segment_id":"125005","code":1,"text":"Normalt","info":["Torrt"],"road":"Väg 125","updated":"2026-08-25T08:09:21.630Z","lan":8}},{"type":"Feature","geometry":{"type":"LineString","coordinates":[[16.515644283,56.672557506],[16.508808858,56.668956583],[16.500592066,56.667106089],[16.466679523,56.666602659],[16.452894799,56.667977255],[16.365506304,56.684573102],[16.355241945,56.684694193],[16.341935234,56.682358428],[16.32762391,56.682970028]]},"properties":{"segment_id":"137000","code":1,"text":"Normalt","info":["Torrt"],"road":"Väg 137","updated":"2026-08-25T08:09:21.642Z","lan":8}},{"type":"Feature","geometry":{"type":"LineString","coordinates":[[15.486961569,56.734597114],[15.516515612,56.737074553],[15.568058872,56.726383938],[15.598854582,56.722727018],[15.660416223,56.718454043],[15.683669813,56.719550504],[15.714813962,56.715323917],[15.726678922,56.708750745],[15.739057817,56.706943994],[15.757532264,56.708611932],[15.793039147,56.720816239],[15.825203186,56.726357364],[15.84739231,56.733449814],[15.872298189,56.733951849],[15.887304307,56.727736615],[15.906752003,56.725674015],[15.924877955,56.728433798],[15.933116913,56.734445816]]},"properties":{"segment_id":"25023","code":1,"text":"Normalt","info":["Torrt"],"road":"Väg 25","updated":"2026-08-25T08:09:21.657Z","lan":8}},{"type":"Feature","geometry":{"type":"LineString","coordinates":[[15.933182507,56.734454309],[15.983565534,56.727104059],[16.000561666,56.726465658],[16.087117993,56.706801369],[16.098800871,56.701326119],[16.109741052,56.691813301],[16.118508645,56.688491443],[16.141070431,56.687900478],[16.157579432,56.683210899],[16.190333597,56.680341547],[16.213823755,56.676314288],[16.234060302,56.669260022],[16.255429625,56.664113755],[16.268782115,56.664283901],[16.282359919,56.667720786]]},"properties":{"segment_id":"25025","code":1,"text":"Normalt","info":["Torrt"],"road":"Väg 25","updated":"2026-08-25T08:09:21.677Z","lan":8}},{"type":"Feature","geometry":{"type":"LineString","coordinates":[[14.460881436,58.005251887],[14.488089872,58.028951467],[14.510112843,58.056577349],[14.528767168,58.068306493],[14.549421121,58.091860328],[14.558440513,58.107296079],[14.572580329,58.146595543],[14.580574876,58.157265683],[14.583719443,58.16737167],[14.587127367,58.172511415],[14.602624161,58.183814923],[14.616384094,58.199350743],[14.642169398,58.210087052],[14.650247813,58.219252928],[14.657250911,58.22382569],[14.675057539,58.229503812]]},"properties":{"segment_id":"4045","code":1,"text":"Normalt","info":["Torrt"],"road":"E 4","updated":"2026-04-16T14:02:54.169Z","lan":5}},{"type":"Feature","geometry":{"type":"LineString","coordinates":[[16.284412659,56.779784833],[16.228661159,56.803598615],[16.200038959,56.810399937],[16.192266244,56.813735823],[16.17986369,56.825659336],[16.16725298,56.848526575],[16.154846077,56.856143934],[16.147290263,56.865395644],[16.135317283,56.871946849],[16.123555914,56.875844589],[16.106008548,56.878939049],[16.080715371,56.887821266],[16.064928958,56.889663818],[16.045068816,56.897926299],[16.040504955,56.903840065],[16.035134191,56.907352569],[16.020050051,56.91364872],[15.998555999,56.915089033],[15.987403748,56.918214261],[15.964427131,56.919004546],[15.938709815,56.927133243],[15.9238294,56.929346346],[15.914577325,56.933322424]]},"properties":{"segment_id":"125015","code":1,"text":"Normalt","info":["Torrt"],"road":"Väg 125","updated":"2026-08-25T08:09:21.693Z","lan":8}},{"type":"Feature","geometry":{"type":"LineString","coordinates":[[11.953409038,57.690109672],[11.952103845,57.68526967],[11.940155418,57.67592122],[11.933332619,57.649250179]]},"properties":{"segment_id":"2000010","code":1,"text":"Normalt","info":["Våt"],"road":"Dag Hammarsköldsleden","updated":"2026-02-21T06:50:25.252Z","lan":14}},{"type":"Feature","geometry":{"type":"LineString","coordinates":[[11.95587841,57.779625595],[11.949899273,57.770727567],[11.94968747,57.761473938],[11.945423291,57.760193726],[11.94934687,57.750158965]]},"properties":{"segment_id":"2000060","code":1,"text":"Normalt","info":["Våt"],"road":"Lillhagsvägen väg 571","updated":"2026-02-21T06:50:25.297Z","lan":14}},{"type":"Feature","geometry":{"type":"LineString","coordinates":[[11.968403894,57.726960756],[11.973255644,57.728209359],[11.975448239,57.731326628],[11.972468645,57.736216668],[11.974082788,57.742438888],[11.981253026,57.750779985],[11.980694176,57.754253917],[11.978499504,57.755972154]]},"properties":{"segment_id":"2000070","code":1,"text":"Normalt","info":["Våt"],"road":"Litteraturgatan väg 574","updated":"2026-02-21T06:50:25.316Z","lan":14}},{"type":"Feature","geometry":{"type":"LineString","coordinates":[[13.816568991,58.675103571],[13.829129132,58.677508798],[13.85228818,58.688091414],[13.872499946,58.703799596],[13.877384582,58.713982758],[13.887621126,58.725927534],[13.916420779,58.732819391],[13.939713236,58.740512831],[13.967320958,58.757460804],[13.972702154,58.762551469],[13.982646611,58.765971463],[14.007011577,58.779175666],[14.026894396,58.797389049],[14.035010959,58.799246299],[14.057381465,58.798845793],[14.104343458,58.805808543],[14.127077262,58.811056742],[14.148436572,58.821797417],[14.173427451,58.828255731],[14.188346487,58.833918772],[14.199364325,58.849677833],[14.213739077,58.859295221],[14.270956543,58.879461153],[14.298795346,58.884662567],[14.335155215,58.899242372]]},"properties":{"segment_id":"20015","code":1,"text":"Normalt","info":["Torrt"],"road":"E 20","updated":"2026-04-27T00:20:39.102Z","lan":14}},{"type":"Feature","geometry":{"type":"LineString","coordinates":[[13.88729802,58.420652962],[13.907249715,58.425423494],[13.919162839,58.432270105],[13.930879867,58.436131871],[13.934901645,58.439075556],[13.937794875,58.444246316],[13.954873411,58.454132221],[13.958683086,58.466127332],[13.954528924,58.472093565],[13.955006618,58.476795074],[13.96098766,58.489113114],[13.96989917,58.499945405],[13.971003726,58.510283562],[13.977942097,58.516635351],[13.979992026,58.521124672],[13.990135087,58.527833519],[13.997989725,58.536625477],[14.003359705,58.553795743],[14.007207411,58.559933211],[14.01010109,58.568856565],[14.004740713,58.571150451],[14.003901627,58.576479177],[14.00936927,58.595374311],[14.010587146,58.608910302]]},"properties":{"segment_id":"200000","code":1,"text":"Normalt","info":["Torrt"],"road":"Väg 200","updated":"2026-04-27T00:20:39.146Z","lan":14}},{"type":"Feature","geometry":{"type":"LineString","coordinates":[[14.010585624,58.608964181],[14.010854739,58.615280457],[14.013672197,58.620376804],[14.014552374,58.626419306],[14.028620094,58.638265442],[14.046168891,58.644136035],[14.070554783,58.645194667],[14.076902003,58.648859964],[14.113327633,58.689703918],[14.11596668,58.694491271],[14.126089985,58.704332271],[14.128231892,58.707023279],[14.12809486,58.709743757],[14.131045463,58.710482211],[14.132558958,58.736386093],[14.156959952,58.748152015],[14.187739146,58.755453875],[14.223697208,58.783041518],[14.22495561,58.787117624],[14.223617802,58.788923809],[14.223947854,58.793515248],[14.228517741,58.808245039],[14.226642517,58.813945917],[14.231493497,58.823971043],[14.230290136,58.829819659],[14.232124178,58.834608605],[14.230653901,58.839198255],[14.220890975,58.848067094],[14.215650502,58.86216287],[14.210803997,58.867908291],[14.203847095,58.871080898],[14.181656074,58.874480895],[14.16696501,58.88607165],[14.167114528,58.893562969],[14.163411291,58.896727399],[14.146573807,58.898979425],[14.121718788,58.899720091],[14.112015081,58.915344106],[14.09824272,58.927436406],[14.079860188,58.939368821],[14.07712442,58.944863838],[14.077406577,58.953173517],[14.075834803,58.956045286],[14.060601397,58.961962053]]},"properties":{"segment_id":"200005","code":1,"text":"Normalt","info":["Torrt"],"road":"Väg 200","updated":"2026-04-27T00:20:44.217Z","lan":14}},{"type":"Feature","geometry":{"type":"LineString","coordinates":[[11.656139882,58.460839892],[11.649546221,58.470824501],[11.636113812,58.477627406],[11.629762906,58.485343422],[11.624072726,58.488474479],[11.613302953,58.490149907],[11.590391044,58.487439254],[11.578892552,58.490413757],[11.554974115,58.512352911],[11.543864967,58.527137145],[11.524988718,58.541090205],[11.482764131,58.562178439],[11.464537806,58.567889137],[11.459136463,58.571111165],[11.45340062,58.576606975],[11.451224821,58.581095342],[11.456389613,58.596051995],[11.454159713,58.616359694]]},"properties":{"segment_id":"6070","code":1,"text":"Normalt","info":["Torrt"],"road":"E 6","updated":"2026-04-30T03:41:34.426Z","lan":14}},{"type":"Feature","geometry":{"type":"LineString","coordinates":[[14.132287846,58.712583279],[14.13541513,58.710385864],[14.170914591,58.70855343],[14.177641193,58.706575704],[14.191027034,58.696493415],[14.192298066,58.690034721],[14.211936709,58.682117952],[14.220987082,58.670730609],[14.233570486,58.663809551],[14.239937722,58.656392667],[14.251364964,58.657178149],[14.257297861,58.655371314],[14.273152867,58.658722084],[14.289184182,58.668807936],[14.297442457,58.670532787],[14.300276399,58.672802553],[14.307783768,58.673337107],[14.3103,58.674275693],[14.313814127,58.678848034],[14.328487675,58.682580803],[14.336672926,58.682973494],[14.344049341,58.680523437],[14.351089424,58.681268629],[14.35721318,58.674653135],[14.379596282,58.665880364],[14.384898,58.665357939],[14.3879573,58.661950624],[14.394037898,58.659213131],[14.39812351,58.653169883],[14.394985131,58.645314437],[14.396287507,58.639734138],[14.388395384,58.630014932],[14.387982752,58.621112398],[14.390251709,58.610453249],[14.403917226,58.595338699],[14.421682471,58.585351642],[14.44140164,58.584837076],[14.453615371,58.579186363],[14.49284036,58.57091356]]},"properties":{"segment_id":"202005","code":1,"text":"Normalt","info":["Torrt"],"road":"Väg 202","updated":"2026-04-27T00:20:44.252Z","lan":14}},{"type":"Feature","geometry":{"type":"LineString","coordinates":[[12.476442239,57.354659274],[12.48190926,57.35980131],[12.482212572,57.3662957],[12.484176278,57.368464796],[12.511276505,57.375995157],[12.516782184,57.379698497],[12.520421714,57.385180098],[12.520624721,57.392768664],[12.518763426,57.396173804],[12.519605524,57.399722071],[12.516794698,57.403620703],[12.515577688,57.410282613],[12.516967373,57.413859664],[12.521733416,57.417754799],[12.521495956,57.423977711],[12.522885137,57.426098871],[12.535877864,57.434540286],[12.563106623,57.443526007],[12.613725271,57.47571255],[12.653265347,57.480291778]]},"properties":{"segment_id":"41005","code":1,"text":"Normalt","info":["Torrt"],"road":"Väg 41","updated":"2026-04-29T15:26:17.734Z","lan":13}},{"type":"Feature","geometry":{"type":"LineString","coordinates":[[13.948551234,58.745929329],[13.943829808,58.751189943],[13.94829729,58.763495438],[13.954802484,58.769673815],[13.957176046,58.77471377],[13.964154842,58.780212868],[13.966694854,58.792529075],[13.986886864,58.822831315],[13.988791148,58.828208222],[13.990426631,58.8458248],[14.006025861,58.860855035],[14.008696789,58.869309145],[14.008632211,58.874598724],[14.020218213,58.89912551],[14.021477358,58.906158494],[14.032021259,58.922682727],[14.03483166,58.932134136],[14.050639867,58.947986349],[14.063914763,58.965452821],[14.080304362,58.976222031],[14.087282454,58.982037343],[14.089175694,58.986110175],[14.09411216,58.988291303]]},"properties":{"segment_id":"26055","code":1,"text":"Normalt","info":["Torrt"],"road":"Väg 26","updated":"2026-04-27T00:20:44.311Z","lan":14}},{"type":"Feature","geometry":{"type":"LineString","coordinates":[[13.876522092,58.394528385],[13.904658567,58.398580496],[13.926317394,58.397524282],[13.93405322,58.399142794],[13.969065259,58.400138877],[14.014132024,58.409394795],[14.03064008,58.409673421],[14.045387213,58.41305358],[14.088422193,58.416860888],[14.116859962,58.417365372],[14.12871938,58.420284826]]},"properties":{"segment_id":"49010","code":1,"text":"Normalt","info":["Torrt"],"road":"Väg 49","updated":"2026-04-27T00:20:59.378Z","lan":14}},{"type":"Feature","geometry":{"type":"LineString","coordinates":[[14.129633502,58.420704205],[14.148588238,58.430513996],[14.170399869,58.434375485],[14.180887634,58.441475704],[14.199930221,58.450793313],[14.225339263,58.455530014],[14.25745866,58.453654178],[14.266520442,58.454622457],[14.293341394,58.464733751],[14.342786483,58.477957116],[14.366609251,58.49006738],[14.378001386,58.490904494],[14.399505332,58.487279548],[14.447027168,58.493115552],[14.46162303,58.500021531],[14.46447618,58.507586924],[14.467947361,58.510690995],[14.502840051,58.519192603],[14.509329921,58.522837096],[14.511345895,58.52602422],[14.510756911,58.527629659]]},"properties":{"segment_id":"49020","code":1,"text":"Normalt","info":["Torrt"],"road":"Väg 49","updated":"2026-04-27T00:20:59.392Z","lan":14}},{"type":"Feature","geometry":{"type":"LineString","coordinates":[[12.798493015,58.042242928],[12.788847255,58.035741346],[12.783114911,58.023808423],[12.776705761,58.016841047],[12.761481334,58.009844289],[12.7483717,57.99891168],[12.724207376,57.989550332],[12.712382414,57.979184866],[12.704465354,57.974711282],[12.693497851,57.971161265],[12.653181861,57.962911577],[12.632815744,57.95076294],[12.607778178,57.947571439],[12.591721558,57.942811275],[12.576826619,57.934665629],[12.545839237,57.926810283]]},"properties":{"segment_id":"20007","code":1,"text":"Normalt","info":["Torrt"],"road":"E 20","updated":"2026-04-28T12:14:02.400Z","lan":14}},{"type":"Feature","geometry":{"type":"LineString","coordinates":[[12.796268006,58.043156826],[12.746997641,58.060075629],[12.706274434,58.06119942],[12.680319186,58.063559513],[12.685578623,58.070313249],[12.684401331,58.076446697],[12.672126554,58.083150512],[12.659675901,58.087028595],[12.658318009,58.089627328],[12.659072539,58.094942484],[12.653726045,58.104260655],[12.632272162,58.113720634],[12.601748506,58.108621197],[12.587812782,58.107845966],[12.575573133,58.112348993],[12.562700712,58.113639943],[12.552842968,58.117503476],[12.533880118,58.120390687]]},"properties":{"segment_id":"42005","code":1,"text":"Normalt","info":["Torrt"],"road":"Väg 42","updated":"2026-04-28T12:14:02.436Z","lan":14}},{"type":"Feature","geometry":{"type":"LineString","coordinates":[[12.569669633,57.869849755],[12.56072064,57.875249225],[12.558981782,57.882242663],[12.552992934,57.888453331],[12.548982022,57.896067777],[12.548885326,57.899965738],[12.553922263,57.907305401],[12.555470716,57.91457773],[12.550715892,57.922663143],[12.542745052,57.929823591],[12.545444492,57.934817943],[12.498047979,57.949744376],[12.484956473,57.950851779],[12.4762488,57.953303018],[12.463229314,57.953600899],[12.452772922,57.956842344],[12.444459084,57.963208256],[12.442806447,57.972403651],[12.437906356,57.974946867],[12.433215445,57.975265588]]},"properties":{"segment_id":"180005","code":1,"text":"Normalt","info":["Torrt"],"road":"Väg 180","updated":"2026-04-28T12:14:02.495Z","lan":14}},{"type":"Feature","geometry":{"type":"LineString","coordinates":[[12.0150349,57.764334465],[12.019645508,57.765935009],[12.019667734,57.767706095],[12.026639132,57.768831641],[12.0295172,57.771469632],[12.048954549,57.772382396],[12.072936347,57.778466179],[12.102560859,57.790660042],[12.131351666,57.792825046],[12.161501651,57.803650521],[12.176054036,57.811309068],[12.217092633,57.82545448],[12.247890911,57.827798331],[12.259742755,57.834327793],[12.275976389,57.837337637],[12.305268666,57.848513745],[12.314067692,57.856195167],[12.316072443,57.861647494],[12.320406917,57.86457886],[12.329142296,57.876625212],[12.328531766,57.889858412],[12.33844755,57.902036644],[12.342196467,57.917095505],[12.351703735,57.91938796],[12.360994398,57.927408456],[12.374604357,57.932327435],[12.381585927,57.937135408],[12.402096517,57.962852569],[12.427811165,57.970905943],[12.432200741,57.973609636]]},"properties":{"segment_id":"190000","code":1,"text":"Normalt","info":["Torrt"],"road":"Väg 190","updated":"2026-04-28T12:14:02.510Z","lan":14}},{"type":"Feature","geometry":{"type":"LineString","coordinates":[[12.43319061,57.975849179],[12.437332874,57.981081744],[12.440580665,57.989144713],[12.443879863,57.998879998],[12.444706448,58.007702859],[12.459984183,58.024785571],[12.464946271,58.034122021],[12.468533756,58.048552834],[12.465623919,58.055656646],[12.466462348,58.059375502],[12.47940617,58.067432119],[12.4830683,58.075870321],[12.489118664,58.083420979],[12.510862517,58.101504642],[12.530142745,58.114522612],[12.533634204,58.12001752]]},"properties":{"segment_id":"190005","code":1,"text":"Normalt","info":["Torrt"],"road":"Väg 190","updated":"2026-04-28T12:14:02.524Z","lan":14}},{"type":"Feature","geometry":{"type":"LineString","coordinates":[[15.738927943,57.869259989],[15.748591435,57.871907134],[15.767827155,57.881421592],[15.775380002,57.889963041],[15.779947934,57.89216275],[15.79413298,57.893655786],[15.811737481,57.890382622],[15.831241336,57.89135235],[15.845698853,57.896466833],[15.847662408,57.899615629],[15.846697141,57.906637492],[15.852554959,57.911008782],[15.86538089,57.913095864],[15.880375664,57.918912406],[15.905616422,57.918411645],[15.921192368,57.922844911],[15.939500051,57.92182159],[15.955888059,57.91402813],[15.977263558,57.909949037],[16.006697042,57.905146979],[16.016139733,57.906095838],[16.02184074,57.904217615],[16.0447058,57.903663336],[16.060710693,57.899371636]]},"properties":{"segment_id":"135000","code":1,"text":"Normalt","info":["Torrt"],"road":"Väg 135","updated":"2026-04-28T13:24:03.293Z","lan":5}},{"type":"Feature","geometry":{"type":"LineString","coordinates":[[16.001335709,58.202692448],[15.976575357,58.215594227],[15.960619814,58.233625935],[15.94428104,58.237205914],[15.935047093,58.241630216],[15.927756001,58.259216665],[15.924131971,58.262719033],[15.924819165,58.266199157],[15.923332569,58.269335708],[15.899121363,58.284634234],[15.885673694,58.306132464],[15.879237,58.309437366],[15.869484788,58.318872321],[15.861185149,58.323653012],[15.840993705,58.34690701],[15.81655255,58.370867425],[15.786328932,58.38477192],[15.7669624,58.397859144],[15.753510333,58.400849074],[15.72576419,58.398664975],[15.712119281,58.400762439],[15.680919752,58.399459017],[15.65279109,58.401258046],[15.643109684,58.411752757],[15.653946824,58.413772701],[15.656028863,58.418046347]]},"properties":{"segment_id":"35005","code":1,"text":"Normalt","info":["Torrt"],"road":"Väg 35","updated":"2026-04-28T13:24:03.307Z","lan":5}},{"type":"Feature","geometry":{"type":"LineString","coordinates":[[15.277808351,57.822898153],[15.295529207,57.824187501],[15.316976858,57.831770735],[15.325513918,57.837336146],[15.335868525,57.840632632],[15.34228876,57.846274357],[15.353751054,57.850437682],[15.36006927,57.857219547],[15.375051361,57.862233224],[15.382005585,57.872784691],[15.385316526,57.881298907],[15.384110504,57.885218847],[15.372514825,57.898924435],[15.374221262,57.902413526],[15.389213342,57.904865554],[15.404008947,57.913684876],[15.426001552,57.915220875],[15.433550121,57.918357108],[15.442257235,57.919503783],[15.468658111,57.931184944],[15.484817778,57.933693267],[15.497597191,57.938287726],[15.50051167,57.943827338],[15.505427128,57.948631377],[15.50704389,57.956655094],[15.514631771,57.964969138],[15.513966164,57.975148726],[15.518449558,57.980052802],[15.526665841,57.982264612],[15.540838469,57.982411739],[15.551675546,57.98557187],[15.574728271,57.982559557],[15.608913354,57.98314605],[15.629307946,57.981259314],[15.63271598,57.982742455],[15.632514134,57.986641784],[15.634172792,57.986714368]]},"properties":{"segment_id":"134005","code":1,"text":"Normalt","info":["Torrt"],"road":"Väg 134","updated":"2026-04-28T13:24:03.320Z","lan":5}},{"type":"Feature","geometry":{"type":"LineString","coordinates":[[13.681655054,55.634465299],[13.685358073,55.641532349],[13.704177309,55.657197961],[13.713397133,55.667835854],[13.717071822,55.68138064],[13.7161639,55.688703911],[13.717694537,55.698317184],[13.723668521,55.710304102],[13.718062209,55.721595258],[13.705949744,55.73304245],[13.700083374,55.742317152],[13.676796481,55.760607071],[13.673951969,55.768816731],[13.674230382,55.777051058],[13.677126779,55.783327634],[13.677109517,55.78807213],[13.666019003,55.807856585],[13.666361663,55.813701278],[13.658746504,55.835122225],[13.647615425,55.845289451]]},"properties":{"segment_id":"13005","code":1,"text":"Normalt","info":["Torrt"],"road":"Väg 13","updated":"2026-04-29T12:59:09.051Z","lan":12}},{"type":"Feature","geometry":{"type":"LineString","coordinates":[[15.634223048,57.98668717],[15.643031796,57.987496272],[15.647577364,57.985407281],[15.661919721,57.985486164],[15.668228986,57.991004266],[15.678474485,57.992557881],[15.685303542,57.991434417],[15.68819306,57.994814148],[15.701084132,57.996603118],[15.711037575,58.002898413],[15.719744587,58.005095054],[15.734237066,58.002191797],[15.752135289,58.001260886],[15.756306154,58.006490864],[15.766780333,58.009643883],[15.765491674,58.015867454],[15.768057989,58.019516806],[15.764334472,58.02271898],[15.765219372,58.024519121],[15.790486988,58.026412711],[15.80191839,58.031083922],[15.807071154,58.035066494],[15.816280857,58.037163559],[15.823349832,58.035977278],[15.829428157,58.039566722],[15.836516311,58.039924562],[15.844232704,58.045370877],[15.846168412,58.048430017],[15.831536048,58.064694702],[15.830571201,58.069129308],[15.825607002,58.07731756],[15.825518128,58.080812271],[15.84050738,58.090163722],[15.852708555,58.090415016],[15.867947764,58.085847895],[15.883176305,58.089929061],[15.895612296,58.090740513],[15.915736285,58.082423482],[15.924296753,58.080987359],[15.932689759,58.083558061],[15.944091508,58.084417256],[15.945454649,58.085943152],[15.945061021,58.090940324],[15.942907991,58.095483431],[15.947813064,58.100692803],[15.945835251,58.104812474],[15.954646643,58.115148466],[15.951702177,58.125670941],[15.956312335,58.129175527],[15.956325366,58.135364317],[15.959729946,58.138186169],[15.962575121,58.150470632],[15.957376493,58.158710674],[15.959973774,58.162391901],[15.960625255,58.169536972],[15.981556178,58.179581693],[15.988584373,58.179778958],[15.999724477,58.182889925],[16.023674365,58.184272023]]},"properties":{"segment_id":"134010","code":1,"text":"Normalt","info":["Torrt"],"road":"Väg 134","updated":"2026-04-28T13:24:03.335Z","lan":5}},{"type":"Feature","geometry":{"type":"LineString","coordinates":[[15.634495839,57.986811563],[15.635231346,57.991101437],[15.643313266,58.001309643],[15.645577496,58.01242724],[15.64922769,58.018669326],[15.65432204,58.020484608],[15.662017017,58.036585974],[15.665619768,58.052744238],[15.65795872,58.062736359],[15.649677181,58.084533764],[15.651660251,58.088197354],[15.666133233,58.098532884],[15.669620789,58.102673361],[15.671273311,58.108449191],[15.670706716,58.120748756],[15.680835487,58.139144414],[15.679870424,58.155344334],[15.681237541,58.161085594],[15.678089777,58.166249104],[15.673090198,58.181419364],[15.666817558,58.187883442],[15.668750436,58.209295509],[15.663646579,58.21940894],[15.653650837,58.226628117],[15.60523738,58.245126951],[15.594529853,58.259817732],[15.577536895,58.274347484],[15.565096729,58.291818876],[15.563926041,58.301865727],[15.566766086,58.309820048],[15.567619494,58.321546502],[15.555262998,58.339178051],[15.547168158,58.354715405],[15.542274132,58.38100774],[15.544119475,58.39090672],[15.557521859,58.404492276]]},"properties":{"segment_id":"23025","code":1,"text":"Normalt","info":["Torrt"],"road":"Väg 23","updated":"2026-04-28T13:24:03.349Z","lan":5}},{"type":"Feature","geometry":{"type":"LineString","coordinates":[[12.901708128,56.674256013],[12.922739522,56.677394435],[12.974786561,56.693132963],[13.00949533,56.698302385],[13.037538204,56.709314926],[13.067350083,56.707822048],[13.080118535,56.711173537],[13.101355874,56.713179361],[13.117108539,56.718711079],[13.131175365,56.721088434],[13.14637111,56.719491305],[13.159164389,56.722888875],[13.20093842,56.714675079],[13.244783236,56.714213192],[13.260748445,56.712055904],[13.280866942,56.713718893],[13.29931302,56.71771898],[13.317399824,56.718872056]]},"properties":{"segment_id":"25000","code":1,"text":"Normalt","info":["Torrt"],"road":"Väg 25","updated":"2026-04-29T04:29:38.569Z","lan":13}},{"type":"Feature","geometry":{"type":"LineString","coordinates":[[12.907025542,56.653137734],[12.915541328,56.649596242],[12.922359709,56.641002492],[12.937020542,56.628773392],[12.954644755,56.621542842],[12.956697173,56.61825164],[12.955379035,56.610978037],[12.961198058,56.604603417],[12.983998024,56.59012078],[13.018547101,56.573224886],[13.031219488,56.561187015],[13.056913081,56.544427752],[13.144824656,56.54131418],[13.161759011,56.536569641],[13.17397089,56.528159129],[13.186412292,56.525717467],[13.19430329,56.525940236],[13.209727805,56.529488237],[13.23006613,56.530246889],[13.254703625,56.522750797],[13.308485058,56.516099433],[13.339144523,56.508560799],[13.384165912,56.494633872],[13.418661994,56.48816801],[13.426313589,56.488516808],[13.446451505,56.494521103],[13.453646451,56.494152637]]},"properties":{"segment_id":"117010","code":1,"text":"Normalt","info":["Torrt"],"road":"Väg 15","updated":"2026-04-29T04:29:38.594Z","lan":13}},{"type":"Feature","geometry":{"type":"LineString","coordinates":[[13.914956394,55.560080883],[13.916365347,55.563615925],[13.92649459,55.571873467],[13.946960169,55.580533873],[13.960684044,55.582861562],[13.986275897,55.595072218],[14.001546142,55.622407152],[14.00150632,55.629595618],[14.005585663,55.641616036],[14.012779092,55.646823072],[14.029223449,55.653325287],[14.032888592,55.656795831],[14.031426881,55.680587948],[14.040938015,55.699407117],[14.044684815,55.702356719],[14.059198198,55.7082736],[14.083570061,55.714136892],[14.091332046,55.719181664],[14.095839827,55.727338054]]},"properties":{"segment_id":"19005","code":1,"text":"Normalt","info":["Torrt"],"road":"Väg 19","updated":"2026-04-29T12:59:09.074Z","lan":12}},{"type":"Feature","geometry":{"type":"LineString","coordinates":[[12.959742978,56.504327625],[13.012223412,56.501359524],[13.036100843,56.501514764],[13.069776906,56.490145007],[13.073920943,56.486902432],[13.078556978,56.477125377],[13.086594209,56.46842506],[13.108300717,56.459259377],[13.115551145,56.453124288],[13.117370808,56.448488083],[13.116733836,56.41610115],[13.128198058,56.405158756],[13.188234395,56.363087733],[13.200108558,56.35846215],[13.220894967,56.358762292],[13.243985732,56.350491963],[13.252244244,56.349323712]]},"properties":{"segment_id":"24000","code":1,"text":"Normalt","info":["Torrt"],"road":"Väg 24","updated":"2026-04-29T04:29:38.781Z","lan":13}},{"type":"Feature","geometry":{"type":"LineString","coordinates":[[13.843486451,55.429691487],[13.888390074,55.436191486],[13.909370051,55.436551027],[13.96263786,55.43042726],[13.969966259,55.431199092],[13.983784109,55.437748815],[14.009899766,55.443902822],[14.020266747,55.450420397],[14.020210631,55.453322497],[14.017560277,55.456257717],[14.018303964,55.457512768],[14.032472982,55.461399794],[14.040252747,55.467320032],[14.056365619,55.475496896],[14.092067057,55.484735005],[14.097825767,55.489648036],[14.105515778,55.49321801],[14.140116614,55.499001264],[14.16912554,55.507657346],[14.204797,55.521112491],[14.233923866,55.526887344],[14.260790037,55.529469596],[14.275820351,55.534870018]]},"properties":{"segment_id":"9005","code":1,"text":"Normalt","info":["Torrt"],"road":"Väg 9","updated":"2026-04-29T12:59:08.985Z","lan":12}},{"type":"Feature","geometry":{"type":"LineString","coordinates":[[14.336529028,55.544738765],[14.332206651,55.552901376],[14.346180561,55.557164105],[14.336687011,55.563591864],[14.333782471,55.568446417],[14.334212821,55.575817105],[14.323803226,55.586246545],[14.298112486,55.595411455],[14.293268543,55.608871286],[14.289217045,55.612576967],[14.261170518,55.62406579],[14.247363361,55.633542721],[14.229610701,55.638895888],[14.220984588,55.646083958],[14.219379177,55.648508899],[14.218860671,55.655397677],[14.222736404,55.661927964],[14.223070264,55.673961973],[14.230941445,55.678001193],[14.230268198,55.679892959],[14.201032639,55.697318195],[14.167469663,55.711166887],[14.126104043,55.721851126],[14.118533809,55.721500509],[14.095902677,55.72737446]]},"properties":{"segment_id":"9010","code":1,"text":"Normalt","info":["Torrt"],"road":"Väg 9","updated":"2026-04-29T12:59:09.001Z","lan":12}},{"type":"Feature","geometry":{"type":"LineString","coordinates":[[13.94588072,55.546808623],[13.962494528,55.547893953],[13.969480131,55.545032403],[14.01095496,55.547018624],[14.043886797,55.543272202],[14.068995603,55.551103671],[14.115989571,55.55840681],[14.136406432,55.556395735],[14.15941243,55.55701396],[14.16568319,55.555861677],[14.190297001,55.544596655],[14.240264054,55.534097587],[14.253179101,55.535668646],[14.30863392,55.535805385],[14.326474665,55.540478545],[14.348948929,55.549855406],[14.355368692,55.550805894]]},"properties":{"segment_id":"11015","code":1,"text":"Normalt","info":["Torrt"],"road":"Väg 11","updated":"2026-04-29T12:59:09.028Z","lan":12}},{"type":"Feature","geometry":{"type":"LineString","coordinates":[[12.887860062,56.96112192],[12.880359004,56.958811395],[12.875948171,56.953946984],[12.868697121,56.950175252],[12.863614867,56.944157694],[12.846156739,56.940973588],[12.825844027,56.940846619],[12.814590341,56.942959847],[12.803049096,56.94965899],[12.781299095,56.950946355],[12.751745701,56.946608191],[12.739804436,56.936615668],[12.706428996,56.923839988],[12.685674413,56.92064456],[12.650493464,56.92064407],[12.628534271,56.918404959],[12.610788111,56.914040829],[12.571135526,56.899499396],[12.546220528,56.900764913],[12.524184051,56.897472221],[12.500722731,56.902289388]]},"properties":{"segment_id":"150000","code":1,"text":"Normalt","info":["Torrt"],"road":"Väg 150","updated":"2026-04-29T14:08:22.694Z","lan":13}},{"type":"Feature","geometry":{"type":"LineString","coordinates":[[13.04585709,56.875145295],[13.05057063,56.883899197],[13.05021333,56.900211726],[13.051899475,56.905988891],[13.060952632,56.91257245],[13.066822203,56.925180426],[13.066106205,56.933301372],[13.085530745,56.955803775],[13.11713038,56.967066157],[13.167455312,56.971695292],[13.182226989,56.976475388],[13.199947187,56.978546656],[13.208991541,56.982099863],[13.226005809,56.996673749],[13.23323362,57.011251191],[13.242735074,57.017917175],[13.274654101,57.031173941],[13.305363088,57.040003329],[13.318552473,57.04904033],[13.350832706,57.062785194],[13.367564544,57.083615639],[13.369100018,57.091865755],[13.376154805,57.107177647],[13.383019509,57.115990613],[13.381535288,57.119727104]]},"properties":{"segment_id":"26003","code":1,"text":"Normalt","info":["Torrt"],"road":"Väg 26","updated":"2026-04-29T14:08:22.736Z","lan":13}},{"type":"Feature","geometry":{"type":"LineString","coordinates":[[12.48894456,56.903536052],[12.491732054,56.906791462],[12.500034295,56.907919498],[12.505698053,56.921270635],[12.533314088,56.949768262],[12.545131355,56.957127489],[12.559764208,56.960748068],[12.57528657,56.973254121],[12.584866542,56.992015118],[12.586156118,57.000829036],[12.598998726,57.015940131],[12.599410064,57.020036958],[12.596901434,57.027250047],[12.597523622,57.031908097],[12.609805117,57.049056028],[12.620153095,57.05895864],[12.635870283,57.060011208],[12.642971924,57.063506023],[12.648543001,57.064356626],[12.659903501,57.070985735],[12.662284218,57.076152461],[12.67238162,57.083017392],[12.672786163,57.088677352],[12.674959499,57.092456039],[12.674478112,57.095924836],[12.685135874,57.111398963],[12.705372881,57.117468387],[12.71033577,57.124577405],[12.71497497,57.127852165],[12.719162772,57.135791367]]},"properties":{"segment_id":"154000","code":1,"text":"Normalt","info":["Torrt"],"road":"Väg 154","updated":"2026-04-29T14:08:22.707Z","lan":13}},{"type":"Feature","geometry":{"type":"LineString","coordinates":[[12.719058505,57.136948692],[12.727515608,57.144578758],[12.729969842,57.152279429],[12.746503461,57.164250554],[12.767033662,57.173774465],[12.7949413,57.191575015],[12.807160907,57.196524697],[12.810617651,57.199092111],[12.812353292,57.203893888],[12.834044664,57.206974776],[12.835807926,57.210231101],[12.846641995,57.219259427],[12.860277031,57.241516596],[12.865866658,57.245170036],[12.866727032,57.250072878],[12.878355761,57.262912652],[12.878941232,57.265420551],[12.877179784,57.269227683]]},"properties":{"segment_id":"154003","code":1,"text":"Normalt","info":["Torrt"],"road":"Väg 154","updated":"2026-04-29T14:08:22.776Z","lan":13}},{"type":"Feature","geometry":{"type":"LineString","coordinates":[[12.627556867,57.491097108],[12.625696623,57.494045461],[12.606041383,57.50646106],[12.583233086,57.508775856],[12.546645744,57.520299785],[12.532573785,57.533783304],[12.531129589,57.5378438],[12.5343,57.544339932],[12.533766284,57.546549104],[12.530541864,57.550233317],[12.519333103,57.556762203],[12.504907877,57.57602308],[12.48472981,57.585058398],[12.47096611,57.585205874],[12.455055171,57.588543706],[12.448865638,57.594251019],[12.446324737,57.600651927],[12.437887795,57.605890922],[12.434673772,57.618712259]]},"properties":{"segment_id":"156010","code":1,"text":"Normalt","info":["Torrt"],"road":"156","updated":"2026-04-29T15:26:17.768Z","lan":13}},{"type":"Feature","geometry":{"type":"LineString","coordinates":[[13.574133159,58.161593159],[13.587614015,58.172253251],[13.588291535,58.183471547],[13.590602725,58.18652436],[13.605900179,58.195908879],[13.618517321,58.201336987],[13.630372292,58.21207352],[13.647709999,58.223432976],[13.674557147,58.236299303],[13.6855493,58.246716106],[13.705304657,58.260014606],[13.716446302,58.264860863],[13.749236582,58.274213477],[13.770288587,58.287146029],[13.796602932,58.295292024],[13.804554676,58.299794977]]},"properties":{"segment_id":"46010","code":1,"text":"Normalt","info":["Torrt"],"road":"Väg 46","updated":"2026-04-29T21:25:58.017Z","lan":14}},{"type":"Feature","geometry":{"type":"LineString","coordinates":[[13.838347346,58.031498546],[13.836625337,58.035507125],[13.804788637,58.052153881],[13.807574209,58.067208262],[13.805887621,58.070507121],[13.80132149,58.073716018],[13.777513509,58.082266022],[13.755770756,58.084759398],[13.737661875,58.089926101],[13.719257433,58.101770569],[13.693155599,58.10979686],[13.685793644,58.119377828],[13.677473794,58.124915115],[13.66284566,58.127879634],[13.646199032,58.134297486],[13.636451357,58.140050539],[13.57405745,58.16093655]]},"properties":{"segment_id":"47007","code":1,"text":"Normalt","info":["Torrt"],"road":"Väg 47","updated":"2026-04-29T21:25:58.028Z","lan":14}},{"type":"Feature","geometry":{"type":"LineString","coordinates":[[13.588054086,58.179166059],[13.577758766,58.180623772],[13.560691878,58.190547352],[13.560321629,58.207691785],[13.565513394,58.221593024],[13.563865282,58.225724645],[13.552725355,58.231258197],[13.542010703,58.239625299],[13.526491811,58.242106228],[13.515881931,58.24610664],[13.502724411,58.257128062],[13.488478914,58.272285487],[13.482794018,58.28561189],[13.471701157,58.296043866],[13.464032795,58.308034221],[13.45990737,58.310670552],[13.447945505,58.312933435],[13.434279901,58.318174727],[13.436863375,58.327719418],[13.435181255,58.33177718],[13.435738393,58.33965317],[13.430102819,58.351935895],[13.410791463,58.378961272],[13.410025974,58.382670762]]},"properties":{"segment_id":"184000","code":1,"text":"Normalt","info":["Torrt"],"road":"Väg 184","updated":"2026-04-29T21:25:58.084Z","lan":14}},{"type":"Feature","geometry":{"type":"LineString","coordinates":[[14.269030086,58.321157745],[14.277795289,58.322464985],[14.303179607,58.321698562],[14.317331297,58.324397553],[14.333345548,58.331667472],[14.338961052,58.340956883],[14.349699784,58.349607496],[14.352732256,58.356619694],[14.351613683,58.374757261],[14.352675411,58.390534621],[14.364830506,58.407067967],[14.375504909,58.413102249],[14.386945455,58.422543353],[14.395602726,58.425871757],[14.400736036,58.431105224],[14.399074639,58.440168925],[14.40230421,58.447701658],[14.404869411,58.464212838],[14.410945348,58.487296639],[14.409934788,58.489258962]]},"properties":{"segment_id":"195015","code":1,"text":"Normalt","info":["Torrt"],"road":"Väg 195","updated":"2026-04-29T21:25:58.116Z","lan":14}},{"type":"Feature","geometry":{"type":"LineString","coordinates":[[13.844561251,58.036253105],[13.850533703,58.04910764],[13.857383582,58.05903236],[13.862425043,58.072102462],[13.878373431,58.087388706],[13.89280745,58.116933114],[13.894743271,58.122941319],[13.896047117,58.138420663],[13.903945331,58.155546689],[13.904336549,58.170461084],[13.897302938,58.186245701],[13.886845823,58.200850362],[13.878533938,58.206526445],[13.848143151,58.221696937],[13.817845895,58.245044288],[13.810941346,58.260969177],[13.81007364,58.276177522],[13.805156838,58.286991541],[13.807857263,58.29748137],[13.805823173,58.300633217],[13.810315186,58.312190627],[13.813651556,58.315518178],[13.821146164,58.319593632],[13.836294894,58.323046828],[13.859152175,58.335360925],[13.863580454,58.339469336],[13.865175029,58.343543512],[13.865280148,58.359443199],[13.856433921,58.366101252],[13.854883039,58.371234272],[13.85846752,58.37564965],[13.872724576,58.381650356],[13.874810542,58.385423295],[13.873753474,58.393902264]]},"properties":{"segment_id":"26040","code":1,"text":"Normalt","info":["Torrt"],"road":"Väg 26","updated":"2026-04-29T21:25:58.136Z","lan":14}},{"type":"Feature","geometry":{"type":"LineString","coordinates":[[13.011690299,58.078113212],[13.0252817,58.072152436],[13.04004768,58.073135201],[13.043333429,58.065459256],[13.041996665,58.05674193],[13.058746775,58.05822026],[13.075293429,58.062559257],[13.095020143,58.076655526],[13.116957329,58.088050103],[13.136691223,58.092176426],[13.153709296,58.099692204],[13.179503601,58.104986503],[13.205155881,58.113929934],[13.232056384,58.119525464],[13.273907262,58.117412889],[13.28081371,58.11924007],[13.291010303,58.124704479],[13.313286567,58.127974712],[13.335586365,58.127549088]]},"properties":{"segment_id":"181002","code":1,"text":"Normalt","info":["Torrt"],"road":"Väg 181","updated":"2026-04-29T21:25:58.161Z","lan":14}},{"type":"Feature","geometry":{"type":"LineString","coordinates":[[11.353310767,58.720232751],[11.34888409,58.724871666],[11.336308849,58.730546317],[11.325399099,58.733507563],[11.311327747,58.734795198],[11.305683361,58.737150451],[11.296149992,58.74679216],[11.281074819,58.756758789],[11.273641673,58.773327836],[11.273864601,58.778674202],[11.278952643,58.789033584],[11.278028743,58.796845945],[11.28327881,58.807506406],[11.282735858,58.822926043],[11.276085444,58.835301762],[11.282499967,58.844044974],[11.283173985,58.848595185],[11.274262907,58.863386885],[11.275193113,58.87845347],[11.268113059,58.889045594],[11.271090093,58.898966324],[11.270768074,58.906139773],[11.260081177,58.918191584],[11.256019872,58.926155697],[11.256394854,58.944991027],[11.252160982,58.950019425],[11.234643485,58.962752245],[11.232479779,58.969494489],[11.231227752,58.986044185],[11.232203377,59.003719559],[11.23914653,59.014017057],[11.239276673,59.023513996],[11.245821445,59.032082399],[11.254685051,59.038128491],[11.257853416,59.042993605],[11.25637792,59.048533508],[11.249316974,59.05535908],[11.245852184,59.066306983],[11.252419418,59.090112888],[11.251933938,59.094557694]]},"properties":{"segment_id":"6080","code":1,"text":"Normalt","info":["Torrt"],"road":"E 6","updated":"2026-04-30T03:41:34.448Z","lan":14}},{"type":"Feature","geometry":{"type":"LineString","coordinates":[[12.549368322,57.662306666],[12.568052847,57.661211652],[12.620710609,57.670498336],[12.658290309,57.670534759],[12.711941254,57.68032257],[12.771340078,57.683853951],[12.785985495,57.686600047],[12.820774886,57.697312491],[12.851425164,57.710227178],[12.880901103,57.711712459],[12.926490633,57.717993243],[12.942547409,57.715541769],[12.954186862,57.716655857]]},"properties":{"segment_id":"40010","code":1,"text":"Normalt","info":["Torrt"],"road":"Väg 40","updated":"2026-04-30T14:21:39.454Z","lan":14}},{"type":"Feature","geometry":{"type":"LineString","coordinates":[[11.518092485,58.456731291],[11.469220426,58.454764452],[11.456635039,58.462399366],[11.452404552,58.459441707],[11.443042815,58.446678073],[11.435441456,58.444021667],[11.42485909,58.437640921],[11.40546203,58.429834469],[11.399111755,58.428748104],[11.384601609,58.418001234],[11.369681709,58.413479727],[11.356815948,58.41199048],[11.338138068,58.413857755],[11.331801439,58.411204126],[11.323645789,58.411383664],[11.310395857,58.413915124],[11.292113881,58.420938403]]},"properties":{"segment_id":"171000","code":1,"text":"Normalt","info":["Torrt"],"road":"Väg 171","updated":"2026-04-30T03:41:34.482Z","lan":14}},{"type":"Feature","geometry":{"type":"LineString","coordinates":[[11.438229986,58.273768817],[11.441471502,58.276322292],[11.465124409,58.27920856],[11.463123026,58.284043338],[11.463239074,58.288864825],[11.47327098,58.296117876],[11.475768798,58.302928746],[11.480897885,58.308364776],[11.481952613,58.312187268],[11.494376129,58.324717985],[11.513747559,58.352853196],[11.513739158,58.355711481],[11.511400976,58.358434323],[11.491090259,58.366274518],[11.486516321,58.379749524],[11.47458191,58.390262167],[11.477561909,58.398479422],[11.478904088,58.412305702],[11.485084558,58.423505185],[11.496509391,58.436816469],[11.518092485,58.456731291],[11.543162211,58.463414698],[11.566793052,58.477551069],[11.579725764,58.488907922]]},"properties":{"segment_id":"162000","code":1,"text":"Normalt","info":["Torrt"],"road":"Väg 162","updated":"2026-04-30T03:41:34.507Z","lan":14}},{"type":"Feature","geometry":{"type":"LineString","coordinates":[[11.545804381,58.52017816],[11.537733745,58.518387521],[11.519910282,58.523828803],[11.505167319,58.517090767],[11.504397606,58.513087693],[11.483172823,58.50751848],[11.463730926,58.506480392],[11.451195326,58.50373395],[11.433477528,58.497920684],[11.427504675,58.494176645],[11.417917945,58.493055134],[11.409809055,58.493942966],[11.404133735,58.496381829],[11.375659075,58.490932359],[11.37049948,58.488359187],[11.355647531,58.485231885],[11.345888158,58.484657347],[11.331325698,58.480106042],[11.326348324,58.47484828],[11.337925965,58.465021297],[11.33796642,58.461831103],[11.316300426,58.455105849],[11.3172957,58.449201183],[11.31434277,58.443992031],[11.305101423,58.440228672],[11.3007233,58.43637146],[11.296620677,58.426642627],[11.29213571,58.423824814],[11.28776689,58.416820863],[11.276869954,58.411793591],[11.267966462,58.404144432],[11.260547381,58.386406084],[11.264024708,58.380403383],[11.253765559,58.373855165],[11.249677863,58.367873759],[11.250715843,58.362932611],[11.249657721,58.360492206],[11.258296975,58.357580752]]},"properties":{"segment_id":"174000","code":1,"text":"Normalt","info":["Torrt"],"road":"Väg 174","updated":"2026-04-30T03:41:34.494Z","lan":14}},{"type":"Feature","geometry":{"type":"LineString","coordinates":[[12.954287004,57.71666646],[12.962740765,57.717413763],[12.980848684,57.724505405],[12.992382912,57.72395207],[13.026022016,57.729458548],[13.045190227,57.738093702],[13.062207721,57.743440538],[13.077800446,57.752294365],[13.102126773,57.75823157],[13.11011136,57.763373269],[13.118973593,57.780135399],[13.126090583,57.786251419],[13.139371897,57.793266239],[13.176965869,57.806794778],[13.190684885,57.809111572],[13.218737012,57.807541203],[13.236752848,57.80913165]]},"properties":{"segment_id":"40015","code":1,"text":"Normalt","info":["Torrt"],"road":"Väg 40","updated":"2026-04-30T14:21:39.467Z","lan":14}},{"type":"Feature","geometry":{"type":"LineString","coordinates":[[11.283802167,58.601601766],[11.279975249,58.604547529],[11.286582304,58.60916173],[11.286420902,58.618794166],[11.289202649,58.623108751],[11.279218493,58.627692493],[11.278268675,58.629813561],[11.281863581,58.632803375],[11.296144874,58.638753507],[11.297697581,58.643625749],[11.303638518,58.649082705],[11.303393474,58.654981906],[11.305435322,58.658834262],[11.294457077,58.67075336],[11.271351505,58.679929332],[11.266044821,58.683542126],[11.260948588,58.69033427],[11.254424818,58.693515691],[11.253711379,58.695976134],[11.265730395,58.715977407],[11.282342663,58.722400607],[11.291092499,58.720900045],[11.293659419,58.725199154],[11.307401517,58.730898006],[11.318706123,58.733037672],[11.324299268,58.732298533]]},"properties":{"segment_id":"163005","code":1,"text":"Normalt","info":["Torrt"],"road":"Väg 163","updated":"2026-04-30T03:41:34.528Z","lan":14}},{"type":"Feature","geometry":{"type":"LineString","coordinates":[[11.255473818,58.859804477],[11.232275315,58.87270388],[11.228823857,58.879048827],[11.23070842,58.885019217],[11.223169919,58.892512222],[11.208491268,58.896487066],[11.205622886,58.909645053],[11.205997357,58.91889775],[11.20003271,58.921131733],[11.196977164,58.926148135],[11.186279536,58.93138862],[11.196643734,58.938490589],[11.19368811,58.948733082],[11.219108757,58.953632589],[11.231076466,58.95971762],[11.23217182,58.964028701],[11.236248545,58.965109361]]},"properties":{"segment_id":"176000","code":1,"text":"Normalt","info":["Torrt"],"road":"Väg 176","updated":"2026-04-30T03:41:34.565Z","lan":14}},{"type":"Feature","geometry":{"type":"LineString","coordinates":[[11.264889678,58.922430014],[11.274340435,58.922325359],[11.29523236,58.914413097],[11.323840907,58.9152125],[11.333526974,58.916962056],[11.367680007,58.909351212],[11.371923902,58.903187046],[11.3734912,58.8910597],[11.372777826,58.875668115],[11.375542278,58.867835268],[11.383475133,58.853863893],[11.384328656,58.847181883],[11.391357261,58.844313371],[11.397863276,58.844459239],[11.404616388,58.850247825],[11.410676234,58.852367174],[11.451218025,58.854387464],[11.459452564,58.859027185],[11.468919069,58.860455101],[11.469563656,58.863663754],[11.473473226,58.865145921],[11.488577339,58.866276832],[11.498985643,58.859449556],[11.510768354,58.844272305],[11.516009756,58.839919653],[11.527745538,58.835454148],[11.533032005,58.831308809],[11.546034098,58.829913858],[11.548268243,58.825928855],[11.543903617,58.817371784],[11.546050887,58.812512613],[11.551559778,58.809208487],[11.554167599,58.804055913],[11.56157588,58.796766341],[11.567783461,58.797039627],[11.577000295,58.793842147],[11.591889172,58.799171228],[11.597052691,58.802857997],[11.599667716,58.814180288],[11.607431287,58.82161129],[11.610437404,58.830930192],[11.619097465,58.83687392],[11.633931404,58.841234541],[11.653491112,58.841410793],[11.685069929,58.848993833],[11.711879354,58.85140537],[11.719518049,58.848031649],[11.742652502,58.842685847],[11.758633627,58.845532894],[11.772631774,58.849029366],[11.776801452,58.852306151],[11.777251999,58.85548099],[11.772051548,58.864940673],[11.770991441,58.872589464]]},"properties":{"segment_id":"164000","code":1,"text":"Normalt","info":["Torrt"],"road":"Väg 164","updated":"2026-04-30T03:41:34.551Z","lan":14}},{"type":"Feature","geometry":{"type":"LineString","coordinates":[[11.534410014,58.878220865],[11.533791371,58.875211092],[11.536453675,58.868379399],[11.534328739,58.866722412],[11.538784293,58.854437873],[11.542793812,58.850590428],[11.545241022,58.845182001],[11.543893841,58.839734864],[11.546967748,58.835161153],[11.546056987,58.82950999],[11.548203995,58.825181093],[11.543845091,58.816219689],[11.546418466,58.812126966],[11.551559778,58.809208487],[11.554167599,58.804055913],[11.562668401,58.794827011],[11.560279819,58.788345548],[11.561769949,58.78063727],[11.556533394,58.770070825],[11.558402551,58.752413463],[11.563674969,58.744914035],[11.555378276,58.735443216],[11.556449017,58.731085462],[11.551741907,58.726078708],[11.551264689,58.722695222],[11.544323226,58.718805782],[11.543403283,58.708399265],[11.540090983,58.703483379],[11.541415499,58.695357327],[11.544870305,58.68976935],[11.555151684,58.682341852],[11.551462583,58.68002283],[11.552419736,58.669289153],[11.550048169,58.665351472],[11.560280667,58.625060133],[11.558373744,58.620973194],[11.559157318,58.605129285],[11.555848447,58.600600229],[11.545287622,58.592793096],[11.54193136,58.585287089],[11.537801997,58.580915165]]},"properties":{"segment_id":"165005","code":1,"text":"Normalt","info":["Torrt"],"road":"Väg 165","updated":"2026-04-30T03:41:34.576Z","lan":14}},{"type":"Feature","geometry":{"type":"LineString","coordinates":[[11.829297201,58.350369528],[11.857881051,58.352890427],[11.883124421,58.352034082],[11.907667306,58.356431464],[11.929598828,58.353948982],[11.942960979,58.356416979],[11.957922321,58.35542555],[11.977513948,58.35126155],[11.984943598,58.348138603],[11.989085416,58.342259718],[11.985867053,58.337106167],[11.987069388,58.335229222],[11.993812749,58.335909175],[12.036923562,58.328197949],[12.062707806,58.331857369],[12.089962328,58.330584267],[12.115051134,58.334891199],[12.144872209,58.327220867],[12.162734531,58.326027825],[12.17765468,58.327867734],[12.200243528,58.333639302],[12.254871341,58.338651617]]},"properties":{"segment_id":"44000","code":1,"text":"Normalt","info":["Torrt"],"road":"Väg 44","updated":"2026-04-30T04:37:30.010Z","lan":14}},{"type":"Feature","geometry":{"type":"LineString","coordinates":[[12.331540241,58.29997196],[12.302392235,58.320288717],[12.298132892,58.328654686],[12.298036633,58.331033961],[12.299995578,58.333124154],[12.299070647,58.334497464],[12.288832541,58.334990754],[12.262804489,58.340142598],[12.258291532,58.355151721],[12.26007686,58.361453324],[12.274816301,58.370322856],[12.27902573,58.379623158],[12.287908825,58.384915754],[12.296711373,58.39822151],[12.287645553,58.432877542],[12.281513779,58.444177786],[12.269959062,58.458588365],[12.272179467,58.468214724],[12.267622661,58.474551674],[12.268598154,58.482093746],[12.271293289,58.488710897],[12.278017742,58.49406565],[12.280290109,58.498193474]]},"properties":{"segment_id":"45010","code":1,"text":"Normalt","info":["Torrt"],"road":"E 45","updated":"2026-04-30T04:37:30.045Z","lan":14}},{"type":"Feature","geometry":{"type":"LineString","coordinates":[[12.530538938,58.120820194],[12.504121412,58.124609672],[12.495795891,58.129496302],[12.481739381,58.13346959],[12.44923884,58.137055653],[12.429356754,58.137339172],[12.420635458,58.141637966],[12.417327485,58.14883159],[12.425196755,58.160591496],[12.419071069,58.165589607],[12.415940922,58.173811193],[12.422399875,58.180914894],[12.426132489,58.187873398],[12.431321978,58.191644192],[12.430683202,58.200724952],[12.433584984,58.208394294],[12.432849022,58.212692661],[12.423596515,58.221483036],[12.424302225,58.227724422],[12.419648071,58.233641933],[12.423952272,58.242651709],[12.423497679,58.246802945],[12.415281481,58.252441739],[12.409812635,58.254038251],[12.402217044,58.260461609],[12.398929933,58.276461349],[12.393793643,58.289484959]]},"properties":{"segment_id":"42010","code":1,"text":"Normalt","info":["Torrt"],"road":"Väg 42","updated":"2026-04-30T04:37:30.058Z","lan":14}},{"type":"Feature","geometry":{"type":"LineString","coordinates":[[12.778726516,56.081847139],[12.784334388,56.092508083],[12.807550997,56.107185462],[12.817250438,56.119373271],[12.842164822,56.14102087],[12.844500051,56.146175327],[12.843801496,56.158646266],[12.846565601,56.172849174],[12.854070659,56.189345191],[12.863669262,56.199621872],[12.883644134,56.210731831],[12.896656096,56.22136073],[12.898848608,56.235822001],[12.898739409,56.248716346],[12.898046394,56.255175134],[12.894035214,56.265594622],[12.894193262,56.27124107],[12.912117878,56.315750859]]},"properties":{"segment_id":"6015","code":1,"text":"Normalt","info":["Torrt"],"road":"E 6","updated":"2026-04-30T04:44:07.661Z","lan":12}},{"type":"Feature","geometry":{"type":"LineString","coordinates":[[12.137208346,58.125261449],[12.134935886,58.149106366],[12.136803714,58.163302555],[12.14230121,58.184005586],[12.151847053,58.198238373],[12.16112547,58.204825701],[12.18256154,58.211025268],[12.195506989,58.217654911],[12.212629219,58.222127826],[12.221453747,58.231252745],[12.229271795,58.235861946],[12.276476031,58.249988519],[12.283956317,58.258487017],[12.293397538,58.265022669],[12.300591489,58.276479437],[12.305320995,58.280011961],[12.308746091,58.28927691],[12.31232913,58.293782443],[12.333016211,58.299185038]]},"properties":{"segment_id":"45007","code":1,"text":"Normalt","info":["Torrt"],"road":"E 45","updated":"2026-04-30T04:37:30.071Z","lan":14}},{"type":"Feature","geometry":{"type":"LineString","coordinates":[[12.96420531,55.891994411],[12.958095326,55.902965451],[12.954722218,55.919329076],[12.955605253,55.926875],[12.949461768,55.937719252],[12.945329495,55.959812757],[12.935502243,55.981289576],[12.95245531,56.00446254],[12.967534297,56.029471341],[12.969807372,56.039061973],[12.966912618,56.047093614],[12.956070027,56.058399851],[12.93764617,56.070144888],[12.890372198,56.080229163],[12.848664076,56.100170743]]},"properties":{"segment_id":"11092","code":1,"text":"Normalt","info":["Torrt"],"road":"Väg 110","updated":"2026-04-30T04:44:07.432Z","lan":12}},{"type":"Feature","geometry":{"type":"LineString","coordinates":[[12.762068464,56.017924039],[12.760585348,56.023586191],[12.761381083,56.033127366],[12.755998353,56.046214168],[12.739876031,56.073394561],[12.735461327,56.077429888],[12.714917245,56.084852343],[12.702033076,56.092288474],[12.672267151,56.096934521],[12.655940547,56.107617428],[12.63797554,56.111283506],[12.628898289,56.118164837],[12.616936584,56.124019222],[12.603137378,56.125981092],[12.596235533,56.129567858],[12.591009553,56.136188863],[12.596302638,56.145252769],[12.59143692,56.159718111],[12.585994962,56.163539534],[12.571718553,56.166684099],[12.563828866,56.172730353],[12.561983885,56.187344036],[12.56410702,56.203177379]]},"properties":{"segment_id":"111000","code":1,"text":"Normalt","info":["Torrt"],"road":"Väg 111","updated":"2026-04-30T04:44:07.694Z","lan":12}},{"type":"Feature","geometry":{"type":"LineString","coordinates":[[12.884843751,56.082866627],[12.887265294,56.085020077],[12.895522174,56.107503047],[12.880573364,56.128124363],[12.873395291,56.142721823],[12.853691359,56.172469862],[12.844780984,56.178533861],[12.853545799,56.199608287],[12.858722769,56.223576593],[12.871953064,56.227022298],[12.890213294,56.236744458],[12.89320117,56.241693253],[12.892388476,56.251196545]]},"properties":{"segment_id":"107000","code":1,"text":"Normalt","info":["Torrt"],"road":"Väg 107","updated":"2026-04-30T04:44:07.753Z","lan":12}},{"type":"Feature","geometry":{"type":"LineString","coordinates":[[12.958958376,56.056021174],[12.979813263,56.060785998],[12.99051477,56.059172347],[12.997941016,56.053487516],[13.003634671,56.046174554],[13.01193471,56.04370239],[13.013072903,56.040925798],[13.025945513,56.036585106],[13.045534368,56.025061355],[13.04854827,56.020669571],[13.075645588,56.008819389],[13.087095154,55.99915699],[13.095691598,55.997187163],[13.097921037,55.992934875],[13.103646829,55.988646519],[13.12112518,55.983297437],[13.123233868,55.980139258],[13.127924397,55.979266982],[13.137968018,55.980731191],[13.154515524,55.97725058],[13.19156037,55.979543114],[13.200613756,55.976494349],[13.206323046,55.970529569],[13.218846272,55.965822484],[13.232250474,55.962456804],[13.247506932,55.963780069],[13.250776291,55.962694214]]},"properties":{"segment_id":"109005","code":1,"text":"Normalt","info":["Torrt"],"road":"Väg 109","updated":"2026-04-30T04:44:07.838Z","lan":12}},{"type":"Feature","geometry":{"type":"LineString","coordinates":[[13.126867451,59.837400653],[13.123334051,59.845326216],[13.127006744,59.85779143],[13.14085182,59.873355487],[13.141915223,59.87638837],[13.135030614,59.902005901],[13.131959246,59.921030671],[13.108575705,59.956552551],[13.10067367,59.986339319],[13.076928845,60.020503576],[13.066782675,60.048890584],[13.049519401,60.068432835],[13.037870574,60.07545492],[13.033468588,60.079952296],[13.024865584,60.092138183],[13.014533046,60.118003878],[12.996559576,60.130334593]]},"properties":{"segment_id":"45035","code":1,"text":"Normalt","info":["Torrt"],"road":"E 45","updated":"2026-04-30T08:55:09.989Z","lan":17}},{"type":"Feature","geometry":{"type":"LineString","coordinates":[[12.801503345,60.751752392],[12.830792504,60.742547125],[12.863176669,60.736744088],[12.877155758,60.725065674],[12.880073974,60.720576206],[12.879998617,60.716156121],[12.882432469,60.713437281],[12.897219668,60.705110796],[12.925238363,60.693764004],[12.938859621,60.683304431],[12.944401398,60.677102661],[12.963812025,60.668373006],[12.978512181,60.658716366],[12.997921086,60.649092787],[13.008045452,60.640666807],[13.016777649,60.635767046],[13.02078364,60.630078408],[13.036562579,60.620440634],[13.041889116,60.614582183],[13.071249804,60.596301253],[13.080332074,60.584828435],[13.089286557,60.569536266],[13.116959608,60.546794049],[13.117891893,60.541418578],[13.130283991,60.528561228],[13.131430613,60.522263632],[13.160584683,60.505874188],[13.187280529,60.479835652],[13.207000564,60.464439574],[13.21696992,60.459094944],[13.238073322,60.440479866],[13.23898386,60.438767581],[13.237404021,60.434382002],[13.239044022,60.431610643],[13.255840605,60.423668025]]},"properties":{"segment_id":"62010","code":1,"text":"Normalt","info":["Torrt"],"road":"Väg 62","updated":"2026-04-30T08:55:10.019Z","lan":17}},{"type":"Feature","geometry":{"type":"LineString","coordinates":[[12.79995849,60.751798913],[12.783691938,60.752411307],[12.76424279,60.760764927],[12.741774878,60.782906101],[12.733123348,60.800822782],[12.72120037,60.812620742],[12.7152488,60.816399798],[12.689425469,60.825613627],[12.682450306,60.832517382],[12.678394861,60.841752711],[12.672065637,60.849816837],[12.67350678,60.86037767],[12.671571967,60.86620941],[12.662182705,60.873447648],[12.654236906,60.882803273],[12.647289075,60.885304669],[12.635649278,60.885935888],[12.611562524,60.895013434],[12.577616591,60.900164076],[12.527031087,60.923065156],[12.487442252,60.93437758],[12.4756135,60.940848337],[12.470832647,60.945483471],[12.467621802,60.952887678],[12.468139767,60.956131153],[12.489606103,60.970887007],[12.492294689,60.976874501],[12.49266453,60.989070613],[12.49146784,60.993692289],[12.48216589,61.007926805],[12.467116063,61.023795564],[12.468190562,61.027965662],[12.473479485,61.030139776],[12.481091888,61.030111453],[12.496647023,61.024454617],[12.520832687,61.018658546],[12.532470176,61.018243183],[12.550332865,61.024461126],[12.581478816,61.031400408],[12.596330782,61.047025121]]},"properties":{"segment_id":"62015","code":1,"text":"Normalt","info":["Torrt"],"road":"Väg 62","updated":"2026-04-30T08:55:10.039Z","lan":17}},{"type":"Feature","geometry":{"type":"LineString","coordinates":[[12.513462647,60.255866279],[12.520575052,60.254562045],[12.552946775,60.239577274],[12.588328987,60.21516266],[12.598991269,60.212796007],[12.608627648,60.208631394],[12.612754874,60.2047443],[12.642712557,60.193449962],[12.668430679,60.192557443],[12.683183582,60.186222825],[12.690741335,60.178261319],[12.704397412,60.16992016],[12.723390055,60.153639024],[12.743110986,60.143008826],[12.749446191,60.137816941],[12.762327741,60.132187649],[12.78464522,60.132086921],[12.80997623,60.13784392],[12.844235172,60.135576725],[12.892324313,60.127305962],[12.903565785,60.127475483],[12.910439865,60.130934486],[12.928849872,60.130514194],[12.950996083,60.12704146],[12.973758153,60.130454644],[12.98660932,60.12905193],[12.995938723,60.130181487]]},"properties":{"segment_id":"16000","code":1,"text":"Normalt","info":["Torrt"],"road":"E 16","updated":"2026-04-30T08:55:10.055Z","lan":17}},{"type":"Feature","geometry":{"type":"LineString","coordinates":[[14.142109105,59.05242877],[14.159803985,59.049562931],[14.19928375,59.060176796],[14.21472809,59.061151366],[14.246065059,59.053901111],[14.264041752,59.057857195],[14.303359423,59.073341835],[14.316006292,59.076830835],[14.323654616,59.083552671],[14.327700209,59.097951975],[14.333351137,59.102696041],[14.332737398,59.105530816]]},"properties":{"segment_id":"204000","code":1,"text":"Normalt","info":["Torrt"],"road":"Väg 204","updated":"2026-04-30T14:21:54.901Z","lan":17}},{"type":"Feature","geometry":{"type":"LineString","coordinates":[[13.002621245,60.155970473],[13.018062816,60.155079691],[13.03210692,60.150726362],[13.060454777,60.1453693],[13.080925333,60.14831708],[13.118944014,60.144057381],[13.121919731,60.146201283],[13.122573309,60.155272871],[13.125075016,60.161963574],[13.132763731,60.168745373],[13.141583811,60.173108598],[13.168628564,60.176924963],[13.23074234,60.210370339],[13.279114691,60.201648586],[13.295978904,60.192705753],[13.31729475,60.185389097],[13.336787556,60.186479311],[13.355307063,60.1796514],[13.369183966,60.181592094],[13.39453644,60.175659931],[13.404349673,60.172186126],[13.422828499,60.155586371],[13.428797032,60.153214525],[13.438227131,60.152661458],[13.452920401,60.157405042],[13.469267284,60.159229397],[13.473957154,60.161061665],[13.479257622,60.168019734],[13.486398338,60.172250528],[13.496361077,60.172759082]]},"properties":{"segment_id":"239005","code":1,"text":"Normalt","info":["Torrt"],"road":"Väg 239","updated":"2026-04-30T08:55:10.072Z","lan":17}},{"type":"Feature","geometry":{"type":"LineString","coordinates":[[14.290084324,55.929528725],[14.285224843,55.940498635],[14.280974466,55.964248952],[14.274284742,55.970751017],[14.271267836,55.988047789],[14.266728956,55.99495748],[14.268051284,55.998793041],[14.261037665,56.008392354],[14.249002124,56.014546413],[14.209203643,56.025637051],[14.207032749,56.028219847],[14.206318825,56.04424488],[14.19995401,56.049280419],[14.186638475,56.052616743],[14.169145457,56.061934693],[14.161880765,56.068849116],[14.150914689,56.075926402],[14.138257604,56.08946926],[14.12837041,56.097432631],[14.091215982,56.107875184]]},"properties":{"segment_id":"118005","code":1,"text":"Normalt","info":["Torrt"],"road":"Väg 118","updated":"2026-04-30T13:05:50.580Z","lan":12}},{"type":"Feature","geometry":{"type":"LineString","coordinates":[[13.126904627,59.837374236],[13.146939842,59.837469219],[13.15345285,59.840057692],[13.169605165,59.838415092],[13.189378597,59.840053801],[13.190857941,59.846666705],[13.212161022,59.865486832],[13.215476491,59.866941911],[13.22985158,59.867333502],[13.241924891,59.873099699],[13.258767377,59.870772678],[13.275747968,59.865041358],[13.293479908,59.863350293],[13.311318012,59.86622076],[13.325143012,59.870456865],[13.331730634,59.874806596],[13.339399129,59.874714884],[13.342904478,59.878225807],[13.34950882,59.879072126],[13.367251978,59.875036119],[13.374845103,59.87502224],[13.382098015,59.870980163],[13.396660175,59.872002456],[13.402450612,59.867474451],[13.414884601,59.86365501],[13.416325627,59.86151687],[13.424816361,59.858313642],[13.448092832,59.858078085],[13.464890478,59.85351501],[13.467573076,59.851471633],[13.476747393,59.850329722],[13.48512327,59.842783502],[13.497484041,59.840167987],[13.510062861,59.833027374],[13.526350554,59.827813177]]},"properties":{"segment_id":"241000","code":1,"text":"Normalt","info":["Torrt"],"road":"Väg 241","updated":"2026-04-30T08:55:10.088Z","lan":17}},{"type":"Feature","geometry":{"type":"LineString","coordinates":[[14.026482689,56.367257735],[14.036452551,56.378899174],[14.037107768,56.395292664],[14.04037123,56.404024275],[14.062964327,56.434835158],[14.102395801,56.466177795],[14.126230466,56.506095869]]},"properties":{"segment_id":"23008","code":1,"text":"Normalt","info":["Torrt"],"road":"Väg 23","updated":"2026-04-30T13:05:50.678Z","lan":12}},{"type":"Feature","geometry":{"type":"LineString","coordinates":[[14.116512834,56.017109978],[14.116114147,56.021923252],[14.103354267,56.024221262],[14.088724429,56.045211591],[14.084266106,56.060606344],[14.084063866,56.075232875],[14.080201907,56.088304671],[14.089957994,56.10326549],[14.091415055,56.121947476],[14.103561852,56.141210564],[14.098887485,56.154591393],[14.102684686,56.166425477],[14.081046636,56.193158979],[14.077694473,56.208615339],[14.072537665,56.219880009],[14.073856459,56.227383433],[14.072562477,56.238883592],[14.062153051,56.245597835],[14.051398619,56.261545188],[14.032101113,56.270075355],[14.025053304,56.277351847],[14.009219429,56.28633699],[14.00593545,56.291495039]]},"properties":{"segment_id":"19015","code":1,"text":"Normalt","info":["Torrt"],"road":"Väg 19","updated":"2026-04-30T13:05:50.545Z","lan":12}},{"type":"Feature","geometry":{"type":"LineString","coordinates":[[12.987713037,59.258665048],[13.003280151,59.261545806],[13.012686116,59.273250712],[13.01834352,59.277370252],[13.059790208,59.291136273],[13.077777127,59.305649514],[13.104446862,59.318831533],[13.106979136,59.321643958],[13.108133523,59.327750887],[13.100803545,59.332476875],[13.108390912,59.338614501],[13.110622344,59.344341781],[13.126413615,59.350426278],[13.130526419,59.354320827],[13.134617126,59.362481573],[13.145444794,59.367199075]]},"properties":{"segment_id":"18065","code":1,"text":"Normalt","info":["Torrt"],"road":"E 18","updated":"2026-04-30T14:21:39.338Z","lan":17}},{"type":"Feature","geometry":{"type":"LineString","coordinates":[[14.254845886,56.376765071],[14.248536369,56.367436815],[14.233662306,56.364057363],[14.229230563,56.361478226],[14.218717045,56.346875091],[14.213019701,56.343047475],[14.207999384,56.343294023],[14.204509648,56.341510657],[14.197924079,56.332321695],[14.19432981,56.330195934],[14.187250459,56.329233252],[14.184634657,56.322971619],[14.166208371,56.319677339],[14.155828424,56.315276347],[14.136335701,56.305069933],[14.109418716,56.287304809],[14.099090197,56.273806568],[14.092164168,56.260089813],[14.084686022,56.255515284],[14.078076487,56.253821972],[14.07181727,56.254350233],[14.069706587,56.249536381],[14.040597035,56.236429559],[13.999931241,56.233699564],[13.982641785,56.224402747],[13.966072763,56.219799752],[13.950902173,56.211369701],[13.935261417,56.20792949],[13.921607407,56.201000376],[13.91162295,56.199538165],[13.902848588,56.200880308],[13.900923612,56.196047104],[13.895872916,56.190089787],[13.884858427,56.185381477],[13.863566604,56.181818107],[13.844203513,56.183354817]]},"properties":{"segment_id":"119000","code":1,"text":"Normalt","info":["Torrt"],"road":"Väg 119","updated":"2026-04-30T13:05:50.643Z","lan":12}},{"type":"Feature","geometry":{"type":"LineString","coordinates":[[14.31994427,56.397363566],[14.312009507,56.393564239],[14.292845974,56.393546305],[14.283808008,56.391751426],[14.270575681,56.383174822],[14.254893581,56.376810281],[14.221582619,56.38173591],[14.200515614,56.379319758],[14.178772953,56.382088727],[14.127630087,56.379250701],[14.09582062,56.386992366],[14.078185013,56.392909318],[14.066819656,56.390649995],[14.022562559,56.388224594],[13.999452376,56.384374452],[13.9689386,56.392785978],[13.926620043,56.414844424],[13.894967457,56.420864997],[13.886545229,56.423925459],[13.873588796,56.431679365],[13.849053502,56.435434585],[13.826311827,56.444512105],[13.796581149,56.447974161],[13.769255416,56.456170162],[13.745812714,56.453545478],[13.661008947,56.45788005],[13.633133635,56.469050412]]},"properties":{"segment_id":"15030","code":1,"text":"Normalt","info":["Torrt"],"road":"Väg 15","updated":"2026-04-30T13:05:50.692Z","lan":12}},{"type":"Feature","geometry":{"type":"LineString","coordinates":[[12.969227966,58.25579103],[13.012367841,58.272209556],[13.026733188,58.284641471],[13.035766361,58.289703826],[13.077240754,58.297862819],[13.090582696,58.308987121],[13.122643743,58.319200175],[13.141958177,58.334098679],[13.165315643,58.34350921],[13.189539786,58.346243837],[13.218855131,58.34431947],[13.254948922,58.349685738],[13.286537598,58.349133336],[13.313599263,58.35175655],[13.334394643,58.356152158],[13.36234713,58.369250974],[13.405114902,58.375144756],[13.430099715,58.375489427],[13.445801145,58.377351793],[13.457469834,58.381526235],[13.463325032,58.389645357]]},"properties":{"segment_id":"20012","code":1,"text":"Normalt","info":["Torrt"],"road":"E 20","updated":"2026-04-30T13:49:10.967Z","lan":14}},{"type":"Feature","geometry":{"type":"LineString","coordinates":[[13.463269141,58.389357232],[13.463819056,58.390872965],[13.468252103,58.392399255],[13.490267841,58.396056157],[13.546462666,58.39589763],[13.591438811,58.399445178],[13.638962906,58.392611058],[13.665555078,58.38427651],[13.686393179,58.379973678],[13.711871492,58.377232291],[13.719813938,58.378425762],[13.760497932,58.392506238],[13.773049997,58.39362412],[13.785794772,58.39114963],[13.813450551,58.381123952],[13.836343371,58.384944884],[13.838346037,58.382816282],[13.833503525,58.370978437],[13.837054882,58.369043599],[13.853878432,58.367416773],[13.858473388,58.364349928]]},"properties":{"segment_id":"49000","code":1,"text":"Normalt","info":["Torrt"],"road":"Väg 49","updated":"2026-04-30T13:49:10.990Z","lan":14}},{"type":"Feature","geometry":{"type":"LineString","coordinates":[[12.61046417,58.333945561],[12.625003342,58.335204678],[12.636023291,58.333917283],[12.647150885,58.335622926],[12.680706635,58.333243714],[12.698038313,58.328633076],[12.729423824,58.326372825],[12.748561754,58.323009415],[12.75811922,58.323644497],[12.78147211,58.32134731],[12.800786492,58.316388956],[12.843837843,58.312342269],[12.870090783,58.303321626],[12.882861786,58.300676687],[12.919300113,58.300061957],[12.961279936,58.294754731],[12.996944012,58.286558949],[13.026173867,58.276915546],[13.060747697,58.259351059],[13.075207593,58.25453868],[13.090365045,58.244919741],[13.114080268,58.236620566],[13.130145374,58.234323308],[13.164604857,58.224734341],[13.174008328,58.224330116]]},"properties":{"segment_id":"47015","code":1,"text":"Normalt","info":["Torrt"],"road":"Väg 47","updated":"2026-04-30T13:49:11.046Z","lan":14}},{"type":"Feature","geometry":{"type":"LineString","coordinates":[[12.26228478,57.123321126],[12.261731361,57.131038305],[12.264146972,57.139287655],[12.268816897,57.145680717],[12.269084937,57.151016128],[12.272624866,57.161105201],[12.28359306,57.172128145],[12.301372121,57.194917341],[12.307665235,57.205576652],[12.310164516,57.21264931],[12.317609907,57.224626876],[12.319658392,57.236354025],[12.327137994,57.259637492],[12.368941901,57.279941044],[12.373435298,57.284879047],[12.385716312,57.291659671],[12.398960957,57.295906695],[12.417535565,57.312025684],[12.429513523,57.319343765]]},"properties":{"segment_id":"41000","code":1,"text":"Normalt","info":["Torrt"],"road":"Väg 41","updated":"2026-04-30T14:08:36.110Z","lan":13}},{"type":"Feature","geometry":{"type":"LineString","coordinates":[[12.267144884,57.123517069],[12.296962934,57.124073808],[12.327797851,57.134603069],[12.346440724,57.135313628],[12.36294012,57.131311974],[12.38243199,57.131450883],[12.390378651,57.133602718],[12.39992897,57.138824944],[12.420986784,57.141695366],[12.440875623,57.146695228],[12.464911551,57.143121392],[12.483234185,57.146932462],[12.489263641,57.145300901],[12.502989677,57.145485118],[12.512701998,57.143152866],[12.522264004,57.143297245],[12.528703217,57.14416123],[12.554584554,57.153790075],[12.566605447,57.149521603],[12.580149862,57.150233017],[12.588580883,57.152794824],[12.598786216,57.148155887],[12.609124659,57.147562607],[12.624073917,57.149311518],[12.639222573,57.153920062],[12.665883954,57.156971193],[12.670620492,57.156070753],[12.687020411,57.147927152],[12.701154597,57.138886263],[12.717956401,57.136326562]]},"properties":{"segment_id":"153000","code":1,"text":"Normalt","info":["Torrt"],"road":"Väg 153","updated":"2026-04-30T14:08:36.123Z","lan":13}},{"type":"Feature","geometry":{"type":"LineString","coordinates":[[13.472300352,57.382798401],[13.470171741,57.39156816],[13.458694209,57.400205857],[13.454695885,57.405044314],[13.451075327,57.421414109],[13.444415047,57.434350254],[13.421646235,57.444713534],[13.402591976,57.458273391],[13.379356363,57.469530696],[13.373962852,57.474204988],[13.369737367,57.48407812],[13.365569563,57.489621416],[13.342457546,57.502239332],[13.340070262,57.506664185],[13.342130174,57.518290053],[13.3400117,57.533310951],[13.336115688,57.539629538],[13.330097046,57.544832849],[13.314366174,57.55186518],[13.27748519,57.560630348],[13.25985573,57.566794546],[13.235315633,57.570847438],[13.209313571,57.587525085],[13.178100734,57.598812647],[13.164827419,57.601190155],[13.140466175,57.608605702]]},"properties":{"segment_id":"27025","code":1,"text":"Normalt","info":["Torrt"],"road":"Väg 27","updated":"2026-04-30T14:09:06.902Z","lan":14}},{"type":"Feature","geometry":{"type":"LineString","coordinates":[[12.877105789,57.269648759],[12.880160994,57.285461152],[12.8835841,57.292311964],[12.883443221,57.296209348],[12.880215184,57.303271567],[12.880896353,57.309033837],[12.896846085,57.324559087],[12.893934869,57.335373896],[12.893290925,57.346037926],[12.897634689,57.350297831],[12.903817483,57.350895184],[12.913490852,57.360580552],[12.921063783,57.365737723],[12.923759721,57.370706237],[12.930939172,57.374346734],[12.931112838,57.381304285],[12.939589624,57.391524882],[12.958822717,57.403267441],[12.965391929,57.409681406],[12.973986628,57.415040379],[13.001309102,57.415701495],[13.018472426,57.419485841],[13.030712745,57.419174612],[13.050082355,57.422270266],[13.070325997,57.42844019],[13.081428335,57.427639357],[13.091897381,57.430035592],[13.098395348,57.444779276],[13.113509654,57.449319166],[13.114911465,57.458675431],[13.110920543,57.474635719],[13.118288083,57.488663395],[13.10811623,57.512096421],[13.11197229,57.518569336],[13.111167661,57.524765793],[13.114188213,57.532573822],[13.121367046,57.539796811],[13.12121117,57.554834959],[13.12585631,57.56299923],[13.125853894,57.568902151],[13.129190681,57.574261583],[13.124091569,57.578130236],[13.125423275,57.58410686],[13.121901519,57.592392346],[13.130045409,57.60128218],[13.135994861,57.604065478],[13.13842175,57.607012276]]},"properties":{"segment_id":"154005","code":1,"text":"Normalt","info":["Torrt"],"road":"Väg 154","updated":"2026-04-30T14:08:36.140Z","lan":13}},{"type":"Feature","geometry":{"type":"LineString","coordinates":[[12.627781114,57.490984509],[12.641061979,57.490766376],[12.652600934,57.481546432],[12.663356683,57.479535678],[12.682423642,57.481657823],[12.691982807,57.478490423],[12.704007951,57.479060429],[12.74306881,57.467023894],[12.770568063,57.473866105],[12.780079635,57.478742421],[12.792851274,57.478571271],[12.805654757,57.481759987],[12.818885995,57.481728969],[12.831643886,57.488274799],[12.854852402,57.493982113],[12.885829173,57.490452779],[12.907664635,57.499613546],[12.918915016,57.501354117],[12.952643938,57.492480601],[12.960350073,57.488948488],[12.980071156,57.490173389],[12.998077367,57.487693078],[13.013188815,57.482558976],[13.034213083,57.479986298],[13.056147575,57.485025465],[13.067925684,57.492924521],[13.099176639,57.499724694],[13.114176812,57.496239098]]},"properties":{"segment_id":"156005","code":1,"text":"Normalt","info":["Torrt"],"road":"Väg 156","updated":"2026-04-30T14:08:36.166Z","lan":13}},{"type":"Feature","geometry":{"type":"LineString","coordinates":[[14.251379898,57.032421627],[14.219723108,57.052343055],[14.18679505,57.063219622],[14.181999044,57.066099145],[14.174977604,57.078558513],[14.17353198,57.087928024],[14.17417942,57.095918833],[14.171147676,57.100866829],[14.1687906,57.111038766],[14.164550221,57.117505812],[14.159270026,57.120228525],[14.127447668,57.129228474],[14.096931209,57.146387044],[14.081235095,57.160862681],[14.070331983,57.165768358]]},"properties":{"segment_id":"27009","code":1,"text":"Normalt","info":["Torrt"],"road":"Väg 27","updated":"2026-04-30T14:35:49.420Z","lan":6}},{"type":"Feature","geometry":{"type":"LineString","coordinates":[[13.420543545,57.805489968],[13.419717692,57.815137265],[13.421267861,57.818570412],[13.437942096,57.825802163],[13.440393192,57.828311836],[13.436791977,57.842641487],[13.437939553,57.848432153],[13.429834735,57.858501702],[13.431317756,57.870126992],[13.434517838,57.876023864],[13.432666881,57.882136884],[13.433409543,57.885613749],[13.436843617,57.889267506],[13.443842534,57.892425878],[13.467386942,57.899306175],[13.476944678,57.909895995],[13.483232764,57.914076715],[13.493276268,57.926171266],[13.494575008,57.931046738],[13.50843855,57.939223478],[13.51399835,57.944885298],[13.5165444,57.95073631],[13.529453505,57.96890701],[13.529715281,57.972422543],[13.527410848,57.97831593],[13.528692988,57.981277318],[13.532045449,57.984487185],[13.546075745,57.990514457],[13.554456666,58.001659447],[13.570204151,58.011144057],[13.572059314,58.013859866],[13.572252876,58.020473713]]},"properties":{"segment_id":"46000","code":1,"text":"Normalt","info":["Torrt"],"road":"Väg 46","updated":"2026-04-30T14:09:06.937Z","lan":14}},{"type":"Feature","geometry":{"type":"LineString","coordinates":[[13.202846963,57.94044416],[13.224494483,57.929356697],[13.251263311,57.926206215],[13.270513759,57.917782235],[13.303579646,57.914347048],[13.33020244,57.903757464],[13.345078666,57.90136483],[13.353000184,57.897146589],[13.391269243,57.890674724],[13.400262074,57.884185288],[13.403619474,57.879214619],[13.403164322,57.875786088],[13.415649812,57.871783055],[13.425045751,57.86434467]]},"properties":{"segment_id":"182005","code":1,"text":"Normalt","info":["Torrt"],"road":"Väg 182","updated":"2026-04-30T14:09:07.027Z","lan":14}},{"type":"Feature","geometry":{"type":"LineString","coordinates":[[13.115217613,57.496119881],[13.123183132,57.494064327],[13.134977642,57.485946309],[13.156819052,57.479924166],[13.162285486,57.476365122],[13.17220675,57.465062763],[13.18014033,57.463111042],[13.225979298,57.467457064],[13.257417332,57.472567448],[13.268628024,57.476360611],[13.279890265,57.474493219],[13.285368793,57.476095195],[13.292491896,57.475347304],[13.314879208,57.478119171],[13.335794134,57.482529727],[13.339516861,57.484303796],[13.341787341,57.487577027],[13.35583303,57.487239807],[13.375180523,57.496735373],[13.408881355,57.508790521],[13.419165002,57.509153369],[13.422458436,57.512132419],[13.438254258,57.51713543],[13.451453658,57.518097676],[13.457670819,57.521515903],[13.468003515,57.522396416],[13.477273303,57.537970179],[13.48887625,57.547435025],[13.504620746,57.557540802],[13.510605304,57.559570032],[13.513310509,57.565378595],[13.518629308,57.570669748],[13.531964212,57.572532379],[13.540391663,57.570446953],[13.573404644,57.569413658],[13.578158994,57.566260034]]},"properties":{"segment_id":"156015","code":1,"text":"Normalt","info":["Torrt"],"road":"Väg 156","updated":"2026-04-30T14:09:07.040Z","lan":14}},{"type":"Feature","geometry":{"type":"LineString","coordinates":[[12.141441271,59.392799323],[12.149968867,59.389643374],[12.163034527,59.389703637],[12.174448582,59.387597282],[12.216497502,59.387549172],[12.222961939,59.385180128],[12.236763748,59.375958058],[12.255541616,59.370631186],[12.262790105,59.363918992],[12.27658303,59.36202454],[12.288224128,59.357523178],[12.29692752,59.350318338],[12.29957042,59.334990882],[12.301724012,59.331342684],[12.331925201,59.301407179],[12.342293655,59.296866252],[12.411602572,59.298334549],[12.431594528,59.291327196],[12.477678744,59.282785639],[12.491776537,59.273974867],[12.498261943,59.271709861],[12.524856648,59.269729757],[12.544042803,59.260183674],[12.564100756,59.255718278],[12.610526009,59.25864554],[12.629705806,59.262383313],[12.637409706,59.266422443],[12.667040703,59.275267069]]},"properties":{"segment_id":"18068","code":1,"text":"Normalt","info":["Torrt"],"road":"E 18","updated":"2026-04-30T14:21:39.352Z","lan":17}},{"type":"Feature","geometry":{"type":"LineString","coordinates":[[12.941248453,59.141319314],[12.927408817,59.148725893],[12.927387163,59.164985164],[12.925264385,59.173745833],[12.912495651,59.184842193],[12.902315831,59.189277681],[12.878673949,59.194751024],[12.858723634,59.205194898],[12.856922216,59.209063985],[12.857182958,59.21384742],[12.848672752,59.221288833],[12.84448656,59.239033496],[12.84040009,59.244319791],[12.832687079,59.247865715],[12.814406535,59.247685655],[12.805549187,59.249333238],[12.7912069,59.25685225],[12.77741671,59.266571149],[12.770026034,59.269301477],[12.772407451,59.27072572],[12.771280243,59.273203839],[12.773215419,59.275015696],[12.775912197,59.28372189]]},"properties":{"segment_id":"175000","code":1,"text":"Normalt","info":["Torrt"],"road":"Väg 175","updated":"2026-04-30T14:21:39.427Z","lan":17}},{"type":"Feature","geometry":{"type":"LineString","coordinates":[[12.141441271,59.392799323],[12.126507928,59.39771869],[12.125374172,59.399661539],[12.126989205,59.408053665],[12.124546562,59.412124204],[12.106582931,59.421431468],[12.095010316,59.434455086],[12.076766929,59.444722735],[12.04859895,59.452086248],[12.000135208,59.468207714],[11.961404729,59.476343297],[11.947603134,59.48483689],[11.930079595,59.490455994],[11.916281192,59.496825788],[11.901502649,59.4980218],[11.886963056,59.496804512],[11.880913865,59.498196917],[11.87280005,59.502792743],[11.856612301,59.506735823],[11.822748542,59.508891421],[11.81707255,59.507585029],[11.806929702,59.502107312],[11.792316858,59.499996965],[11.778160579,59.495712409],[11.769025065,59.489780119],[11.753555964,59.489486451],[11.748943507,59.487286756]]},"properties":{"segment_id":"18070","code":1,"text":"Normalt","info":["Torrt"],"road":"E 18","updated":"2026-04-30T14:21:39.366Z","lan":17}},{"type":"Feature","geometry":{"type":"LineString","coordinates":[[12.107379876,59.196806607],[12.113032411,59.211803814],[12.109427205,59.220862225],[12.111747174,59.226386132],[12.1090034,59.233531735],[12.099224891,59.246666832],[12.101173375,59.250987516],[12.100663948,59.259665412],[12.098872376,59.26236613],[12.10223065,59.269108421],[12.098740077,59.274853408],[12.100769343,59.284845873],[12.098192138,59.287475175],[12.099242049,59.289583275],[12.105553997,59.293021562],[12.112281118,59.303594388],[12.115756818,59.316700656],[12.111695455,59.32520094],[12.111857449,59.331162028],[12.109961402,59.334642355],[12.107432167,59.337704245],[12.094793398,59.34481824],[12.092851506,59.349627212],[12.09739609,59.358220007],[12.106813898,59.362329197],[12.103608615,59.37101902],[12.099642846,59.376016728],[12.107656501,59.386537221],[12.109196947,59.392025648],[12.122398564,59.397349535]]},"properties":{"segment_id":"172020","code":1,"text":"Normalt","info":["Torrt"],"road":"Väg 172","updated":"2026-04-30T14:21:39.403Z","lan":17}},{"type":"Feature","geometry":{"type":"LineString","coordinates":[[12.655790027,57.480985734],[12.681014678,57.486250669],[12.687469909,57.491823645],[12.693048004,57.501540671],[12.701650684,57.50701733],[12.731334782,57.512649609],[12.746751537,57.513105627],[12.764281924,57.517227429],[12.818751481,57.546071823],[12.833956028,57.564708816],[12.836716731,57.570596648],[12.850802319,57.574772745],[12.858294628,57.579051248],[12.865126091,57.588071341],[12.866691246,57.594486323],[12.87374048,57.602440312],[12.872084465,57.609582666],[12.873241547,57.612414528],[12.881152435,57.616869311],[12.902860093,57.639406748],[12.916960131,57.647429931],[12.918770971,57.652096054],[12.917833972,57.656456364],[12.919439554,57.671155404],[12.940658596,57.685240692],[12.949734095,57.698604955],[12.94975159,57.707796837],[12.944998468,57.715545643]]},"properties":{"segment_id":"41010","code":1,"text":"Normalt","info":["Torrt"],"road":"Väg 41","updated":"2026-04-30T14:21:39.480Z","lan":14}},{"type":"Feature","geometry":{"type":"LineString","coordinates":[[13.610581624,57.425564815],[13.62339839,57.435506976],[13.636215222,57.438916464],[13.641466437,57.441973801],[13.64969973,57.457730173],[13.651154586,57.470727435],[13.652916782,57.474043346],[13.674852295,57.484454396],[13.679403921,57.488212439],[13.681193632,57.492246915],[13.681240146,57.500674185],[13.676383811,57.508052914],[13.675803184,57.51164033],[13.684181391,57.521888584],[13.691127775,57.549846245],[13.695180333,57.558952717],[13.710200598,57.570947448],[13.730131472,57.590616823],[13.739378187,57.596548724]]},"properties":{"segment_id":"26015","code":1,"text":"Normalt","info":["Torrt"],"road":"Väg 26","updated":"2026-04-30T14:36:09.541Z","lan":6}},{"type":"Feature","geometry":{"type":"LineString","coordinates":[[12.944731549,57.716403864],[12.946504527,57.718598006],[12.941781967,57.725179154],[12.936132495,57.727360379],[12.939184994,57.744265828],[12.95440472,57.759202831],[12.964916688,57.758500608],[12.977162062,57.773692364],[13.008500907,57.794584048],[13.011151909,57.799001209],[13.012340393,57.813494147],[13.008288492,57.818587764],[13.007640101,57.822405043],[13.008902848,57.82515621],[12.997933747,57.827391418],[12.989706256,57.835715867],[12.972148305,57.839704132],[12.946715257,57.851433445],[12.941472739,57.861788803],[12.93118327,57.868360065],[12.928330747,57.881611013],[12.929191916,57.887168667],[12.926019073,57.891878802],[12.90834821,57.90388911],[12.906098476,57.908326465]]},"properties":{"segment_id":"42000","code":1,"text":"Normalt","info":["Torrt"],"road":"Väg 42","updated":"2026-04-30T14:21:39.495Z","lan":14}},{"type":"Feature","geometry":{"type":"LineString","coordinates":[[13.013374358,57.886177871],[13.012236284,57.889071056],[13.020186237,57.895439529],[13.019200727,57.90813727],[13.026244071,57.921588903],[13.024588344,57.928984354],[13.025528022,57.936168574],[13.024283336,57.938530112],[13.014793425,57.944877992],[13.012605264,57.949920028],[13.007758629,57.94925117],[13.001358281,57.95373278],[13.001102612,57.958023354],[13.00510181,57.961491302],[13.003013387,57.970775426],[13.006096902,57.9764481],[13.004923211,57.980221136],[13.010637034,57.984236859],[13.013272464,57.98826715],[13.021685374,57.9909319],[13.020158343,57.992237832],[13.022464762,57.994286221],[13.034022136,57.999200153],[13.034509483,58.002657682],[13.040780385,58.006824328],[13.0482608,58.01491739],[13.045991253,58.017730586],[13.048450056,58.02760614],[13.041859191,58.057395668],[13.043365872,58.062387134],[13.042703662,58.067983141],[13.0407996,58.07241006],[13.031380355,58.079029982]]},"properties":{"segment_id":"183005","code":1,"text":"Normalt","info":["Torrt"],"road":"Väg 183","updated":"2026-04-30T14:21:39.574Z","lan":14}},{"type":"Feature","geometry":{"type":"LineString","coordinates":[[12.932115316,57.719468931],[12.923569495,57.72531305],[12.916944938,57.7271989],[12.911750406,57.726700021],[12.906182818,57.72888128],[12.904114357,57.735603792],[12.880292491,57.75484861],[12.866784323,57.753327987],[12.84187201,57.758180255],[12.832276836,57.761493678],[12.831378719,57.7655396],[12.814704986,57.772135748],[12.78860211,57.775771138],[12.782696631,57.779648409],[12.779619242,57.784293822],[12.773174275,57.787604129],[12.767508731,57.793803145],[12.756912171,57.798342331],[12.751898245,57.809143714],[12.752101503,57.813451283],[12.739752233,57.819773057],[12.725572444,57.823535962],[12.685819323,57.839691407],[12.674138369,57.84238006],[12.649140718,57.843554594],[12.639053634,57.847060318],[12.63291126,57.852319233],[12.620055903,57.85250104],[12.617836746,57.85369042],[12.61361772,57.86166226],[12.607864405,57.8680775],[12.604128524,57.869992847],[12.573563222,57.869376136]]},"properties":{"segment_id":"180000","code":1,"text":"Normalt","info":["Torrt"],"road":"Väg 180","updated":"2026-04-30T14:21:39.510Z","lan":14}},{"type":"Feature","geometry":{"type":"LineString","coordinates":[[14.149978474,59.31715544],[14.128785504,59.323544452],[14.104504086,59.326774596],[14.100152117,59.32919636],[14.087187016,59.343421487],[14.075903086,59.352340685],[14.031203646,59.361374229],[14.005327007,59.372171937],[13.970693941,59.375127389],[13.947355609,59.374061045],[13.888980222,59.381094],[13.855717991,59.389796475],[13.814031737,59.39514519],[13.775547348,59.40461509],[13.752092587,59.413014821],[13.735597553,59.416888629],[13.700463764,59.420486384],[13.676826989,59.421039334],[13.642593322,59.40628194],[13.579803331,59.398006604]]},"properties":{"segment_id":"18055","code":1,"text":"Normalt","info":["Torrt"],"road":"E 18","updated":"2026-04-30T14:21:54.717Z","lan":17}},{"type":"Feature","geometry":{"type":"LineString","coordinates":[[12.814509811,58.050201004],[12.8305293,58.047608857],[12.852289811,58.04982871],[12.864528356,58.046368826],[12.876525497,58.049507516],[12.888869368,58.049676878],[12.903698146,58.058053007],[12.911754657,58.060287792],[12.932140933,58.060099396],[12.951517691,58.06450953],[12.961790894,58.068977934],[12.991983529,58.072377498],[13.011673354,58.078112948],[13.0252817,58.072152436],[13.04004768,58.073135201],[13.043333429,58.065459256],[13.041996665,58.05674193],[13.056847191,58.057930742],[13.075293429,58.062559257],[13.095020143,58.076655526],[13.116957329,58.088050103],[13.136691223,58.092176426],[13.152674263,58.099362764],[13.179503601,58.104986503],[13.205155881,58.113929934],[13.232056384,58.119525464],[13.273907262,58.117412889],[13.28081371,58.11924007],[13.291010303,58.124704479],[13.313286567,58.127974712],[13.334273725,58.127657715]]},"properties":{"segment_id":"181000","code":1,"text":"Normalt","info":["Torrt"],"road":"Väg 181","updated":"2026-04-30T14:21:39.526Z","lan":14}},{"type":"Feature","geometry":{"type":"LineString","coordinates":[[13.146362155,59.366834857],[13.139087347,59.37210273],[13.149894845,59.374026015],[13.167406799,59.380902202],[13.173843495,59.385609376],[13.180031037,59.39532485],[13.184185964,59.412799331],[13.198969682,59.431058374],[13.202018496,59.438061577],[13.202575784,59.446503501],[13.213309624,59.460366478],[13.218306524,59.489806139],[13.217689535,59.494809721],[13.213640554,59.503574849],[13.214230627,59.510463164]]},"properties":{"segment_id":"45030","code":1,"text":"Normalt","info":["Torrt"],"road":"E 45","updated":"2026-04-30T14:21:54.791Z","lan":17}},{"type":"Feature","geometry":{"type":"LineString","coordinates":[[13.214230627,59.510463164],[13.215328186,59.515445218],[13.214271136,59.527080493],[13.188736281,59.556145728],[13.185493762,59.563457124],[13.171975207,59.579697267],[13.166090102,59.590213829],[13.165534746,59.595855771],[13.154128633,59.610974059],[13.154219038,59.613849594],[13.161553648,59.627874867],[13.154661404,59.63971515],[13.155977556,59.647089949],[13.152899187,59.653378949],[13.155024941,59.66120526],[13.150813664,59.669660902],[13.141448787,59.676848907],[13.138682704,59.687974348],[13.148549431,59.70137133],[13.14846338,59.707756297],[13.135671069,59.721057221],[13.131822089,59.735544348],[13.127004152,59.74438586],[13.111510586,59.763502305],[13.096250123,59.773207269],[13.098367781,59.782633101],[13.096764393,59.790451185],[13.121785853,59.8024695],[13.129340814,59.815897311],[13.132352401,59.828047653],[13.1268873,59.837365008]]},"properties":{"segment_id":"45033","code":1,"text":"Normalt","info":["Torrt"],"road":"E 45","updated":"2026-04-30T14:21:54.811Z","lan":17}},{"type":"Feature","geometry":{"type":"LineString","coordinates":[[13.474518846,59.719529723],[13.482623353,59.712151257],[13.481547104,59.70608548],[13.462630649,59.690300807],[13.443875283,59.690187552],[13.440633145,59.688083369],[13.436144878,59.680710175],[13.440127704,59.674883787],[13.438245688,59.655793981],[13.443406246,59.64592194],[13.443161545,59.632437985],[13.441671418,59.627471533],[13.449270931,59.616487603],[13.447235453,59.605281651],[13.453540502,59.593788164],[13.461178813,59.584025509],[13.467984391,59.578851171],[13.480392298,59.564032738],[13.481941929,59.558311601],[13.46795543,59.544434003],[13.457944287,59.538999395],[13.454690518,59.528560446],[13.437665921,59.509416177],[13.43272663,59.498947435],[13.412446386,59.482410095],[13.410795344,59.47433349],[13.416070165,59.463466853],[13.416927468,59.451172359],[13.415502179,59.440161498],[13.411497793,59.429658149]]},"properties":{"segment_id":"62000","code":1,"text":"Normalt","info":["Torrt"],"road":"Väg 62","updated":"2026-04-30T14:21:54.865Z","lan":17}},{"type":"Feature","geometry":{"type":"LineString","coordinates":[[13.853655895,59.390380101],[13.854628383,59.397043533],[13.832592267,59.416651341],[13.827701725,59.418457601],[13.833544263,59.421761035],[13.835832937,59.426963467],[13.834054699,59.432542731],[13.836536586,59.447033139],[13.827292301,59.454242996],[13.819590755,59.463648523],[13.809795452,59.470735443],[13.808065059,59.476269887],[13.810304738,59.483358271],[13.803883759,59.487691349],[13.803870019,59.492073908],[13.798263541,59.497770285],[13.795867367,59.503055961],[13.796979691,59.509029516],[13.793945069,59.516329982],[13.796455035,59.520286727],[13.790764194,59.524715713],[13.788851153,59.533202915],[13.776877914,59.539620659],[13.777310272,59.541842978],[13.782681845,59.546886416],[13.77893072,59.557179476],[13.773773001,59.560337439],[13.771039997,59.570262613],[13.76813455,59.573719887],[13.758215989,59.578655501],[13.749613129,59.579552569],[13.744377449,59.582259613],[13.742503383,59.585501696],[13.736676147,59.589774416],[13.731840949,59.59729859]]},"properties":{"segment_id":"240900","code":1,"text":"Normalt","info":["Torrt"],"road":"Väg 240","updated":"2026-04-30T14:21:54.935Z","lan":17}},{"type":"Feature","geometry":{"type":"LineString","coordinates":[[14.090904354,58.987200064],[14.100711419,58.991462744],[14.101628019,58.993687455],[14.099353372,58.998153263],[14.100084133,59.001499336],[14.118067807,59.015723394],[14.124064234,59.022347223],[14.126799479,59.031256969],[14.135622073,59.040009786],[14.141432503,59.051598036],[14.151326722,59.063922276],[14.157090364,59.082065562],[14.164750722,59.091374489],[14.166252495,59.098532992],[14.17158781,59.105311849],[14.176923641,59.11652705],[14.175804267,59.125321247],[14.177873837,59.133004058],[14.175308507,59.145947219],[14.17717389,59.15999615],[14.176474786,59.17453172],[14.182793983,59.193449297],[14.183879577,59.216922927],[14.177090352,59.250818448],[14.16816143,59.264654891],[14.148879794,59.280973997],[14.143060828,59.285560914],[14.124172113,59.295224274],[14.139556153,59.304109935],[14.142125468,59.309479375],[14.148072808,59.313272323],[14.150120344,59.317102481]]},"properties":{"segment_id":"26060","code":1,"text":"Normalt","info":["Torrt"],"road":"Väg 26","updated":"2026-04-30T14:21:54.954Z","lan":17}},{"type":"Feature","geometry":{"type":"LineString","coordinates":[[11.696244785,58.072118126],[11.696511092,58.078228255],[11.694701935,58.082010405],[11.699652061,58.088673495],[11.700551658,58.092346146],[11.709039178,58.097311732],[11.706813285,58.102485471],[11.699332946,58.109015191],[11.699067382,58.110967799],[11.705283025,58.116117348],[11.720561977,58.123405761],[11.722507256,58.127563517],[11.720522404,58.131224642],[11.713535394,58.137156716],[11.706980882,58.147027561],[11.705125382,58.164147492],[11.689288527,58.191053117],[11.691300018,58.214619067],[11.682153296,58.232313498],[11.68000258,58.240005611],[11.688115091,58.248234024],[11.679526013,58.25311634],[11.678296409,58.260239151],[11.692388573,58.269692218],[11.694691579,58.280304172],[11.704062534,58.291098589],[11.698057844,58.308821297],[11.679340129,58.320659368],[11.6884779,58.327251181],[11.686801674,58.331647986],[11.693087482,58.336430718],[11.6919743,58.342118483]]},"properties":{"segment_id":"160005","code":1,"text":"Normalt","info":["Torrt"],"road":"Väg 160","updated":"2026-04-30T14:32:23.183Z","lan":14}},{"type":"Feature","geometry":{"type":"LineString","coordinates":[[11.828836611,58.350358109],[11.811337737,58.352161008],[11.78816385,58.346961387],[11.761288005,58.344926401],[11.741090822,58.350579129],[11.733107884,58.35130124],[11.713735091,58.349285911],[11.693789431,58.342632819],[11.667260241,58.344254148],[11.649035329,58.33669493],[11.614996917,58.308751455],[11.600725098,58.302467024],[11.594731119,58.296968107],[11.577860562,58.29293079],[11.563304584,58.291641147],[11.554609283,58.292584472],[11.528634895,58.302083825],[11.497833052,58.302915203],[11.487203901,58.306605618],[11.47681143,58.303433932]]},"properties":{"segment_id":"161000","code":1,"text":"Normalt","info":["Torrt"],"road":"Väg 161","updated":"2026-04-30T14:32:23.200Z","lan":14}},{"type":"Feature","geometry":{"type":"LineString","coordinates":[[11.475999504,58.177345579],[11.481713556,58.175831388],[11.485730878,58.172885829],[11.486646072,58.170681706],[11.484924568,58.166580059],[11.487080187,58.163870778],[11.504928746,58.157925168],[11.530875577,58.154139528],[11.565062275,58.154238579],[11.607046656,58.145664312],[11.629174388,58.146269559],[11.641352382,58.142420364],[11.652126929,58.135027599],[11.659512573,58.13220128],[11.685857617,58.129033251],[11.70380273,58.131215615],[11.721694517,58.124576437]]},"properties":{"segment_id":"178000","code":1,"text":"Normalt","info":["Torrt"],"road":"Väg 178","updated":"2026-04-30T14:32:23.222Z","lan":14}},{"type":"Feature","geometry":{"type":"LineString","coordinates":[[11.915698251,58.21296951],[11.913683349,58.21008971],[11.914311813,58.202654221],[11.919870076,58.19764766],[11.932333113,58.194658547],[11.948484725,58.18753244],[11.964313832,58.189294222],[11.972265754,58.187443096],[11.994754191,58.176462224],[12.002468083,58.175565303],[12.027391356,58.167601892],[12.034289626,58.161965805],[12.050940319,58.153508715],[12.073495196,58.148600324],[12.081566943,58.145100709],[12.089834831,58.14563125],[12.102761372,58.135482895],[12.120220235,58.133694786],[12.124918579,58.138851489],[12.133317299,58.143659905]]},"properties":{"segment_id":"167000","code":1,"text":"Normalt","info":["Torrt"],"road":"Väg 167","updated":"2026-04-30T14:32:23.246Z","lan":14}},{"type":"Feature","geometry":{"type":"LineString","coordinates":[[16.718597765,57.89164297],[16.72227852,57.894881234],[16.722049258,57.899259534],[16.71648125,57.907052123],[16.702192262,57.908609975],[16.687471717,57.901349769],[16.677104977,57.902313603],[16.661627087,57.90808702],[16.644672009,57.910086481],[16.616264716,57.920216428],[16.593244831,57.918890132],[16.584040724,57.921502683],[16.569031796,57.921518234],[16.5589295,57.92449938],[16.530510509,57.928034045],[16.508452058,57.933157899],[16.494540074,57.94098518],[16.470429324,57.937969493],[16.46122573,57.93843498],[16.453720063,57.940793854],[16.446258911,57.948901134],[16.442717253,57.950747037]]},"properties":{"segment_id":"213000","code":1,"text":"Normalt","info":["Torrt"],"road":"Väg 213","updated":"2026-04-30T14:35:33.914Z","lan":8}},{"type":"Feature","geometry":{"type":"LineString","coordinates":[[16.445536677,57.276568862],[16.453920023,57.285159985],[16.458709097,57.292983727],[16.463015654,57.312429561],[16.473597029,57.323347704],[16.479579672,57.333357827],[16.484867316,57.338829843],[16.494136424,57.357596058],[16.492739691,57.368232001],[16.482370207,57.381174988],[16.478098953,57.392841746],[16.482146355,57.407366507],[16.482926055,57.427481827],[16.490102315,57.434395821],[16.492038441,57.439808319],[16.516029207,57.459116497],[16.518229939,57.487668552],[16.516295789,57.492120984],[16.503776502,57.50212638],[16.497837916,57.518080824],[16.483530822,57.534573756],[16.475431561,57.552403032],[16.476046817,57.560589206],[16.484201867,57.569980684],[16.483154618,57.575886451],[16.486307537,57.588822195],[16.479715794,57.602402376],[16.469056042,57.617350121],[16.460381954,57.624817377],[16.4575767,57.630868913],[16.444155103,57.642522176],[16.441001418,57.652143834],[16.444362135,57.658699585],[16.441499188,57.668075342],[16.443848162,57.677822867],[16.43984141,57.692655723],[16.449883067,57.713041919],[16.450958758,57.718949852],[16.453365759,57.721617356],[16.490239946,57.721691854],[16.50526428,57.725664652],[16.516492856,57.726339225],[16.5247469,57.730543357],[16.538690885,57.733815515],[16.556824628,57.745012384],[16.557946721,57.74883469],[16.556392217,57.760362085],[16.557697833,57.76375091]]},"properties":{"segment_id":"22050","code":1,"text":"Normalt","info":["Torrt"],"road":"E 22","updated":"2026-04-30T14:35:33.887Z","lan":8}},{"type":"Feature","geometry":{"type":"LineString","coordinates":[[16.385711176,57.908342235],[16.378876368,57.912315367],[16.374711762,57.919942406],[16.37582507,57.927422421],[16.384587002,57.940532691],[16.375233821,57.955232032],[16.366959524,57.959390673],[16.341245851,57.966428868],[16.327726637,57.980252081],[16.305972995,57.992613469],[16.275630763,58.002757757],[16.258523542,58.015288711],[16.239125916,58.023626586],[16.237087521,58.030787847],[16.231864884,58.033048291],[16.221336995,58.042653633],[16.213372492,58.045568369],[16.203579075,58.052578113],[16.202884125,58.054587854],[16.204914388,58.060533272],[16.197494516,58.07228092],[16.179518147,58.079823494],[16.169803772,58.078332089],[16.161634049,58.078954786]]},"properties":{"segment_id":"35000","code":1,"text":"Normalt","info":["Torrt"],"road":"Väg 35","updated":"2026-04-30T14:35:33.926Z","lan":8}},{"type":"Feature","geometry":{"type":"LineString","coordinates":[[16.061096003,57.899278589],[16.073939691,57.898856246],[16.08232924,57.902369211],[16.100340498,57.90206176],[16.102420931,57.903328278],[16.105181683,57.90916115],[16.115844799,57.907981005],[16.119535155,57.910517655],[16.130455862,57.913241594],[16.151162502,57.915777501],[16.160880477,57.912491139],[16.176417971,57.910201278],[16.197705904,57.910882702],[16.208586184,57.905183217],[16.221310421,57.904702195],[16.237280773,57.908338512],[16.251312533,57.908066325],[16.258596048,57.912207458],[16.269218042,57.913799596],[16.284795857,57.910445009],[16.306981817,57.914404864],[16.333651761,57.913957015],[16.351656208,57.917845138],[16.376861198,57.914789666]]},"properties":{"segment_id":"135005","code":1,"text":"Normalt","info":["Torrt"],"road":"Väg 135","updated":"2026-04-30T14:35:33.943Z","lan":8}},{"type":"Feature","geometry":{"type":"LineString","coordinates":[[16.385810666,57.908296233],[16.399474546,57.915943979],[16.398323403,57.929323849],[16.421612177,57.937914051],[16.440305518,57.94833091],[16.442985437,57.951534529],[16.443223615,57.958305281],[16.446675284,57.96176058],[16.458221884,57.966398848],[16.475128395,57.96933006],[16.481791221,57.972244067],[16.484363334,57.976795608],[16.482640597,57.984622277],[16.489209646,58.004344928],[16.493435635,58.007484497],[16.509692455,58.012943214],[16.518511281,58.019737547],[16.519126468,58.02266778],[16.515308196,58.029666446],[16.515348112,58.033412044],[16.522863321,58.042467457],[16.524509002,58.050083641],[16.529267816,58.058749443],[16.527846569,58.062377818],[16.519627281,58.071190003],[16.517960196,58.077848567],[16.521984248,58.083945157],[16.523714769,58.09112012],[16.537555245,58.100539095],[16.542891021,58.109754403],[16.541997664,58.114220946],[16.534941073,58.122624657],[16.532558653,58.129220107],[16.535097042,58.144011996],[16.543746524,58.154265325],[16.542425465,58.162222518],[16.536320493,58.177136502],[16.536079919,58.188116903],[16.540648219,58.193056517]]},"properties":{"segment_id":"22057","code":1,"text":"Normalt","info":["Torrt"],"road":"E 22","updated":"2026-04-30T14:35:33.957Z","lan":8}},{"type":"Feature","geometry":{"type":"LineString","coordinates":[[16.428346095,57.264834269],[16.367486264,57.260650724],[16.332966663,57.255110025],[16.323204514,57.257468204],[16.315231142,57.263068135],[16.304168914,57.266264944],[16.287337261,57.267184134],[16.227560871,57.265257632],[16.193320288,57.268318478],[16.123626322,57.261845589],[16.095295179,57.26362291],[16.077359511,57.260921082],[16.044651405,57.26099056],[16.034405889,57.258631724]]},"properties":{"segment_id":"37000","code":1,"text":"Normalt","info":["Torrt"],"road":"Väg 37","updated":"2026-04-30T14:35:33.969Z","lan":8}},{"type":"Feature","geometry":{"type":"LineString","coordinates":[[15.261155997,56.229630571],[15.269593031,56.227501085],[15.291943935,56.216408216],[15.315729822,56.212809833],[15.33072986,56.206005165],[15.377444986,56.199411424],[15.402701403,56.199493495],[15.445919366,56.195993914],[15.485171513,56.198083369],[15.51564687,56.202793882],[15.527649323,56.207055961],[15.548905543,56.209973367],[15.563802476,56.210005199],[15.585942927,56.213523185],[15.626536179,56.206289119],[15.641138984,56.20616038],[15.668669706,56.202303859],[15.683833197,56.198447296]]},"properties":{"segment_id":"22030","code":1,"text":"Normalt","info":["Torrt"],"road":"E 22","updated":"2026-04-30T14:35:49.089Z","lan":10}},{"type":"Feature","geometry":{"type":"LineString","coordinates":[[15.684058013,56.198401128],[15.696103555,56.196069721],[15.703250326,56.191186417],[15.725372398,56.183367522],[15.754045268,56.183968699],[15.781391213,56.188201557],[15.815160373,56.200957905],[15.841373246,56.208527441],[15.880852743,56.212655263],[15.910722524,56.226653312],[15.932531091,56.243993743],[15.952066359,56.264555527],[15.974807238,56.278853446],[16.001510228,56.298811765]]},"properties":{"segment_id":"22035","code":1,"text":"Normalt","info":["Torrt"],"road":"E 22","updated":"2026-04-30T14:35:49.101Z","lan":10}},{"type":"Feature","geometry":{"type":"LineString","coordinates":[[14.085309159,57.199423532],[14.092176624,57.200820918],[14.099303934,57.204483671],[14.108296738,57.218032281],[14.120502975,57.225601685],[14.127919749,57.227144668],[14.146779893,57.226663293],[14.15395359,57.228751079],[14.163078372,57.239808059],[14.195976089,57.263775221],[14.22537778,57.267436437],[14.244340368,57.277460566],[14.296935142,57.29216599],[14.302163573,57.295572847],[14.309894157,57.305434279],[14.319722045,57.312530726],[14.3274753,57.321600618],[14.346002462,57.329334057],[14.359363483,57.338448911],[14.374255026,57.343940713],[14.391509329,57.357554],[14.432353899,57.365820641]]},"properties":{"segment_id":"127000","code":1,"text":"Normalt","info":["Torrt"],"road":"Väg 127","updated":"2026-04-30T14:35:49.293Z","lan":6}},{"type":"Feature","geometry":{"type":"LineString","coordinates":[[15.581787311,56.165878208],[15.586684954,56.166025774],[15.589230166,56.170290471],[15.608590804,56.178579573],[15.61306415,56.185350038],[15.628733727,56.193798001],[15.639961889,56.203237412],[15.642465756,56.211274863],[15.626121422,56.232275342],[15.625862461,56.241126682],[15.624006639,56.246068704],[15.61201792,56.257260702],[15.586886072,56.275235077],[15.582530105,56.287205313],[15.583732428,56.296139424],[15.581693123,56.301234351],[15.577538939,56.329016386],[15.574852025,56.333161811],[15.573802861,56.339770374],[15.577698202,56.357757436],[15.575420855,56.365584622],[15.570731449,56.369164191],[15.567542164,56.374605511],[15.560065998,56.380407591],[15.556334173,56.397683689],[15.545477796,56.407758622],[15.542596989,56.420547207],[15.535999213,56.42630798],[15.539817422,56.43374854],[15.555704318,56.442294526],[15.567403282,56.451297935],[15.584606398,56.455908002],[15.592683041,56.464000642],[15.599601866,56.478746838],[15.599711491,56.494963195],[15.61173161,56.520231613],[15.612562812,56.534476737]]},"properties":{"segment_id":"28000","code":1,"text":"Normalt","info":["Torrt"],"road":"Väg 28","updated":"2026-04-30T14:35:49.116Z","lan":10}},{"type":"Feature","geometry":{"type":"LineString","coordinates":[[13.61115749,57.425310627],[13.620646081,57.422764576],[13.641295214,57.412432781],[13.65717176,57.406673602],[13.68404793,57.394307878],[13.697397407,57.38620841],[13.721633014,57.38199177],[13.73503853,57.377203988],[13.739970974,57.373534125],[13.753150156,57.355158586],[13.760792042,57.351335056],[13.772981435,57.341662079],[13.785955154,57.338230303],[13.801106089,57.330613532],[13.821376028,57.330454664],[13.848042213,57.320693694],[13.878959266,57.321889326],[13.908630455,57.316436573]]},"properties":{"segment_id":"151005","code":1,"text":"Normalt","info":["Torrt"],"road":"Väg 151","updated":"2026-04-30T14:35:49.316Z","lan":6}},{"type":"Feature","geometry":{"type":"LineString","coordinates":[[14.859632354,56.169791034],[14.849041704,56.168215217],[14.83018176,56.179664217],[14.81861633,56.189773539],[14.811515986,56.201802387],[14.812133777,56.213905662],[14.815903754,56.22122483],[14.825268278,56.232909441],[14.830699756,56.252260845],[14.835178174,56.257945147],[14.861555506,56.275290713],[14.881109133,56.296981726],[14.887880622,56.324139189],[14.886877189,56.335386832],[14.896955432,56.352771542],[14.898993273,56.377651066],[14.903215114,56.385740385],[14.910828052,56.392241799],[14.948247196,56.415433709],[15.002628819,56.460231232],[15.01040385,56.468145962]]},"properties":{"segment_id":"29000","code":1,"text":"Normalt","info":["Torrt"],"road":"Väg 29","updated":"2026-04-30T14:35:49.132Z","lan":10}},{"type":"Feature","geometry":{"type":"LineString","coordinates":[[15.593461425,56.270190256],[15.587904921,56.269012812],[15.544420046,56.269993337],[15.504958562,56.288498282],[15.47835167,56.297543624],[15.446664759,56.318308556],[15.436670134,56.335019541],[15.427253576,56.344872469],[15.424103268,56.351109568],[15.426242418,56.36010472],[15.42321261,56.368578505],[15.407150478,56.381947293],[15.401015057,56.391400972],[15.395268787,56.418372723],[15.390685476,56.425089608],[15.376856728,56.430055824],[15.360517671,56.442601631],[15.349480641,56.473593232]]},"properties":{"segment_id":"122005","code":1,"text":"Normalt","info":["Torrt"],"road":"Väg 122","updated":"2026-04-30T14:35:49.162Z","lan":10}},{"type":"Feature","geometry":{"type":"LineString","coordinates":[[14.68238085,56.166353998],[14.639725649,56.176425767],[14.611163316,56.191137131],[14.604251624,56.198860052],[14.58267176,56.215123363],[14.548025821,56.227113048],[14.522979555,56.268501386],[14.518977694,56.291468652],[14.523399289,56.299670746],[14.523425456,56.302761557],[14.509401274,56.315114565],[14.497558689,56.330583515],[14.495825868,56.338123532],[14.488485574,56.345119397],[14.484001369,56.356106911],[14.478460847,56.361276802],[14.474201873,56.36849138],[14.472624768,56.377190707],[14.460107956,56.388655021],[14.453530254,56.391034068],[14.4344388,56.391712167],[14.407682257,56.38941301],[14.383385054,56.393481402],[14.376538861,56.39211746],[14.371020682,56.387848876],[14.36231211,56.390436889],[14.332910155,56.392438537],[14.326108759,56.395986627]]},"properties":{"segment_id":"121005","code":1,"text":"Normalt","info":["Torrt"],"road":"Väg 121","updated":"2026-04-30T14:35:49.145Z","lan":10}},{"type":"Feature","geometry":{"type":"LineString","coordinates":[[13.76399515,57.169297219],[13.762697188,57.174486225],[13.759316728,57.177139101],[13.724136471,57.189498986],[13.710262166,57.202060795],[13.695591815,57.220488464],[13.644359493,57.24463451],[13.627129475,57.267671556],[13.588589869,57.295877392],[13.575069543,57.309910977],[13.567010881,57.314778704],[13.544948365,57.323913953]]},"properties":{"segment_id":"27015","code":1,"text":"Normalt","info":["Torrt"],"road":"Väg 27","updated":"2026-04-30T14:35:49.273Z","lan":6}},{"type":"Feature","geometry":{"type":"LineString","coordinates":[[14.820217693,56.226352415],[14.810828785,56.230076022],[14.787674675,56.24604905],[14.77900274,56.255593487],[14.773546001,56.258530572],[14.768806789,56.265484868],[14.763568263,56.264100333],[14.744869548,56.27678538],[14.738476831,56.285882395],[14.739612351,56.292308746],[14.736181925,56.297773077],[14.728682072,56.30494451],[14.712906267,56.316013835],[14.690327313,56.327360818],[14.656728437,56.332276676],[14.658119319,56.339513055],[14.667903314,56.364013404],[14.67022803,56.383470955],[14.668226921,56.395702415],[14.66228493,56.402640322]]},"properties":{"segment_id":"126000","code":1,"text":"Normalt","info":["Torrt"],"road":"Väg 126","updated":"2026-04-30T14:35:49.186Z","lan":10}},{"type":"Feature","geometry":{"type":"LineString","coordinates":[[15.260488493,56.231096475],[15.249263262,56.24623174],[15.238420527,56.264590671],[15.23018718,56.272710344],[15.224876913,56.281372239],[15.194184683,56.299626848],[15.185748681,56.30943291],[15.176762262,56.316516862],[15.173970091,56.321084937],[15.173902935,56.32765269],[15.171120508,56.33465547],[15.161817542,56.337785577],[15.152946544,56.348182872],[15.133226526,56.362976045],[15.128090641,56.371157276],[15.115657749,56.382040621],[15.108831312,56.384652273],[15.105278624,56.388365891],[15.0550127,56.416851832],[15.045708712,56.430260223],[15.027999022,56.447641125],[15.010517464,56.468145953]]},"properties":{"segment_id":"27000","code":1,"text":"Normalt","info":["Torrt"],"road":"Väg 27","updated":"2026-04-30T14:35:49.250Z","lan":10}},{"type":"Feature","geometry":{"type":"LineString","coordinates":[[13.739895937,57.172300835],[13.741710947,57.177296252],[13.758940648,57.189344765],[13.762245367,57.196411921],[13.762452036,57.203592226],[13.768346943,57.211987379],[13.783719429,57.221327844],[13.778115414,57.23003286],[13.779291094,57.236063567],[13.776915479,57.241260162],[13.792479649,57.261391016],[13.795910826,57.270560588],[13.82961516,57.287597881],[13.898381572,57.305476928],[13.906227361,57.310136083],[13.909407603,57.315985143]]},"properties":{"segment_id":"152000","code":1,"text":"Normalt","info":["Torrt"],"road":"Väg 152","updated":"2026-04-30T14:35:49.330Z","lan":6}},{"type":"Feature","geometry":{"type":"LineString","coordinates":[[13.092720654,57.121362954],[13.136209959,57.130669771],[13.189458653,57.139563458],[13.209711572,57.135640182],[13.225832619,57.129921162],[13.283110561,57.122883541],[13.303226763,57.12296868],[13.330308615,57.126108545],[13.379765017,57.11979409]]},"properties":{"segment_id":"153005","code":1,"text":"Normalt","info":["Torrt"],"road":"Väg 153","updated":"2026-04-30T14:35:49.355Z","lan":6}},{"type":"Feature","geometry":{"type":"LineString","coordinates":[[13.412197933,57.162401141],[13.444017932,57.163868934],[13.471254587,57.16064583],[13.487123908,57.156300978],[13.500069227,57.157938853],[13.533023594,57.156208142],[13.558865822,57.162554149],[13.578110895,57.170374492],[13.625791531,57.176215376],[13.646370922,57.17572027],[13.684609014,57.170754281],[13.717044446,57.174027869],[13.763129746,57.169459391]]},"properties":{"segment_id":"153010","code":1,"text":"Normalt","info":["Torrt"],"road":"Väg 153","updated":"2026-04-30T14:35:49.371Z","lan":6}}]}